shipment_id,vin,origin,destination_dealer_id,status,expected_delivery_date
SHP_00001,3X7FMZWM1U8NFKSPJ,Manesar_Plant,DLR_13,Delayed,2026-03-24
SHP_00002,Y4W5F6603PZ8BKFYU,Manesar_Plant,DLR_11,Delayed,2026-03-24
SHP_00003,NCLJXLHT1S6F5KBT5,Manesar_Plant,DLR_13,Delayed,2026-03-29
SHP_00004,2D7RM76M0CCMDTLLK,Manesar_Plant,DLR_15,Delayed,2026-03-24
SHP_00005,EMVFCBT04YPKP8E3C,Manesar_Plant,DLR_03,Delayed,2026-03-29
SHP_00006,HF3W8F262VUVZGLR0,Manesar_Plant,DLR_18,Delayed,2026-03-28
SHP_00007,R42R2PEK4T2VFZ8YA,Manesar_Plant,DLR_18,Delayed,2026-03-23
SHP_00008,HSB7WMT81ZDGRS8A5,Manesar_Plant,DLR_14,Delayed,2026-03-31
SHP_00009,8064FMKJ1HZ3JKU3N,Manesar_Plant,DLR_11,Delayed,2026-03-23
SHP_00010,M8N86C959FN42V07V,Manesar_Plant,DLR_15,Delayed,2026-03-28
SHP_00011,G1GF1S3K5F7AM2838,Manesar_Plant,DLR_04,Delayed,2026-03-26
SHP_00012,59RJJGGX5UPK8E7WB,Manesar_Plant,DLR_10,Delayed,2026-03-24
SHP_00013,4987ALV420AR0VNCE,Manesar_Plant,DLR_07,Delayed,2026-03-30
SHP_00014,SX77H53W876HAGAHF,Manesar_Plant,DLR_01,Delayed,2026-03-28
SHP_00015,02RN79GD7VHGB4CRY,Manesar_Plant,DLR_04,Delayed,2026-03-27
SHP_00016,W7Y4WWFD8P6YF9NSG,Manesar_Plant,DLR_18,Delayed,2026-03-24
SHP_00017,N1FH505Y93MK0T97H,Manesar_Plant,DLR_18,Delayed,2026-03-23
SHP_00018,M8NVE2023G2B6R95R,Manesar_Plant,DLR_07,Delayed,2026-03-28
SHP_00019,GRWYNNXK5FJKU529N,Manesar_Plant,DLR_11,Delayed,2026-03-27
SHP_00020,MZ5EPUZY8ZP4EZ1G8,Manesar_Plant,DLR_07,Delayed,2026-03-27
SHP_00021,Z8GPM96N8SXTJ39HL,Manesar_Plant,DLR_14,Delayed,2026-03-25
SHP_00022,WUEJV4LJXSY77TT8W,Manesar_Plant,DLR_03,Delayed,2026-03-27
SHP_00023,UV8XPFTT6P5P0HWS7,Manesar_Plant,DLR_13,Delayed,2026-03-31
SHP_00024,A29TB31R29MU6VHJ8,Manesar_Plant,DLR_08,Delayed,2026-03-28
SHP_00025,6ASKBGXGXP9HRJXAW,Manesar_Plant,DLR_12,Delayed,2026-03-24
SHP_00026,BB4RZ2NA74XV3RF65,Manesar_Plant,DLR_11,Delayed,2026-03-23
SHP_00027,FEE35SD97JW9KFNAE,Manesar_Plant,DLR_14,Delayed,2026-03-27
SHP_00028,5Y6AKWY508FLVJKDS,Manesar_Plant,DLR_07,Delayed,2026-03-30
SHP_00029,B9G5J5NN9AFH996H4,Manesar_Plant,DLR_19,Delayed,2026-03-28
SHP_00030,SC3TPKGG178HU97N1,Manesar_Plant,DLR_19,Delayed,2026-03-29
SHP_00031,UGSYFW138VDJ3R42C,Manesar_Plant,DLR_13,Delayed,2026-03-29
SHP_00032,6VHLHAX002VR75LTX,Manesar_Plant,DLR_18,Delayed,2026-03-24
SHP_00033,TCXHL2ZL8NXT52X8D,Manesar_Plant,DLR_03,Delayed,2026-03-23
SHP_00034,7XY45BT02NW0R5J7R,Manesar_Plant,DLR_09,Delayed,2026-03-24
SHP_00035,STHH9CP39H8P29SM3,Manesar_Plant,DLR_09,Delayed,2026-03-31
SHP_00036,F9SH1Z2S2LEHX1J51,Manesar_Plant,DLR_18,Delayed,2026-03-27
SHP_00037,LZXUVBDX6W9DCN8YC,Manesar_Plant,DLR_15,Delayed,2026-03-25
SHP_00038,B33VVWHP5K0HX2W5V,Manesar_Plant,DLR_13,Delayed,2026-03-25
SHP_00039,07HADHJR94LXHE1KF,Manesar_Plant,DLR_04,Delayed,2026-03-30
SHP_00040,ABXAR7VF15J78TZ59,Manesar_Plant,DLR_07,Delayed,2026-03-30
SHP_00041,YK5P23PH0S4L3HMTE,Manesar_Plant,DLR_16,Delayed,2026-03-27
SHP_00042,LRB6J7GP4Y08XTUH7,Manesar_Plant,DLR_13,Delayed,2026-03-26
SHP_00043,EH8VKSNP8FZYDJ4ZM,Manesar_Plant,DLR_09,Delayed,2026-03-25
SHP_00044,W6R8UBTW5LBBGCCS4,Manesar_Plant,DLR_11,Delayed,2026-03-26
SHP_00045,BBD0VJY81YV57XGGL,Manesar_Plant,DLR_18,Delayed,2026-03-29
SHP_00046,8A6ULHAU8UUC4GMGG,Manesar_Plant,DLR_10,Delayed,2026-03-30
SHP_00047,FRZS3KX89MMBC133X,Manesar_Plant,DLR_12,Delayed,2026-03-24
SHP_00048,A2U4DZPZ7M1L1MX3Z,Manesar_Plant,DLR_18,Delayed,2026-03-24
SHP_00049,4VWPBYWW5TF4X65A8,Manesar_Plant,DLR_20,Delayed,2026-03-26
SHP_00050,M33BYLC58VWB6P4ZY,Manesar_Plant,DLR_18,Delayed,2026-03-30
SHP_00051,BMXZXBPLX2WUF8NXM,Manesar_Plant,DLR_16,Delayed,2026-03-28
SHP_00052,7HZ4FTU137V6JZ2XX,Manesar_Plant,DLR_15,Delayed,2026-03-27
SHP_00053,F5CMHR1R2469V5E38,Manesar_Plant,DLR_12,Delayed,2026-03-26
SHP_00054,1EBYXW3826G01SJEK,Manesar_Plant,DLR_12,Delayed,2026-03-31
SHP_00055,SNYH1VJY7R5KLYWPJ,Manesar_Plant,DLR_09,Delayed,2026-03-23
SHP_00056,S7MEMD3C4KHVD3LAR,Manesar_Plant,DLR_20,Delayed,2026-03-23
SHP_00057,JVSG06ME6SX0F04UE,Manesar_Plant,DLR_07,Delayed,2026-03-23
SHP_00058,TBFHASTC4FSEZ8EZ8,Manesar_Plant,DLR_02,Delayed,2026-03-24
SHP_00059,SHYEL3NZ3X9UPDYYL,Manesar_Plant,DLR_06,Delayed,2026-03-26
SHP_00060,Z90GACPB0C0SF2FF3,Manesar_Plant,DLR_09,Delayed,2026-03-30
SHP_00061,54BNDE4C900HWCXYT,Manesar_Plant,DLR_02,Delayed,2026-03-26
SHP_00062,HNN8ZUFB5XY7Z5X2T,Manesar_Plant,DLR_15,Delayed,2026-03-23
SHP_00063,BP99AD022J1SDZEXA,Manesar_Plant,DLR_14,Delayed,2026-03-25
SHP_00064,XU9ATTAF32S8P4VRR,Manesar_Plant,DLR_07,Delayed,2026-03-23
SHP_00065,TFPDJ7TN6R4384UTN,Manesar_Plant,DLR_09,Delayed,2026-03-31
SHP_00066,NNN1SWTY6F10DJ510,Manesar_Plant,DLR_08,Delayed,2026-03-24
SHP_00067,9104DA6E8E9WL9J75,Manesar_Plant,DLR_14,Delayed,2026-03-30
SHP_00068,VC9L5N5B6887U6DBW,Manesar_Plant,DLR_01,Delayed,2026-03-28
SHP_00069,0A49YVVJ46ELLWV5K,Manesar_Plant,DLR_11,Delayed,2026-03-24
SHP_00070,F0NSLRZ38MCKG5PXL,Manesar_Plant,DLR_04,Delayed,2026-03-26
SHP_00071,ZDPPGSUXX1229T85L,Manesar_Plant,DLR_10,Delayed,2026-03-28
SHP_00072,N9706FU92HB5JG15Z,Manesar_Plant,DLR_17,Delayed,2026-03-26
SHP_00073,H4CMGGVK9ZPDVDVY7,Manesar_Plant,DLR_19,Delayed,2026-03-30
SHP_00074,LVLEW2NR9ZU9GV4PG,Manesar_Plant,DLR_20,Delayed,2026-03-31
SHP_00075,SG1LJ3GP7SHGXSGNY,Manesar_Plant,DLR_06,Delayed,2026-03-30
SHP_00076,PUW4WXRL183J2EFZT,Manesar_Plant,DLR_14,Delayed,2026-03-25
SHP_00077,4GXLC9P54MGZTPNYL,Manesar_Plant,DLR_14,Delayed,2026-03-23
SHP_00078,DU17G2Z55JALF2UVC,Manesar_Plant,DLR_02,Delayed,2026-03-28
SHP_00079,DWZB9UKG7BNTFZ9CS,Manesar_Plant,DLR_14,Delayed,2026-03-28
SHP_00080,83MSUNTZ51157CGYH,Manesar_Plant,DLR_11,Delayed,2026-03-31
SHP_00081,VJJ1SDNE22FJ8B8JT,Manesar_Plant,DLR_16,Delayed,2026-03-29
SHP_00082,K4HUHW474SYBKXAF3,Manesar_Plant,DLR_16,Delayed,2026-03-29
SHP_00083,FZGNHV6S6JRYF6U86,Manesar_Plant,DLR_14,Delayed,2026-03-23
SHP_00084,U1M3ACPE2WWZALFJM,Manesar_Plant,DLR_15,Delayed,2026-03-23
SHP_00085,THPEBNTZ4LFTYELNB,Manesar_Plant,DLR_08,Delayed,2026-03-26
SHP_00086,X26T5FLJ9KNEDHK6G,Manesar_Plant,DLR_08,Delayed,2026-03-23
SHP_00087,FTDLL1YA5JD2LBTWR,Manesar_Plant,DLR_09,Delayed,2026-03-29
SHP_00088,24MMFHNJXN3LVC1U0,Manesar_Plant,DLR_14,Delayed,2026-03-23
SHP_00089,JCT2SHHX7L46Z5BDT,Manesar_Plant,DLR_07,Delayed,2026-03-28
SHP_00090,3RLTYMDB335HN9FZ1,Manesar_Plant,DLR_18,Delayed,2026-03-29
SHP_00091,0CMPDW8N50KWFGXB7,Manesar_Plant,DLR_11,Delayed,2026-03-30
SHP_00092,9ARX8PEY8V61JKD08,Manesar_Plant,DLR_17,Delayed,2026-03-31
SHP_00093,VWA85LN31KV47K2S2,Manesar_Plant,DLR_13,Delayed,2026-03-24
SHP_00094,RVR7BUD41R6TF56LN,Manesar_Plant,DLR_03,Delayed,2026-03-31
SHP_00095,M1TWENYH5L6ZEW6L9,Manesar_Plant,DLR_15,Delayed,2026-03-30
SHP_00096,2A0PA6XS1VPDJ5E8J,Manesar_Plant,DLR_12,Delayed,2026-03-29
SHP_00097,B6BYX41H7P9D4JV86,Manesar_Plant,DLR_04,Delayed,2026-03-30
SHP_00098,E0T6B4W275ES4UWFF,Manesar_Plant,DLR_05,Delayed,2026-03-25
SHP_00099,7F9AXX1S70W6NBFK2,Manesar_Plant,DLR_13,Delayed,2026-03-25
SHP_00100,LKGAPB6R6AZ198294,Manesar_Plant,DLR_19,Delayed,2026-03-25
SHP_00101,YCYT6Y88X5M4HUUU6,Manesar_Plant,DLR_15,Delayed,2026-03-31
SHP_00102,7SUPPUHE7HZXB5UB2,Manesar_Plant,DLR_08,Delayed,2026-03-31
SHP_00103,GYH77F2670HUC4B9N,Manesar_Plant,DLR_08,Delayed,2026-03-25
SHP_00104,6SUL3KTC02Z3J76LF,Manesar_Plant,DLR_11,Delayed,2026-03-23
SHP_00105,WFEY1G3GX9F89SKKG,Manesar_Plant,DLR_06,Delayed,2026-03-28
SHP_00106,6ECD9LRM1SWBR7SDC,Manesar_Plant,DLR_19,Delayed,2026-03-28
SHP_00107,CLAKY3RN2XFS0SEK6,Manesar_Plant,DLR_10,Delayed,2026-03-30
SHP_00108,EVZG95HY8KPWCAJ2E,Manesar_Plant,DLR_15,Delayed,2026-03-23
SHP_00109,TSKX477X9R80RTDJ5,Manesar_Plant,DLR_20,Delayed,2026-03-31
SHP_00110,9TKJEP7K27CSVD35J,Manesar_Plant,DLR_12,Delayed,2026-03-26
SHP_00111,MJK9HKR82YCBWUR2J,Manesar_Plant,DLR_09,Delayed,2026-03-24
SHP_00112,GF2RX1PC7LJNT9FUB,Manesar_Plant,DLR_15,Delayed,2026-03-25
SHP_00113,EP29ABJP97GNKSLDE,Manesar_Plant,DLR_16,Delayed,2026-03-26
SHP_00114,Y9MTG3KBXT3Z1TY23,Manesar_Plant,DLR_09,Delayed,2026-03-30
SHP_00115,KG036K3C12TKF8GX2,Manesar_Plant,DLR_20,Delayed,2026-03-27
SHP_00116,EKBWJHKP7WHKP424A,Manesar_Plant,DLR_10,Delayed,2026-03-23
SHP_00117,581HR46N26WV8RD2B,Manesar_Plant,DLR_07,Delayed,2026-03-30
SHP_00118,2SR0GY9H5MPAFHNYX,Manesar_Plant,DLR_01,Delayed,2026-03-31
SHP_00119,ZZ0CUB4P2SYGKDEZ2,Manesar_Plant,DLR_20,Delayed,2026-03-25
SHP_00120,46U8TW246W9F4ED0F,Manesar_Plant,DLR_16,Delayed,2026-03-24
SHP_00121,B50VV7BV813MYAL8T,Manesar_Plant,DLR_03,Delayed,2026-03-31
SHP_00122,W5P41C3T2T7FHHSY7,Manesar_Plant,DLR_11,Delayed,2026-03-29
SHP_00123,UD8DSMY15V08C1S1K,Manesar_Plant,DLR_18,Delayed,2026-03-29
SHP_00124,7ST4W0AH1UGLW846K,Manesar_Plant,DLR_15,Delayed,2026-03-25
SHP_00125,D8A7SEJE7KJSLZ5Z8,Manesar_Plant,DLR_03,Delayed,2026-03-29
SHP_00126,0EBUD55C0SDMBM5KW,Manesar_Plant,DLR_15,Delayed,2026-03-29
SHP_00127,EM4ZTG9LXJELYTR6F,Manesar_Plant,DLR_02,Delayed,2026-03-28
SHP_00128,DJCYXTP83NTTBX6HU,Manesar_Plant,DLR_02,Delayed,2026-03-28
SHP_00129,KCM8SP683AJB6Z44S,Manesar_Plant,DLR_09,Delayed,2026-03-31
SHP_00130,GYJWKY243AFSP00DC,Manesar_Plant,DLR_12,Delayed,2026-03-26
SHP_00131,N4UDWSPSX2GCK8BH9,Manesar_Plant,DLR_05,Delayed,2026-03-30
SHP_00132,JTR60W1U9LRCGF902,Manesar_Plant,DLR_15,Delayed,2026-03-28
SHP_00133,JUPEUTZ89L570B97R,Manesar_Plant,DLR_10,Delayed,2026-03-26
SHP_00134,D6X3U8AV27FS1LNW1,Manesar_Plant,DLR_02,Delayed,2026-03-24
SHP_00135,D1A0T11P5P4UXVSD2,Manesar_Plant,DLR_14,Delayed,2026-03-30
SHP_00136,DFZZ9C8B09PN822NN,Manesar_Plant,DLR_20,Delayed,2026-03-26
SHP_00137,2NMPZZPE9ADE0UBVY,Manesar_Plant,DLR_05,Delayed,2026-03-27
SHP_00138,PEECM8KD9L5WSPXV4,Manesar_Plant,DLR_17,Delayed,2026-03-24
SHP_00139,50WG49DS4YN9TZRR8,Manesar_Plant,DLR_17,Delayed,2026-03-30
SHP_00140,7HUTT7JZ9NVZSXL53,Manesar_Plant,DLR_19,Delayed,2026-03-25
SHP_00141,C6TAVEET8EBFW9NVE,Manesar_Plant,DLR_10,Delayed,2026-03-29
SHP_00142,7NHC3TR63AK6SEP10,Manesar_Plant,DLR_07,Delayed,2026-03-26
SHP_00143,WS5TMA0Y84GB270YN,Manesar_Plant,DLR_05,Delayed,2026-03-31
SHP_00144,BHBRXTXK4WWLCMWGY,Manesar_Plant,DLR_10,Delayed,2026-03-31
SHP_00145,L8Y9RZL01SXBZ885P,Manesar_Plant,DLR_10,Delayed,2026-03-25
SHP_00146,9HBRW0B157HKVDPGB,Manesar_Plant,DLR_06,Delayed,2026-03-24
SHP_00147,C8MF8X0GX92SSAL92,Manesar_Plant,DLR_05,Delayed,2026-03-29
SHP_00148,FZTF5WNY9YZPWANS6,Manesar_Plant,DLR_06,Delayed,2026-03-24
SHP_00149,MW9TYNTR6TJB77WBS,Manesar_Plant,DLR_05,Delayed,2026-03-24
SHP_00150,JGH9M0SP4BHNNTX3Y,Manesar_Plant,DLR_03,Delayed,2026-03-25
SHP_00151,DUX63JLT34GEW6Z9B,Manesar_Plant,DLR_05,In_Transit,2026-04-14
SHP_00152,8G31JSYD065ZKT764,Manesar_Plant,DLR_05,In_Transit,2026-04-09
SHP_00153,E4TBXZB2XVJN25S19,Manesar_Plant,DLR_01,In_Transit,2026-04-07
SHP_00154,3B3KM29TXPSDT6RK9,Manesar_Plant,DLR_02,In_Transit,2026-04-02
SHP_00155,1ASE59CY7H8S1NXSX,Manesar_Plant,DLR_12,In_Transit,2026-04-04
SHP_00156,2Y1H9YZY3NCMAK85R,Manesar_Plant,DLR_07,In_Transit,2026-04-09
SHP_00157,3BFFFX446W6XCU16Y,Manesar_Plant,DLR_17,In_Transit,2026-04-14
SHP_00158,MALBGV146M165MNPR,Manesar_Plant,DLR_15,In_Transit,2026-04-11
SHP_00159,H6L554UD9EJBNKY8A,Manesar_Plant,DLR_19,In_Transit,2026-04-06
SHP_00160,RSGHFTJFXRJS86NTE,Manesar_Plant,DLR_09,In_Transit,2026-04-08
SHP_00161,BS4AEK7U9U0J021VZ,Manesar_Plant,DLR_19,In_Transit,2026-04-08
SHP_00162,SWBDFZD7XH89YLSA1,Manesar_Plant,DLR_01,In_Transit,2026-04-03
SHP_00163,0XZE3N2T06DK6LGK0,Manesar_Plant,DLR_08,In_Transit,2026-04-07
SHP_00164,1DAA9SSN2GFP4MRMP,Manesar_Plant,DLR_04,In_Transit,2026-04-06
SHP_00165,6PE5F5FX9ZEFEKHZA,Manesar_Plant,DLR_06,In_Transit,2026-04-03
SHP_00166,S1WCDD8H10VYK9MK1,Manesar_Plant,DLR_17,In_Transit,2026-04-05
SHP_00167,D56LDGGUXD776CEJS,Manesar_Plant,DLR_13,In_Transit,2026-04-03
SHP_00168,1XT0582T54N23RV9B,Manesar_Plant,DLR_05,In_Transit,2026-04-10
SHP_00169,PF6TSUUK9HKJDEVA4,Manesar_Plant,DLR_11,In_Transit,2026-04-02
SHP_00170,WY2YSHKW8N140GF37,Manesar_Plant,DLR_03,In_Transit,2026-04-11
SHP_00171,2LG80EDZ3PDGGSWPP,Manesar_Plant,DLR_12,In_Transit,2026-04-16
SHP_00172,G06TJTBF28VP6L9KK,Manesar_Plant,DLR_17,In_Transit,2026-04-11
SHP_00173,9J02P4MG748S7ER7J,Manesar_Plant,DLR_08,In_Transit,2026-04-16
SHP_00174,J3TP921C0VL4WL5TM,Manesar_Plant,DLR_17,In_Transit,2026-04-11
SHP_00175,4HP5GETF1YTXHPL7B,Manesar_Plant,DLR_10,In_Transit,2026-04-16
SHP_00176,VCF359SN848J82KU3,Manesar_Plant,DLR_15,In_Transit,2026-04-04
SHP_00177,74WXJ9HN6JANKB893,Manesar_Plant,DLR_10,In_Transit,2026-04-16
SHP_00178,KMD484508JKYFWMER,Manesar_Plant,DLR_17,In_Transit,2026-04-06
SHP_00179,791RGTML4C938WTB8,Manesar_Plant,DLR_20,In_Transit,2026-04-10
SHP_00180,9G2CB6K82XDEP7R1B,Manesar_Plant,DLR_13,In_Transit,2026-04-13
SHP_00181,91A9FNSL36E9H90ED,Manesar_Plant,DLR_17,In_Transit,2026-04-02
SHP_00182,WBTJGRUD287MB4TX0,Manesar_Plant,DLR_07,In_Transit,2026-04-02
SHP_00183,DRCWSVPM49W4K05WT,Manesar_Plant,DLR_01,In_Transit,2026-04-02
SHP_00184,W2ZFA78BX4PLC7RV2,Manesar_Plant,DLR_18,In_Transit,2026-04-13
SHP_00185,YJEDK1D375AJDVZPW,Manesar_Plant,DLR_05,In_Transit,2026-04-04
SHP_00186,EP1SRSUE15VYJE15W,Manesar_Plant,DLR_06,In_Transit,2026-04-07
SHP_00187,XVTENK6V8CHX4N1XF,Manesar_Plant,DLR_18,In_Transit,2026-04-13
SHP_00188,4YVMGR8B1KC9NXSZ9,Manesar_Plant,DLR_03,In_Transit,2026-04-14
SHP_00189,GXDDSDDV0E4WNBHCA,Manesar_Plant,DLR_15,In_Transit,2026-04-09
SHP_00190,YRL4E0Z39B246787D,Manesar_Plant,DLR_09,In_Transit,2026-04-16
SHP_00191,0GTNCUFJXN6XCEFYJ,Manesar_Plant,DLR_13,In_Transit,2026-04-02
SHP_00192,U9XXUMLK6VKGR49UV,Manesar_Plant,DLR_14,In_Transit,2026-04-03
SHP_00193,VVMACPDL7UPA1328E,Manesar_Plant,DLR_12,In_Transit,2026-04-15
SHP_00194,3600N0842X0UHTV4K,Manesar_Plant,DLR_17,In_Transit,2026-04-09
SHP_00195,CJ8ZESCR1CJ22Z0VU,Manesar_Plant,DLR_08,In_Transit,2026-04-05
SHP_00196,KNDLK0BYX6V00PMWL,Manesar_Plant,DLR_02,In_Transit,2026-04-11
SHP_00197,XTAP2MW47ZTB6JR6V,Manesar_Plant,DLR_20,In_Transit,2026-04-08
SHP_00198,EAAM4ACA41H7RS5X5,Manesar_Plant,DLR_09,In_Transit,2026-04-03
SHP_00199,G3YLRX4C2P6A7VULU,Manesar_Plant,DLR_09,In_Transit,2026-04-15
SHP_00200,MA0V6J358N3VH64X8,Manesar_Plant,DLR_02,In_Transit,2026-04-10
SHP_00201,D6LC8XVSXKXYH3ECY,Manesar_Plant,DLR_19,In_Transit,2026-04-05
SHP_00202,CF3V0YRWXPU97AW70,Manesar_Plant,DLR_09,In_Transit,2026-04-16
SHP_00203,SF19SU5L13JTS0W7Y,Manesar_Plant,DLR_10,In_Transit,2026-04-10
SHP_00204,3ZSX71HU5P1L14GKT,Manesar_Plant,DLR_19,In_Transit,2026-04-11
SHP_00205,531ZWEM255RU27KLA,Manesar_Plant,DLR_05,In_Transit,2026-04-09
SHP_00206,4307UJM78ANMDL2MT,Manesar_Plant,DLR_15,In_Transit,2026-04-08
SHP_00207,612CS1R45BG6AZT8G,Manesar_Plant,DLR_05,In_Transit,2026-04-09
SHP_00208,08SA2VSF3PVHL39RL,Manesar_Plant,DLR_06,In_Transit,2026-04-02
SHP_00209,NJL3KZZL3L83AS7L8,Manesar_Plant,DLR_05,In_Transit,2026-04-10
SHP_00210,FX3C3UYM8SY7BEV9W,Manesar_Plant,DLR_05,In_Transit,2026-04-08
SHP_00211,98H11HSC1TJN1GZM3,Manesar_Plant,DLR_11,In_Transit,2026-04-03
SHP_00212,CXMLRV0KXWL9B68LV,Manesar_Plant,DLR_06,In_Transit,2026-04-16
SHP_00213,G9CVH31N3LE6AA0F3,Manesar_Plant,DLR_13,In_Transit,2026-04-16
SHP_00214,RFTFUYEM9Y1PSV3HL,Manesar_Plant,DLR_10,In_Transit,2026-04-09
SHP_00215,65PD6MKS5PW934W1W,Manesar_Plant,DLR_13,In_Transit,2026-04-12
SHP_00216,HNCAR8BKXTLADR8UR,Manesar_Plant,DLR_04,In_Transit,2026-04-10
SHP_00217,3GJ7CGBK4CMHJHFRT,Manesar_Plant,DLR_14,In_Transit,2026-04-12
SHP_00218,2934GXVL6WEZB4GKT,Manesar_Plant,DLR_08,In_Transit,2026-04-06
SHP_00219,XTUVJ88F2C6ADYJBF,Manesar_Plant,DLR_03,In_Transit,2026-04-13
SHP_00220,8J89JSTC2X9SLK72N,Manesar_Plant,DLR_01,In_Transit,2026-04-02
SHP_00221,SENYRYP49JS2M2U6M,Manesar_Plant,DLR_19,In_Transit,2026-04-16
SHP_00222,WH9995746780N1FXM,Manesar_Plant,DLR_06,In_Transit,2026-04-10
SHP_00223,F24VK3AH98BDLEPSA,Manesar_Plant,DLR_11,In_Transit,2026-04-09
SHP_00224,E8P5PKX63CDJH1K6Y,Manesar_Plant,DLR_07,In_Transit,2026-04-16
SHP_00225,LRDJ6BC403YKM9SF2,Manesar_Plant,DLR_11,In_Transit,2026-04-10
SHP_00226,Z02HUYDK74XH97NKG,Manesar_Plant,DLR_13,In_Transit,2026-04-04
SHP_00227,PNSSVWGB0N423AGUA,Manesar_Plant,DLR_06,In_Transit,2026-04-07
SHP_00228,8YCXYD9VX7MM194A8,Manesar_Plant,DLR_18,In_Transit,2026-04-13
SHP_00229,J6R9PZ3B4ASM6CP90,Manesar_Plant,DLR_15,In_Transit,2026-04-11
SHP_00230,H8XTWY4R15P6DT824,Manesar_Plant,DLR_02,In_Transit,2026-04-06
SHP_00231,8NSSVGJGXPH93K1E6,Manesar_Plant,DLR_11,In_Transit,2026-04-09
SHP_00232,9X650TCU1W7G594T0,Manesar_Plant,DLR_15,In_Transit,2026-04-04
SHP_00233,V89EJU1P680FFY84K,Manesar_Plant,DLR_10,In_Transit,2026-04-03
SHP_00234,MWE0CTFC3YL4N8P36,Manesar_Plant,DLR_04,In_Transit,2026-04-09
SHP_00235,CF1GR37A0EHH71B62,Manesar_Plant,DLR_08,In_Transit,2026-04-09
SHP_00236,46PUV7EZ2MX6Y92NG,Manesar_Plant,DLR_19,In_Transit,2026-04-14
SHP_00237,RG63B9RJ92F52PMFN,Manesar_Plant,DLR_03,In_Transit,2026-04-16
SHP_00238,MF01JNLM34H19B4S9,Manesar_Plant,DLR_08,In_Transit,2026-04-14
SHP_00239,W94CSP832WZZBJX7C,Manesar_Plant,DLR_14,In_Transit,2026-04-15
SHP_00240,TG4EEBC102G79Z263,Manesar_Plant,DLR_18,In_Transit,2026-04-07
SHP_00241,K2Y6ZNJD9DR33Y0W5,Manesar_Plant,DLR_07,In_Transit,2026-04-13
SHP_00242,AK18K4Y92KCZ0N58D,Manesar_Plant,DLR_12,In_Transit,2026-04-07
SHP_00243,GN9CL1DF6FYH9063M,Manesar_Plant,DLR_03,In_Transit,2026-04-12
SHP_00244,4Y67Z5BT12E6AGDEP,Manesar_Plant,DLR_05,In_Transit,2026-04-06
SHP_00245,76GKPCNZ319VL48FZ,Manesar_Plant,DLR_17,In_Transit,2026-04-15
SHP_00246,CMMU17ZK85S1D8LTS,Manesar_Plant,DLR_06,In_Transit,2026-04-16
SHP_00247,X9KS2LN84E993NTD2,Manesar_Plant,DLR_03,In_Transit,2026-04-15
SHP_00248,AUM0Z4HM23GMNABD1,Manesar_Plant,DLR_12,In_Transit,2026-04-04
SHP_00249,ERJ6P1447KEEFG0ZY,Manesar_Plant,DLR_17,In_Transit,2026-04-12
SHP_00250,6FYLEAYA22UF42VU8,Manesar_Plant,DLR_11,In_Transit,2026-04-09
SHP_00251,AJ4SVRRG3GU2E09PM,Manesar_Plant,DLR_14,In_Transit,2026-04-15
SHP_00252,FJAY7XNU47Z4H9W6W,Manesar_Plant,DLR_11,In_Transit,2026-04-04
SHP_00253,UF635T0Z2E3C8C362,Manesar_Plant,DLR_10,In_Transit,2026-04-12
SHP_00254,UVASETF30B1A2VKSB,Manesar_Plant,DLR_06,In_Transit,2026-04-05
SHP_00255,7E0RG5WC3HSU5FX5X,Manesar_Plant,DLR_06,In_Transit,2026-04-16
SHP_00256,0FR2RB99025BYDJZJ,Manesar_Plant,DLR_12,In_Transit,2026-04-15
SHP_00257,HXTUZVFF7GADJA6AX,Manesar_Plant,DLR_13,In_Transit,2026-04-08
SHP_00258,UT1VESCR47LWN5Z7M,Manesar_Plant,DLR_03,In_Transit,2026-04-03
SHP_00259,JMXKF4V45HPERAYF5,Manesar_Plant,DLR_20,In_Transit,2026-04-07
SHP_00260,818VDZWA5UZZP8K52,Manesar_Plant,DLR_14,In_Transit,2026-04-14
SHP_00261,S8JYDWC85V7REMNWE,Manesar_Plant,DLR_19,In_Transit,2026-04-09
SHP_00262,CKY1053R65F4ZTM3R,Manesar_Plant,DLR_03,In_Transit,2026-04-16
SHP_00263,SEESBUEU52S2KCUFE,Manesar_Plant,DLR_10,In_Transit,2026-04-10
SHP_00264,Z6P0PHYS3CMLHDL4Y,Manesar_Plant,DLR_20,In_Transit,2026-04-03
SHP_00265,CAGNZDM74F04UDA1E,Manesar_Plant,DLR_02,In_Transit,2026-04-10
SHP_00266,2V0ZW1AE77DER1PVR,Manesar_Plant,DLR_15,In_Transit,2026-04-06
SHP_00267,12P2TY7E3NHVBHLDH,Manesar_Plant,DLR_19,In_Transit,2026-04-12
SHP_00268,8RKKCLFF0ZJP8HAKT,Manesar_Plant,DLR_17,In_Transit,2026-04-05
SHP_00269,TKLAMDA332J7JBKH6,Manesar_Plant,DLR_08,In_Transit,2026-04-12
SHP_00270,1YLWB8MV16SYSP6XN,Manesar_Plant,DLR_13,In_Transit,2026-04-13
SHP_00271,J5M6RJ9L3LXSPPA7H,Manesar_Plant,DLR_17,In_Transit,2026-04-10
SHP_00272,RE4VMLST6T62X4N3Z,Manesar_Plant,DLR_16,In_Transit,2026-04-09
SHP_00273,6UJTDJGT0YTM6CDWH,Manesar_Plant,DLR_13,In_Transit,2026-04-08
SHP_00274,ACVNX58385102EP55,Manesar_Plant,DLR_03,In_Transit,2026-04-03
SHP_00275,8WV011TF62RU5N853,Manesar_Plant,DLR_06,In_Transit,2026-04-14
SHP_00276,PSB0WR358EUY3B585,Manesar_Plant,DLR_07,In_Transit,2026-04-05
SHP_00277,STSN8ZP374PY0H1U0,Manesar_Plant,DLR_14,In_Transit,2026-04-04
SHP_00278,5HE4NZRW6R3FGC016,Manesar_Plant,DLR_13,In_Transit,2026-04-16
SHP_00279,KYV3542U0UKUK968Z,Manesar_Plant,DLR_18,In_Transit,2026-04-15
SHP_00280,9G3FKXS83FSZCSTJ9,Manesar_Plant,DLR_18,In_Transit,2026-04-02
SHP_00281,94XVFUXZ44NPZ7H8E,Manesar_Plant,DLR_03,In_Transit,2026-04-12
SHP_00282,F5LV5MX10CG6PJDGY,Manesar_Plant,DLR_13,In_Transit,2026-04-11
SHP_00283,KYPERTJD3VXM7CAMK,Manesar_Plant,DLR_08,In_Transit,2026-04-07
SHP_00284,NSDGADRJ4EAVPDP9Y,Manesar_Plant,DLR_14,In_Transit,2026-04-10
SHP_00285,B648962K0KXASHV36,Manesar_Plant,DLR_02,In_Transit,2026-04-15
SHP_00286,FJ7B6BAS94YHKTL09,Manesar_Plant,DLR_12,In_Transit,2026-04-13
SHP_00287,A1BCSK4FX0HK6GZB7,Manesar_Plant,DLR_10,In_Transit,2026-04-08
SHP_00288,1FBJMK516U2EWH49V,Manesar_Plant,DLR_04,In_Transit,2026-04-07
SHP_00289,L67470F86X8Z8NV5V,Manesar_Plant,DLR_12,In_Transit,2026-04-11
SHP_00290,5XRUDUE49JLUV2P63,Manesar_Plant,DLR_12,In_Transit,2026-04-12
SHP_00291,VF8HZ64P2VR65ZX6G,Manesar_Plant,DLR_03,In_Transit,2026-04-09
SHP_00292,M01RRZEL6UCRJDC1M,Manesar_Plant,DLR_02,In_Transit,2026-04-06
SHP_00293,UM3RDPT50G1NN09WW,Manesar_Plant,DLR_01,In_Transit,2026-04-12
SHP_00294,X6P3YVT73U7JV0KLD,Manesar_Plant,DLR_05,In_Transit,2026-04-07
SHP_00295,9HAXYR17684YKM67D,Manesar_Plant,DLR_13,In_Transit,2026-04-07
SHP_00296,UEN1ANN407W8FGMRE,Manesar_Plant,DLR_12,In_Transit,2026-04-13
SHP_00297,E0KDYNKN68SYHDYU3,Manesar_Plant,DLR_07,In_Transit,2026-04-05
SHP_00298,PSR1RH2B4GDX98NG9,Manesar_Plant,DLR_13,In_Transit,2026-04-12
SHP_00299,3BT4RBS9193P80KL5,Manesar_Plant,DLR_04,In_Transit,2026-04-14
SHP_00300,U29B4Y69029V20E9B,Manesar_Plant,DLR_20,In_Transit,2026-04-09
SHP_00301,A6YA2SBW4E7DA2F5J,Manesar_Plant,DLR_10,In_Transit,2026-04-11
SHP_00302,RLP0P33G26CYC3SCN,Manesar_Plant,DLR_18,In_Transit,2026-04-11
SHP_00303,RJZFRGYC3T972UKMV,Manesar_Plant,DLR_01,In_Transit,2026-04-11
SHP_00304,X0K4HV5S6F6LU0B2V,Manesar_Plant,DLR_09,In_Transit,2026-04-11
SHP_00305,JXGYKW7DXU9HGZSE6,Manesar_Plant,DLR_06,In_Transit,2026-04-03
SHP_00306,JWEWF6LK043EGTEPX,Manesar_Plant,DLR_05,In_Transit,2026-04-09
SHP_00307,6RA2ECPY2X7BNXCR5,Manesar_Plant,DLR_12,In_Transit,2026-04-04
SHP_00308,WJCTX60W0UAC6LJVF,Manesar_Plant,DLR_03,In_Transit,2026-04-04
SHP_00309,JXW82ZF44L04C8E41,Manesar_Plant,DLR_20,In_Transit,2026-04-14
SHP_00310,8EJ0BDNS282GT0M5A,Manesar_Plant,DLR_03,In_Transit,2026-04-15
SHP_00311,LD0JRYN774S8VC0Z2,Manesar_Plant,DLR_19,In_Transit,2026-04-04
SHP_00312,0K5GSP0V3ZY5CVB70,Manesar_Plant,DLR_19,In_Transit,2026-04-14
SHP_00313,JZKZ2H56XJWBJSUVX,Manesar_Plant,DLR_06,In_Transit,2026-04-13
SHP_00314,6Z1G5XCL92ZNW72BN,Manesar_Plant,DLR_13,In_Transit,2026-04-11
SHP_00315,KN9R22566ZC7URHWH,Manesar_Plant,DLR_18,In_Transit,2026-04-12
SHP_00316,ADFE23T42FSACTFP3,Manesar_Plant,DLR_18,In_Transit,2026-04-06
SHP_00317,B2YG2X3074LW2LCCL,Manesar_Plant,DLR_14,In_Transit,2026-04-14
SHP_00318,ZNGPK2LC6EE9BP8VX,Manesar_Plant,DLR_08,In_Transit,2026-04-12
SHP_00319,1GSKYATE7P472MPM3,Manesar_Plant,DLR_14,In_Transit,2026-04-13
SHP_00320,4MZGZY8HX5XFPJAFV,Manesar_Plant,DLR_04,In_Transit,2026-04-15
SHP_00321,CLEL1C361V8EXE1DW,Manesar_Plant,DLR_15,In_Transit,2026-04-07
SHP_00322,BUPX9K6E1GNZMMT56,Manesar_Plant,DLR_10,In_Transit,2026-04-15
SHP_00323,P13ZMNF25XP4SMDZW,Manesar_Plant,DLR_07,In_Transit,2026-04-06
SHP_00324,FLL12UAT51S7AU752,Manesar_Plant,DLR_08,In_Transit,2026-04-06
SHP_00325,YCD396L765WXU4HNG,Manesar_Plant,DLR_12,In_Transit,2026-04-02
SHP_00326,328RD3EY8RC156UHF,Manesar_Plant,DLR_09,In_Transit,2026-04-04
SHP_00327,VW3JDF52X0KHV4G19,Manesar_Plant,DLR_05,In_Transit,2026-04-16
SHP_00328,JUXV5XPD8BT4E3FNU,Manesar_Plant,DLR_15,In_Transit,2026-04-11
SHP_00329,S1TX5HYP58DKDR3JS,Manesar_Plant,DLR_17,In_Transit,2026-04-16
SHP_00330,WK96P6T35NMJNT1R1,Manesar_Plant,DLR_19,In_Transit,2026-04-10
SHP_00331,L2YH9L5SXKB6001FD,Manesar_Plant,DLR_08,In_Transit,2026-04-08
SHP_00332,PBYUXRUP85FEWLMFU,Manesar_Plant,DLR_16,In_Transit,2026-04-03
SHP_00333,0S4PVHER76WXJJK2N,Manesar_Plant,DLR_14,In_Transit,2026-04-03
SHP_00334,EMV3XYZ06CKJDHYPU,Manesar_Plant,DLR_05,In_Transit,2026-04-10
SHP_00335,73V1SLPX45GH95MRZ,Manesar_Plant,DLR_20,In_Transit,2026-04-03
SHP_00336,WPJTYFG46ZWMNRZD5,Manesar_Plant,DLR_07,In_Transit,2026-04-11
SHP_00337,V0M3BDXG8X6MSSP6G,Manesar_Plant,DLR_11,In_Transit,2026-04-08
SHP_00338,2M5P62WV5D9EEAZ83,Manesar_Plant,DLR_17,In_Transit,2026-04-08
SHP_00339,36Z1D2YU3PNEBDCWR,Manesar_Plant,DLR_13,In_Transit,2026-04-08
SHP_00340,Y811LN84XUV3856VH,Manesar_Plant,DLR_16,In_Transit,2026-04-08
SHP_00341,RCGA4X8E7N74HDZGY,Manesar_Plant,DLR_11,In_Transit,2026-04-08
SHP_00342,Y8PKFXPB9D2VY0WAG,Manesar_Plant,DLR_02,In_Transit,2026-04-08
SHP_00343,T1NWZH4DXHXYWBPA6,Manesar_Plant,DLR_15,In_Transit,2026-04-07
SHP_00344,6PPNMKZN3NMJ8TJD2,Manesar_Plant,DLR_10,In_Transit,2026-04-11
SHP_00345,FNC56L163WBLX9ANG,Manesar_Plant,DLR_17,In_Transit,2026-04-02
SHP_00346,2ATBXCPD3NN0LY9SL,Manesar_Plant,DLR_09,In_Transit,2026-04-10
SHP_00347,18142BU50UXK67AN8,Manesar_Plant,DLR_13,In_Transit,2026-04-11
SHP_00348,ESDKTK423AK95ZY0B,Manesar_Plant,DLR_17,In_Transit,2026-04-02
SHP_00349,BCD81AGT3YYJ3Z58D,Manesar_Plant,DLR_09,In_Transit,2026-04-09
SHP_00350,Y5YA0KKR09DY2BW5A,Manesar_Plant,DLR_15,In_Transit,2026-04-13
SHP_00351,HWZW8WAH2T4ZPCS0E,Manesar_Plant,DLR_02,In_Transit,2026-04-06
SHP_00352,A742E9VZ55H4CWY71,Manesar_Plant,DLR_14,In_Transit,2026-04-06
SHP_00353,0H79SK8C63E0ZBYNN,Manesar_Plant,DLR_17,In_Transit,2026-04-08
SHP_00354,V6X2LSPAX3NHMG9PJ,Manesar_Plant,DLR_05,In_Transit,2026-04-07
SHP_00355,ZVVBR64014470T1CV,Manesar_Plant,DLR_13,In_Transit,2026-04-14
SHP_00356,VSENF9WL54EWMYXWK,Manesar_Plant,DLR_15,In_Transit,2026-04-04
SHP_00357,F108RJUT22AK11KMW,Manesar_Plant,DLR_06,In_Transit,2026-04-08
SHP_00358,CU938PUMXE9XDM4G7,Manesar_Plant,DLR_13,In_Transit,2026-04-12
SHP_00359,K6B0VB5P55UB1AEF4,Manesar_Plant,DLR_14,In_Transit,2026-04-09
SHP_00360,9F79H5BN44R8T67TX,Manesar_Plant,DLR_01,In_Transit,2026-04-15
SHP_00361,R06A6W3J4UXCT80E5,Manesar_Plant,DLR_06,In_Transit,2026-04-09
SHP_00362,7JUTZFHV6MBK5Y6WJ,Manesar_Plant,DLR_19,In_Transit,2026-04-02
SHP_00363,SNEFSF3R6ZA630L0M,Manesar_Plant,DLR_01,In_Transit,2026-04-02
SHP_00364,30468TN04TE3148DG,Manesar_Plant,DLR_17,In_Transit,2026-04-09
SHP_00365,XKT9WCM93NC2KNZHN,Manesar_Plant,DLR_15,In_Transit,2026-04-11
SHP_00366,EXSGTKE6692FWU3UG,Manesar_Plant,DLR_06,In_Transit,2026-04-13
SHP_00367,LMDYFDVT97PWHM0B0,Manesar_Plant,DLR_19,In_Transit,2026-04-14
SHP_00368,CW3RVNEMX9YKWUU90,Manesar_Plant,DLR_11,In_Transit,2026-04-08
SHP_00369,2W1HJTRD1YSL7NUS1,Manesar_Plant,DLR_06,In_Transit,2026-04-13
SHP_00370,N3MV09F62GWE595DJ,Manesar_Plant,DLR_20,In_Transit,2026-04-08
SHP_00371,ZUV2U3M186CNA10PV,Manesar_Plant,DLR_09,In_Transit,2026-04-09
SHP_00372,TFL98FZF0ZW1F7MMG,Manesar_Plant,DLR_20,In_Transit,2026-04-08
SHP_00373,YX0XHUX74607CDSC5,Manesar_Plant,DLR_20,In_Transit,2026-04-14
SHP_00374,RN74J20W8D8CC98FU,Manesar_Plant,DLR_16,In_Transit,2026-04-16
SHP_00375,1JGLKJKL6258RY5PG,Manesar_Plant,DLR_12,In_Transit,2026-04-08
SHP_00376,7CMRDP7C11SHFLGA9,Manesar_Plant,DLR_13,In_Transit,2026-04-06
SHP_00377,PBC3YH231E19AVF93,Manesar_Plant,DLR_19,In_Transit,2026-04-14
SHP_00378,80P7M0TY2FH80EAW0,Manesar_Plant,DLR_01,In_Transit,2026-04-13
SHP_00379,G3AGRXN8X8J17RWNY,Manesar_Plant,DLR_14,In_Transit,2026-04-14
SHP_00380,00G3UA1W7J2FR2JDU,Manesar_Plant,DLR_16,In_Transit,2026-04-03
SHP_00381,A8FMEF9572TMWE0M6,Manesar_Plant,DLR_18,In_Transit,2026-04-06
SHP_00382,HDCGY1AW94VL117T9,Manesar_Plant,DLR_20,In_Transit,2026-04-10
SHP_00383,429LEXKNX54CZ226U,Manesar_Plant,DLR_10,In_Transit,2026-04-11
SHP_00384,F76TH82B2XC42GYKG,Manesar_Plant,DLR_20,In_Transit,2026-04-08
SHP_00385,CCEYTC8C6CPW8GKFU,Manesar_Plant,DLR_12,In_Transit,2026-04-13
SHP_00386,NF6SWZWN0U39GDWL7,Manesar_Plant,DLR_16,In_Transit,2026-04-09
SHP_00387,54HDPUNY25YG7AZVM,Manesar_Plant,DLR_06,In_Transit,2026-04-09
SHP_00388,CLTHRDKD8ZYZV7G7D,Manesar_Plant,DLR_12,In_Transit,2026-04-07
SHP_00389,02AG6V0U3GM0DAX2M,Manesar_Plant,DLR_08,In_Transit,2026-04-07
SHP_00390,A2G0H7371RB7TNC41,Manesar_Plant,DLR_12,In_Transit,2026-04-13
SHP_00391,ARURNASS7SCT4XU40,Manesar_Plant,DLR_20,In_Transit,2026-04-15
SHP_00392,2PKAGFEZ6JM3J1U49,Manesar_Plant,DLR_03,In_Transit,2026-04-10
SHP_00393,AMEVPVVZ0A1BA6RRV,Manesar_Plant,DLR_19,In_Transit,2026-04-04
SHP_00394,LC6AXDHK7V23XNHMK,Manesar_Plant,DLR_13,In_Transit,2026-04-04
SHP_00395,WX5P2LNT7U7M7HD84,Manesar_Plant,DLR_09,In_Transit,2026-04-10
SHP_00396,J1XW9AY21S7UJ5F3X,Manesar_Plant,DLR_19,In_Transit,2026-04-13
SHP_00397,02X613NC4ZUSNANC2,Manesar_Plant,DLR_16,In_Transit,2026-04-16
SHP_00398,1S3HD5YB6GMW2K2MV,Manesar_Plant,DLR_01,In_Transit,2026-04-12
SHP_00399,VK45K7F49MDP1DSH1,Manesar_Plant,DLR_13,In_Transit,2026-04-16
SHP_00400,YXA7P6T33XZ1XH8VJ,Manesar_Plant,DLR_09,In_Transit,2026-04-02
SHP_00401,EZREMVC901ZXX4A7J,Manesar_Plant,DLR_17,In_Transit,2026-04-10
SHP_00402,Z4HNP6UD21TLD8UZG,Manesar_Plant,DLR_05,In_Transit,2026-04-16
SHP_00403,BPCKNPEK26N0J7546,Manesar_Plant,DLR_17,In_Transit,2026-04-09
SHP_00404,5WMM978P97KDT8WF3,Manesar_Plant,DLR_01,In_Transit,2026-04-15
SHP_00405,0C6VG0007WRVV4N8Y,Manesar_Plant,DLR_13,In_Transit,2026-04-02
SHP_00406,Z4VSMJVX9J4U6GAUV,Manesar_Plant,DLR_16,In_Transit,2026-04-06
SHP_00407,N6UGLH1HX2YEGGSF2,Manesar_Plant,DLR_08,In_Transit,2026-04-12
SHP_00408,0NA3BNS669KU2N1MS,Manesar_Plant,DLR_07,In_Transit,2026-04-14
SHP_00409,9EKFTXKV3DXC2AKA0,Manesar_Plant,DLR_02,In_Transit,2026-04-09
SHP_00410,2NPB7NCR2NF3V2X9A,Manesar_Plant,DLR_07,In_Transit,2026-04-04
SHP_00411,JJANEN5AXPFRFC3PX,Manesar_Plant,DLR_19,In_Transit,2026-04-03
SHP_00412,S4R7CS9UXKWL6JPM9,Manesar_Plant,DLR_06,In_Transit,2026-04-13
SHP_00413,E98YY9PN58SC521K8,Manesar_Plant,DLR_20,In_Transit,2026-04-14
SHP_00414,UC35FKAKXPEMVR763,Manesar_Plant,DLR_03,In_Transit,2026-04-05
SHP_00415,WSXD4BD0305PHF4K6,Manesar_Plant,DLR_12,In_Transit,2026-04-13
SHP_00416,4MHS9GNJ3ALECCLK4,Manesar_Plant,DLR_08,In_Transit,2026-04-10
SHP_00417,Y85D5CGA21ZGK6CGX,Manesar_Plant,DLR_02,In_Transit,2026-04-05
SHP_00418,WDD8Z4U563LF7FJT0,Manesar_Plant,DLR_20,In_Transit,2026-04-07
SHP_00419,KJ4CEU671ZAB90WAB,Manesar_Plant,DLR_19,In_Transit,2026-04-16
SHP_00420,ZBJ2V88N8YFCD58TH,Manesar_Plant,DLR_14,In_Transit,2026-04-12
SHP_00421,KLTUZH7A13BZCAYME,Manesar_Plant,DLR_18,In_Transit,2026-04-04
SHP_00422,JBM41A1NXGNL232CP,Manesar_Plant,DLR_03,In_Transit,2026-04-02
SHP_00423,2LCN3MLD9T67JEDUC,Manesar_Plant,DLR_11,In_Transit,2026-04-04
SHP_00424,36JE9E6B85FJVHE8N,Manesar_Plant,DLR_08,In_Transit,2026-04-05
SHP_00425,FXZC6K031M9THF1LL,Manesar_Plant,DLR_10,In_Transit,2026-04-04
SHP_00426,YB3HG4YC1AZ613867,Manesar_Plant,DLR_14,In_Transit,2026-04-03
SHP_00427,EEX8ZS1384THXXYBD,Manesar_Plant,DLR_12,In_Transit,2026-04-06
SHP_00428,YMWXGNZT4N2506D9E,Manesar_Plant,DLR_02,In_Transit,2026-04-05
SHP_00429,DXG39ZPX3J617PR7B,Manesar_Plant,DLR_10,In_Transit,2026-04-06
SHP_00430,U3P1MA9F23MC2RPEV,Manesar_Plant,DLR_20,In_Transit,2026-04-05
SHP_00431,X6TF1H7C1NG2X160B,Manesar_Plant,DLR_14,In_Transit,2026-04-16
SHP_00432,EJ55PDRGXJ710VB5F,Manesar_Plant,DLR_12,In_Transit,2026-04-04
SHP_00433,X8BPL71K776D22ZL8,Manesar_Plant,DLR_05,In_Transit,2026-04-16
SHP_00434,HULVE47Y3VUS9LUVJ,Manesar_Plant,DLR_05,In_Transit,2026-04-06
SHP_00435,076UR6140GX3ZF5VJ,Manesar_Plant,DLR_13,In_Transit,2026-04-04
SHP_00436,HYAGK61M041AYR9UU,Manesar_Plant,DLR_14,In_Transit,2026-04-05
SHP_00437,UAJKAH0P852K0NDEN,Manesar_Plant,DLR_17,In_Transit,2026-04-04
SHP_00438,FRF3YW2A3D29E6UUX,Manesar_Plant,DLR_10,In_Transit,2026-04-10
SHP_00439,L417MY0E2R2SB2D9T,Manesar_Plant,DLR_18,In_Transit,2026-04-09
SHP_00440,VXJT4P1Z022H2XDZN,Manesar_Plant,DLR_09,In_Transit,2026-04-13
SHP_00441,7H60Y0XF4AYLGCD3X,Manesar_Plant,DLR_17,In_Transit,2026-04-12
SHP_00442,5RB8CU2D9AFKHM8S8,Manesar_Plant,DLR_07,In_Transit,2026-04-08
SHP_00443,4DDD3B2A2XFHEFTS3,Manesar_Plant,DLR_19,In_Transit,2026-04-11
SHP_00444,JFPCCUDU6AENHDKFW,Manesar_Plant,DLR_06,In_Transit,2026-04-04
SHP_00445,UY16BA5V4E1JDHZTP,Manesar_Plant,DLR_03,In_Transit,2026-04-13
SHP_00446,W0W9H1RC0MH0HHWP3,Manesar_Plant,DLR_17,In_Transit,2026-04-14
SHP_00447,MLZF2AJY36GDRL5NB,Manesar_Plant,DLR_12,In_Transit,2026-04-13
SHP_00448,NJG2B1Z56VML44D28,Manesar_Plant,DLR_12,In_Transit,2026-04-03
SHP_00449,ZE9BDMMG8U3N8M68K,Manesar_Plant,DLR_15,In_Transit,2026-04-16
SHP_00450,WXUL63FWXBV4MC6EW,Manesar_Plant,DLR_20,In_Transit,2026-04-13
SHP_00451,7CKJJ7SV7H71PGYB1,Manesar_Plant,DLR_09,In_Transit,2026-04-06
SHP_00452,5NAJHNV859WRAMM5T,Manesar_Plant,DLR_13,In_Transit,2026-04-03
SHP_00453,5WKWYY5M8N1YMJLA5,Manesar_Plant,DLR_13,In_Transit,2026-04-12
SHP_00454,BGBLPTEL3TEDZSWP2,Manesar_Plant,DLR_19,In_Transit,2026-04-14
SHP_00455,F202VJ9B0U4THRMWG,Manesar_Plant,DLR_08,In_Transit,2026-04-11
SHP_00456,C8FMH7SA4L4PK4HHW,Manesar_Plant,DLR_18,In_Transit,2026-04-10
SHP_00457,014444A124KR9CTZ9,Manesar_Plant,DLR_09,In_Transit,2026-04-06
SHP_00458,KVMYD6MX42PT69KT1,Manesar_Plant,DLR_08,In_Transit,2026-04-10
SHP_00459,YJJF0CK19TGHJ8Z9H,Manesar_Plant,DLR_01,In_Transit,2026-04-05
SHP_00460,BTBFZ8S16M5UZP28J,Manesar_Plant,DLR_02,In_Transit,2026-04-10
SHP_00461,KE3U6YVW232FL2SL3,Manesar_Plant,DLR_02,In_Transit,2026-04-08
SHP_00462,LCE9ZHMT7R3E5SND3,Manesar_Plant,DLR_14,In_Transit,2026-04-03
SHP_00463,SKY04VYP0B9DLRJL9,Manesar_Plant,DLR_02,In_Transit,2026-04-15
SHP_00464,VDVGFZP28G6XNVNU8,Manesar_Plant,DLR_06,In_Transit,2026-04-12
SHP_00465,70UDLJM36U6E3S8T3,Manesar_Plant,DLR_08,In_Transit,2026-04-12
SHP_00466,9MAS43CX8PK991MVV,Manesar_Plant,DLR_14,In_Transit,2026-04-15
SHP_00467,6MRTLUZP0MZUHVVRB,Manesar_Plant,DLR_02,In_Transit,2026-04-16
SHP_00468,JPXSB7C22EPDZA6LJ,Manesar_Plant,DLR_09,In_Transit,2026-04-16
SHP_00469,G839YCAV8JAJYDCVC,Manesar_Plant,DLR_11,In_Transit,2026-04-14
SHP_00470,69635VFH19EL8JLDV,Manesar_Plant,DLR_12,In_Transit,2026-04-11
SHP_00471,B9H2DXHN2U835191R,Manesar_Plant,DLR_11,In_Transit,2026-04-03
SHP_00472,Z221738W0PX640L7C,Manesar_Plant,DLR_09,In_Transit,2026-04-13
SHP_00473,YE59U7TS3YFK0LC7A,Manesar_Plant,DLR_05,In_Transit,2026-04-12
SHP_00474,807ZCFB59C0S3H9Y0,Manesar_Plant,DLR_13,In_Transit,2026-04-03
SHP_00475,U854TRMP7JYB35S2S,Manesar_Plant,DLR_12,In_Transit,2026-04-15
SHP_00476,TNN77W892CV0MH0XG,Manesar_Plant,DLR_18,In_Transit,2026-04-02
SHP_00477,99YEMHMD1L4SW1FEG,Manesar_Plant,DLR_08,In_Transit,2026-04-11
SHP_00478,YS63730E9D8YK20KY,Manesar_Plant,DLR_15,In_Transit,2026-04-16
SHP_00479,WT5W2U9580NBC1EA5,Manesar_Plant,DLR_15,In_Transit,2026-04-16
SHP_00480,9K1A40Y14B8HE4GR9,Manesar_Plant,DLR_06,In_Transit,2026-04-16
SHP_00481,VNFBUEZY3ZWN49M0E,Manesar_Plant,DLR_18,In_Transit,2026-04-12
SHP_00482,FGHLFLDD8GE2PL1AS,Manesar_Plant,DLR_20,In_Transit,2026-04-04
SHP_00483,3L3KW73P3S0AA5VSJ,Manesar_Plant,DLR_11,In_Transit,2026-04-09
SHP_00484,0K9W4K3F6UG4FW0EB,Manesar_Plant,DLR_08,In_Transit,2026-04-15
SHP_00485,X0HF04JU20P8FHE6C,Manesar_Plant,DLR_10,In_Transit,2026-04-02
SHP_00486,PRDAZPVRXF6WFUHYE,Manesar_Plant,DLR_13,In_Transit,2026-04-08
SHP_00487,3AD7Z3D217T2R265U,Manesar_Plant,DLR_14,In_Transit,2026-04-02
SHP_00488,FM5XN8SM7KM8R84S9,Manesar_Plant,DLR_06,In_Transit,2026-04-04
SHP_00489,28XXY5KP986NJ3KA7,Manesar_Plant,DLR_16,In_Transit,2026-04-12
SHP_00490,TL3MSUY58NZ1P79GV,Manesar_Plant,DLR_10,In_Transit,2026-04-07
SHP_00491,4W10SU57XC9ZR0LAC,Manesar_Plant,DLR_02,In_Transit,2026-04-13
SHP_00492,TUEZ64247XYUTCD2U,Manesar_Plant,DLR_03,In_Transit,2026-04-06
SHP_00493,YFS9DYDB21M6V8V56,Manesar_Plant,DLR_09,In_Transit,2026-04-08
SHP_00494,JN7RCNJV6YW10RM3Z,Manesar_Plant,DLR_18,In_Transit,2026-04-03
SHP_00495,RWA7EMUP0F7FX0CCS,Manesar_Plant,DLR_05,In_Transit,2026-04-09
SHP_00496,B6TZYS5P3HHUNH10V,Manesar_Plant,DLR_17,In_Transit,2026-04-16
SHP_00497,X5MSBC1T19DCBFP5B,Manesar_Plant,DLR_05,In_Transit,2026-04-14
SHP_00498,2PEXC1FPXGZBMEMZB,Manesar_Plant,DLR_04,In_Transit,2026-04-07
SHP_00499,BCRFNXX25HA302JUF,Manesar_Plant,DLR_12,In_Transit,2026-04-02
SHP_00500,X397S6X3XB7HS3TP1,Manesar_Plant,DLR_13,In_Transit,2026-04-06
SHP_00501,H84UGA11XLDS2X5U7,Manesar_Plant,DLR_09,In_Transit,2026-04-08
SHP_00502,KAYKYRNZ5ARE69X80,Manesar_Plant,DLR_11,In_Transit,2026-04-10
SHP_00503,2L398MFY8T87J33HK,Manesar_Plant,DLR_20,In_Transit,2026-04-10
SHP_00504,UMZS38KJ960WV9K8L,Manesar_Plant,DLR_19,In_Transit,2026-04-05
SHP_00505,HA5R8XRD2VHBHMSDR,Manesar_Plant,DLR_19,In_Transit,2026-04-13
SHP_00506,R4U1AD1C72VH46AKK,Manesar_Plant,DLR_01,In_Transit,2026-04-16
SHP_00507,NN4N2X4U40GJP51BK,Manesar_Plant,DLR_14,In_Transit,2026-04-07
SHP_00508,8PH9Y7U558ABT7YLT,Manesar_Plant,DLR_18,In_Transit,2026-04-11
SHP_00509,G42AJPBX7RADV92WZ,Manesar_Plant,DLR_17,In_Transit,2026-04-09
SHP_00510,0RM97D5X5F6LKH3DY,Manesar_Plant,DLR_07,In_Transit,2026-04-14
SHP_00511,4Z67RH4K8MPZG74LX,Manesar_Plant,DLR_20,In_Transit,2026-04-07
SHP_00512,N1LVESLU61HEBLSMD,Manesar_Plant,DLR_18,In_Transit,2026-04-10
SHP_00513,ZUAZ2E9J5AZ6SHCYE,Manesar_Plant,DLR_18,In_Transit,2026-04-12
SHP_00514,7043VNLY83MYTG4XY,Manesar_Plant,DLR_11,In_Transit,2026-04-06
SHP_00515,22FLAF6787ZS9DPC7,Manesar_Plant,DLR_18,In_Transit,2026-04-12
SHP_00516,938DDTC68EHXSG287,Manesar_Plant,DLR_10,In_Transit,2026-04-08
SHP_00517,CDSFKK3Y9JEWDG8M3,Manesar_Plant,DLR_12,In_Transit,2026-04-14
SHP_00518,HYPZS08X4M7GKH8CU,Manesar_Plant,DLR_02,In_Transit,2026-04-04
SHP_00519,3AT722CZXP704HL7R,Manesar_Plant,DLR_10,In_Transit,2026-04-08
SHP_00520,4R6YSP6Z1RVZFN9RR,Manesar_Plant,DLR_09,In_Transit,2026-04-08
SHP_00521,Y0CD6UWDXKUE9UX1S,Manesar_Plant,DLR_04,In_Transit,2026-04-08
SHP_00522,8N5S1UBA194H2A125,Manesar_Plant,DLR_02,In_Transit,2026-04-07
SHP_00523,87KSZ34Z1MSKTHJXP,Manesar_Plant,DLR_16,In_Transit,2026-04-11
SHP_00524,61E3FJJ944TELR3D5,Manesar_Plant,DLR_07,In_Transit,2026-04-09
SHP_00525,1M28UV1L3WADUMZSL,Manesar_Plant,DLR_12,In_Transit,2026-04-05
SHP_00526,Z8RU3W7L9SACJZMMX,Manesar_Plant,DLR_19,In_Transit,2026-04-15
SHP_00527,M0GMSB6W8GK0N9E9F,Manesar_Plant,DLR_15,In_Transit,2026-04-14
SHP_00528,DN2F3D275L2DB5Z82,Manesar_Plant,DLR_16,In_Transit,2026-04-16
SHP_00529,HTNT8U192YN91W0KG,Manesar_Plant,DLR_20,In_Transit,2026-04-14
SHP_00530,2DTFM3WA7X7RMDMGW,Manesar_Plant,DLR_01,In_Transit,2026-04-04
SHP_00531,50N4EGRG59HHGF3X4,Manesar_Plant,DLR_07,In_Transit,2026-04-11
SHP_00532,46S2WD216ZJ3K4GJ3,Manesar_Plant,DLR_13,In_Transit,2026-04-06
SHP_00533,4842W9SL0WN60B0R8,Manesar_Plant,DLR_18,In_Transit,2026-04-03
SHP_00534,YA3VED5ZXL5PSAPFX,Manesar_Plant,DLR_16,In_Transit,2026-04-10
SHP_00535,1ZX3S7YZ9R75VSW2E,Manesar_Plant,DLR_13,In_Transit,2026-04-06
SHP_00536,YAGD7ZAC117LRVTFS,Manesar_Plant,DLR_14,In_Transit,2026-04-15
SHP_00537,M4308UMY1WSFZM6R8,Manesar_Plant,DLR_20,In_Transit,2026-04-16
SHP_00538,ZJHVJJ2A3TSP7NMEX,Manesar_Plant,DLR_10,In_Transit,2026-04-04
SHP_00539,NJ2DBZ6F4L00D9P7X,Manesar_Plant,DLR_19,In_Transit,2026-04-11
SHP_00540,3Y9XRH9223KU6T9ZW,Manesar_Plant,DLR_20,In_Transit,2026-04-14
SHP_00541,3VP0SCAJ1X9VXT7G1,Manesar_Plant,DLR_13,In_Transit,2026-04-02
SHP_00542,Z8Y2LP9J7021CYY0V,Manesar_Plant,DLR_16,In_Transit,2026-04-04
SHP_00543,FFJAN60555ZKCELFM,Manesar_Plant,DLR_18,In_Transit,2026-04-07
SHP_00544,XGGAE2PH55SUPK7FD,Manesar_Plant,DLR_12,In_Transit,2026-04-12
SHP_00545,ZKMRANP69EZSCZ68X,Manesar_Plant,DLR_07,In_Transit,2026-04-06
SHP_00546,PU6USWAM6UAPBWW9D,Manesar_Plant,DLR_07,In_Transit,2026-04-14
SHP_00547,TYNGSK1J9H33VZRJ7,Manesar_Plant,DLR_04,In_Transit,2026-04-06
SHP_00548,TN2AZEAM53PEAF3MN,Manesar_Plant,DLR_16,In_Transit,2026-04-03
SHP_00549,1E47AJSK5SZJUFVHR,Manesar_Plant,DLR_09,In_Transit,2026-04-03
SHP_00550,X8H8GPD088TKCN7J9,Manesar_Plant,DLR_01,In_Transit,2026-04-11
SHP_00551,NGN28TMJ5G3SBRFS7,Manesar_Plant,DLR_11,In_Transit,2026-04-10
SHP_00552,BLMVVE9H5SKVB4WJ5,Manesar_Plant,DLR_10,In_Transit,2026-04-07
SHP_00553,RLD812WR5DN003FYS,Manesar_Plant,DLR_14,In_Transit,2026-04-06
SHP_00554,VNHA6LXT6FVXWXRT2,Manesar_Plant,DLR_07,In_Transit,2026-04-12
SHP_00555,56KSRSVG56ARCVYE2,Manesar_Plant,DLR_20,In_Transit,2026-04-11
SHP_00556,N30S9PUX1V5EYYJR9,Manesar_Plant,DLR_07,In_Transit,2026-04-05
SHP_00557,BHL4KE77XWNA8CS0L,Manesar_Plant,DLR_03,In_Transit,2026-04-13
SHP_00558,XPJPJ9K80MP6VPAUM,Manesar_Plant,DLR_20,In_Transit,2026-04-04
SHP_00559,Y7EN682H7WL7D938X,Manesar_Plant,DLR_02,In_Transit,2026-04-04
SHP_00560,YE691BM8XJGYUPKP9,Manesar_Plant,DLR_02,In_Transit,2026-04-16
SHP_00561,FY8EEHA44KRGXY5CD,Manesar_Plant,DLR_19,In_Transit,2026-04-15
SHP_00562,5SFA8N1J2MUKTGY28,Manesar_Plant,DLR_02,In_Transit,2026-04-02
SHP_00563,054184769Y2M7KUJG,Manesar_Plant,DLR_20,In_Transit,2026-04-12
SHP_00564,4XSC7BLM6G52JMS5K,Manesar_Plant,DLR_05,In_Transit,2026-04-03
SHP_00565,5SE9813R5RE4Y6CLP,Manesar_Plant,DLR_08,In_Transit,2026-04-08
SHP_00566,9MV6WBZV3BCBVB29E,Manesar_Plant,DLR_08,In_Transit,2026-04-11
SHP_00567,XGS2HYUT2E24JMVC0,Manesar_Plant,DLR_18,In_Transit,2026-04-12
SHP_00568,5MUFMWFF2VEKJHPTE,Manesar_Plant,DLR_15,In_Transit,2026-04-07
SHP_00569,JKDLZW4419PJ3D9MS,Manesar_Plant,DLR_10,In_Transit,2026-04-06
SHP_00570,W7NKRBJM36XN33XZ0,Manesar_Plant,DLR_17,In_Transit,2026-04-06
SHP_00571,NR1J5AAL5FG7UL572,Manesar_Plant,DLR_06,In_Transit,2026-04-14
SHP_00572,J20FVN9T5R3LRMVWC,Manesar_Plant,DLR_04,In_Transit,2026-04-04
SHP_00573,JL4DRUHEXSB2PWLZY,Manesar_Plant,DLR_16,In_Transit,2026-04-09
SHP_00574,NA8HFGTV96KM2RV25,Manesar_Plant,DLR_18,In_Transit,2026-04-03
SHP_00575,ZNL9YDHZ6W1K7EKJ8,Manesar_Plant,DLR_06,In_Transit,2026-04-08
SHP_00576,ML24FH4D5296ZJAYF,Manesar_Plant,DLR_04,In_Transit,2026-04-05
SHP_00577,ZZC3YVRJ8P1S5JJRV,Manesar_Plant,DLR_03,In_Transit,2026-04-07
SHP_00578,3Y8AVW609YTLD8DT8,Manesar_Plant,DLR_05,In_Transit,2026-04-16
SHP_00579,MJD8PPEL460FM5RDK,Manesar_Plant,DLR_19,In_Transit,2026-04-09
SHP_00580,YRDXA7XG664P5XFCC,Manesar_Plant,DLR_09,In_Transit,2026-04-08
SHP_00581,MJ3FCTMN4XX4GGEVU,Manesar_Plant,DLR_19,In_Transit,2026-04-05
SHP_00582,U6MWZF467APNGLL0T,Manesar_Plant,DLR_20,In_Transit,2026-04-15
SHP_00583,GHSTS3H87USBRRMN5,Manesar_Plant,DLR_07,In_Transit,2026-04-16
SHP_00584,LHSBZ8P06WFLGBVEY,Manesar_Plant,DLR_16,In_Transit,2026-04-16
SHP_00585,GCWE817E23MYLAA8L,Manesar_Plant,DLR_08,In_Transit,2026-04-02
SHP_00586,LMSC954V5CUNAL89T,Manesar_Plant,DLR_01,In_Transit,2026-04-07
SHP_00587,KEZ7UKLJ38AV4K8SW,Manesar_Plant,DLR_19,In_Transit,2026-04-02
SHP_00588,KTA34DGV57SNGT69R,Manesar_Plant,DLR_15,In_Transit,2026-04-13
SHP_00589,7GRGLAUZ2SH7379HF,Manesar_Plant,DLR_18,In_Transit,2026-04-09
SHP_00590,TKUZRERV63JASJY8T,Manesar_Plant,DLR_19,In_Transit,2026-04-09
SHP_00591,SW3CACU731VZ5H8B4,Manesar_Plant,DLR_02,In_Transit,2026-04-10
SHP_00592,6RE12WFK1PVCGE3VD,Manesar_Plant,DLR_11,In_Transit,2026-04-12
SHP_00593,0H7M09GD0VSCWV79N,Manesar_Plant,DLR_12,In_Transit,2026-04-08
SHP_00594,EV3D6810XKRZ1FF6W,Manesar_Plant,DLR_08,In_Transit,2026-04-13
SHP_00595,X9CJ1KCTXLEWC49WT,Manesar_Plant,DLR_07,In_Transit,2026-04-03
SHP_00596,GK0BW22M94GFUHMRE,Manesar_Plant,DLR_05,In_Transit,2026-04-04
SHP_00597,CFKCLY3U3AR41HH7Y,Manesar_Plant,DLR_20,In_Transit,2026-04-07
SHP_00598,VNLK2R9C6C06F3W51,Manesar_Plant,DLR_02,In_Transit,2026-04-05
SHP_00599,T9JB5ZDR7053JWL6T,Manesar_Plant,DLR_03,In_Transit,2026-04-02
SHP_00600,GSLZX19R8BVUZ24H4,Manesar_Plant,DLR_02,In_Transit,2026-04-07
SHP_00601,H4PC31DK8MGNG2WN8,Manesar_Plant,DLR_19,In_Transit,2026-04-03
SHP_00602,PYJNLMRU48X6BW33M,Manesar_Plant,DLR_03,In_Transit,2026-04-14
SHP_00603,05J4D9EB9T0CDY4UN,Manesar_Plant,DLR_15,In_Transit,2026-04-08
SHP_00604,3GY84JUC2T78RZ1HA,Manesar_Plant,DLR_05,In_Transit,2026-04-08
SHP_00605,VU9D7CFB6LL7GA8TX,Manesar_Plant,DLR_01,In_Transit,2026-04-10
SHP_00606,2B55FHD82X5E6RG9A,Manesar_Plant,DLR_14,In_Transit,2026-04-04
SHP_00607,LBW55DWG7G7UMVDER,Manesar_Plant,DLR_20,In_Transit,2026-04-06
SHP_00608,586JM0YZ401NV0MRG,Manesar_Plant,DLR_07,In_Transit,2026-04-08
SHP_00609,VNDSGTW41AVLV04WV,Manesar_Plant,DLR_07,In_Transit,2026-04-10
SHP_00610,5X8E5Y2K4ZHXX4X74,Manesar_Plant,DLR_15,In_Transit,2026-04-12
SHP_00611,MXFF0XAXX9Y65PT6H,Manesar_Plant,DLR_03,In_Transit,2026-04-02
SHP_00612,7LR0FSMA28NMEZDG0,Manesar_Plant,DLR_19,In_Transit,2026-04-11
SHP_00613,81TDJ2BX0C3M54EFG,Manesar_Plant,DLR_01,In_Transit,2026-04-05
SHP_00614,RPE5E4EZ0UT7UTBK7,Manesar_Plant,DLR_20,In_Transit,2026-04-09
SHP_00615,JCPZF9C1XC1L4CSTF,Manesar_Plant,DLR_15,In_Transit,2026-04-02
SHP_00616,2UGCCM8L42CC7WPAM,Manesar_Plant,DLR_18,In_Transit,2026-04-02
SHP_00617,GJAEGDW02MGSL28W1,Manesar_Plant,DLR_15,In_Transit,2026-04-13
SHP_00618,EJFCE4E5X06B3550P,Manesar_Plant,DLR_20,In_Transit,2026-04-16
SHP_00619,Y699EC7F46E877ZM2,Manesar_Plant,DLR_10,In_Transit,2026-04-13
SHP_00620,ZBV18H7420P2R9BED,Manesar_Plant,DLR_14,In_Transit,2026-04-11
SHP_00621,2MGL39HW0F8MGG70L,Manesar_Plant,DLR_18,In_Transit,2026-04-15
SHP_00622,WS9AMGA63K5LADTGD,Manesar_Plant,DLR_02,In_Transit,2026-04-12
SHP_00623,FPU3UUW82XFM856VW,Manesar_Plant,DLR_05,In_Transit,2026-04-03
SHP_00624,UZ473VJ431ZBN5VX9,Manesar_Plant,DLR_01,In_Transit,2026-04-13
SHP_00625,WW4U55TX5EYE6UDWN,Manesar_Plant,DLR_13,In_Transit,2026-04-06
SHP_00626,EL5V6ZJV008D2TYGH,Manesar_Plant,DLR_18,In_Transit,2026-04-12
SHP_00627,KPK38K079G371RP0W,Manesar_Plant,DLR_19,In_Transit,2026-04-06
SHP_00628,JKHTB7N14ALZDDWMA,Manesar_Plant,DLR_11,In_Transit,2026-04-05
SHP_00629,1V9J0NT2X6T7V8Z52,Manesar_Plant,DLR_09,In_Transit,2026-04-13
SHP_00630,AXM9HST788DH05RG5,Manesar_Plant,DLR_04,In_Transit,2026-04-12
SHP_00631,KZ0LGCUF50T6V8VLB,Manesar_Plant,DLR_20,In_Transit,2026-04-04
SHP_00632,0TGY4U7R75FTYA328,Manesar_Plant,DLR_05,In_Transit,2026-04-12
SHP_00633,7Z6B4ZF5XS33FKAGA,Manesar_Plant,DLR_01,In_Transit,2026-04-14
SHP_00634,G944VNN083SGFC26H,Manesar_Plant,DLR_09,In_Transit,2026-04-09
SHP_00635,1WWBX3C06T5PU8B5Y,Manesar_Plant,DLR_19,In_Transit,2026-04-12
SHP_00636,TDR8B4572KFA2TLR1,Manesar_Plant,DLR_20,In_Transit,2026-04-10
SHP_00637,9MRSFLL25XUJYK978,Manesar_Plant,DLR_02,In_Transit,2026-04-08
SHP_00638,9Y0L5D6R8XSA3PJZ6,Manesar_Plant,DLR_07,In_Transit,2026-04-05
SHP_00639,BCRPGZ4P8U7U60PB5,Manesar_Plant,DLR_03,In_Transit,2026-04-05
SHP_00640,M7EHY59R2K0TW9A6H,Manesar_Plant,DLR_20,In_Transit,2026-04-05
SHP_00641,116KB9E19H23ZY7NE,Manesar_Plant,DLR_16,In_Transit,2026-04-05
SHP_00642,KSGPN1K19AUE50XYB,Manesar_Plant,DLR_18,In_Transit,2026-04-11
SHP_00643,R1D2AVXL69MY5YC9G,Manesar_Plant,DLR_10,In_Transit,2026-04-15
SHP_00644,F6TUZKDK3GVJ4R4TM,Manesar_Plant,DLR_19,In_Transit,2026-04-09
SHP_00645,W01X3NVD5C5P2S2YN,Manesar_Plant,DLR_15,In_Transit,2026-04-03
SHP_00646,LC8Y3KZE5FTBPTPX3,Manesar_Plant,DLR_15,In_Transit,2026-04-15
SHP_00647,UVLCWXND18T0T6878,Manesar_Plant,DLR_13,In_Transit,2026-04-11
SHP_00648,0R4VYDNW2X0A358GC,Manesar_Plant,DLR_07,In_Transit,2026-04-12
SHP_00649,887BYB1S5KBPDHB3H,Manesar_Plant,DLR_09,In_Transit,2026-04-15
SHP_00650,VZXZW9CW9L7716LPR,Manesar_Plant,DLR_10,In_Transit,2026-04-11
SHP_00651,74VV7DMU82AH2VS96,Manesar_Plant,DLR_02,In_Transit,2026-04-04
SHP_00652,AUFNEZ2499WFX6VY9,Manesar_Plant,DLR_04,In_Transit,2026-04-14
SHP_00653,MV4S5GNR5L14MTT7J,Manesar_Plant,DLR_10,In_Transit,2026-04-06
SHP_00654,XDGBN9237X7BCE7UG,Manesar_Plant,DLR_14,In_Transit,2026-04-10
SHP_00655,DA880SR33MCAGPN1R,Manesar_Plant,DLR_11,In_Transit,2026-04-06
SHP_00656,04CHXATD90RLZCF8N,Manesar_Plant,DLR_15,In_Transit,2026-04-02
SHP_00657,XP7WCR396HSP5WN2N,Manesar_Plant,DLR_10,In_Transit,2026-04-11
SHP_00658,ZB8YR2LN5U86839ZK,Manesar_Plant,DLR_12,In_Transit,2026-04-02
SHP_00659,12GECCJF4JUJML3T5,Manesar_Plant,DLR_12,In_Transit,2026-04-13
SHP_00660,0U5DDMVW3T6BNBNTE,Manesar_Plant,DLR_08,In_Transit,2026-04-16
SHP_00661,L6MW4ARE4LJXJDTXT,Manesar_Plant,DLR_13,In_Transit,2026-04-14
SHP_00662,ENJ6Y0WW53NSUZFR9,Manesar_Plant,DLR_03,In_Transit,2026-04-04
SHP_00663,9KF6BT5B8G53SRH69,Manesar_Plant,DLR_01,In_Transit,2026-04-13
SHP_00664,G49KFL7V7DFH4822T,Manesar_Plant,DLR_12,In_Transit,2026-04-02
SHP_00665,K0TBGKUN9J6831AYT,Manesar_Plant,DLR_06,In_Transit,2026-04-12
SHP_00666,CW0U4BK84H213C7MZ,Manesar_Plant,DLR_19,In_Transit,2026-04-04
SHP_00667,UGKMSJ6X8ZE0S4XJ7,Manesar_Plant,DLR_03,In_Transit,2026-04-04
SHP_00668,Z86ST4ZX3ZWBH9125,Manesar_Plant,DLR_10,In_Transit,2026-04-13
SHP_00669,HPZEVJT11YRWWNBG0,Manesar_Plant,DLR_14,In_Transit,2026-04-02
SHP_00670,9L1CG1Z02AKA4KREU,Manesar_Plant,DLR_04,In_Transit,2026-04-08
SHP_00671,6JJ9MTRR0XGSM4CB3,Manesar_Plant,DLR_02,In_Transit,2026-04-13
SHP_00672,0KJ5P1EW77PCN3SXN,Manesar_Plant,DLR_15,In_Transit,2026-04-05
SHP_00673,SN6PN10N7DHWVT330,Manesar_Plant,DLR_08,In_Transit,2026-04-04
SHP_00674,A6RNES622N4YH7BU4,Manesar_Plant,DLR_05,In_Transit,2026-04-07
SHP_00675,6XM0BG5564X878SNH,Manesar_Plant,DLR_15,In_Transit,2026-04-04
SHP_00676,FSGSNA887DD682RTW,Manesar_Plant,DLR_09,In_Transit,2026-04-08
SHP_00677,WX6JKVV15D5A1VWJJ,Manesar_Plant,DLR_10,In_Transit,2026-04-14
SHP_00678,3C5A3FNU6J9APXR97,Manesar_Plant,DLR_11,In_Transit,2026-04-06
SHP_00679,C04BT6FS458A10US2,Manesar_Plant,DLR_01,In_Transit,2026-04-16
SHP_00680,UB3KD3098B2LBJKSU,Manesar_Plant,DLR_13,In_Transit,2026-04-06
SHP_00681,PRZCJAJB5T3UCA2TE,Manesar_Plant,DLR_06,In_Transit,2026-04-03
SHP_00682,UN7TRUF95FNS3AE1L,Manesar_Plant,DLR_14,In_Transit,2026-04-07
SHP_00683,KX0EX9TD41MRVY41H,Manesar_Plant,DLR_14,In_Transit,2026-04-11
SHP_00684,B4SCRZZ46JBSLNB6X,Manesar_Plant,DLR_03,In_Transit,2026-04-10
SHP_00685,S6E0WBZ00P7MR877G,Manesar_Plant,DLR_01,In_Transit,2026-04-11
SHP_00686,D73AZ65731F5WS3E9,Manesar_Plant,DLR_02,In_Transit,2026-04-08
SHP_00687,DJX3ZZR16HN97VJFL,Manesar_Plant,DLR_19,In_Transit,2026-04-12
SHP_00688,1Z9J5HW64KMT99CG3,Manesar_Plant,DLR_17,In_Transit,2026-04-12
SHP_00689,AX7GLGM24L1RWNTV4,Manesar_Plant,DLR_01,In_Transit,2026-04-06
SHP_00690,A557FD1H9038SWABX,Manesar_Plant,DLR_02,In_Transit,2026-04-09
SHP_00691,EZFRH02NXJH02WHNR,Manesar_Plant,DLR_14,In_Transit,2026-04-13
SHP_00692,Y4LVGY2L749YLHHUB,Manesar_Plant,DLR_06,In_Transit,2026-04-04
SHP_00693,4G6L6MXH9S4TVYNZV,Manesar_Plant,DLR_05,In_Transit,2026-04-05
SHP_00694,WXVYE5UV2RX9CLFU6,Manesar_Plant,DLR_14,In_Transit,2026-04-11
SHP_00695,A851XHAA80V2XF7VC,Manesar_Plant,DLR_01,In_Transit,2026-04-12
SHP_00696,66ZLE20T1MT95SJ64,Manesar_Plant,DLR_09,In_Transit,2026-04-09
SHP_00697,9GXW4DBC4ZLE00770,Manesar_Plant,DLR_13,In_Transit,2026-04-07
SHP_00698,WSEKLTDY7H8Z5EK2W,Manesar_Plant,DLR_04,In_Transit,2026-04-08
SHP_00699,0MPNV0S3X1U57E46X,Manesar_Plant,DLR_06,In_Transit,2026-04-10
SHP_00700,B87Y4B476NHAL4CY1,Manesar_Plant,DLR_04,In_Transit,2026-04-06
SHP_00701,MHEEGXM12XDP8AKM2,Manesar_Plant,DLR_09,In_Transit,2026-04-03
SHP_00702,AFZGE60B88M12M609,Manesar_Plant,DLR_13,In_Transit,2026-04-02
SHP_00703,6PYALK366JBMYPP9V,Manesar_Plant,DLR_08,In_Transit,2026-04-13
SHP_00704,2UV1MFSNX48GMRM0H,Manesar_Plant,DLR_07,In_Transit,2026-04-14
SHP_00705,MJ4Y8LKH3ZSCTY7UE,Manesar_Plant,DLR_03,In_Transit,2026-04-04
SHP_00706,8NK3ZTC876AXKFUL6,Manesar_Plant,DLR_17,In_Transit,2026-04-02
SHP_00707,DYVPMTBW4S7AHXXSK,Manesar_Plant,DLR_06,In_Transit,2026-04-11
SHP_00708,17Y8MUC59P4HCBJZV,Manesar_Plant,DLR_01,In_Transit,2026-04-12
SHP_00709,F11B6BUJX3FSFXPPF,Manesar_Plant,DLR_09,In_Transit,2026-04-15
SHP_00710,1DRR8AS09SEX7LF22,Manesar_Plant,DLR_19,In_Transit,2026-04-16
SHP_00711,Y4GARZVJ5N5M0ATVW,Manesar_Plant,DLR_19,In_Transit,2026-04-10
SHP_00712,HW6EF82K51DKVND8F,Manesar_Plant,DLR_11,In_Transit,2026-04-14
SHP_00713,2MM8HTVM59V9TBLAD,Manesar_Plant,DLR_01,In_Transit,2026-04-11
SHP_00714,2PLXGDMV6BUVW2Y99,Manesar_Plant,DLR_01,In_Transit,2026-04-07
SHP_00715,H6BVVBZL31NRGCF5Z,Manesar_Plant,DLR_05,In_Transit,2026-04-10
SHP_00716,8NFAC0B4XDM0LX7FE,Manesar_Plant,DLR_04,In_Transit,2026-04-03
SHP_00717,SNSZN9JC8WB2T9AGF,Manesar_Plant,DLR_18,In_Transit,2026-04-15
SHP_00718,LYBS103X9FB4RDPZZ,Manesar_Plant,DLR_11,In_Transit,2026-04-04
SHP_00719,0139FS3M6G8P0TRMC,Manesar_Plant,DLR_05,In_Transit,2026-04-03
SHP_00720,YEHJVRDL7LCZ7P6PR,Manesar_Plant,DLR_15,In_Transit,2026-04-11
SHP_00721,XM9MED8D6U2RSWKXG,Manesar_Plant,DLR_12,In_Transit,2026-04-13
SHP_00722,7W4A4LHW7STM754WS,Manesar_Plant,DLR_02,In_Transit,2026-04-08
SHP_00723,6NT4GJXG7JJF0Z6UH,Manesar_Plant,DLR_19,In_Transit,2026-04-09
SHP_00724,E3M2MC5A1B27B1W5D,Manesar_Plant,DLR_04,In_Transit,2026-04-14
SHP_00725,A9TWCSEU363XMB78N,Manesar_Plant,DLR_14,In_Transit,2026-04-09
SHP_00726,ZKXWJ59R9N0H3T47S,Manesar_Plant,DLR_18,In_Transit,2026-04-07
SHP_00727,L6CT8WMR308MKY94B,Manesar_Plant,DLR_20,In_Transit,2026-04-09
SHP_00728,V9CUWD0J9WT7J32ML,Manesar_Plant,DLR_06,In_Transit,2026-04-03
SHP_00729,8DVTSKBB7BNSUPSNU,Manesar_Plant,DLR_04,In_Transit,2026-04-08
SHP_00730,9D1U0XWJ9Z5XV36SJ,Manesar_Plant,DLR_15,In_Transit,2026-04-04
SHP_00731,4UEWG1W21XKG159ZP,Manesar_Plant,DLR_13,In_Transit,2026-04-05
SHP_00732,H1YVECJE8NFAWGXUF,Manesar_Plant,DLR_15,In_Transit,2026-04-06
SHP_00733,6SCMMV3G0E2KGFNRT,Manesar_Plant,DLR_05,In_Transit,2026-04-13
SHP_00734,ENDAKYS88SGAAVY74,Manesar_Plant,DLR_03,In_Transit,2026-04-08
SHP_00735,AKT6A0B48C6K1C4CM,Manesar_Plant,DLR_04,In_Transit,2026-04-08
SHP_00736,B4NA3W73156WM4A6N,Manesar_Plant,DLR_07,In_Transit,2026-04-03
SHP_00737,T7CYJUH92ZD5YJH6B,Manesar_Plant,DLR_16,In_Transit,2026-04-14
SHP_00738,6HRHJETN09RD5H3L8,Manesar_Plant,DLR_05,In_Transit,2026-04-12
SHP_00739,K3D4MH6G49EY6G2NX,Manesar_Plant,DLR_06,In_Transit,2026-04-16
SHP_00740,0Z0F6TKN7HFRP12MT,Manesar_Plant,DLR_16,In_Transit,2026-04-13
SHP_00741,ZG8Z8PC133791DVBC,Manesar_Plant,DLR_07,In_Transit,2026-04-14
SHP_00742,64K2CU2S52ZW8SH9T,Manesar_Plant,DLR_13,In_Transit,2026-04-14
SHP_00743,R7UWSU5474P78PREK,Manesar_Plant,DLR_14,In_Transit,2026-04-13
SHP_00744,MMUJYNNMXLK974JPH,Manesar_Plant,DLR_02,In_Transit,2026-04-04
SHP_00745,7Z95LKEX65PA2XFTC,Manesar_Plant,DLR_15,In_Transit,2026-04-16
SHP_00746,YZG26TCF29J28XVZD,Manesar_Plant,DLR_05,In_Transit,2026-04-08
SHP_00747,MGL6DWY73700XNJCZ,Manesar_Plant,DLR_03,In_Transit,2026-04-16
SHP_00748,YDYHS58F2RR33UZNN,Manesar_Plant,DLR_15,In_Transit,2026-04-10
SHP_00749,6RFCHXYL6RT8AD5RC,Manesar_Plant,DLR_09,In_Transit,2026-04-09
SHP_00750,LCHGYG6Y0BG1MRYEG,Manesar_Plant,DLR_10,In_Transit,2026-04-05
SHP_00751,DPJ20N9K4LFKHP8LB,Manesar_Plant,DLR_15,In_Transit,2026-04-09
SHP_00752,HXV8HC1Y04NMW1JAB,Manesar_Plant,DLR_12,In_Transit,2026-04-12
SHP_00753,NNNLA99D2DRA511CB,Manesar_Plant,DLR_01,In_Transit,2026-04-04
SHP_00754,GY3C79SJ5AZZBG2P0,Manesar_Plant,DLR_09,In_Transit,2026-04-10
SHP_00755,B1T9UHPT8W36R402F,Manesar_Plant,DLR_03,In_Transit,2026-04-07
SHP_00756,6UBVJASH39EFPD3S9,Manesar_Plant,DLR_20,In_Transit,2026-04-10
SHP_00757,XKY6P0ZR4AF7WVKBF,Manesar_Plant,DLR_08,In_Transit,2026-04-15
SHP_00758,G3MJUUGJ1NM33W5UL,Manesar_Plant,DLR_02,In_Transit,2026-04-14
SHP_00759,PBCENEK53XV7KD869,Manesar_Plant,DLR_01,In_Transit,2026-04-03
SHP_00760,ELUTFUP35PPED4X0L,Manesar_Plant,DLR_01,In_Transit,2026-04-12
SHP_00761,FK1KZH4G1P1EJ326T,Manesar_Plant,DLR_01,In_Transit,2026-04-12
SHP_00762,GBR9RN0W1W6TTACGK,Manesar_Plant,DLR_14,In_Transit,2026-04-02
SHP_00763,653ESG36982VZD4H1,Manesar_Plant,DLR_14,In_Transit,2026-04-08
SHP_00764,BETZTYD99RK1266GN,Manesar_Plant,DLR_17,In_Transit,2026-04-07
SHP_00765,4CCPNRYS0LCE5TEY5,Manesar_Plant,DLR_11,In_Transit,2026-04-14
SHP_00766,J46RRGBN45ZTBMPEX,Manesar_Plant,DLR_03,In_Transit,2026-04-11
SHP_00767,F3VGJYZ6X8DCWTZXE,Manesar_Plant,DLR_09,In_Transit,2026-04-05
SHP_00768,YYMCCN2S1TXEHPM69,Manesar_Plant,DLR_09,In_Transit,2026-04-13
SHP_00769,HMBUTCP03D53WHT1M,Manesar_Plant,DLR_05,In_Transit,2026-04-08
SHP_00770,X4R9183K7CBXUJ2RE,Manesar_Plant,DLR_07,In_Transit,2026-04-16
SHP_00771,B302801C9RL3853U8,Manesar_Plant,DLR_17,In_Transit,2026-04-10
SHP_00772,HU835HUZ0555XZCYN,Manesar_Plant,DLR_20,In_Transit,2026-04-15
SHP_00773,UTMY10NZ7LYXV4K0L,Manesar_Plant,DLR_02,In_Transit,2026-04-05
SHP_00774,UGPCZPGU1DNA2HC0F,Manesar_Plant,DLR_11,In_Transit,2026-04-16
SHP_00775,JJ8ECW8088KB4KFME,Manesar_Plant,DLR_20,In_Transit,2026-04-16
SHP_00776,0S5NYU815JN2M0CMD,Manesar_Plant,DLR_07,In_Transit,2026-04-02
SHP_00777,GMFFHRHL7WL0TGLXC,Manesar_Plant,DLR_09,In_Transit,2026-04-15
SHP_00778,VE60PV2T799TXLYPD,Manesar_Plant,DLR_15,In_Transit,2026-04-04
SHP_00779,U1SVLJ211TWRS3XNZ,Manesar_Plant,DLR_11,In_Transit,2026-04-08
SHP_00780,KW3M2ZC243CK0D58S,Manesar_Plant,DLR_01,In_Transit,2026-04-07
SHP_00781,0ET9AS66XW6V7DYV1,Manesar_Plant,DLR_02,In_Transit,2026-04-11
SHP_00782,1G93DG6V4G367W1YW,Manesar_Plant,DLR_17,In_Transit,2026-04-06
SHP_00783,LVE7K2MB2HBV5KCXX,Manesar_Plant,DLR_11,In_Transit,2026-04-13
SHP_00784,70V9TR816XZNCT7A8,Manesar_Plant,DLR_12,In_Transit,2026-04-14
SHP_00785,3AZF8KS18SRKLXY3L,Manesar_Plant,DLR_07,In_Transit,2026-04-10
SHP_00786,7CJUU5JW93X2E062D,Manesar_Plant,DLR_12,In_Transit,2026-04-04
SHP_00787,13SH6ZYN33H7URCCS,Manesar_Plant,DLR_19,In_Transit,2026-04-03
SHP_00788,9Y92LZZR3AVZWH9WY,Manesar_Plant,DLR_20,In_Transit,2026-04-12
SHP_00789,YCP31SWN8JMCHRYMA,Manesar_Plant,DLR_03,In_Transit,2026-04-06
SHP_00790,X9VS9S6H1KA2S80SL,Manesar_Plant,DLR_14,In_Transit,2026-04-04
SHP_00791,3U9JAGVU2CRDLASTF,Manesar_Plant,DLR_14,In_Transit,2026-04-10
SHP_00792,ZSWPTCF15CR4FTLAM,Manesar_Plant,DLR_16,In_Transit,2026-04-10
SHP_00793,J6RJG6P379RCG6LG1,Manesar_Plant,DLR_16,In_Transit,2026-04-03
SHP_00794,T8W0CXUT81KYD84CG,Manesar_Plant,DLR_16,In_Transit,2026-04-13
SHP_00795,F4D7KFNK0AZ3DJ3B6,Manesar_Plant,DLR_19,In_Transit,2026-04-16
SHP_00796,6AVRX42R8DR07FGV8,Manesar_Plant,DLR_11,In_Transit,2026-04-02
SHP_00797,0ZRT2DRG7E4EY1SU0,Manesar_Plant,DLR_17,In_Transit,2026-04-12
SHP_00798,V7Z6NXW01LF59ZJ2R,Manesar_Plant,DLR_14,In_Transit,2026-04-08
SHP_00799,NU90J58F2PSJ8KZE4,Manesar_Plant,DLR_20,In_Transit,2026-04-02
SHP_00800,JJ7W1JK20LGVFVSA0,Manesar_Plant,DLR_17,In_Transit,2026-04-15
SHP_00801,3X9361DH9WZV3GY3X,Manesar_Plant,DLR_02,In_Transit,2026-04-05
SHP_00802,WJA311DV5V21C2D1J,Manesar_Plant,DLR_13,In_Transit,2026-04-16
SHP_00803,M9N0M2FG7RMXN5YS9,Manesar_Plant,DLR_09,In_Transit,2026-04-02
SHP_00804,SU460RD05ZZ4LULCT,Manesar_Plant,DLR_03,In_Transit,2026-04-16
SHP_00805,MXXAZ5723Z4E97940,Manesar_Plant,DLR_18,In_Transit,2026-04-06
SHP_00806,2LNJN0X0X2PE2C7N0,Manesar_Plant,DLR_02,In_Transit,2026-04-16
SHP_00807,KK5EVR4M7HBR2B356,Manesar_Plant,DLR_15,In_Transit,2026-04-10
SHP_00808,Y2GYCBDF8ENHEKZF0,Manesar_Plant,DLR_04,In_Transit,2026-04-03
SHP_00809,VAR8TLXZ0L0R0EHTR,Manesar_Plant,DLR_08,In_Transit,2026-04-03
SHP_00810,0KLRNUU63BG64LWTF,Manesar_Plant,DLR_11,In_Transit,2026-04-12
SHP_00811,AR6EF53F1UL82FRVL,Manesar_Plant,DLR_09,In_Transit,2026-04-04
SHP_00812,M8Z82WMUXXCCKFC0V,Manesar_Plant,DLR_12,In_Transit,2026-04-04
SHP_00813,BHPSPL7X5VN72FPAS,Manesar_Plant,DLR_06,In_Transit,2026-04-11
SHP_00814,0FHJR2M3XYP9D69K5,Manesar_Plant,DLR_20,In_Transit,2026-04-12
SHP_00815,J8EJWJGN7EDA7PKEZ,Manesar_Plant,DLR_11,In_Transit,2026-04-15
SHP_00816,G50T9UVNX5DKRE7MB,Manesar_Plant,DLR_12,In_Transit,2026-04-15
SHP_00817,RBUPY0MM1X6CGTTV0,Manesar_Plant,DLR_12,In_Transit,2026-04-03
SHP_00818,SM7TKPSS4NA5GDMN5,Manesar_Plant,DLR_06,In_Transit,2026-04-15
SHP_00819,AWEWA1GNXL62W9K7B,Manesar_Plant,DLR_08,In_Transit,2026-04-12
SHP_00820,VN8HJKR12XL1ENAKH,Manesar_Plant,DLR_16,In_Transit,2026-04-07
SHP_00821,G01LGRKP0DA76HHCJ,Manesar_Plant,DLR_15,In_Transit,2026-04-10
SHP_00822,CGUR5NG534KH8K3W3,Manesar_Plant,DLR_07,In_Transit,2026-04-15
SHP_00823,A1KT0DSL1AU1PXBTA,Manesar_Plant,DLR_01,In_Transit,2026-04-07
SHP_00824,PFH1BJCZ3RA9ZC0VB,Manesar_Plant,DLR_04,In_Transit,2026-04-13
SHP_00825,6F1TEFSC88GECGCA6,Manesar_Plant,DLR_12,In_Transit,2026-04-12
SHP_00826,L9KR8B3N3HJMAMJL7,Manesar_Plant,DLR_10,In_Transit,2026-04-14
SHP_00827,K19T1RUH0HDT7MS71,Manesar_Plant,DLR_17,In_Transit,2026-04-02
SHP_00828,XYUR6GF2871YYC9VK,Manesar_Plant,DLR_15,In_Transit,2026-04-07
SHP_00829,9X4R224R0NP6L4YLB,Manesar_Plant,DLR_16,In_Transit,2026-04-11
SHP_00830,ESHVTV3060VTNA9JD,Manesar_Plant,DLR_18,In_Transit,2026-04-06
SHP_00831,4885KK070NM8PKUS5,Manesar_Plant,DLR_16,In_Transit,2026-04-13
SHP_00832,R4KS63ER47PW4UNS1,Manesar_Plant,DLR_04,In_Transit,2026-04-08
SHP_00833,F4AF4JZB9KAPXJ5L4,Manesar_Plant,DLR_06,In_Transit,2026-04-13
SHP_00834,A3RZZ69X7Z9KG0XZF,Manesar_Plant,DLR_06,In_Transit,2026-04-06
SHP_00835,KSKF450X58HM9B2WZ,Manesar_Plant,DLR_07,In_Transit,2026-04-05
SHP_00836,CWN2SRZLXE5KGE01K,Manesar_Plant,DLR_13,In_Transit,2026-04-04
SHP_00837,B1LS3S1X9HU0H44WX,Manesar_Plant,DLR_14,In_Transit,2026-04-05
SHP_00838,KWFGMVAJ1YVZVFJWF,Manesar_Plant,DLR_04,In_Transit,2026-04-10
SHP_00839,LTL5L9HN0KSCS3TN3,Manesar_Plant,DLR_18,In_Transit,2026-04-13
SHP_00840,84XK7DE42FJPV59HS,Manesar_Plant,DLR_03,In_Transit,2026-04-12
SHP_00841,D2858Z6Z2V8RCUYNK,Manesar_Plant,DLR_11,In_Transit,2026-04-04
SHP_00842,1BDZ0VRK188NA03Z2,Manesar_Plant,DLR_01,In_Transit,2026-04-11
SHP_00843,RVUM1U5U033F36ANU,Manesar_Plant,DLR_16,In_Transit,2026-04-09
SHP_00844,VVKND199XEKDBE9CR,Manesar_Plant,DLR_11,In_Transit,2026-04-04
SHP_00845,9LHTD86S4K0MSN3B8,Manesar_Plant,DLR_04,In_Transit,2026-04-08
SHP_00846,PW4AXP7HXT2JRXBF2,Manesar_Plant,DLR_03,In_Transit,2026-04-04
SHP_00847,W87HZKG3XV0BJDS21,Manesar_Plant,DLR_12,In_Transit,2026-04-15
SHP_00848,9UPPH3FB53S35RXAP,Manesar_Plant,DLR_03,In_Transit,2026-04-14
SHP_00849,MZ3T5TJ18A19X2VN1,Manesar_Plant,DLR_18,In_Transit,2026-04-10
SHP_00850,EEFUP2ZEXAJBNBAWG,Manesar_Plant,DLR_11,In_Transit,2026-04-06
SHP_00851,ENYEAX7K1R03J7B20,Manesar_Plant,DLR_02,In_Transit,2026-04-05
SHP_00852,6PEF4RPH9UTWP1JC2,Manesar_Plant,DLR_13,In_Transit,2026-04-06
SHP_00853,62W0G36W4HLD1NZMW,Manesar_Plant,DLR_09,In_Transit,2026-04-09
SHP_00854,AFJKE13U6WLERK6S8,Manesar_Plant,DLR_04,In_Transit,2026-04-09
SHP_00855,7S80BWV921HBFT4VR,Manesar_Plant,DLR_06,In_Transit,2026-04-14
SHP_00856,UPB231GBX6DDZ6PMH,Manesar_Plant,DLR_03,In_Transit,2026-04-06
SHP_00857,AF9ASP5K60T2T0J7N,Manesar_Plant,DLR_05,In_Transit,2026-04-09
SHP_00858,7TVYJS0328X5P628N,Manesar_Plant,DLR_20,In_Transit,2026-04-04
SHP_00859,5PMYESFF2GEAHWHD7,Manesar_Plant,DLR_01,In_Transit,2026-04-14
SHP_00860,519KMVUF9TJT527NW,Manesar_Plant,DLR_19,In_Transit,2026-04-07
SHP_00861,4P3ESSYJ7338Z6C8W,Manesar_Plant,DLR_01,In_Transit,2026-04-04
SHP_00862,986W1N909C4K8ADNL,Manesar_Plant,DLR_10,In_Transit,2026-04-09
SHP_00863,KXETH6851YYN7G14L,Manesar_Plant,DLR_15,In_Transit,2026-04-16
SHP_00864,Y838P1N38E22V69DH,Manesar_Plant,DLR_11,In_Transit,2026-04-13
SHP_00865,LER6X9T49DFK9T22J,Manesar_Plant,DLR_13,In_Transit,2026-04-08
SHP_00866,1Y3DPG3E6733A3GBE,Manesar_Plant,DLR_14,In_Transit,2026-04-13
SHP_00867,S19TDSZU6MZZEHGD2,Manesar_Plant,DLR_15,In_Transit,2026-04-08
SHP_00868,ZXLNK55G17B69N8TE,Manesar_Plant,DLR_13,In_Transit,2026-04-04
SHP_00869,UUU7J8WT8K3AT7WF8,Manesar_Plant,DLR_03,In_Transit,2026-04-13
SHP_00870,966SFXYA87RYDNRS6,Manesar_Plant,DLR_13,In_Transit,2026-04-14
SHP_00871,BMFBE4P64S1C9LERU,Manesar_Plant,DLR_05,In_Transit,2026-04-14
SHP_00872,EE07EYBB4TSP7M5UP,Manesar_Plant,DLR_15,In_Transit,2026-04-06
SHP_00873,LCVD69158LPKHTM97,Manesar_Plant,DLR_03,In_Transit,2026-04-10
SHP_00874,JZHF7BYV6JFXDV044,Manesar_Plant,DLR_09,In_Transit,2026-04-10
SHP_00875,4LNLT9722LFJS450Y,Manesar_Plant,DLR_17,In_Transit,2026-04-12
SHP_00876,1EL2U2BV1F8VSD1YK,Manesar_Plant,DLR_05,In_Transit,2026-04-10
SHP_00877,02KEC1VZ55VY671CN,Manesar_Plant,DLR_15,In_Transit,2026-04-05
SHP_00878,F1LYHD8U724C9BM96,Manesar_Plant,DLR_12,In_Transit,2026-04-06
SHP_00879,FYH13Z0D81RSXVAU6,Manesar_Plant,DLR_03,In_Transit,2026-04-13
SHP_00880,UHT6P9JS5EW3YBKJY,Manesar_Plant,DLR_09,In_Transit,2026-04-11
SHP_00881,N560FTGK4M3Z9FSY8,Manesar_Plant,DLR_05,In_Transit,2026-04-06
SHP_00882,EMA4C36T3A6D8SA60,Manesar_Plant,DLR_08,In_Transit,2026-04-16
SHP_00883,25TAH6RX0Z3C1BXCY,Manesar_Plant,DLR_19,In_Transit,2026-04-12
SHP_00884,61PA94AV05M40M86D,Manesar_Plant,DLR_03,In_Transit,2026-04-10
SHP_00885,EC41X8U3213T7ZM03,Manesar_Plant,DLR_14,In_Transit,2026-04-08
SHP_00886,WE184A0B4VJNTGKC4,Manesar_Plant,DLR_18,In_Transit,2026-04-08
SHP_00887,8G3FBDAE8G5D8N787,Manesar_Plant,DLR_04,In_Transit,2026-04-12
SHP_00888,8K4NHBWK7E8MFN6NJ,Manesar_Plant,DLR_04,In_Transit,2026-04-12
SHP_00889,3EL4EY7H5J4RZ0BKH,Manesar_Plant,DLR_11,In_Transit,2026-04-04
SHP_00890,E2HGDT548K3SCB6UL,Manesar_Plant,DLR_07,In_Transit,2026-04-03
SHP_00891,7P3U4T429VPF4BZXD,Manesar_Plant,DLR_06,In_Transit,2026-04-08
SHP_00892,UKKSURKYXX86ND2G9,Manesar_Plant,DLR_06,In_Transit,2026-04-03
SHP_00893,B2KS58NC4E33CWW2M,Manesar_Plant,DLR_04,In_Transit,2026-04-16
SHP_00894,SNMEPF620AM186GBG,Manesar_Plant,DLR_08,In_Transit,2026-04-15
SHP_00895,P38CTF1D546EYN7LK,Manesar_Plant,DLR_14,In_Transit,2026-04-05
SHP_00896,TR71V9UB75VD2NBCY,Manesar_Plant,DLR_19,In_Transit,2026-04-10
SHP_00897,W1PSL2RX4B8S399EE,Manesar_Plant,DLR_03,In_Transit,2026-04-15
SHP_00898,EEWXG2NW69496GCGS,Manesar_Plant,DLR_02,In_Transit,2026-04-12
SHP_00899,4RESFRHV32E4RPCCL,Manesar_Plant,DLR_05,In_Transit,2026-04-13
SHP_00900,J9F66RZ97EA1JY4DT,Manesar_Plant,DLR_19,In_Transit,2026-04-07
SHP_00901,347LS0XT1G068WZRW,Manesar_Plant,DLR_13,In_Transit,2026-04-03
SHP_00902,S4XDN6EH48VVF520Y,Manesar_Plant,DLR_16,In_Transit,2026-04-11
SHP_00903,B7X529663AV2BCJVZ,Manesar_Plant,DLR_07,In_Transit,2026-04-08
SHP_00904,8XXMAYGLXGJZNBM3K,Manesar_Plant,DLR_10,In_Transit,2026-04-13
SHP_00905,8E1PEWNY8KE54V0HG,Manesar_Plant,DLR_19,In_Transit,2026-04-10
SHP_00906,WDMFHHCCXAV8YZ66E,Manesar_Plant,DLR_02,In_Transit,2026-04-04
SHP_00907,SEBXNRZYX7YFF34UP,Manesar_Plant,DLR_02,In_Transit,2026-04-04
SHP_00908,4E5SRKW28CZNZ86TT,Manesar_Plant,DLR_04,In_Transit,2026-04-16
SHP_00909,VJJ1TLY92VTS1XA66,Manesar_Plant,DLR_20,In_Transit,2026-04-07
SHP_00910,T5V8YWG69U2P9Z026,Manesar_Plant,DLR_17,In_Transit,2026-04-11
SHP_00911,26E2SAZM164K6KEMD,Manesar_Plant,DLR_05,In_Transit,2026-04-11
SHP_00912,6B9MHMEF875P80SCP,Manesar_Plant,DLR_06,In_Transit,2026-04-13
SHP_00913,4X9VYNRT0NYPYC2V9,Manesar_Plant,DLR_13,In_Transit,2026-04-11
SHP_00914,0PT74Y0Z3LTSTK8F1,Manesar_Plant,DLR_16,In_Transit,2026-04-15
SHP_00915,TSMMDGE7XTG6Y4DMM,Manesar_Plant,DLR_03,In_Transit,2026-04-16
SHP_00916,HWUJJS2G9YL5PKSHB,Manesar_Plant,DLR_06,In_Transit,2026-04-16
SHP_00917,1EDU5DFE30PE3RNZC,Manesar_Plant,DLR_10,In_Transit,2026-04-04
SHP_00918,CVDPU2FDX1HNGNSMM,Manesar_Plant,DLR_02,In_Transit,2026-04-14
SHP_00919,VFKS40EA4ZFVU59F2,Manesar_Plant,DLR_14,In_Transit,2026-04-02
SHP_00920,2D2TNAUF12DGEWT58,Manesar_Plant,DLR_05,In_Transit,2026-04-03
SHP_00921,V7ALM5DD52TBZ7EXS,Manesar_Plant,DLR_10,In_Transit,2026-04-09
SHP_00922,EWPKBKL31SHCJDEF1,Manesar_Plant,DLR_07,In_Transit,2026-04-16
SHP_00923,B6R0C68H7F04YHSAL,Manesar_Plant,DLR_16,In_Transit,2026-04-03
SHP_00924,G9V060CW1NAG42W92,Manesar_Plant,DLR_17,In_Transit,2026-04-16
SHP_00925,3C5DAH3G35A00JWVK,Manesar_Plant,DLR_05,In_Transit,2026-04-06
SHP_00926,91NM4B7M4SV7C5Z75,Manesar_Plant,DLR_14,In_Transit,2026-04-11
SHP_00927,SEVYUP341RDF7U352,Manesar_Plant,DLR_20,In_Transit,2026-04-08
SHP_00928,VKJYR2RRXH5N3WWE5,Manesar_Plant,DLR_18,In_Transit,2026-04-10
SHP_00929,GNG4BSP08UR4W8RD9,Manesar_Plant,DLR_13,In_Transit,2026-04-05
SHP_00930,2Y85NMBV1H17VC6WH,Manesar_Plant,DLR_03,In_Transit,2026-04-02
SHP_00931,SAAVXNRB77LBJ39VR,Manesar_Plant,DLR_19,In_Transit,2026-04-13
SHP_00932,0ADJWTGM7P1XB2BFA,Manesar_Plant,DLR_09,In_Transit,2026-04-16
SHP_00933,KA0KNE5X50YCTAEZE,Manesar_Plant,DLR_20,In_Transit,2026-04-16
SHP_00934,A61JL3XV8N9A2NLRX,Manesar_Plant,DLR_13,In_Transit,2026-04-10
SHP_00935,R5ZHT66K8JURY2DVG,Manesar_Plant,DLR_07,In_Transit,2026-04-09
SHP_00936,D5WEPG8T5C6E2ZPPT,Manesar_Plant,DLR_17,In_Transit,2026-04-15
SHP_00937,W2SXGCMF2YEYPVGGE,Manesar_Plant,DLR_13,In_Transit,2026-04-09
SHP_00938,3Y39G003X5Y4P6PLG,Manesar_Plant,DLR_12,In_Transit,2026-04-11
SHP_00939,7FJUZE5W6RFSTYKP2,Manesar_Plant,DLR_08,In_Transit,2026-04-09
SHP_00940,P23G0SVF6YUAM6NXD,Manesar_Plant,DLR_05,In_Transit,2026-04-06
SHP_00941,D49ZKXND52WW6GAC2,Manesar_Plant,DLR_20,In_Transit,2026-04-02
SHP_00942,YDH841KD2NTUGSNDZ,Manesar_Plant,DLR_10,In_Transit,2026-04-09
SHP_00943,GP42P3G59AN5853XU,Manesar_Plant,DLR_05,In_Transit,2026-04-09
SHP_00944,Z52TLH3S7VRJ3XH75,Manesar_Plant,DLR_01,In_Transit,2026-04-07
SHP_00945,YB7L3X296XBXJAK95,Manesar_Plant,DLR_11,In_Transit,2026-04-07
SHP_00946,5VZY4JRN9Z5HM4364,Manesar_Plant,DLR_07,In_Transit,2026-04-05
SHP_00947,TG5J0MLJ2T59SVUTK,Manesar_Plant,DLR_13,In_Transit,2026-04-12
SHP_00948,VB68TBF246R39ZHM9,Manesar_Plant,DLR_07,In_Transit,2026-04-13
SHP_00949,FVJTPU3S72U7Z02T4,Manesar_Plant,DLR_17,In_Transit,2026-04-09
SHP_00950,P4Y8KEV39TSC7UV7P,Manesar_Plant,DLR_15,In_Transit,2026-04-15
SHP_00951,KZ6DFRGV75RCU9HGG,Manesar_Plant,DLR_20,In_Transit,2026-04-16
SHP_00952,LPZUEM8V00VNRV4GK,Manesar_Plant,DLR_06,In_Transit,2026-04-11
SHP_00953,JS2N4ZCL1DDLLBCWJ,Manesar_Plant,DLR_07,In_Transit,2026-04-03
SHP_00954,G2FWHWRD174D86SLW,Manesar_Plant,DLR_16,In_Transit,2026-04-10
SHP_00955,ULXLSN772ND76E4TJ,Manesar_Plant,DLR_08,In_Transit,2026-04-16
SHP_00956,H80RNAC81LB97LKDC,Manesar_Plant,DLR_20,In_Transit,2026-04-13
SHP_00957,Z2NPLP2R4P38TLT14,Manesar_Plant,DLR_16,In_Transit,2026-04-02
SHP_00958,1GGB8HCX7ZNPAX2VH,Manesar_Plant,DLR_10,In_Transit,2026-04-06
SHP_00959,97CMJE2SX9BCJKFZD,Manesar_Plant,DLR_11,In_Transit,2026-04-15
SHP_00960,474AV716091W71UKH,Manesar_Plant,DLR_04,In_Transit,2026-04-02
SHP_00961,DWL6S1YP4AHFCY0MR,Manesar_Plant,DLR_14,In_Transit,2026-04-05
SHP_00962,PJT6M7YX71251TJGD,Manesar_Plant,DLR_08,In_Transit,2026-04-09
SHP_00963,Y9Z9X2R71DZAESDBK,Manesar_Plant,DLR_01,In_Transit,2026-04-10
SHP_00964,X40NUT5V6491U0EJJ,Manesar_Plant,DLR_17,In_Transit,2026-04-05
SHP_00965,R98U4Z4D2N8S70X3F,Manesar_Plant,DLR_07,In_Transit,2026-04-10
SHP_00966,43PU765B5KNFDT05W,Manesar_Plant,DLR_10,In_Transit,2026-04-09
SHP_00967,DCRZZK340TH56GPAH,Manesar_Plant,DLR_02,In_Transit,2026-04-02
SHP_00968,C8ETEHWA17HGJLMF4,Manesar_Plant,DLR_13,In_Transit,2026-04-14
SHP_00969,T4CJ1EFL3VS9XNKZS,Manesar_Plant,DLR_03,In_Transit,2026-04-04
SHP_00970,DC2695VSXB9PXEK3Z,Manesar_Plant,DLR_18,In_Transit,2026-04-13
SHP_00971,8C2F12A44HYGPYEMN,Manesar_Plant,DLR_15,In_Transit,2026-04-13
SHP_00972,97NTL0KG9K3WDST85,Manesar_Plant,DLR_10,In_Transit,2026-04-06
SHP_00973,4GHFFR698DD0G6Z33,Manesar_Plant,DLR_01,In_Transit,2026-04-13
SHP_00974,5DX29TPL2N0G6R4ZS,Manesar_Plant,DLR_02,In_Transit,2026-04-06
SHP_00975,J4CXXBR299ZE6MHU0,Manesar_Plant,DLR_10,In_Transit,2026-04-13
SHP_00976,ERKKVB8W1L5L0G52N,Manesar_Plant,DLR_12,In_Transit,2026-04-06
SHP_00977,J895EJBH0HWJL8YC4,Manesar_Plant,DLR_07,In_Transit,2026-04-08
SHP_00978,V8TM9RYW57AW12X33,Manesar_Plant,DLR_13,In_Transit,2026-04-06
SHP_00979,2SEPBN3L4NB74SUN8,Manesar_Plant,DLR_06,In_Transit,2026-04-14
SHP_00980,EB6JMF4MXRK7MPD2A,Manesar_Plant,DLR_01,In_Transit,2026-04-05
SHP_00981,6DRMCF4L8VNMP2CAL,Manesar_Plant,DLR_04,In_Transit,2026-04-09
SHP_00982,FRPW7YUU148ADUGFY,Manesar_Plant,DLR_08,In_Transit,2026-04-05
SHP_00983,BAY9BHRM5ZAX1TMSG,Manesar_Plant,DLR_06,In_Transit,2026-04-04
SHP_00984,5K3FNLLN21E6DUVBC,Manesar_Plant,DLR_04,In_Transit,2026-04-15
SHP_00985,WNGP7ZUM1J257325H,Manesar_Plant,DLR_05,In_Transit,2026-04-06
SHP_00986,7WCJ7ZNR2MFJRLVFF,Manesar_Plant,DLR_10,In_Transit,2026-04-02
SHP_00987,M23XJ83KXBG4YHSBH,Manesar_Plant,DLR_06,In_Transit,2026-04-09
SHP_00988,SE9EEJG16SPDW3J3S,Manesar_Plant,DLR_11,In_Transit,2026-04-07
SHP_00989,8AC7GYPZ4W71P1S5N,Manesar_Plant,DLR_02,In_Transit,2026-04-03
SHP_00990,YVM5ZDP00G3JRC3LA,Manesar_Plant,DLR_09,In_Transit,2026-04-07
SHP_00991,70ST07330G830R4J0,Manesar_Plant,DLR_20,In_Transit,2026-04-09
SHP_00992,DZ1BFEYW6GXDF6EGN,Manesar_Plant,DLR_01,In_Transit,2026-04-04
SHP_00993,VFV51NVA8VMY33SBK,Manesar_Plant,DLR_14,In_Transit,2026-04-09
SHP_00994,41JND3RRX3HXYAH4V,Manesar_Plant,DLR_14,In_Transit,2026-04-13
SHP_00995,N7ELSUU884SBM8103,Manesar_Plant,DLR_03,In_Transit,2026-04-10
SHP_00996,R153BCDU8T7C22ZZK,Manesar_Plant,DLR_14,In_Transit,2026-04-04
SHP_00997,7EDHYDB42RY1FGKZ9,Manesar_Plant,DLR_16,In_Transit,2026-04-10
SHP_00998,X1BAGXRV30FYY4C5X,Manesar_Plant,DLR_03,In_Transit,2026-04-12
SHP_00999,0MGKW1A2X1D1P7AJA,Manesar_Plant,DLR_10,In_Transit,2026-04-13
SHP_01000,F37UVPF94ERRTKVKJ,Manesar_Plant,DLR_02,In_Transit,2026-04-14
SHP_01001,ASTB1GFM8K23018RS,Manesar_Plant,DLR_16,In_Transit,2026-04-02
SHP_01002,DT0AA6PWX6VR1W4KK,Manesar_Plant,DLR_19,In_Transit,2026-04-02
SHP_01003,EC0T3ETT994G1FB5W,Manesar_Plant,DLR_17,In_Transit,2026-04-04
SHP_01004,VFJRGMTR1TE755C1M,Manesar_Plant,DLR_14,In_Transit,2026-04-03
SHP_01005,V2FK7DMU2464K4SVE,Manesar_Plant,DLR_10,In_Transit,2026-04-09
SHP_01006,4GW22ZGJ2P0EN3YRN,Manesar_Plant,DLR_17,In_Transit,2026-04-12
SHP_01007,E2BJY9WSXUKHX8N0F,Manesar_Plant,DLR_20,In_Transit,2026-04-05
SHP_01008,CHU4FJT1XRWUAPYHZ,Manesar_Plant,DLR_07,In_Transit,2026-04-06
SHP_01009,AH6GUZ6K3D2W7BJMH,Manesar_Plant,DLR_11,In_Transit,2026-04-09
SHP_01010,TL5TX0KUX2Y5WZBVF,Manesar_Plant,DLR_04,In_Transit,2026-04-03
SHP_01011,04K169TF8M1BBCP83,Manesar_Plant,DLR_01,In_Transit,2026-04-09
SHP_01012,TU359L3U4AS8E6DZM,Manesar_Plant,DLR_04,In_Transit,2026-04-12
SHP_01013,6PLN9JX71FJ0NYYUJ,Manesar_Plant,DLR_19,In_Transit,2026-04-15
SHP_01014,3XN3JSWP6M4BPSK9W,Manesar_Plant,DLR_11,In_Transit,2026-04-06
SHP_01015,FU6L3J6N6CDGYSZNG,Manesar_Plant,DLR_07,In_Transit,2026-04-06
SHP_01016,PPS07BGG909KK6MMG,Manesar_Plant,DLR_10,In_Transit,2026-04-12
SHP_01017,PMLTGHMP38HJ0X8DZ,Manesar_Plant,DLR_03,In_Transit,2026-04-03
SHP_01018,VELYDVYJX8ZXDRLNK,Manesar_Plant,DLR_04,In_Transit,2026-04-15
SHP_01019,1RCJNLTB4SX2F8VHE,Manesar_Plant,DLR_12,In_Transit,2026-04-02
SHP_01020,X0L5DW0U22WEFDFAU,Manesar_Plant,DLR_16,In_Transit,2026-04-16
SHP_01021,8DT7RXPJ48A5SN9CN,Manesar_Plant,DLR_03,In_Transit,2026-04-15
SHP_01022,LE6CX1RA4ZZFAPYPD,Manesar_Plant,DLR_04,In_Transit,2026-04-16
SHP_01023,T81XTZ002M3J1JDF8,Manesar_Plant,DLR_13,In_Transit,2026-04-11
SHP_01024,F15FTUAD0KSDG7A6N,Manesar_Plant,DLR_06,In_Transit,2026-04-15
SHP_01025,UL6ZVFBH9DXTPF24V,Manesar_Plant,DLR_20,In_Transit,2026-04-02
SHP_01026,CY5FYXWK4696DXPW6,Manesar_Plant,DLR_01,In_Transit,2026-04-13
SHP_01027,WA4Y9JYP87XUT6CAH,Manesar_Plant,DLR_01,In_Transit,2026-04-13
SHP_01028,FFVTUZA67CNBGAG09,Manesar_Plant,DLR_06,In_Transit,2026-04-07
SHP_01029,MEKB8FWSX80PURS4G,Manesar_Plant,DLR_14,In_Transit,2026-04-02
SHP_01030,1YZSLB7Z239JCGF44,Manesar_Plant,DLR_07,In_Transit,2026-04-13
SHP_01031,GG0X7UFW4EVXA247Y,Manesar_Plant,DLR_13,In_Transit,2026-04-04
SHP_01032,S6U256KR7ST81ZTNP,Manesar_Plant,DLR_12,In_Transit,2026-04-07
SHP_01033,EZ2ZBRM45GEU03G4Y,Manesar_Plant,DLR_09,In_Transit,2026-04-16
SHP_01034,WWUCTLMN0TBH06YXC,Manesar_Plant,DLR_07,In_Transit,2026-04-12
SHP_01035,T8PB5FK091PC79E3R,Manesar_Plant,DLR_16,In_Transit,2026-04-15
SHP_01036,WW5X5AL10DWC7270C,Manesar_Plant,DLR_06,In_Transit,2026-04-07
SHP_01037,1DEKT8WY3MSNA96BH,Manesar_Plant,DLR_13,In_Transit,2026-04-06
SHP_01038,UK3VV1BK0HW714BH0,Manesar_Plant,DLR_03,In_Transit,2026-04-15
SHP_01039,W2JV3TGC09WGCSCP5,Manesar_Plant,DLR_10,In_Transit,2026-04-09
SHP_01040,BSAXGXB17N28T6ND3,Manesar_Plant,DLR_15,In_Transit,2026-04-10
SHP_01041,CHJUPXDR7TP1Z30GP,Manesar_Plant,DLR_04,In_Transit,2026-04-07
SHP_01042,0CT1GGGN52HU7220D,Manesar_Plant,DLR_12,In_Transit,2026-04-08
SHP_01043,90K17FA579Y23HAGZ,Manesar_Plant,DLR_04,In_Transit,2026-04-14
SHP_01044,PD9A69R08SF13SPHT,Manesar_Plant,DLR_08,In_Transit,2026-04-13
SHP_01045,YXCN2D3N0G2ET2JJS,Manesar_Plant,DLR_13,In_Transit,2026-04-12
SHP_01046,Y49924A8146ZLXB79,Manesar_Plant,DLR_19,In_Transit,2026-04-06
SHP_01047,Y72BD13T2KSU7T4XD,Manesar_Plant,DLR_15,In_Transit,2026-04-05
SHP_01048,9F03RJ3V0ZJENFH31,Manesar_Plant,DLR_17,In_Transit,2026-04-11
SHP_01049,P2LAH5RU3KXY7F1V1,Manesar_Plant,DLR_02,In_Transit,2026-04-07
SHP_01050,UZ8Z0T8V6FLFMZLMX,Manesar_Plant,DLR_07,In_Transit,2026-04-03
SHP_01051,WU3FJHKV9B4NNRGVZ,Manesar_Plant,DLR_07,In_Transit,2026-04-03
SHP_01052,96Z0KUYTX9R16UFVY,Manesar_Plant,DLR_05,In_Transit,2026-04-15
SHP_01053,S1D5RK696AZSRE19X,Manesar_Plant,DLR_13,In_Transit,2026-04-14
SHP_01054,KEXPDW48XAT559NDP,Manesar_Plant,DLR_04,In_Transit,2026-04-12
SHP_01055,1B7Z3FHX2HUM1E1D8,Manesar_Plant,DLR_10,In_Transit,2026-04-08
SHP_01056,S6SBBHGB5V2K7EW8V,Manesar_Plant,DLR_14,In_Transit,2026-04-14
SHP_01057,SN4JKVMR9V1ESPDXV,Manesar_Plant,DLR_10,In_Transit,2026-04-10
SHP_01058,0EXJRTLS6D9M5CBG3,Manesar_Plant,DLR_08,In_Transit,2026-04-06
SHP_01059,XAP6B8BT3EA55L79E,Manesar_Plant,DLR_04,In_Transit,2026-04-04
SHP_01060,N8Y2T99901DVGHTW3,Manesar_Plant,DLR_10,In_Transit,2026-04-16
SHP_01061,GZFGKN6632GHNH0UW,Manesar_Plant,DLR_09,In_Transit,2026-04-10
SHP_01062,GB533A0VXZS1MRJEW,Manesar_Plant,DLR_11,In_Transit,2026-04-13
SHP_01063,AV8328MV38XXX30ZU,Manesar_Plant,DLR_07,In_Transit,2026-04-10
SHP_01064,J7EEZ1UW3A6AETHLM,Manesar_Plant,DLR_05,In_Transit,2026-04-13
SHP_01065,GC0UH4VA8MAC662HG,Manesar_Plant,DLR_13,In_Transit,2026-04-07
SHP_01066,H0L3L80EXJBVTH4XJ,Manesar_Plant,DLR_01,In_Transit,2026-04-16
SHP_01067,S3H6Z7CD85SSG2RC7,Manesar_Plant,DLR_05,In_Transit,2026-04-04
SHP_01068,T82JCDY70ECLDK2KZ,Manesar_Plant,DLR_15,In_Transit,2026-04-07
SHP_01069,G981ZRP32VX8EMJSF,Manesar_Plant,DLR_17,In_Transit,2026-04-09
SHP_01070,WEE7EUTU3A6L7D9LE,Manesar_Plant,DLR_09,In_Transit,2026-04-13
SHP_01071,SGNH35HM07ZRU8ZR9,Manesar_Plant,DLR_12,In_Transit,2026-04-02
SHP_01072,RU4J5AXJ1EYNJ76PJ,Manesar_Plant,DLR_11,In_Transit,2026-04-14
SHP_01073,MKMTEEBG12W0JC4VD,Manesar_Plant,DLR_12,In_Transit,2026-04-03
SHP_01074,8C526B5F9846WZ8HR,Manesar_Plant,DLR_10,In_Transit,2026-04-08
SHP_01075,L402XNZR8UN1RGMD1,Manesar_Plant,DLR_18,In_Transit,2026-04-13
SHP_01076,77WZATK35AXZP2CB7,Manesar_Plant,DLR_14,In_Transit,2026-04-16
SHP_01077,U3ZJ4WJF3KUHU5VS5,Manesar_Plant,DLR_11,In_Transit,2026-04-06
SHP_01078,PHCBH0H39B9XLG8A2,Manesar_Plant,DLR_13,In_Transit,2026-04-06
SHP_01079,DBN52VFKXAES27EX0,Manesar_Plant,DLR_19,In_Transit,2026-04-14
SHP_01080,T7WN8C5C2DBXMH9CC,Manesar_Plant,DLR_11,In_Transit,2026-04-16
SHP_01081,09S2FRT06YM2VLECJ,Manesar_Plant,DLR_20,In_Transit,2026-04-14
SHP_01082,PGFKLKK03TD6DEUCR,Manesar_Plant,DLR_18,In_Transit,2026-04-02
SHP_01083,7HF6UJEW8ZZ6UHSFC,Manesar_Plant,DLR_03,In_Transit,2026-04-11
SHP_01084,290NVY6B3D382Z23Z,Manesar_Plant,DLR_11,In_Transit,2026-04-05
SHP_01085,H0JW88442YMYSERTZ,Manesar_Plant,DLR_13,In_Transit,2026-04-07
SHP_01086,L6G57Z72729NG54U8,Manesar_Plant,DLR_17,In_Transit,2026-04-02
SHP_01087,BW0S8T063GAGCMCBE,Manesar_Plant,DLR_12,In_Transit,2026-04-03
SHP_01088,HW7JS9XB9FWJC6X9B,Manesar_Plant,DLR_03,In_Transit,2026-04-10
SHP_01089,EXDS7VFA0PZJSWXZA,Manesar_Plant,DLR_06,In_Transit,2026-04-05
SHP_01090,SWGUT9L4X9Z53CJDM,Manesar_Plant,DLR_13,In_Transit,2026-04-08
SHP_01091,S44RRJ726SE7BR4GB,Manesar_Plant,DLR_01,In_Transit,2026-04-16
SHP_01092,XPY30AKS79W82E5FX,Manesar_Plant,DLR_15,In_Transit,2026-04-13
SHP_01093,DPV95LL200CXKML29,Manesar_Plant,DLR_06,In_Transit,2026-04-15
SHP_01094,HU1DJ36T282P72WKT,Manesar_Plant,DLR_10,In_Transit,2026-04-08
SHP_01095,78FWU6SK1MUFUFWU8,Manesar_Plant,DLR_13,In_Transit,2026-04-12
SHP_01096,L6LMN1UT4TDSYB5DT,Manesar_Plant,DLR_03,In_Transit,2026-04-04
SHP_01097,ESLJ9JGZ1DVUR4XT3,Manesar_Plant,DLR_14,In_Transit,2026-04-10
SHP_01098,NAFTUPHZ5XGKNDANJ,Manesar_Plant,DLR_08,In_Transit,2026-04-08
SHP_01099,TPSNGZ211LM1ZK9EB,Manesar_Plant,DLR_20,In_Transit,2026-04-09
SHP_01100,NLKVN6KS65NKCHGAV,Manesar_Plant,DLR_13,In_Transit,2026-04-11
SHP_01101,U86V99UH8BU829EJL,Manesar_Plant,DLR_12,In_Transit,2026-04-15
SHP_01102,M0WGGA5P1MCPGED0A,Manesar_Plant,DLR_02,In_Transit,2026-04-03
SHP_01103,2CK820J83UJMK0K43,Manesar_Plant,DLR_08,In_Transit,2026-04-05
SHP_01104,6G05N3LY75YC73TEZ,Manesar_Plant,DLR_13,In_Transit,2026-04-16
SHP_01105,NLMLKRGR5DJ8ZULXN,Manesar_Plant,DLR_11,In_Transit,2026-04-08
SHP_01106,VNR16KZPXAJUUFSJ0,Manesar_Plant,DLR_13,In_Transit,2026-04-11
SHP_01107,S8FN9B6F14LC3BWRW,Manesar_Plant,DLR_14,In_Transit,2026-04-13
SHP_01108,EUMFMFM58N40TYUUH,Manesar_Plant,DLR_04,In_Transit,2026-04-05
SHP_01109,SNR12MY95V867MKS2,Manesar_Plant,DLR_01,In_Transit,2026-04-04
SHP_01110,EYU3STVJ48L5FAUZJ,Manesar_Plant,DLR_17,In_Transit,2026-04-06
SHP_01111,N0PYH8369T2MV5RHU,Manesar_Plant,DLR_08,In_Transit,2026-04-05
SHP_01112,CTJLRUDA9JL8MU570,Manesar_Plant,DLR_07,In_Transit,2026-04-08
SHP_01113,2FMGEZ7W3U6JL5L47,Manesar_Plant,DLR_16,In_Transit,2026-04-06
SHP_01114,D1R2FWP305539GZJ3,Manesar_Plant,DLR_10,In_Transit,2026-04-11
SHP_01115,R7D2YU6HX6G7V7412,Manesar_Plant,DLR_03,In_Transit,2026-04-05
SHP_01116,LVJM51HP6JGPKS4R9,Manesar_Plant,DLR_11,In_Transit,2026-04-05
SHP_01117,YM3YB1UM7VPP747BG,Manesar_Plant,DLR_14,In_Transit,2026-04-05
SHP_01118,CNANTS9N34A0XN1K7,Manesar_Plant,DLR_04,In_Transit,2026-04-12
SHP_01119,HSL502YB5WDZ1R5S6,Manesar_Plant,DLR_17,In_Transit,2026-04-04
SHP_01120,Z9PM2UFW144GLJC6K,Manesar_Plant,DLR_09,In_Transit,2026-04-07
SHP_01121,V95461KC1FMX5NV82,Manesar_Plant,DLR_20,In_Transit,2026-04-08
SHP_01122,9446V1XJ0UB6RBHCZ,Manesar_Plant,DLR_20,In_Transit,2026-04-04
SHP_01123,4U3U7XMR12EDZUEPC,Manesar_Plant,DLR_01,In_Transit,2026-04-13
SHP_01124,GKBMRZ564X9MXGJ13,Manesar_Plant,DLR_05,In_Transit,2026-04-14
SHP_01125,SUCK7TPY8C5T4RBBU,Manesar_Plant,DLR_12,In_Transit,2026-04-07
SHP_01126,NA5MWLLR0DN4ZC8F1,Manesar_Plant,DLR_04,In_Transit,2026-04-16
SHP_01127,P1LBM0LC0JX49RK75,Manesar_Plant,DLR_16,In_Transit,2026-04-02
SHP_01128,ZHCT66052B96A1VLC,Manesar_Plant,DLR_04,In_Transit,2026-04-15
SHP_01129,B9V47SP67P956B9FC,Manesar_Plant,DLR_18,In_Transit,2026-04-09
SHP_01130,S80C6FJW1SW04SL79,Manesar_Plant,DLR_15,In_Transit,2026-04-12
SHP_01131,2SLD3BS049XNVMGBE,Manesar_Plant,DLR_16,In_Transit,2026-04-14
SHP_01132,GEWWWF2F6GMMNHGZF,Manesar_Plant,DLR_06,In_Transit,2026-04-15
SHP_01133,1JZN4MG15HTYKK677,Manesar_Plant,DLR_15,In_Transit,2026-04-04
SHP_01134,RXDTFPD972GHSABCJ,Manesar_Plant,DLR_06,In_Transit,2026-04-13
SHP_01135,C0RZYTRL6BV3KLJH6,Manesar_Plant,DLR_18,In_Transit,2026-04-12
SHP_01136,S7D7CLNG3UUUTZTU1,Manesar_Plant,DLR_04,In_Transit,2026-04-04
SHP_01137,K68ZFFFN5MZW79BWB,Manesar_Plant,DLR_04,In_Transit,2026-04-04
SHP_01138,KTT5SGJ50BJ8M8EH6,Manesar_Plant,DLR_02,In_Transit,2026-04-09
SHP_01139,9NMKR5UC2JV1ZT09Y,Manesar_Plant,DLR_18,In_Transit,2026-04-10
SHP_01140,G320ZTTW76NCL7YKM,Manesar_Plant,DLR_05,In_Transit,2026-04-09
SHP_01141,P4FWUA5K7D3YCM4EU,Manesar_Plant,DLR_03,In_Transit,2026-04-16
SHP_01142,VTDR1J8C1AP8K09HN,Manesar_Plant,DLR_18,In_Transit,2026-04-11
SHP_01143,2GP3HB1B7Y9R1GZD1,Manesar_Plant,DLR_11,In_Transit,2026-04-11
SHP_01144,639X7EXJ4C39HLLCE,Manesar_Plant,DLR_07,In_Transit,2026-04-08
SHP_01145,T8H7G72K7UYK8DLF5,Manesar_Plant,DLR_13,In_Transit,2026-04-13
SHP_01146,GFA9F1N3X7PXZPZUL,Manesar_Plant,DLR_07,In_Transit,2026-04-16
SHP_01147,JCZDZETP3JJ7B03WC,Manesar_Plant,DLR_10,In_Transit,2026-04-09
SHP_01148,NXEGN3EJ7DJ11KEB4,Manesar_Plant,DLR_11,In_Transit,2026-04-04
SHP_01149,0L7ESPGX87NA29YHJ,Manesar_Plant,DLR_02,In_Transit,2026-04-07
SHP_01150,Y9DR5DGX0TX5XG3XE,Manesar_Plant,DLR_07,In_Transit,2026-04-08
SHP_01151,JLZTC2LD5379HDHUX,Manesar_Plant,DLR_07,In_Transit,2026-04-13
SHP_01152,P4MJXERE3FV44FUJA,Manesar_Plant,DLR_19,In_Transit,2026-04-13
SHP_01153,EF2PNSXHX18U7FTAJ,Manesar_Plant,DLR_02,In_Transit,2026-04-16
SHP_01154,D97R85VHXDTDSX690,Manesar_Plant,DLR_12,In_Transit,2026-04-09
SHP_01155,5XUCM9EA50BSNVY0H,Manesar_Plant,DLR_19,In_Transit,2026-04-05
SHP_01156,FJZPJXAW738MZGFH2,Manesar_Plant,DLR_18,In_Transit,2026-04-15
SHP_01157,B0CS657Z5G0G32KJU,Manesar_Plant,DLR_20,In_Transit,2026-04-14
SHP_01158,H2RHF5TCX8AF8UK1A,Manesar_Plant,DLR_20,In_Transit,2026-04-02
SHP_01159,KLA9TCCL2L5NS63Z2,Manesar_Plant,DLR_18,In_Transit,2026-04-07
SHP_01160,1RCH4VN26RJ24S8VL,Manesar_Plant,DLR_12,In_Transit,2026-04-03
SHP_01161,BGE0534B0TU14ZJY2,Manesar_Plant,DLR_19,In_Transit,2026-04-16
SHP_01162,SDVLNNAG7GY7EJ799,Manesar_Plant,DLR_16,In_Transit,2026-04-16
SHP_01163,22GR0GH83ZCBTAT6K,Manesar_Plant,DLR_10,In_Transit,2026-04-02
SHP_01164,JHDSAVNP5P3TGGKGF,Manesar_Plant,DLR_09,In_Transit,2026-04-08
SHP_01165,7LCBSW2545A4U7CVS,Manesar_Plant,DLR_14,In_Transit,2026-04-04
SHP_01166,TK35Y6RA43W8XEB6T,Manesar_Plant,DLR_08,In_Transit,2026-04-16
SHP_01167,BBYCC4DT8Z1U3SW6Z,Manesar_Plant,DLR_16,In_Transit,2026-04-07
SHP_01168,17GV9WSA0MLBLCT5S,Manesar_Plant,DLR_14,In_Transit,2026-04-04
SHP_01169,13RLWKL4XXADDF497,Manesar_Plant,DLR_19,In_Transit,2026-04-06
SHP_01170,3PUZDEV56DWZXGU9F,Manesar_Plant,DLR_11,In_Transit,2026-04-02
SHP_01171,21GW7X4WXYZWA2296,Manesar_Plant,DLR_19,In_Transit,2026-04-02
SHP_01172,Y7SDY4WR0GENG81Y0,Manesar_Plant,DLR_09,In_Transit,2026-04-05
SHP_01173,K5CY64FW6752GWFAA,Manesar_Plant,DLR_05,In_Transit,2026-04-16
SHP_01174,E2Z2Z49X5ZAKH61DH,Manesar_Plant,DLR_02,In_Transit,2026-04-15
SHP_01175,FYKWA58M7PTHJAT42,Manesar_Plant,DLR_18,In_Transit,2026-04-09
SHP_01176,A46Z1WUA5YMDUPRA7,Manesar_Plant,DLR_10,In_Transit,2026-04-02
SHP_01177,TGJS01R585BM6NWUX,Manesar_Plant,DLR_11,In_Transit,2026-04-11
SHP_01178,4DBE6N7E7G2X723MN,Manesar_Plant,DLR_07,In_Transit,2026-04-03
SHP_01179,JLEE9VSB555AB94W2,Manesar_Plant,DLR_13,In_Transit,2026-04-14
SHP_01180,SE76YFJ354FHCRTG2,Manesar_Plant,DLR_02,In_Transit,2026-04-15
SHP_01181,8S9M8WYX838R635EM,Manesar_Plant,DLR_18,In_Transit,2026-04-02
SHP_01182,815F4FJ068L0SNWPA,Manesar_Plant,DLR_12,In_Transit,2026-04-05
SHP_01183,ZWYX4V6G5CA75FT7A,Manesar_Plant,DLR_01,In_Transit,2026-04-06
SHP_01184,64K4EY7M5VKBXBCSL,Manesar_Plant,DLR_15,In_Transit,2026-04-12
SHP_01185,BJSTUZG61S69K33GM,Manesar_Plant,DLR_18,In_Transit,2026-04-05
SHP_01186,BWL4CSAT6RRBWBL6A,Manesar_Plant,DLR_05,In_Transit,2026-04-15
SHP_01187,4CZ4KVE62LTTMWFHS,Manesar_Plant,DLR_10,In_Transit,2026-04-10
SHP_01188,XD6XDNJY94YNTHE68,Manesar_Plant,DLR_14,In_Transit,2026-04-05
SHP_01189,SMJYZSPP59C0GBL1J,Manesar_Plant,DLR_14,In_Transit,2026-04-07
SHP_01190,6NB8K18U1WVJ3NL6N,Manesar_Plant,DLR_18,In_Transit,2026-04-06
SHP_01191,PHDXR71A1XP971JCG,Manesar_Plant,DLR_20,In_Transit,2026-04-09
SHP_01192,8R517HYD4B8WT0ZD3,Manesar_Plant,DLR_13,In_Transit,2026-04-09
SHP_01193,XH0L9LE39AA0H2WYK,Manesar_Plant,DLR_13,In_Transit,2026-04-08
SHP_01194,JETB6Y3SXDY54HBL6,Manesar_Plant,DLR_13,In_Transit,2026-04-06
SHP_01195,NUVN8CCP7FGDVK15N,Manesar_Plant,DLR_10,In_Transit,2026-04-05
SHP_01196,YRE3UYHMX84W8HWHE,Manesar_Plant,DLR_04,In_Transit,2026-04-09
SHP_01197,SF297JTS3XBCYS9B8,Manesar_Plant,DLR_02,In_Transit,2026-04-08
SHP_01198,04VB8GMP0K3FVM5KK,Manesar_Plant,DLR_01,In_Transit,2026-04-11
SHP_01199,NEA9XKWJ46UNW5D61,Manesar_Plant,DLR_09,In_Transit,2026-04-10
SHP_01200,TGJNS0KK9MGG98A1Y,Manesar_Plant,DLR_02,In_Transit,2026-04-03
SHP_01201,E4S93VYY0UGV06SVF,Manesar_Plant,DLR_16,In_Transit,2026-04-11
SHP_01202,4ZDPJVT69ETUAWXR0,Manesar_Plant,DLR_20,In_Transit,2026-04-15
SHP_01203,JL7N23N986HHM4EFF,Manesar_Plant,DLR_16,In_Transit,2026-04-07
SHP_01204,W9BYWU3X1HCD856RT,Manesar_Plant,DLR_10,In_Transit,2026-04-16
SHP_01205,VF93L7NP6LL4XDYGN,Manesar_Plant,DLR_04,In_Transit,2026-04-05
SHP_01206,UZW19J234YC7ZSKW0,Manesar_Plant,DLR_05,In_Transit,2026-04-16
SHP_01207,3W8LLDER1PX0XFS9L,Manesar_Plant,DLR_11,In_Transit,2026-04-05
SHP_01208,DMKPF8PJX22AHUX7G,Manesar_Plant,DLR_08,In_Transit,2026-04-02
SHP_01209,3PY85YYG6A959CWTP,Manesar_Plant,DLR_20,In_Transit,2026-04-07
SHP_01210,1ENE76DS530M0TS0U,Manesar_Plant,DLR_15,In_Transit,2026-04-04
SHP_01211,60CMHC0R2Y84BE2DK,Manesar_Plant,DLR_08,In_Transit,2026-04-08
SHP_01212,P0J09S4E0K32804A6,Manesar_Plant,DLR_12,In_Transit,2026-04-02
SHP_01213,UFXVN77T20WS3U9VN,Manesar_Plant,DLR_20,In_Transit,2026-04-12
SHP_01214,TYXLL8WAXG9788UVZ,Manesar_Plant,DLR_05,In_Transit,2026-04-03
SHP_01215,VFBAYFW17AP2SUSKU,Manesar_Plant,DLR_07,In_Transit,2026-04-03
SHP_01216,6SVCWU8ZXCYRVPBUC,Manesar_Plant,DLR_17,In_Transit,2026-04-05
SHP_01217,V9RW7PSJ5G9TGH18L,Manesar_Plant,DLR_10,In_Transit,2026-04-15
SHP_01218,2R1FA68H2F0UN10H1,Manesar_Plant,DLR_13,In_Transit,2026-04-08
SHP_01219,5K6N461J9CZB3WA9U,Manesar_Plant,DLR_04,In_Transit,2026-04-10
SHP_01220,MBG6AY1ZXW4E3WYLA,Manesar_Plant,DLR_05,In_Transit,2026-04-05
SHP_01221,S7EK8WVS8U7A0W92K,Manesar_Plant,DLR_01,In_Transit,2026-04-10
SHP_01222,7CDGA8DJ2LRDXB7MM,Manesar_Plant,DLR_03,In_Transit,2026-04-15
SHP_01223,93A15XX77D73GKM02,Manesar_Plant,DLR_11,In_Transit,2026-04-05
SHP_01224,6YA0JN8GXDBHAZN6Y,Manesar_Plant,DLR_08,In_Transit,2026-04-09
SHP_01225,B0NTHBS7X9X9SJV4L,Manesar_Plant,DLR_15,In_Transit,2026-04-09
SHP_01226,BL7T1HX38ZNW71BRS,Manesar_Plant,DLR_09,In_Transit,2026-04-06
SHP_01227,83WMBB124L1LYC3R5,Manesar_Plant,DLR_16,In_Transit,2026-04-08
SHP_01228,8DCSZFJY1VCUJ6TNX,Manesar_Plant,DLR_10,In_Transit,2026-04-08
SHP_01229,KSKG6MY179WPJ672H,Manesar_Plant,DLR_04,In_Transit,2026-04-12
SHP_01230,CKZAYG2HX6EDZGBMZ,Manesar_Plant,DLR_11,In_Transit,2026-04-11
SHP_01231,P6CFWN2E7K10RGM7W,Manesar_Plant,DLR_15,In_Transit,2026-04-10
SHP_01232,X5TNCFP85KNGVSHUR,Manesar_Plant,DLR_04,In_Transit,2026-04-14
SHP_01233,3ATFTJUF35CT30UMJ,Manesar_Plant,DLR_08,In_Transit,2026-04-12
SHP_01234,UMDLD6GA5TJ1SF5A8,Manesar_Plant,DLR_15,In_Transit,2026-04-11
SHP_01235,4942GR0NXM0MX6G6W,Manesar_Plant,DLR_12,In_Transit,2026-04-10
SHP_01236,3CDC8GDX7XL6Z4M15,Manesar_Plant,DLR_02,In_Transit,2026-04-11
SHP_01237,LJJABYG709GFK3R9J,Manesar_Plant,DLR_19,In_Transit,2026-04-07
SHP_01238,0ZFCXMAH730GHWHNN,Manesar_Plant,DLR_19,In_Transit,2026-04-14
SHP_01239,MUB6T6CK2C8N7RGFG,Manesar_Plant,DLR_04,In_Transit,2026-04-11
SHP_01240,CRV1LCZU56HJLJRYX,Manesar_Plant,DLR_17,In_Transit,2026-04-13
SHP_01241,P4WFP0ML5ZGBDMFR8,Manesar_Plant,DLR_20,In_Transit,2026-04-06
SHP_01242,CB6EEG279BN04RRMH,Manesar_Plant,DLR_04,In_Transit,2026-04-05
SHP_01243,CFST7F4M7L2DU0N63,Manesar_Plant,DLR_02,In_Transit,2026-04-13
SHP_01244,MNH2USMK4ABETTHGJ,Manesar_Plant,DLR_20,In_Transit,2026-04-15
SHP_01245,07W413W05F7KC4ML9,Manesar_Plant,DLR_05,In_Transit,2026-04-07
SHP_01246,552VGPSTX1A2J2FU9,Manesar_Plant,DLR_17,In_Transit,2026-04-05
SHP_01247,9U1N48R2099CKW5WE,Manesar_Plant,DLR_16,In_Transit,2026-04-11
SHP_01248,YE78AZ54244JYZXG9,Manesar_Plant,DLR_18,In_Transit,2026-04-12
SHP_01249,4D7MD6XG8XWNTVGTB,Manesar_Plant,DLR_15,In_Transit,2026-04-15
SHP_01250,ZYY6B4KF8WEH7WRNL,Manesar_Plant,DLR_17,In_Transit,2026-04-09
SHP_01251,25AYV3UU1KE37SVCM,Manesar_Plant,DLR_04,In_Transit,2026-04-16
SHP_01252,40J0T7KT5S7AXF1MC,Manesar_Plant,DLR_10,In_Transit,2026-04-05
SHP_01253,RT0RFJZHXJ4H7CNX7,Manesar_Plant,DLR_17,In_Transit,2026-04-09
SHP_01254,GVYH37R72Z0EHUC8V,Manesar_Plant,DLR_17,In_Transit,2026-04-04
SHP_01255,CE0X8V0T5ZC2WPH8L,Manesar_Plant,DLR_09,In_Transit,2026-04-15
SHP_01256,NX2J8W419B7HYSS3B,Manesar_Plant,DLR_07,In_Transit,2026-04-04
SHP_01257,3CAHNWHR47AHTA63K,Manesar_Plant,DLR_18,In_Transit,2026-04-16
SHP_01258,RTTAT8YM9MPLZ7BJT,Manesar_Plant,DLR_09,In_Transit,2026-04-13
SHP_01259,1GMP34XV2LNDG7JP4,Manesar_Plant,DLR_20,In_Transit,2026-04-05
SHP_01260,G3Y913ZJ3DB4U71X1,Manesar_Plant,DLR_05,In_Transit,2026-04-02
SHP_01261,00M7K6UD7NEHM349X,Manesar_Plant,DLR_18,In_Transit,2026-04-16
SHP_01262,GPUXN2NK11B1ZKTSM,Manesar_Plant,DLR_18,In_Transit,2026-04-09
SHP_01263,3HAVCY5H1TU4BAY1V,Manesar_Plant,DLR_01,In_Transit,2026-04-12
SHP_01264,78XYNZ1N82SPCBC05,Manesar_Plant,DLR_05,In_Transit,2026-04-16
SHP_01265,XD6K1M0E2FHXGV7F5,Manesar_Plant,DLR_14,In_Transit,2026-04-03
SHP_01266,6JNNNTEHXLP7MX7ZU,Manesar_Plant,DLR_12,In_Transit,2026-04-03
SHP_01267,MD3B2ZZ36VA3XTKA6,Manesar_Plant,DLR_20,In_Transit,2026-04-06
SHP_01268,DKTK9C235N89TD753,Manesar_Plant,DLR_11,In_Transit,2026-04-04
SHP_01269,PTR2B5V52EWC79CCR,Manesar_Plant,DLR_07,In_Transit,2026-04-09
SHP_01270,9G72XFCU2NCSW9NWM,Manesar_Plant,DLR_15,In_Transit,2026-04-12
SHP_01271,FZM7G7ZN3HXX7GDVG,Manesar_Plant,DLR_05,In_Transit,2026-04-04
SHP_01272,RKC2JWBR373AM8T2K,Manesar_Plant,DLR_13,In_Transit,2026-04-04
SHP_01273,BPH0XDRK5Y4A9X5Z9,Manesar_Plant,DLR_09,In_Transit,2026-04-03
SHP_01274,0DL2JZ9H6W0V37R4Y,Manesar_Plant,DLR_16,In_Transit,2026-04-03
SHP_01275,PTRJXKKP7HJGHHZ2V,Manesar_Plant,DLR_10,In_Transit,2026-04-08
SHP_01276,SV474A1240FN01T82,Manesar_Plant,DLR_20,In_Transit,2026-04-13
SHP_01277,PGCUSJJ60SG34H0A9,Manesar_Plant,DLR_17,In_Transit,2026-04-09
SHP_01278,15511MG31W6KXX0RC,Manesar_Plant,DLR_17,In_Transit,2026-04-02
SHP_01279,D0ZHKFGW6VK6JZMF5,Manesar_Plant,DLR_18,In_Transit,2026-04-14
SHP_01280,R900SY7R636J06WAX,Manesar_Plant,DLR_04,In_Transit,2026-04-10
SHP_01281,R1AECJFW37HY4JF05,Manesar_Plant,DLR_20,In_Transit,2026-04-03
SHP_01282,LFN0MXWA5WCMP5SRH,Manesar_Plant,DLR_12,In_Transit,2026-04-06
SHP_01283,2LSYWNDD72UM9RZLH,Manesar_Plant,DLR_09,In_Transit,2026-04-03
SHP_01284,F89W948573KGSLSPD,Manesar_Plant,DLR_16,In_Transit,2026-04-14
SHP_01285,KS89XB1W7TF5T13JP,Manesar_Plant,DLR_02,In_Transit,2026-04-09
SHP_01286,A9WYHAWW4508LULM8,Manesar_Plant,DLR_05,In_Transit,2026-04-03
SHP_01287,PFDV8J0F72PWCL8Z4,Manesar_Plant,DLR_20,In_Transit,2026-04-14
SHP_01288,19XWTF8D6M44DYRC6,Manesar_Plant,DLR_08,In_Transit,2026-04-13
SHP_01289,FB17AARL1WFSFXRGT,Manesar_Plant,DLR_08,In_Transit,2026-04-05
SHP_01290,6E4J6RCN5WZUGR96M,Manesar_Plant,DLR_04,In_Transit,2026-04-02
SHP_01291,HDG88YX59TP4F8PJP,Manesar_Plant,DLR_06,In_Transit,2026-04-07
SHP_01292,7PWHLTEY96VKZSHK1,Manesar_Plant,DLR_18,In_Transit,2026-04-02
SHP_01293,JDC5C4S06BCXUNWZY,Manesar_Plant,DLR_14,In_Transit,2026-04-14
SHP_01294,GH49Z3DR5V8W72FU7,Manesar_Plant,DLR_20,In_Transit,2026-04-07
SHP_01295,7VVA515C0WL9A9YXL,Manesar_Plant,DLR_10,In_Transit,2026-04-04
SHP_01296,4WK5DEV961VSZVG7A,Manesar_Plant,DLR_03,In_Transit,2026-04-15
SHP_01297,HTMN6MM74UT6Z4ZZ6,Manesar_Plant,DLR_09,In_Transit,2026-04-06
SHP_01298,PW4JTJN5X6Z2B1HWD,Manesar_Plant,DLR_16,In_Transit,2026-04-04
SHP_01299,ZHL7EBCJ6GW9V5KJ8,Manesar_Plant,DLR_13,In_Transit,2026-04-14
SHP_01300,J0U4XE7A6X2R9AFY6,Manesar_Plant,DLR_14,In_Transit,2026-04-16
SHP_01301,DU6EFBTF2ZR1ZWF37,Manesar_Plant,DLR_06,In_Transit,2026-04-07
SHP_01302,4X0FFVHC9TU24DW29,Manesar_Plant,DLR_12,In_Transit,2026-04-04
SHP_01303,2L671MNZ0HZR0K6UR,Manesar_Plant,DLR_16,In_Transit,2026-04-05
SHP_01304,HT8H4LH03J87L4YAW,Manesar_Plant,DLR_09,In_Transit,2026-04-04
SHP_01305,V7XNHT5F39X670MSN,Manesar_Plant,DLR_04,In_Transit,2026-04-05
SHP_01306,F3UFM9NA5TW9CM163,Manesar_Plant,DLR_19,In_Transit,2026-04-10
SHP_01307,UKW9RG478TBATBZAG,Manesar_Plant,DLR_15,In_Transit,2026-04-10
SHP_01308,GVVD8X613W4EE16KU,Manesar_Plant,DLR_17,In_Transit,2026-04-11
SHP_01309,AL9V8Y695F7GDPXCF,Manesar_Plant,DLR_19,In_Transit,2026-04-06
SHP_01310,4M1HWKXJ4EGVE7GAU,Manesar_Plant,DLR_11,In_Transit,2026-04-08
SHP_01311,W3EKL5YU7MBJ0DX56,Manesar_Plant,DLR_15,In_Transit,2026-04-11
SHP_01312,6L17C7SF83T2L7R22,Manesar_Plant,DLR_07,In_Transit,2026-04-10
SHP_01313,RWFE0BKR8PRDWB9JA,Manesar_Plant,DLR_01,In_Transit,2026-04-02
SHP_01314,9D083FH46BV8HHKKK,Manesar_Plant,DLR_19,In_Transit,2026-04-15
SHP_01315,VG6RKYSN7KCAS5YKF,Manesar_Plant,DLR_18,In_Transit,2026-04-03
SHP_01316,57MEYYDB1CZMNSB00,Manesar_Plant,DLR_12,In_Transit,2026-04-14
SHP_01317,B9RLZ1FT2UZVU436R,Manesar_Plant,DLR_07,In_Transit,2026-04-02
SHP_01318,YGXW9E6MX5TCGD3HZ,Manesar_Plant,DLR_09,In_Transit,2026-04-10
SHP_01319,54DA4AUDX0DGTJY0Z,Manesar_Plant,DLR_02,In_Transit,2026-04-05
SHP_01320,UDATXKMY6KCNGER35,Manesar_Plant,DLR_03,In_Transit,2026-04-04
SHP_01321,S4LH4UYU0KDCM8YSK,Manesar_Plant,DLR_02,In_Transit,2026-04-13
SHP_01322,NH43RERA2X0ND3KVA,Manesar_Plant,DLR_20,In_Transit,2026-04-15
SHP_01323,E32547867ZD6P03BV,Manesar_Plant,DLR_08,In_Transit,2026-04-03
SHP_01324,KUG0DPDZ5ZM6FE1U7,Manesar_Plant,DLR_05,In_Transit,2026-04-10
SHP_01325,BW0BS6BVXZU7WXKH2,Manesar_Plant,DLR_09,In_Transit,2026-04-11
SHP_01326,XWVN27L36MX0BGLJD,Manesar_Plant,DLR_17,In_Transit,2026-04-11
SHP_01327,G2H1GXNB0SDUJEH1T,Manesar_Plant,DLR_14,In_Transit,2026-04-15
SHP_01328,JLV8DVXKXP7SWDAK5,Manesar_Plant,DLR_15,In_Transit,2026-04-03
SHP_01329,5LUE89CD3UKS8FHHT,Manesar_Plant,DLR_10,In_Transit,2026-04-15
SHP_01330,LXJ1CN1N12K5F9WU2,Manesar_Plant,DLR_12,In_Transit,2026-04-09
SHP_01331,1HCPV85F98NGNG9ZL,Manesar_Plant,DLR_16,In_Transit,2026-04-02
SHP_01332,F3L46HBL0AT5YRRRY,Manesar_Plant,DLR_07,In_Transit,2026-04-05
SHP_01333,5VV8CYFE1HAPB4WJE,Manesar_Plant,DLR_14,In_Transit,2026-04-05
SHP_01334,FR1MF7Y58M78RHTNM,Manesar_Plant,DLR_05,In_Transit,2026-04-07
SHP_01335,JNPWYEX55529AJPB3,Manesar_Plant,DLR_04,In_Transit,2026-04-12
SHP_01336,4SZ3HN160VV43KP2U,Manesar_Plant,DLR_08,In_Transit,2026-04-02
SHP_01337,K2ZJXGP4XXEWDRSNN,Manesar_Plant,DLR_12,In_Transit,2026-04-12
SHP_01338,34CLB41BXDDHJ1VB4,Manesar_Plant,DLR_20,In_Transit,2026-04-06
SHP_01339,TJUSADXW74H5THF4U,Manesar_Plant,DLR_07,In_Transit,2026-04-11
SHP_01340,B6C72Z0L5X0XEAM4T,Manesar_Plant,DLR_05,In_Transit,2026-04-14
SHP_01341,V295586G8D82Y7UZS,Manesar_Plant,DLR_07,In_Transit,2026-04-12
SHP_01342,8R7YTAW17EEPMUMU3,Manesar_Plant,DLR_03,In_Transit,2026-04-15
SHP_01343,5YTX24XF7DPJ26WDY,Manesar_Plant,DLR_16,In_Transit,2026-04-10
SHP_01344,9DYJ55M28H6DSLZLW,Manesar_Plant,DLR_20,In_Transit,2026-04-15
SHP_01345,EEGE2A6D6CNFZFT4A,Manesar_Plant,DLR_11,In_Transit,2026-04-13
SHP_01346,9MMBC19J4VZ0GDF75,Manesar_Plant,DLR_14,In_Transit,2026-04-02
SHP_01347,LG5XVZCL0EV3TPU45,Manesar_Plant,DLR_13,In_Transit,2026-04-14
SHP_01348,T3G1L15Z1SG97PV28,Manesar_Plant,DLR_07,In_Transit,2026-04-14
SHP_01349,CMCWD9VE92XKMKG5S,Manesar_Plant,DLR_13,In_Transit,2026-04-08
SHP_01350,93C7Y8M35X3GN1ABJ,Manesar_Plant,DLR_13,In_Transit,2026-04-16
SHP_01351,J7L4DS7D3HVT8Z4LE,Manesar_Plant,DLR_09,In_Transit,2026-04-16
SHP_01352,L9XN8TVT8RXZETW8M,Manesar_Plant,DLR_16,In_Transit,2026-04-09
SHP_01353,UDC4DTTB94YFAMWVY,Manesar_Plant,DLR_19,In_Transit,2026-04-03
SHP_01354,KTCXKZNS7PUF0SM5B,Manesar_Plant,DLR_09,In_Transit,2026-04-09
SHP_01355,BV38AWPP1THYJ82D1,Manesar_Plant,DLR_05,In_Transit,2026-04-02
SHP_01356,XDCM4FHV4KS2GXKZZ,Manesar_Plant,DLR_06,In_Transit,2026-04-08
SHP_01357,03TWZAPW60DARZR29,Manesar_Plant,DLR_04,In_Transit,2026-04-03
SHP_01358,PHNUVMHC9P8BCEFB3,Manesar_Plant,DLR_05,In_Transit,2026-04-03
SHP_01359,XKLJ2KKP511756633,Manesar_Plant,DLR_13,In_Transit,2026-04-11
SHP_01360,409FX8C353PEWZ57W,Manesar_Plant,DLR_12,In_Transit,2026-04-14
SHP_01361,YE7WH7DW154GFWTV9,Manesar_Plant,DLR_02,In_Transit,2026-04-14
SHP_01362,ZFTN6A0X0E8S5S085,Manesar_Plant,DLR_12,In_Transit,2026-04-11
SHP_01363,UJKSXVLR2W4X68UN0,Manesar_Plant,DLR_03,In_Transit,2026-04-03
SHP_01364,AZ7MAA11837JB121J,Manesar_Plant,DLR_04,In_Transit,2026-04-15
SHP_01365,62J03JXY7EMH5B7U1,Manesar_Plant,DLR_19,In_Transit,2026-04-11
SHP_01366,UY9YJZ6K93T2LRUJA,Manesar_Plant,DLR_01,In_Transit,2026-04-09
SHP_01367,KNCN3J6Y18AE9WWL4,Manesar_Plant,DLR_12,In_Transit,2026-04-10
SHP_01368,YB9KAE842JGKEAGLU,Manesar_Plant,DLR_06,In_Transit,2026-04-05
SHP_01369,C2ZJLZN806DFNACFE,Manesar_Plant,DLR_11,In_Transit,2026-04-02
SHP_01370,2CJ2Z9N67DS5W22A9,Manesar_Plant,DLR_09,In_Transit,2026-04-15
SHP_01371,3TLBJ39V9FG2TW1AT,Manesar_Plant,DLR_06,In_Transit,2026-04-07
SHP_01372,4PJXR5Z17EVZZARN5,Manesar_Plant,DLR_05,In_Transit,2026-04-13
SHP_01373,57J8P4U48U6S9T3MF,Manesar_Plant,DLR_01,In_Transit,2026-04-05
SHP_01374,X8488CRX7NEU5ZLBA,Manesar_Plant,DLR_01,In_Transit,2026-04-05
SHP_01375,DC71UUEL4ZJHABZWC,Manesar_Plant,DLR_09,In_Transit,2026-04-14
SHP_01376,MWCE2DA19FX3109VA,Manesar_Plant,DLR_10,In_Transit,2026-04-03
SHP_01377,GNHEUV491A9MB7JZH,Manesar_Plant,DLR_11,In_Transit,2026-04-13
SHP_01378,1KCP53HK1KJ5LARLZ,Manesar_Plant,DLR_03,In_Transit,2026-04-04
SHP_01379,9N21MXZ65E74LAXF4,Manesar_Plant,DLR_13,In_Transit,2026-04-13
SHP_01380,2AAD1C893SZL4MG8A,Manesar_Plant,DLR_04,In_Transit,2026-04-15
SHP_01381,3UHSJ2JU00TGED1EK,Manesar_Plant,DLR_11,In_Transit,2026-04-09
SHP_01382,FXG7X1KT44Y1HV0LY,Manesar_Plant,DLR_12,In_Transit,2026-04-16
SHP_01383,14C1E25U91YA2LGFR,Manesar_Plant,DLR_11,In_Transit,2026-04-16
SHP_01384,XK7N7XLE5F0BFNRJA,Manesar_Plant,DLR_13,In_Transit,2026-04-11
SHP_01385,D6FZ2LCV4RJJHY1VJ,Manesar_Plant,DLR_12,In_Transit,2026-04-08
SHP_01386,R499TXXT9AS7HWL1T,Manesar_Plant,DLR_11,In_Transit,2026-04-03
SHP_01387,7N7RLXDK1PM2Y9J74,Manesar_Plant,DLR_11,In_Transit,2026-04-04
SHP_01388,A8SWPUDT0BG160KWG,Manesar_Plant,DLR_11,In_Transit,2026-04-11
SHP_01389,L01P6WBLXRYNPJHJX,Manesar_Plant,DLR_16,In_Transit,2026-04-02
SHP_01390,ACFVBT445RZ49D35M,Manesar_Plant,DLR_06,In_Transit,2026-04-07
SHP_01391,20C6L7CW2667D3RNY,Manesar_Plant,DLR_16,In_Transit,2026-04-04
SHP_01392,P9SZLEC3XRA1AVX5U,Manesar_Plant,DLR_08,In_Transit,2026-04-02
SHP_01393,HB5T2UB87PSDL4K37,Manesar_Plant,DLR_19,In_Transit,2026-04-05
SHP_01394,XU217ALTXZ6ZVMW1A,Manesar_Plant,DLR_20,In_Transit,2026-04-09
SHP_01395,7CF6RD7M0FJC716HL,Manesar_Plant,DLR_09,In_Transit,2026-04-02
SHP_01396,TV7KXAZ01214C82UC,Manesar_Plant,DLR_17,In_Transit,2026-04-03
SHP_01397,88BWEJZP6GNK060PH,Manesar_Plant,DLR_16,In_Transit,2026-04-10
SHP_01398,R53EE51CXZD1FHSML,Manesar_Plant,DLR_17,In_Transit,2026-04-02
SHP_01399,6Z33D3AK2JWTYL3AR,Manesar_Plant,DLR_01,In_Transit,2026-04-05
SHP_01400,0JFTW6VU29P8S0RXU,Manesar_Plant,DLR_08,In_Transit,2026-04-09
SHP_01401,JACL0Z611FF6JJPE7,Manesar_Plant,DLR_04,In_Transit,2026-04-14
SHP_01402,RZYXYA6Z6K9BD97FB,Manesar_Plant,DLR_20,In_Transit,2026-04-09
SHP_01403,NZSDLMYE13V2XR7HR,Manesar_Plant,DLR_16,In_Transit,2026-04-07
SHP_01404,KJX0BLGJ83J0F9BC0,Manesar_Plant,DLR_19,In_Transit,2026-04-04
SHP_01405,B5TBW70W13YNPET35,Manesar_Plant,DLR_17,In_Transit,2026-04-13
SHP_01406,G1BC3GLU1M5AP90KU,Manesar_Plant,DLR_02,In_Transit,2026-04-15
SHP_01407,A9F8H1Y58H8SBZW7P,Manesar_Plant,DLR_04,In_Transit,2026-04-12
SHP_01408,0BAM3S5299CGTSETR,Manesar_Plant,DLR_16,In_Transit,2026-04-13
SHP_01409,5036PVXZ4HW1TMY9R,Manesar_Plant,DLR_17,In_Transit,2026-04-07
SHP_01410,8RK86GVB0G8G2CC1F,Manesar_Plant,DLR_05,In_Transit,2026-04-06
SHP_01411,8XZEBG9777Z4UK90S,Manesar_Plant,DLR_12,In_Transit,2026-04-10
SHP_01412,WCSCBLU35F11VE1YE,Manesar_Plant,DLR_04,In_Transit,2026-04-15
SHP_01413,VD3VHDFL1BWSXSAKP,Manesar_Plant,DLR_12,In_Transit,2026-04-15
SHP_01414,DEMP2TMK1TG0RLHN8,Manesar_Plant,DLR_05,In_Transit,2026-04-10
SHP_01415,PCW0RSE86K1WWZTW0,Manesar_Plant,DLR_10,In_Transit,2026-04-10
SHP_01416,G9D840B227RPFTFYA,Manesar_Plant,DLR_19,In_Transit,2026-04-06
SHP_01417,8WVSMDN725S7TP2N1,Manesar_Plant,DLR_06,In_Transit,2026-04-02
SHP_01418,2S6JLPRL48P2TU9Y4,Manesar_Plant,DLR_01,In_Transit,2026-04-03
SHP_01419,FAEH7LEZ1P94BMX28,Manesar_Plant,DLR_05,In_Transit,2026-04-10
SHP_01420,66MZ92MD7HLTG9JBC,Manesar_Plant,DLR_04,In_Transit,2026-04-10
SHP_01421,ZCCB1WL12BPX67SWD,Manesar_Plant,DLR_07,In_Transit,2026-04-07
SHP_01422,M06EVAD86MFVCUALC,Manesar_Plant,DLR_17,In_Transit,2026-04-02
SHP_01423,E03NJBC414R4KV0HL,Manesar_Plant,DLR_20,In_Transit,2026-04-13
SHP_01424,YGCJMUG22C15G8DWG,Manesar_Plant,DLR_05,In_Transit,2026-04-08
SHP_01425,R8T8UFY75UHM6SXF9,Manesar_Plant,DLR_01,In_Transit,2026-04-14
SHP_01426,0K7PHYKU0RVVZEZJM,Manesar_Plant,DLR_11,In_Transit,2026-04-05
SHP_01427,9RJJD8AL8GM6A35W6,Manesar_Plant,DLR_10,In_Transit,2026-04-14
SHP_01428,GYCY1DA367ED91848,Manesar_Plant,DLR_08,In_Transit,2026-04-03
SHP_01429,81W7YMDJ05MKPB70V,Manesar_Plant,DLR_11,In_Transit,2026-04-06
SHP_01430,JRNCJKMD8SV7G970D,Manesar_Plant,DLR_05,In_Transit,2026-04-09
SHP_01431,75C6DLXD8RGDL9NH1,Manesar_Plant,DLR_01,In_Transit,2026-04-11
SHP_01432,NRCRRP068ECV2XC6C,Manesar_Plant,DLR_08,In_Transit,2026-04-08
SHP_01433,L4672N7P6THLS2HZF,Manesar_Plant,DLR_18,In_Transit,2026-04-11
SHP_01434,VZG99F8S2GSLYSRN4,Manesar_Plant,DLR_18,In_Transit,2026-04-08
SHP_01435,MY519R187TDCSA9U6,Manesar_Plant,DLR_11,In_Transit,2026-04-07
SHP_01436,FNHNT6ZX7JTNTHA22,Manesar_Plant,DLR_10,In_Transit,2026-04-15
SHP_01437,P75H9CDT9HJVHW5FS,Manesar_Plant,DLR_10,In_Transit,2026-04-07
SHP_01438,P2J7FJKJ5A6YVTFC7,Manesar_Plant,DLR_19,In_Transit,2026-04-09
SHP_01439,D03CKLLM0WF4VAYUB,Manesar_Plant,DLR_04,In_Transit,2026-04-07
SHP_01440,RH50DU2J9304RMRB6,Manesar_Plant,DLR_20,In_Transit,2026-04-05
SHP_01441,RY6JU8KU17J8UKK49,Manesar_Plant,DLR_07,In_Transit,2026-04-11
SHP_01442,LWVC5GZB856DK1C61,Manesar_Plant,DLR_03,In_Transit,2026-04-10
SHP_01443,JEFM5XU38485HPCD3,Manesar_Plant,DLR_12,In_Transit,2026-04-06
SHP_01444,RNH2RJ069NY8XP64C,Manesar_Plant,DLR_13,In_Transit,2026-04-13
SHP_01445,HJZ15B0L4XU0UM10H,Manesar_Plant,DLR_11,In_Transit,2026-04-11
SHP_01446,0P9H7SY2600M4X16P,Manesar_Plant,DLR_20,In_Transit,2026-04-06
SHP_01447,N8WEWWYD74G3US39T,Manesar_Plant,DLR_20,In_Transit,2026-04-08
SHP_01448,LSNVYG552A14M237G,Manesar_Plant,DLR_12,In_Transit,2026-04-11
SHP_01449,BDGX1YAR8PRNT7B2P,Manesar_Plant,DLR_08,In_Transit,2026-04-02
SHP_01450,U98WF8SCX195A8GM2,Manesar_Plant,DLR_09,In_Transit,2026-04-10
SHP_01451,RZR7Z2M33KNV3KHKA,Manesar_Plant,DLR_16,In_Transit,2026-04-03
SHP_01452,PHVKY68AXGJT8ESKV,Manesar_Plant,DLR_13,In_Transit,2026-04-14
SHP_01453,KW6PXDV23Z0CPK1S7,Manesar_Plant,DLR_06,In_Transit,2026-04-04
SHP_01454,9AFX1M9Z6L1PTRXHC,Manesar_Plant,DLR_18,In_Transit,2026-04-08
SHP_01455,8VU9TXPK6WEN3JB4C,Manesar_Plant,DLR_14,In_Transit,2026-04-13
SHP_01456,TB3DK07W7EZ3VXPDA,Manesar_Plant,DLR_04,In_Transit,2026-04-09
SHP_01457,VZNCYW8246AL3BYC7,Manesar_Plant,DLR_06,In_Transit,2026-04-05
SHP_01458,8TMHEAFW0CDMC5YG1,Manesar_Plant,DLR_09,In_Transit,2026-04-03
SHP_01459,FP9X6LUW6LKYJLX6K,Manesar_Plant,DLR_07,In_Transit,2026-04-07
SHP_01460,DCT0BTP69GK3RLN9H,Manesar_Plant,DLR_14,In_Transit,2026-04-16
SHP_01461,26VZZ9M44MBUVRHWT,Manesar_Plant,DLR_11,In_Transit,2026-04-03
SHP_01462,3YLHX9VW978MFCTCP,Manesar_Plant,DLR_05,In_Transit,2026-04-03
SHP_01463,HFNG6L932DHHB8ALA,Manesar_Plant,DLR_17,In_Transit,2026-04-12
SHP_01464,BYBG78MFXS647J79K,Manesar_Plant,DLR_05,In_Transit,2026-04-14
SHP_01465,AHBK11DUXMLMEN5U1,Manesar_Plant,DLR_14,In_Transit,2026-04-16
SHP_01466,E8GWCB1P1UE5XCR54,Manesar_Plant,DLR_08,In_Transit,2026-04-09
SHP_01467,YU539BU41914BXVJ8,Manesar_Plant,DLR_04,In_Transit,2026-04-04
SHP_01468,86B84WU892YZ3WSM0,Manesar_Plant,DLR_01,In_Transit,2026-04-02
SHP_01469,DNDF7AZD8NKU67BZV,Manesar_Plant,DLR_05,In_Transit,2026-04-09
SHP_01470,CZGV9D8L40D0EB2Z6,Manesar_Plant,DLR_10,In_Transit,2026-04-06
SHP_01471,1UHCA1W76U555RRPK,Manesar_Plant,DLR_20,In_Transit,2026-04-03
SHP_01472,P42AA6DA2XDU61CYJ,Manesar_Plant,DLR_12,In_Transit,2026-04-12
SHP_01473,9HHBDF4M238RKLKRJ,Manesar_Plant,DLR_19,In_Transit,2026-04-02
SHP_01474,7M6L8GDZ1W2C7S2LL,Manesar_Plant,DLR_01,In_Transit,2026-04-16
SHP_01475,BB3SSDL92Y4T3N3B8,Manesar_Plant,DLR_05,In_Transit,2026-04-08
SHP_01476,V57S1SDH11Y6KTJ78,Manesar_Plant,DLR_05,In_Transit,2026-04-13
SHP_01477,08PGNA0D2NLANPZMJ,Manesar_Plant,DLR_05,In_Transit,2026-04-10
SHP_01478,CKWABU1T3J442P1YG,Manesar_Plant,DLR_10,In_Transit,2026-04-09
SHP_01479,RACAKP8T7TXR63Z47,Manesar_Plant,DLR_12,In_Transit,2026-04-08
SHP_01480,48L3J7D293X3KPGKA,Manesar_Plant,DLR_02,In_Transit,2026-04-14
SHP_01481,FKUJ376693GXZ07PR,Manesar_Plant,DLR_17,In_Transit,2026-04-13
SHP_01482,CMJTHCND5E1GT2B59,Manesar_Plant,DLR_01,In_Transit,2026-04-16
SHP_01483,DRM0B4HP3SU6CKX50,Manesar_Plant,DLR_05,In_Transit,2026-04-08
SHP_01484,LYD5RMTW6TCT03SY9,Manesar_Plant,DLR_05,In_Transit,2026-04-03
SHP_01485,D0JBKKTB348XK5G9B,Manesar_Plant,DLR_16,In_Transit,2026-04-09
SHP_01486,C0J8PWFW2SW0PAGN5,Manesar_Plant,DLR_16,In_Transit,2026-04-09
SHP_01487,JSSDYSXD3Y3HVEVD7,Manesar_Plant,DLR_09,In_Transit,2026-04-11
SHP_01488,05HRB9CM2EKNBVGR6,Manesar_Plant,DLR_04,In_Transit,2026-04-06
SHP_01489,JY3DASY31E9SFAGTU,Manesar_Plant,DLR_13,In_Transit,2026-04-12
SHP_01490,NA6E31B23R9JZH0B7,Manesar_Plant,DLR_14,In_Transit,2026-04-10
SHP_01491,2Z3EP5Y99RVL2F7EC,Manesar_Plant,DLR_12,In_Transit,2026-04-12
SHP_01492,N1V9RZFP5V25EMC7V,Manesar_Plant,DLR_16,In_Transit,2026-04-10
SHP_01493,1E5V9T4G25P292RPZ,Manesar_Plant,DLR_02,In_Transit,2026-04-16
SHP_01494,C8L8HRPF5MHHX7592,Manesar_Plant,DLR_07,In_Transit,2026-04-15
SHP_01495,M80HXKFX4U3BB2AR9,Manesar_Plant,DLR_06,In_Transit,2026-04-15
SHP_01496,H127TMVG510NEN8D7,Manesar_Plant,DLR_13,In_Transit,2026-04-15
SHP_01497,R1C9YHXUXAAGASKY9,Manesar_Plant,DLR_03,In_Transit,2026-04-14
SHP_01498,82BBUFT21M84KK9F0,Manesar_Plant,DLR_15,In_Transit,2026-04-03
SHP_01499,SP4JU8YE0JD9LCYTR,Manesar_Plant,DLR_16,In_Transit,2026-04-06
SHP_01500,P3VPXDXK15DH1HM52,Manesar_Plant,DLR_07,In_Transit,2026-04-06
