booking_id,dealer_id,requested_model,requested_variant,date_booked,status
BKG_00001,DLR_03,Harrier,Fearless,2026-04-01,Pending
BKG_00002,DLR_03,Harrier,Fearless,2026-03-23,Pending
BKG_00003,DLR_04,Harrier,Fearless,2026-03-17,Pending
BKG_00004,DLR_03,Harrier,Fearless,2026-03-06,Pending
BKG_00005,DLR_03,Harrier,Fearless,2026-03-30,Pending
BKG_00006,DLR_03,Harrier,Fearless,2026-03-14,Pending
BKG_00007,DLR_04,Harrier,Fearless,2026-03-14,Pending
BKG_00008,DLR_03,Harrier,Fearless,2026-03-29,Pending
BKG_00009,DLR_03,Harrier,Fearless,2026-03-19,Pending
BKG_00010,DLR_04,Harrier,Fearless,2026-03-16,Pending
BKG_00011,DLR_04,Harrier,Fearless,2026-03-27,Pending
BKG_00012,DLR_04,Harrier,Fearless,2026-03-28,Pending
BKG_00013,DLR_04,Harrier,Fearless,2026-03-10,Pending
BKG_00014,DLR_03,Harrier,Fearless,2026-03-25,Pending
BKG_00015,DLR_03,Harrier,Fearless,2026-03-09,Pending
BKG_00016,DLR_04,Harrier,Fearless,2026-03-08,Pending
BKG_00017,DLR_04,Harrier,Fearless,2026-03-28,Pending
BKG_00018,DLR_04,Harrier,Fearless,2026-03-30,Pending
BKG_00019,DLR_04,Harrier,Fearless,2026-03-28,Pending
BKG_00020,DLR_03,Harrier,Fearless,2026-03-22,Pending
BKG_00021,DLR_04,Harrier,Fearless,2026-03-29,Pending
BKG_00022,DLR_04,Harrier,Fearless,2026-03-20,Pending
BKG_00023,DLR_04,Harrier,Fearless,2026-03-25,Pending
BKG_00024,DLR_04,Harrier,Fearless,2026-03-14,Pending
BKG_00025,DLR_04,Harrier,Fearless,2026-03-31,Pending
BKG_00026,DLR_03,Harrier,Fearless,2026-03-14,Pending
BKG_00027,DLR_04,Harrier,Fearless,2026-03-28,Pending
BKG_00028,DLR_03,Harrier,Fearless,2026-03-06,Pending
BKG_00029,DLR_03,Harrier,Fearless,2026-03-22,Pending
BKG_00030,DLR_03,Harrier,Fearless,2026-03-09,Pending
BKG_00031,DLR_04,Harrier,Fearless,2026-03-25,Pending
BKG_00032,DLR_04,Harrier,Fearless,2026-03-25,Pending
BKG_00033,DLR_03,Harrier,Fearless,2026-03-25,Pending
BKG_00034,DLR_03,Harrier,Fearless,2026-03-11,Pending
BKG_00035,DLR_03,Harrier,Fearless,2026-03-03,Pending
BKG_00036,DLR_03,Harrier,Fearless,2026-03-09,Pending
BKG_00037,DLR_04,Harrier,Fearless,2026-03-15,Pending
BKG_00038,DLR_03,Harrier,Fearless,2026-03-03,Pending
BKG_00039,DLR_03,Harrier,Fearless,2026-03-28,Pending
BKG_00040,DLR_03,Harrier,Fearless,2026-03-14,Pending
BKG_00041,DLR_04,Harrier,Fearless,2026-03-27,Pending
BKG_00042,DLR_03,Harrier,Fearless,2026-03-21,Pending
BKG_00043,DLR_04,Harrier,Fearless,2026-03-04,Pending
BKG_00044,DLR_03,Harrier,Fearless,2026-03-22,Pending
BKG_00045,DLR_04,Harrier,Fearless,2026-03-26,Pending
BKG_00046,DLR_04,Harrier,Fearless,2026-03-27,Pending
BKG_00047,DLR_03,Harrier,Fearless,2026-03-21,Pending
BKG_00048,DLR_03,Harrier,Fearless,2026-03-18,Pending
BKG_00049,DLR_03,Harrier,Fearless,2026-03-12,Pending
BKG_00050,DLR_04,Harrier,Fearless,2026-04-01,Pending
BKG_00051,DLR_04,Harrier,Fearless,2026-03-13,Pending
BKG_00052,DLR_03,Harrier,Fearless,2026-03-10,Pending
BKG_00053,DLR_03,Harrier,Fearless,2026-03-15,Pending
BKG_00054,DLR_03,Harrier,Fearless,2026-03-11,Pending
BKG_00055,DLR_03,Harrier,Fearless,2026-03-29,Pending
BKG_00056,DLR_03,Harrier,Fearless,2026-03-12,Pending
BKG_00057,DLR_04,Harrier,Fearless,2026-03-19,Pending
BKG_00058,DLR_03,Harrier,Fearless,2026-03-27,Pending
BKG_00059,DLR_03,Harrier,Fearless,2026-03-26,Pending
BKG_00060,DLR_04,Harrier,Fearless,2026-03-24,Pending
BKG_00061,DLR_04,Harrier,Fearless,2026-03-11,Pending
BKG_00062,DLR_04,Harrier,Fearless,2026-03-22,Pending
BKG_00063,DLR_04,Harrier,Fearless,2026-04-01,Pending
BKG_00064,DLR_04,Harrier,Fearless,2026-03-16,Pending
BKG_00065,DLR_04,Harrier,Fearless,2026-03-26,Pending
BKG_00066,DLR_04,Harrier,Fearless,2026-03-10,Pending
BKG_00067,DLR_03,Harrier,Fearless,2026-03-22,Pending
BKG_00068,DLR_04,Harrier,Fearless,2026-03-12,Pending
BKG_00069,DLR_03,Harrier,Fearless,2026-03-29,Pending
BKG_00070,DLR_03,Harrier,Fearless,2026-03-03,Pending
BKG_00071,DLR_04,Harrier,Fearless,2026-03-09,Pending
BKG_00072,DLR_03,Harrier,Fearless,2026-03-30,Pending
BKG_00073,DLR_03,Harrier,Fearless,2026-03-28,Pending
BKG_00074,DLR_03,Harrier,Fearless,2026-03-07,Pending
BKG_00075,DLR_04,Harrier,Fearless,2026-03-28,Pending
BKG_00076,DLR_04,Harrier,Fearless,2026-03-14,Pending
BKG_00077,DLR_03,Harrier,Fearless,2026-03-27,Pending
BKG_00078,DLR_03,Harrier,Fearless,2026-03-08,Pending
BKG_00079,DLR_04,Harrier,Fearless,2026-03-24,Pending
BKG_00080,DLR_03,Harrier,Fearless,2026-03-16,Pending
BKG_00081,DLR_04,Harrier,Fearless,2026-03-18,Pending
BKG_00082,DLR_04,Harrier,Fearless,2026-03-22,Pending
BKG_00083,DLR_04,Harrier,Fearless,2026-03-08,Pending
BKG_00084,DLR_03,Harrier,Fearless,2026-03-30,Pending
BKG_00085,DLR_04,Harrier,Fearless,2026-03-31,Pending
BKG_00086,DLR_03,Harrier,Fearless,2026-04-01,Pending
BKG_00087,DLR_04,Harrier,Fearless,2026-04-01,Pending
BKG_00088,DLR_03,Harrier,Fearless,2026-03-17,Pending
BKG_00089,DLR_04,Harrier,Fearless,2026-03-23,Pending
BKG_00090,DLR_04,Harrier,Fearless,2026-03-04,Pending
BKG_00091,DLR_03,Harrier,Fearless,2026-03-05,Pending
BKG_00092,DLR_03,Harrier,Fearless,2026-03-26,Pending
BKG_00093,DLR_03,Harrier,Fearless,2026-03-16,Pending
BKG_00094,DLR_03,Harrier,Fearless,2026-03-26,Pending
BKG_00095,DLR_03,Harrier,Fearless,2026-03-06,Pending
BKG_00096,DLR_03,Harrier,Fearless,2026-03-13,Pending
BKG_00097,DLR_04,Harrier,Fearless,2026-03-06,Pending
BKG_00098,DLR_03,Harrier,Fearless,2026-03-24,Pending
BKG_00099,DLR_03,Harrier,Fearless,2026-03-22,Pending
BKG_00100,DLR_03,Harrier,Fearless,2026-03-07,Pending
BKG_00101,DLR_03,Harrier,Fearless,2026-03-13,Pending
BKG_00102,DLR_04,Harrier,Fearless,2026-03-10,Pending
BKG_00103,DLR_04,Harrier,Fearless,2026-03-21,Pending
BKG_00104,DLR_03,Harrier,Fearless,2026-03-25,Pending
BKG_00105,DLR_03,Harrier,Fearless,2026-03-30,Pending
BKG_00106,DLR_03,Harrier,Fearless,2026-03-25,Pending
BKG_00107,DLR_04,Harrier,Fearless,2026-03-06,Pending
BKG_00108,DLR_04,Harrier,Fearless,2026-03-15,Pending
BKG_00109,DLR_04,Harrier,Fearless,2026-03-07,Pending
BKG_00110,DLR_04,Harrier,Fearless,2026-03-17,Pending
BKG_00111,DLR_03,Harrier,Fearless,2026-03-11,Pending
BKG_00112,DLR_03,Harrier,Fearless,2026-03-11,Pending
BKG_00113,DLR_04,Harrier,Fearless,2026-03-22,Pending
BKG_00114,DLR_04,Harrier,Fearless,2026-03-15,Pending
BKG_00115,DLR_03,Harrier,Fearless,2026-03-28,Pending
BKG_00116,DLR_04,Harrier,Fearless,2026-03-17,Pending
BKG_00117,DLR_03,Harrier,Fearless,2026-03-11,Pending
BKG_00118,DLR_04,Harrier,Fearless,2026-03-04,Pending
BKG_00119,DLR_04,Harrier,Fearless,2026-03-26,Pending
BKG_00120,DLR_03,Harrier,Fearless,2026-03-11,Pending
BKG_00121,DLR_03,Harrier,Fearless,2026-03-26,Pending
BKG_00122,DLR_03,Harrier,Fearless,2026-03-14,Pending
BKG_00123,DLR_03,Harrier,Fearless,2026-03-31,Pending
BKG_00124,DLR_03,Harrier,Fearless,2026-03-24,Pending
BKG_00125,DLR_04,Harrier,Fearless,2026-03-26,Pending
BKG_00126,DLR_04,Harrier,Fearless,2026-03-06,Pending
BKG_00127,DLR_03,Harrier,Fearless,2026-03-24,Pending
BKG_00128,DLR_04,Harrier,Fearless,2026-03-18,Pending
BKG_00129,DLR_03,Harrier,Fearless,2026-03-24,Pending
BKG_00130,DLR_03,Harrier,Fearless,2026-03-16,Pending
BKG_00131,DLR_03,Harrier,Fearless,2026-03-06,Pending
BKG_00132,DLR_04,Harrier,Fearless,2026-03-20,Pending
BKG_00133,DLR_03,Harrier,Fearless,2026-03-12,Pending
BKG_00134,DLR_03,Harrier,Fearless,2026-03-26,Pending
BKG_00135,DLR_03,Harrier,Fearless,2026-03-20,Pending
BKG_00136,DLR_04,Harrier,Fearless,2026-03-26,Pending
BKG_00137,DLR_04,Harrier,Fearless,2026-03-17,Pending
BKG_00138,DLR_03,Harrier,Fearless,2026-03-05,Pending
BKG_00139,DLR_03,Harrier,Fearless,2026-03-08,Pending
BKG_00140,DLR_03,Harrier,Fearless,2026-03-07,Pending
BKG_00141,DLR_03,Harrier,Fearless,2026-03-13,Pending
BKG_00142,DLR_04,Harrier,Fearless,2026-03-15,Pending
BKG_00143,DLR_04,Harrier,Fearless,2026-03-15,Pending
BKG_00144,DLR_03,Harrier,Fearless,2026-04-01,Pending
BKG_00145,DLR_03,Harrier,Fearless,2026-03-21,Pending
BKG_00146,DLR_03,Harrier,Fearless,2026-03-28,Pending
BKG_00147,DLR_03,Harrier,Fearless,2026-03-27,Pending
BKG_00148,DLR_04,Harrier,Fearless,2026-03-27,Pending
BKG_00149,DLR_04,Harrier,Fearless,2026-04-01,Pending
BKG_00150,DLR_04,Harrier,Fearless,2026-03-23,Pending
BKG_00151,DLR_03,Harrier,Fearless,2026-03-20,Pending
BKG_00152,DLR_04,Harrier,Fearless,2026-03-31,Pending
BKG_00153,DLR_04,Harrier,Fearless,2026-03-31,Pending
BKG_00154,DLR_04,Harrier,Fearless,2026-03-23,Pending
BKG_00155,DLR_04,Harrier,Fearless,2026-03-17,Pending
BKG_00156,DLR_04,Harrier,Fearless,2026-03-11,Pending
BKG_00157,DLR_04,Harrier,Fearless,2026-03-09,Pending
BKG_00158,DLR_03,Harrier,Fearless,2026-03-04,Pending
BKG_00159,DLR_03,Harrier,Fearless,2026-03-09,Pending
BKG_00160,DLR_04,Harrier,Fearless,2026-03-09,Pending
BKG_00161,DLR_03,Harrier,Fearless,2026-03-23,Pending
BKG_00162,DLR_03,Harrier,Fearless,2026-03-28,Pending
BKG_00163,DLR_03,Harrier,Fearless,2026-03-18,Pending
BKG_00164,DLR_04,Harrier,Fearless,2026-03-26,Pending
BKG_00165,DLR_03,Harrier,Fearless,2026-03-16,Pending
BKG_00166,DLR_03,Harrier,Fearless,2026-03-31,Pending
BKG_00167,DLR_04,Harrier,Fearless,2026-03-07,Pending
BKG_00168,DLR_03,Harrier,Fearless,2026-03-29,Pending
BKG_00169,DLR_03,Harrier,Fearless,2026-04-01,Pending
BKG_00170,DLR_04,Harrier,Fearless,2026-03-07,Pending
BKG_00171,DLR_03,Harrier,Fearless,2026-03-07,Pending
BKG_00172,DLR_04,Harrier,Fearless,2026-04-01,Pending
BKG_00173,DLR_04,Harrier,Fearless,2026-03-27,Pending
BKG_00174,DLR_03,Harrier,Fearless,2026-03-30,Pending
BKG_00175,DLR_03,Harrier,Fearless,2026-03-12,Pending
BKG_00176,DLR_04,Harrier,Fearless,2026-03-24,Pending
BKG_00177,DLR_04,Harrier,Fearless,2026-03-27,Pending
BKG_00178,DLR_03,Harrier,Fearless,2026-03-29,Pending
BKG_00179,DLR_04,Harrier,Fearless,2026-03-08,Pending
BKG_00180,DLR_04,Harrier,Fearless,2026-03-24,Pending
BKG_00181,DLR_03,Harrier,Fearless,2026-03-08,Pending
BKG_00182,DLR_03,Harrier,Fearless,2026-03-31,Pending
BKG_00183,DLR_04,Harrier,Fearless,2026-03-09,Pending
BKG_00184,DLR_04,Harrier,Fearless,2026-03-11,Pending
BKG_00185,DLR_03,Harrier,Fearless,2026-03-09,Pending
BKG_00186,DLR_04,Harrier,Fearless,2026-03-18,Pending
BKG_00187,DLR_04,Harrier,Fearless,2026-03-08,Pending
BKG_00188,DLR_04,Harrier,Fearless,2026-03-12,Pending
BKG_00189,DLR_03,Harrier,Fearless,2026-03-20,Pending
BKG_00190,DLR_04,Harrier,Fearless,2026-03-29,Pending
BKG_00191,DLR_04,Harrier,Fearless,2026-03-20,Pending
BKG_00192,DLR_03,Harrier,Fearless,2026-03-04,Pending
BKG_00193,DLR_04,Harrier,Fearless,2026-03-15,Pending
BKG_00194,DLR_04,Harrier,Fearless,2026-03-03,Pending
BKG_00195,DLR_04,Harrier,Fearless,2026-03-05,Pending
BKG_00196,DLR_03,Harrier,Fearless,2026-03-30,Pending
BKG_00197,DLR_03,Harrier,Fearless,2026-03-30,Pending
BKG_00198,DLR_04,Harrier,Fearless,2026-03-14,Pending
BKG_00199,DLR_04,Harrier,Fearless,2026-03-21,Pending
BKG_00200,DLR_03,Harrier,Fearless,2026-03-12,Pending
BKG_00201,DLR_04,Harrier,Fearless,2026-03-18,Pending
BKG_00202,DLR_04,Harrier,Fearless,2026-03-18,Pending
BKG_00203,DLR_04,Harrier,Fearless,2026-03-25,Pending
BKG_00204,DLR_04,Harrier,Fearless,2026-03-20,Pending
BKG_00205,DLR_03,Harrier,Fearless,2026-03-30,Pending
BKG_00206,DLR_03,Harrier,Fearless,2026-03-20,Pending
BKG_00207,DLR_04,Harrier,Fearless,2026-03-27,Pending
BKG_00208,DLR_04,Harrier,Fearless,2026-03-10,Pending
BKG_00209,DLR_03,Harrier,Fearless,2026-03-28,Pending
BKG_00210,DLR_04,Harrier,Fearless,2026-03-17,Pending
BKG_00211,DLR_03,Harrier,Fearless,2026-03-03,Pending
BKG_00212,DLR_03,Harrier,Fearless,2026-03-20,Pending
BKG_00213,DLR_04,Harrier,Fearless,2026-03-05,Pending
BKG_00214,DLR_03,Harrier,Fearless,2026-03-21,Pending
BKG_00215,DLR_03,Harrier,Fearless,2026-03-20,Pending
BKG_00216,DLR_04,Harrier,Fearless,2026-03-18,Pending
BKG_00217,DLR_03,Harrier,Fearless,2026-03-24,Pending
BKG_00218,DLR_03,Harrier,Fearless,2026-03-08,Pending
BKG_00219,DLR_04,Harrier,Fearless,2026-03-04,Pending
BKG_00220,DLR_04,Harrier,Fearless,2026-03-29,Pending
BKG_00221,DLR_04,Harrier,Fearless,2026-03-30,Pending
BKG_00222,DLR_03,Harrier,Fearless,2026-03-30,Pending
BKG_00223,DLR_03,Harrier,Fearless,2026-03-19,Pending
BKG_00224,DLR_03,Harrier,Fearless,2026-03-19,Pending
BKG_00225,DLR_03,Harrier,Fearless,2026-03-10,Pending
BKG_00226,DLR_03,Harrier,Fearless,2026-03-22,Pending
BKG_00227,DLR_04,Harrier,Fearless,2026-03-22,Pending
BKG_00228,DLR_03,Harrier,Fearless,2026-03-30,Pending
BKG_00229,DLR_04,Harrier,Fearless,2026-03-11,Pending
BKG_00230,DLR_03,Harrier,Fearless,2026-03-04,Pending
BKG_00231,DLR_03,Harrier,Fearless,2026-03-28,Pending
BKG_00232,DLR_04,Harrier,Fearless,2026-03-27,Pending
BKG_00233,DLR_04,Harrier,Fearless,2026-03-09,Pending
BKG_00234,DLR_03,Harrier,Fearless,2026-03-30,Pending
BKG_00235,DLR_04,Harrier,Fearless,2026-03-20,Pending
BKG_00236,DLR_03,Harrier,Fearless,2026-03-26,Pending
BKG_00237,DLR_03,Harrier,Fearless,2026-03-24,Pending
BKG_00238,DLR_03,Harrier,Fearless,2026-03-07,Pending
BKG_00239,DLR_03,Harrier,Fearless,2026-03-10,Pending
BKG_00240,DLR_03,Harrier,Fearless,2026-03-17,Pending
BKG_00241,DLR_03,Harrier,Fearless,2026-03-04,Pending
BKG_00242,DLR_03,Harrier,Fearless,2026-03-23,Pending
BKG_00243,DLR_03,Harrier,Fearless,2026-03-22,Pending
BKG_00244,DLR_03,Harrier,Fearless,2026-03-03,Pending
BKG_00245,DLR_04,Harrier,Fearless,2026-03-22,Pending
BKG_00246,DLR_04,Harrier,Fearless,2026-03-11,Pending
BKG_00247,DLR_03,Harrier,Fearless,2026-03-07,Pending
BKG_00248,DLR_03,Harrier,Fearless,2026-03-08,Pending
BKG_00249,DLR_04,Harrier,Fearless,2026-03-24,Pending
BKG_00250,DLR_03,Harrier,Fearless,2026-03-19,Pending
BKG_00251,DLR_15,Harrier,Fearless,2026-03-29,Pending
BKG_00252,DLR_10,Safari,Fearless,2026-03-29,Pending
BKG_00253,DLR_12,Harrier,Creative,2026-03-09,Pending
BKG_00254,DLR_04,Tiago,Creative,2026-03-24,Pending
BKG_00255,DLR_08,Safari,Base,2026-03-25,Pending
BKG_00256,DLR_20,Safari,Creative,2026-03-24,Pending
BKG_00257,DLR_08,Nexon,Creative,2026-03-26,Pending
BKG_00258,DLR_01,Nexon,Fearless,2026-04-01,Pending
BKG_00259,DLR_19,Safari,Empowered,2026-03-24,Pending
BKG_00260,DLR_19,Harrier,Empowered,2026-03-10,Pending
BKG_00261,DLR_01,Tiago,Empowered,2026-03-18,Pending
BKG_00262,DLR_06,Safari,Creative,2026-03-15,Pending
BKG_00263,DLR_15,Tiago,Base,2026-03-16,Pending
BKG_00264,DLR_05,Tiago,Creative,2026-03-20,Pending
BKG_00265,DLR_03,Safari,Base,2026-03-21,Pending
BKG_00266,DLR_09,Punch,Creative,2026-03-07,Pending
BKG_00267,DLR_11,Harrier,Empowered,2026-03-30,Pending
BKG_00268,DLR_09,Harrier,Empowered,2026-03-20,Pending
BKG_00269,DLR_19,Safari,Creative,2026-03-15,Pending
BKG_00270,DLR_20,Safari,Fearless,2026-03-30,Pending
BKG_00271,DLR_18,Harrier,Base,2026-03-13,Pending
BKG_00272,DLR_11,Safari,Fearless,2026-03-27,Pending
BKG_00273,DLR_19,Punch,Fearless,2026-03-18,Pending
BKG_00274,DLR_11,Punch,Creative,2026-03-16,Pending
BKG_00275,DLR_08,Tiago,Creative,2026-03-19,Pending
BKG_00276,DLR_02,Punch,Empowered,2026-03-07,Pending
BKG_00277,DLR_08,Safari,Empowered,2026-03-27,Pending
BKG_00278,DLR_17,Nexon,Fearless,2026-03-28,Pending
BKG_00279,DLR_11,Nexon,Creative,2026-03-28,Pending
BKG_00280,DLR_01,Tiago,Fearless,2026-03-08,Pending
BKG_00281,DLR_19,Punch,Empowered,2026-03-05,Pending
BKG_00282,DLR_15,Harrier,Base,2026-03-28,Pending
BKG_00283,DLR_01,Harrier,Empowered,2026-03-12,Pending
BKG_00284,DLR_08,Tiago,Fearless,2026-03-06,Pending
BKG_00285,DLR_08,Punch,Base,2026-03-21,Pending
BKG_00286,DLR_11,Harrier,Creative,2026-03-28,Pending
BKG_00287,DLR_04,Harrier,Empowered,2026-03-22,Pending
BKG_00288,DLR_06,Harrier,Creative,2026-03-16,Pending
BKG_00289,DLR_08,Tiago,Creative,2026-03-20,Pending
BKG_00290,DLR_09,Safari,Fearless,2026-03-15,Pending
BKG_00291,DLR_05,Safari,Base,2026-03-22,Pending
BKG_00292,DLR_05,Punch,Empowered,2026-03-31,Pending
BKG_00293,DLR_13,Nexon,Base,2026-03-21,Pending
BKG_00294,DLR_11,Tiago,Base,2026-03-20,Pending
BKG_00295,DLR_04,Punch,Empowered,2026-03-21,Pending
BKG_00296,DLR_01,Tiago,Fearless,2026-03-29,Pending
BKG_00297,DLR_15,Harrier,Fearless,2026-03-05,Pending
BKG_00298,DLR_15,Nexon,Base,2026-03-16,Pending
BKG_00299,DLR_03,Harrier,Empowered,2026-03-22,Pending
BKG_00300,DLR_14,Tiago,Fearless,2026-03-13,Pending
BKG_00301,DLR_13,Tiago,Base,2026-03-12,Pending
BKG_00302,DLR_09,Punch,Empowered,2026-03-16,Pending
BKG_00303,DLR_06,Safari,Empowered,2026-03-17,Pending
BKG_00304,DLR_08,Punch,Fearless,2026-03-19,Pending
BKG_00305,DLR_10,Safari,Empowered,2026-03-14,Pending
BKG_00306,DLR_08,Punch,Base,2026-03-20,Pending
BKG_00307,DLR_10,Safari,Empowered,2026-03-25,Pending
BKG_00308,DLR_18,Punch,Creative,2026-03-12,Pending
BKG_00309,DLR_13,Nexon,Base,2026-03-22,Pending
BKG_00310,DLR_07,Harrier,Empowered,2026-03-05,Pending
BKG_00311,DLR_01,Punch,Empowered,2026-03-22,Pending
BKG_00312,DLR_20,Punch,Empowered,2026-04-01,Pending
BKG_00313,DLR_03,Harrier,Empowered,2026-03-09,Pending
BKG_00314,DLR_16,Punch,Creative,2026-03-14,Pending
BKG_00315,DLR_15,Punch,Empowered,2026-03-15,Pending
BKG_00316,DLR_09,Tiago,Base,2026-03-19,Pending
BKG_00317,DLR_20,Punch,Base,2026-03-14,Pending
BKG_00318,DLR_09,Harrier,Fearless,2026-03-10,Pending
BKG_00319,DLR_05,Punch,Base,2026-03-29,Pending
BKG_00320,DLR_06,Safari,Empowered,2026-03-30,Pending
BKG_00321,DLR_07,Harrier,Creative,2026-03-22,Pending
BKG_00322,DLR_03,Tiago,Fearless,2026-03-04,Pending
BKG_00323,DLR_05,Punch,Creative,2026-03-10,Pending
BKG_00324,DLR_12,Nexon,Creative,2026-03-10,Pending
BKG_00325,DLR_10,Harrier,Base,2026-03-30,Pending
BKG_00326,DLR_11,Punch,Fearless,2026-03-15,Pending
BKG_00327,DLR_18,Tiago,Base,2026-03-18,Pending
BKG_00328,DLR_08,Punch,Empowered,2026-03-21,Pending
BKG_00329,DLR_10,Safari,Creative,2026-03-25,Pending
BKG_00330,DLR_07,Harrier,Empowered,2026-03-22,Pending
BKG_00331,DLR_16,Punch,Fearless,2026-03-03,Pending
BKG_00332,DLR_18,Safari,Base,2026-04-01,Pending
BKG_00333,DLR_07,Nexon,Creative,2026-03-05,Pending
BKG_00334,DLR_02,Punch,Empowered,2026-04-01,Pending
BKG_00335,DLR_16,Tiago,Empowered,2026-03-13,Pending
BKG_00336,DLR_11,Nexon,Fearless,2026-03-19,Pending
BKG_00337,DLR_01,Tiago,Empowered,2026-03-21,Pending
BKG_00338,DLR_20,Nexon,Empowered,2026-03-15,Pending
BKG_00339,DLR_01,Nexon,Empowered,2026-04-01,Pending
BKG_00340,DLR_18,Tiago,Base,2026-03-31,Pending
BKG_00341,DLR_14,Punch,Empowered,2026-03-23,Pending
BKG_00342,DLR_18,Safari,Creative,2026-03-13,Pending
BKG_00343,DLR_04,Harrier,Base,2026-03-22,Pending
BKG_00344,DLR_18,Tiago,Empowered,2026-03-15,Pending
BKG_00345,DLR_16,Nexon,Creative,2026-03-30,Pending
BKG_00346,DLR_20,Punch,Base,2026-03-04,Pending
BKG_00347,DLR_07,Nexon,Fearless,2026-03-12,Pending
BKG_00348,DLR_01,Punch,Empowered,2026-04-01,Pending
BKG_00349,DLR_16,Punch,Base,2026-03-10,Pending
BKG_00350,DLR_03,Nexon,Fearless,2026-03-03,Pending
BKG_00351,DLR_11,Punch,Fearless,2026-03-22,Pending
BKG_00352,DLR_12,Tiago,Empowered,2026-03-23,Pending
BKG_00353,DLR_13,Harrier,Empowered,2026-03-20,Pending
BKG_00354,DLR_06,Safari,Empowered,2026-03-05,Pending
BKG_00355,DLR_13,Punch,Fearless,2026-03-13,Pending
BKG_00356,DLR_12,Nexon,Base,2026-03-06,Pending
BKG_00357,DLR_13,Safari,Fearless,2026-03-21,Pending
BKG_00358,DLR_06,Tiago,Empowered,2026-03-23,Pending
BKG_00359,DLR_04,Nexon,Empowered,2026-03-28,Pending
BKG_00360,DLR_07,Nexon,Base,2026-03-16,Pending
BKG_00361,DLR_09,Punch,Fearless,2026-03-04,Pending
BKG_00362,DLR_10,Nexon,Creative,2026-03-22,Pending
BKG_00363,DLR_08,Tiago,Empowered,2026-03-10,Pending
BKG_00364,DLR_11,Harrier,Fearless,2026-03-11,Pending
BKG_00365,DLR_06,Harrier,Base,2026-04-01,Pending
BKG_00366,DLR_08,Nexon,Empowered,2026-03-30,Pending
BKG_00367,DLR_18,Safari,Base,2026-03-08,Pending
BKG_00368,DLR_02,Safari,Base,2026-03-23,Pending
BKG_00369,DLR_01,Tiago,Base,2026-04-01,Pending
BKG_00370,DLR_14,Nexon,Empowered,2026-03-04,Pending
BKG_00371,DLR_20,Punch,Creative,2026-03-08,Pending
BKG_00372,DLR_07,Safari,Empowered,2026-03-23,Pending
BKG_00373,DLR_16,Harrier,Empowered,2026-03-30,Pending
BKG_00374,DLR_07,Nexon,Fearless,2026-03-22,Pending
BKG_00375,DLR_10,Tiago,Base,2026-03-05,Pending
BKG_00376,DLR_02,Tiago,Fearless,2026-04-01,Pending
BKG_00377,DLR_01,Nexon,Base,2026-03-19,Pending
BKG_00378,DLR_04,Safari,Empowered,2026-03-17,Pending
BKG_00379,DLR_11,Harrier,Empowered,2026-03-31,Pending
BKG_00380,DLR_01,Safari,Creative,2026-03-08,Pending
BKG_00381,DLR_03,Punch,Base,2026-03-13,Pending
BKG_00382,DLR_09,Tiago,Base,2026-03-23,Pending
BKG_00383,DLR_05,Tiago,Empowered,2026-03-29,Pending
BKG_00384,DLR_10,Safari,Empowered,2026-03-09,Pending
BKG_00385,DLR_13,Punch,Creative,2026-03-27,Pending
BKG_00386,DLR_04,Safari,Creative,2026-03-05,Pending
BKG_00387,DLR_09,Safari,Base,2026-03-08,Pending
BKG_00388,DLR_17,Tiago,Empowered,2026-03-23,Pending
BKG_00389,DLR_07,Tiago,Empowered,2026-03-21,Pending
BKG_00390,DLR_10,Punch,Fearless,2026-03-21,Pending
BKG_00391,DLR_10,Nexon,Fearless,2026-03-30,Pending
BKG_00392,DLR_10,Punch,Empowered,2026-03-14,Pending
BKG_00393,DLR_12,Nexon,Creative,2026-03-05,Pending
BKG_00394,DLR_06,Nexon,Empowered,2026-03-16,Pending
BKG_00395,DLR_06,Nexon,Base,2026-03-31,Pending
BKG_00396,DLR_15,Tiago,Empowered,2026-03-07,Pending
BKG_00397,DLR_17,Harrier,Creative,2026-03-03,Pending
BKG_00398,DLR_13,Safari,Fearless,2026-03-24,Pending
BKG_00399,DLR_10,Harrier,Creative,2026-03-07,Pending
BKG_00400,DLR_08,Safari,Empowered,2026-03-09,Pending
BKG_00401,DLR_11,Punch,Creative,2026-03-08,Pending
BKG_00402,DLR_17,Punch,Base,2026-03-03,Pending
BKG_00403,DLR_17,Punch,Creative,2026-03-21,Pending
BKG_00404,DLR_02,Harrier,Base,2026-03-12,Pending
BKG_00405,DLR_08,Harrier,Creative,2026-03-18,Pending
BKG_00406,DLR_02,Safari,Empowered,2026-03-27,Pending
BKG_00407,DLR_13,Punch,Base,2026-03-03,Pending
BKG_00408,DLR_05,Harrier,Creative,2026-03-28,Pending
BKG_00409,DLR_14,Safari,Fearless,2026-03-26,Pending
BKG_00410,DLR_11,Nexon,Fearless,2026-03-19,Pending
BKG_00411,DLR_14,Nexon,Fearless,2026-03-12,Pending
BKG_00412,DLR_04,Nexon,Empowered,2026-03-14,Pending
BKG_00413,DLR_03,Tiago,Fearless,2026-03-25,Pending
BKG_00414,DLR_11,Tiago,Empowered,2026-03-05,Pending
BKG_00415,DLR_14,Punch,Empowered,2026-03-15,Pending
BKG_00416,DLR_14,Nexon,Base,2026-03-16,Pending
BKG_00417,DLR_14,Safari,Fearless,2026-03-11,Pending
BKG_00418,DLR_08,Harrier,Empowered,2026-03-08,Pending
BKG_00419,DLR_17,Harrier,Creative,2026-03-04,Pending
BKG_00420,DLR_15,Tiago,Fearless,2026-03-30,Pending
BKG_00421,DLR_11,Nexon,Empowered,2026-03-31,Pending
BKG_00422,DLR_17,Punch,Creative,2026-03-17,Pending
BKG_00423,DLR_03,Nexon,Base,2026-03-26,Pending
BKG_00424,DLR_01,Tiago,Creative,2026-03-30,Pending
BKG_00425,DLR_05,Safari,Base,2026-03-21,Pending
BKG_00426,DLR_15,Harrier,Fearless,2026-03-03,Pending
BKG_00427,DLR_18,Nexon,Base,2026-03-18,Pending
BKG_00428,DLR_14,Nexon,Base,2026-03-15,Pending
BKG_00429,DLR_10,Safari,Fearless,2026-03-15,Pending
BKG_00430,DLR_16,Tiago,Fearless,2026-03-15,Pending
BKG_00431,DLR_20,Tiago,Fearless,2026-03-16,Pending
BKG_00432,DLR_04,Punch,Empowered,2026-03-06,Pending
BKG_00433,DLR_10,Tiago,Empowered,2026-03-20,Pending
BKG_00434,DLR_11,Harrier,Base,2026-03-31,Pending
BKG_00435,DLR_16,Punch,Creative,2026-03-20,Pending
BKG_00436,DLR_02,Safari,Base,2026-03-21,Pending
BKG_00437,DLR_18,Nexon,Fearless,2026-03-14,Pending
BKG_00438,DLR_11,Safari,Creative,2026-03-11,Pending
BKG_00439,DLR_13,Harrier,Empowered,2026-03-20,Pending
BKG_00440,DLR_05,Harrier,Fearless,2026-03-12,Pending
BKG_00441,DLR_15,Harrier,Fearless,2026-03-30,Pending
BKG_00442,DLR_20,Nexon,Creative,2026-03-08,Pending
BKG_00443,DLR_04,Safari,Empowered,2026-03-08,Pending
BKG_00444,DLR_01,Safari,Fearless,2026-03-15,Pending
BKG_00445,DLR_05,Safari,Creative,2026-03-15,Pending
BKG_00446,DLR_10,Harrier,Empowered,2026-03-29,Pending
BKG_00447,DLR_12,Tiago,Base,2026-03-28,Pending
BKG_00448,DLR_12,Nexon,Creative,2026-03-17,Pending
BKG_00449,DLR_10,Harrier,Fearless,2026-03-16,Pending
BKG_00450,DLR_08,Nexon,Fearless,2026-03-13,Pending
BKG_00451,DLR_12,Nexon,Base,2026-03-28,Pending
BKG_00452,DLR_06,Punch,Base,2026-03-16,Pending
BKG_00453,DLR_12,Safari,Creative,2026-03-19,Pending
BKG_00454,DLR_09,Safari,Empowered,2026-03-20,Pending
BKG_00455,DLR_16,Harrier,Fearless,2026-03-11,Pending
BKG_00456,DLR_07,Tiago,Empowered,2026-04-01,Pending
BKG_00457,DLR_10,Punch,Fearless,2026-03-12,Pending
BKG_00458,DLR_03,Harrier,Empowered,2026-03-06,Pending
BKG_00459,DLR_09,Nexon,Fearless,2026-03-31,Pending
BKG_00460,DLR_18,Safari,Empowered,2026-03-25,Pending
BKG_00461,DLR_05,Harrier,Base,2026-03-07,Pending
BKG_00462,DLR_04,Harrier,Creative,2026-03-08,Pending
BKG_00463,DLR_14,Tiago,Empowered,2026-03-31,Pending
BKG_00464,DLR_18,Punch,Creative,2026-03-13,Pending
BKG_00465,DLR_10,Tiago,Base,2026-03-08,Pending
BKG_00466,DLR_18,Harrier,Empowered,2026-03-06,Pending
BKG_00467,DLR_12,Nexon,Fearless,2026-03-22,Pending
BKG_00468,DLR_04,Tiago,Fearless,2026-03-19,Pending
BKG_00469,DLR_10,Safari,Base,2026-03-04,Pending
BKG_00470,DLR_12,Tiago,Base,2026-03-15,Pending
BKG_00471,DLR_17,Punch,Creative,2026-03-30,Pending
BKG_00472,DLR_01,Harrier,Empowered,2026-03-10,Pending
BKG_00473,DLR_10,Nexon,Base,2026-03-05,Pending
BKG_00474,DLR_15,Safari,Creative,2026-03-10,Pending
BKG_00475,DLR_04,Nexon,Fearless,2026-03-19,Pending
BKG_00476,DLR_17,Tiago,Base,2026-03-20,Pending
BKG_00477,DLR_02,Punch,Base,2026-03-30,Pending
BKG_00478,DLR_18,Punch,Creative,2026-03-24,Pending
BKG_00479,DLR_12,Harrier,Creative,2026-03-25,Pending
BKG_00480,DLR_16,Safari,Base,2026-03-05,Pending
BKG_00481,DLR_16,Safari,Empowered,2026-03-30,Pending
BKG_00482,DLR_19,Punch,Creative,2026-03-25,Pending
BKG_00483,DLR_15,Tiago,Base,2026-03-20,Pending
BKG_00484,DLR_06,Safari,Empowered,2026-03-09,Pending
BKG_00485,DLR_20,Safari,Empowered,2026-03-24,Pending
BKG_00486,DLR_19,Safari,Fearless,2026-03-10,Pending
BKG_00487,DLR_07,Nexon,Creative,2026-03-24,Pending
BKG_00488,DLR_13,Tiago,Fearless,2026-03-17,Pending
BKG_00489,DLR_09,Punch,Creative,2026-03-25,Pending
BKG_00490,DLR_10,Nexon,Base,2026-03-15,Pending
BKG_00491,DLR_13,Punch,Creative,2026-03-14,Pending
BKG_00492,DLR_04,Harrier,Creative,2026-03-28,Pending
BKG_00493,DLR_11,Punch,Base,2026-03-10,Pending
BKG_00494,DLR_17,Punch,Base,2026-03-25,Pending
BKG_00495,DLR_04,Punch,Empowered,2026-03-09,Pending
BKG_00496,DLR_06,Punch,Empowered,2026-03-21,Pending
BKG_00497,DLR_18,Safari,Fearless,2026-03-07,Pending
BKG_00498,DLR_10,Tiago,Fearless,2026-03-03,Pending
BKG_00499,DLR_11,Punch,Base,2026-03-28,Pending
BKG_00500,DLR_14,Tiago,Base,2026-03-16,Pending
BKG_00501,DLR_02,Tiago,Fearless,2026-03-28,Pending
BKG_00502,DLR_03,Harrier,Base,2026-03-03,Pending
BKG_00503,DLR_12,Tiago,Creative,2026-03-15,Pending
BKG_00504,DLR_01,Harrier,Fearless,2026-03-13,Pending
BKG_00505,DLR_11,Punch,Fearless,2026-03-04,Pending
BKG_00506,DLR_04,Tiago,Empowered,2026-03-17,Pending
BKG_00507,DLR_12,Tiago,Empowered,2026-03-12,Pending
BKG_00508,DLR_17,Nexon,Base,2026-03-26,Pending
BKG_00509,DLR_15,Safari,Empowered,2026-03-03,Pending
BKG_00510,DLR_17,Harrier,Empowered,2026-03-08,Pending
BKG_00511,DLR_04,Safari,Base,2026-03-22,Pending
BKG_00512,DLR_05,Safari,Creative,2026-03-06,Pending
BKG_00513,DLR_17,Harrier,Empowered,2026-03-25,Pending
BKG_00514,DLR_19,Tiago,Base,2026-03-14,Pending
BKG_00515,DLR_15,Tiago,Fearless,2026-03-16,Pending
BKG_00516,DLR_02,Punch,Creative,2026-03-12,Pending
BKG_00517,DLR_11,Punch,Base,2026-03-26,Pending
BKG_00518,DLR_10,Harrier,Fearless,2026-03-24,Pending
BKG_00519,DLR_19,Nexon,Fearless,2026-03-10,Pending
BKG_00520,DLR_02,Punch,Base,2026-03-27,Pending
BKG_00521,DLR_14,Safari,Creative,2026-03-12,Pending
BKG_00522,DLR_19,Harrier,Creative,2026-03-24,Pending
BKG_00523,DLR_12,Safari,Empowered,2026-03-23,Pending
BKG_00524,DLR_02,Safari,Empowered,2026-03-13,Pending
BKG_00525,DLR_09,Safari,Fearless,2026-03-27,Pending
BKG_00526,DLR_15,Punch,Base,2026-03-15,Pending
BKG_00527,DLR_16,Tiago,Creative,2026-03-28,Pending
BKG_00528,DLR_07,Tiago,Creative,2026-04-01,Pending
BKG_00529,DLR_03,Punch,Base,2026-04-01,Pending
BKG_00530,DLR_16,Safari,Fearless,2026-03-22,Pending
BKG_00531,DLR_05,Nexon,Base,2026-03-15,Pending
BKG_00532,DLR_08,Tiago,Creative,2026-03-27,Pending
BKG_00533,DLR_01,Nexon,Empowered,2026-03-15,Pending
BKG_00534,DLR_18,Harrier,Base,2026-03-24,Pending
BKG_00535,DLR_01,Harrier,Empowered,2026-03-30,Pending
BKG_00536,DLR_17,Safari,Creative,2026-03-18,Pending
BKG_00537,DLR_17,Tiago,Fearless,2026-03-29,Pending
BKG_00538,DLR_15,Tiago,Fearless,2026-03-24,Pending
BKG_00539,DLR_15,Harrier,Creative,2026-03-27,Pending
BKG_00540,DLR_15,Safari,Fearless,2026-03-27,Pending
BKG_00541,DLR_11,Safari,Fearless,2026-03-09,Pending
BKG_00542,DLR_06,Nexon,Creative,2026-03-20,Pending
BKG_00543,DLR_19,Punch,Empowered,2026-03-17,Pending
BKG_00544,DLR_18,Safari,Empowered,2026-03-12,Pending
BKG_00545,DLR_17,Harrier,Creative,2026-04-01,Pending
BKG_00546,DLR_18,Punch,Creative,2026-03-24,Pending
BKG_00547,DLR_05,Punch,Creative,2026-03-09,Pending
BKG_00548,DLR_03,Nexon,Base,2026-03-18,Pending
BKG_00549,DLR_17,Nexon,Fearless,2026-03-17,Pending
BKG_00550,DLR_07,Nexon,Creative,2026-03-26,Pending
BKG_00551,DLR_11,Harrier,Empowered,2026-03-13,Pending
BKG_00552,DLR_18,Harrier,Creative,2026-03-20,Pending
BKG_00553,DLR_15,Tiago,Base,2026-03-25,Pending
BKG_00554,DLR_19,Safari,Base,2026-03-26,Pending
BKG_00555,DLR_10,Nexon,Fearless,2026-03-14,Pending
BKG_00556,DLR_06,Punch,Creative,2026-03-31,Pending
BKG_00557,DLR_17,Harrier,Creative,2026-03-19,Pending
BKG_00558,DLR_05,Harrier,Fearless,2026-03-09,Pending
BKG_00559,DLR_13,Nexon,Fearless,2026-03-04,Pending
BKG_00560,DLR_15,Nexon,Creative,2026-03-03,Pending
BKG_00561,DLR_20,Harrier,Base,2026-03-24,Pending
BKG_00562,DLR_02,Harrier,Fearless,2026-03-20,Pending
BKG_00563,DLR_10,Nexon,Empowered,2026-03-27,Pending
BKG_00564,DLR_03,Safari,Creative,2026-03-29,Pending
BKG_00565,DLR_02,Punch,Creative,2026-03-05,Pending
BKG_00566,DLR_04,Safari,Empowered,2026-03-15,Pending
BKG_00567,DLR_08,Nexon,Base,2026-03-17,Pending
BKG_00568,DLR_04,Harrier,Base,2026-03-24,Pending
BKG_00569,DLR_07,Safari,Creative,2026-03-18,Pending
BKG_00570,DLR_06,Harrier,Creative,2026-03-13,Pending
BKG_00571,DLR_05,Tiago,Empowered,2026-03-23,Pending
BKG_00572,DLR_08,Safari,Creative,2026-03-20,Pending
BKG_00573,DLR_01,Harrier,Creative,2026-03-11,Pending
BKG_00574,DLR_11,Harrier,Creative,2026-03-12,Pending
BKG_00575,DLR_03,Tiago,Empowered,2026-03-04,Pending
BKG_00576,DLR_20,Nexon,Fearless,2026-03-05,Pending
BKG_00577,DLR_02,Punch,Empowered,2026-03-23,Pending
BKG_00578,DLR_17,Safari,Fearless,2026-03-24,Pending
BKG_00579,DLR_13,Safari,Creative,2026-03-17,Pending
BKG_00580,DLR_03,Nexon,Fearless,2026-03-10,Pending
BKG_00581,DLR_13,Safari,Fearless,2026-03-05,Pending
BKG_00582,DLR_01,Harrier,Base,2026-03-04,Pending
BKG_00583,DLR_03,Tiago,Creative,2026-03-18,Pending
BKG_00584,DLR_07,Harrier,Empowered,2026-03-03,Pending
BKG_00585,DLR_19,Nexon,Fearless,2026-03-28,Pending
BKG_00586,DLR_12,Harrier,Creative,2026-03-29,Pending
BKG_00587,DLR_15,Tiago,Creative,2026-03-26,Pending
BKG_00588,DLR_18,Tiago,Empowered,2026-03-28,Pending
BKG_00589,DLR_14,Harrier,Base,2026-03-07,Pending
BKG_00590,DLR_17,Nexon,Fearless,2026-03-16,Pending
BKG_00591,DLR_16,Harrier,Creative,2026-03-23,Pending
BKG_00592,DLR_07,Tiago,Base,2026-03-16,Pending
BKG_00593,DLR_10,Nexon,Empowered,2026-03-25,Pending
BKG_00594,DLR_09,Safari,Base,2026-03-26,Pending
BKG_00595,DLR_17,Nexon,Fearless,2026-03-22,Pending
BKG_00596,DLR_20,Safari,Fearless,2026-03-17,Pending
BKG_00597,DLR_10,Nexon,Fearless,2026-03-27,Pending
BKG_00598,DLR_13,Safari,Fearless,2026-03-15,Pending
BKG_00599,DLR_04,Safari,Fearless,2026-03-29,Pending
BKG_00600,DLR_06,Safari,Fearless,2026-03-18,Pending
BKG_00601,DLR_05,Nexon,Fearless,2026-03-17,Pending
BKG_00602,DLR_02,Punch,Creative,2026-03-25,Pending
BKG_00603,DLR_14,Safari,Base,2026-03-14,Pending
BKG_00604,DLR_08,Nexon,Base,2026-03-24,Pending
BKG_00605,DLR_12,Tiago,Empowered,2026-04-01,Pending
BKG_00606,DLR_03,Tiago,Fearless,2026-04-01,Pending
BKG_00607,DLR_11,Harrier,Empowered,2026-03-05,Pending
BKG_00608,DLR_17,Harrier,Base,2026-03-16,Pending
BKG_00609,DLR_12,Punch,Base,2026-03-08,Pending
BKG_00610,DLR_05,Safari,Empowered,2026-03-13,Pending
BKG_00611,DLR_06,Harrier,Fearless,2026-03-09,Pending
BKG_00612,DLR_14,Harrier,Empowered,2026-03-04,Pending
BKG_00613,DLR_15,Nexon,Fearless,2026-03-18,Pending
BKG_00614,DLR_07,Harrier,Empowered,2026-03-10,Pending
BKG_00615,DLR_06,Punch,Empowered,2026-03-30,Pending
BKG_00616,DLR_03,Tiago,Fearless,2026-03-30,Pending
BKG_00617,DLR_14,Punch,Empowered,2026-03-05,Pending
BKG_00618,DLR_14,Nexon,Fearless,2026-03-17,Pending
BKG_00619,DLR_18,Punch,Base,2026-03-09,Pending
BKG_00620,DLR_15,Punch,Base,2026-03-24,Pending
BKG_00621,DLR_20,Punch,Base,2026-03-25,Pending
BKG_00622,DLR_03,Tiago,Fearless,2026-04-01,Pending
BKG_00623,DLR_04,Nexon,Creative,2026-03-16,Pending
BKG_00624,DLR_19,Safari,Creative,2026-03-25,Pending
BKG_00625,DLR_14,Punch,Empowered,2026-03-04,Pending
BKG_00626,DLR_01,Safari,Fearless,2026-03-30,Pending
BKG_00627,DLR_18,Punch,Base,2026-03-06,Pending
BKG_00628,DLR_06,Nexon,Base,2026-03-28,Pending
BKG_00629,DLR_19,Nexon,Empowered,2026-03-31,Pending
BKG_00630,DLR_03,Safari,Fearless,2026-03-27,Pending
BKG_00631,DLR_09,Nexon,Empowered,2026-03-16,Pending
BKG_00632,DLR_19,Harrier,Empowered,2026-03-31,Pending
BKG_00633,DLR_01,Nexon,Fearless,2026-03-17,Pending
BKG_00634,DLR_07,Nexon,Empowered,2026-03-17,Pending
BKG_00635,DLR_16,Safari,Empowered,2026-03-15,Pending
BKG_00636,DLR_12,Nexon,Creative,2026-03-07,Pending
BKG_00637,DLR_10,Nexon,Fearless,2026-03-13,Pending
BKG_00638,DLR_17,Safari,Creative,2026-03-26,Pending
BKG_00639,DLR_19,Punch,Empowered,2026-03-27,Pending
BKG_00640,DLR_12,Tiago,Fearless,2026-03-04,Pending
BKG_00641,DLR_03,Punch,Empowered,2026-03-21,Pending
BKG_00642,DLR_17,Punch,Base,2026-03-29,Pending
BKG_00643,DLR_07,Tiago,Creative,2026-03-11,Pending
BKG_00644,DLR_07,Nexon,Empowered,2026-03-21,Pending
BKG_00645,DLR_09,Nexon,Base,2026-03-27,Pending
BKG_00646,DLR_07,Tiago,Fearless,2026-03-11,Pending
BKG_00647,DLR_09,Tiago,Empowered,2026-03-18,Pending
BKG_00648,DLR_13,Tiago,Base,2026-03-06,Pending
BKG_00649,DLR_06,Punch,Base,2026-03-15,Pending
BKG_00650,DLR_06,Punch,Base,2026-03-10,Pending
BKG_00651,DLR_09,Safari,Empowered,2026-03-31,Pending
BKG_00652,DLR_20,Punch,Empowered,2026-04-01,Pending
BKG_00653,DLR_12,Punch,Creative,2026-03-24,Pending
BKG_00654,DLR_03,Nexon,Fearless,2026-03-04,Pending
BKG_00655,DLR_18,Punch,Base,2026-03-04,Pending
BKG_00656,DLR_12,Tiago,Empowered,2026-03-12,Pending
BKG_00657,DLR_06,Harrier,Fearless,2026-03-13,Pending
BKG_00658,DLR_18,Nexon,Creative,2026-03-20,Pending
BKG_00659,DLR_07,Harrier,Creative,2026-03-07,Pending
BKG_00660,DLR_10,Nexon,Empowered,2026-03-20,Pending
BKG_00661,DLR_19,Harrier,Creative,2026-03-04,Pending
BKG_00662,DLR_01,Harrier,Fearless,2026-03-20,Pending
BKG_00663,DLR_14,Nexon,Fearless,2026-03-23,Pending
BKG_00664,DLR_02,Harrier,Empowered,2026-03-31,Pending
BKG_00665,DLR_14,Punch,Fearless,2026-03-16,Pending
BKG_00666,DLR_07,Punch,Fearless,2026-03-11,Pending
BKG_00667,DLR_20,Safari,Fearless,2026-03-17,Pending
BKG_00668,DLR_06,Punch,Creative,2026-03-05,Pending
BKG_00669,DLR_07,Safari,Base,2026-03-10,Pending
BKG_00670,DLR_02,Harrier,Creative,2026-03-08,Pending
BKG_00671,DLR_12,Harrier,Fearless,2026-03-31,Pending
BKG_00672,DLR_16,Nexon,Empowered,2026-03-05,Pending
BKG_00673,DLR_04,Harrier,Empowered,2026-03-06,Pending
BKG_00674,DLR_06,Punch,Fearless,2026-03-12,Pending
BKG_00675,DLR_17,Nexon,Empowered,2026-03-09,Pending
BKG_00676,DLR_17,Tiago,Base,2026-03-13,Pending
BKG_00677,DLR_05,Tiago,Base,2026-03-24,Pending
BKG_00678,DLR_12,Harrier,Base,2026-03-05,Pending
BKG_00679,DLR_13,Harrier,Fearless,2026-03-18,Pending
BKG_00680,DLR_09,Nexon,Empowered,2026-03-19,Pending
BKG_00681,DLR_07,Tiago,Creative,2026-03-22,Pending
BKG_00682,DLR_09,Tiago,Creative,2026-03-26,Pending
BKG_00683,DLR_07,Nexon,Creative,2026-03-03,Pending
BKG_00684,DLR_06,Tiago,Creative,2026-03-11,Pending
BKG_00685,DLR_07,Safari,Creative,2026-04-01,Pending
BKG_00686,DLR_08,Safari,Creative,2026-03-29,Pending
BKG_00687,DLR_05,Nexon,Empowered,2026-03-18,Pending
BKG_00688,DLR_15,Harrier,Creative,2026-03-22,Pending
BKG_00689,DLR_16,Nexon,Fearless,2026-03-30,Pending
BKG_00690,DLR_11,Nexon,Creative,2026-03-23,Pending
BKG_00691,DLR_15,Tiago,Fearless,2026-03-17,Pending
BKG_00692,DLR_06,Harrier,Creative,2026-03-30,Pending
BKG_00693,DLR_08,Safari,Fearless,2026-03-05,Pending
BKG_00694,DLR_20,Punch,Fearless,2026-03-09,Pending
BKG_00695,DLR_20,Nexon,Base,2026-03-29,Pending
BKG_00696,DLR_03,Harrier,Fearless,2026-03-23,Pending
BKG_00697,DLR_18,Safari,Creative,2026-03-08,Pending
BKG_00698,DLR_08,Punch,Fearless,2026-03-24,Pending
BKG_00699,DLR_12,Tiago,Empowered,2026-03-07,Pending
BKG_00700,DLR_19,Nexon,Empowered,2026-03-03,Pending
BKG_00701,DLR_09,Harrier,Empowered,2026-03-27,Pending
BKG_00702,DLR_04,Nexon,Creative,2026-03-04,Pending
BKG_00703,DLR_04,Nexon,Base,2026-03-26,Pending
BKG_00704,DLR_05,Tiago,Fearless,2026-03-24,Pending
BKG_00705,DLR_14,Harrier,Empowered,2026-04-01,Pending
BKG_00706,DLR_05,Tiago,Empowered,2026-03-04,Pending
BKG_00707,DLR_16,Punch,Creative,2026-03-29,Pending
BKG_00708,DLR_05,Harrier,Empowered,2026-03-14,Pending
BKG_00709,DLR_02,Safari,Base,2026-03-10,Pending
BKG_00710,DLR_05,Punch,Creative,2026-03-22,Pending
BKG_00711,DLR_14,Punch,Fearless,2026-03-19,Pending
BKG_00712,DLR_10,Nexon,Base,2026-03-03,Pending
BKG_00713,DLR_07,Nexon,Base,2026-03-22,Pending
BKG_00714,DLR_17,Nexon,Base,2026-03-23,Pending
BKG_00715,DLR_11,Harrier,Fearless,2026-03-29,Pending
BKG_00716,DLR_09,Punch,Creative,2026-04-01,Pending
BKG_00717,DLR_04,Safari,Base,2026-03-08,Pending
BKG_00718,DLR_02,Safari,Fearless,2026-03-26,Pending
BKG_00719,DLR_06,Safari,Empowered,2026-03-26,Pending
BKG_00720,DLR_12,Harrier,Fearless,2026-03-03,Pending
BKG_00721,DLR_14,Safari,Creative,2026-03-30,Pending
BKG_00722,DLR_04,Nexon,Base,2026-03-16,Pending
BKG_00723,DLR_09,Harrier,Creative,2026-03-04,Pending
BKG_00724,DLR_12,Punch,Empowered,2026-04-01,Pending
BKG_00725,DLR_07,Punch,Creative,2026-03-26,Pending
BKG_00726,DLR_09,Tiago,Creative,2026-03-31,Pending
BKG_00727,DLR_18,Tiago,Creative,2026-03-26,Pending
BKG_00728,DLR_03,Harrier,Creative,2026-03-28,Pending
BKG_00729,DLR_19,Tiago,Fearless,2026-03-25,Pending
BKG_00730,DLR_04,Tiago,Creative,2026-03-27,Pending
BKG_00731,DLR_18,Safari,Fearless,2026-03-23,Pending
BKG_00732,DLR_12,Safari,Creative,2026-03-16,Pending
BKG_00733,DLR_17,Harrier,Base,2026-03-12,Pending
BKG_00734,DLR_08,Tiago,Empowered,2026-03-11,Pending
BKG_00735,DLR_14,Safari,Creative,2026-03-10,Pending
BKG_00736,DLR_02,Punch,Creative,2026-03-15,Pending
BKG_00737,DLR_01,Tiago,Empowered,2026-03-03,Pending
BKG_00738,DLR_18,Safari,Empowered,2026-03-26,Pending
BKG_00739,DLR_08,Nexon,Empowered,2026-03-08,Pending
BKG_00740,DLR_04,Tiago,Creative,2026-03-24,Pending
BKG_00741,DLR_19,Harrier,Creative,2026-03-13,Pending
BKG_00742,DLR_16,Nexon,Creative,2026-03-22,Pending
BKG_00743,DLR_06,Tiago,Creative,2026-03-24,Pending
BKG_00744,DLR_08,Punch,Fearless,2026-03-29,Pending
BKG_00745,DLR_07,Harrier,Fearless,2026-03-07,Pending
BKG_00746,DLR_20,Safari,Fearless,2026-03-27,Pending
BKG_00747,DLR_16,Tiago,Creative,2026-03-12,Pending
BKG_00748,DLR_02,Nexon,Creative,2026-03-27,Pending
BKG_00749,DLR_13,Punch,Empowered,2026-03-08,Pending
BKG_00750,DLR_06,Harrier,Empowered,2026-03-06,Pending
BKG_00751,DLR_08,Nexon,Fearless,2026-03-20,Pending
BKG_00752,DLR_09,Safari,Creative,2026-03-24,Pending
BKG_00753,DLR_11,Punch,Base,2026-03-08,Pending
BKG_00754,DLR_06,Tiago,Base,2026-03-03,Pending
BKG_00755,DLR_20,Nexon,Fearless,2026-03-17,Pending
BKG_00756,DLR_02,Harrier,Base,2026-03-06,Pending
BKG_00757,DLR_14,Nexon,Empowered,2026-03-16,Pending
BKG_00758,DLR_08,Harrier,Creative,2026-03-29,Pending
BKG_00759,DLR_16,Tiago,Creative,2026-03-23,Pending
BKG_00760,DLR_11,Tiago,Creative,2026-03-08,Pending
BKG_00761,DLR_18,Safari,Creative,2026-03-26,Pending
BKG_00762,DLR_19,Punch,Empowered,2026-03-17,Pending
BKG_00763,DLR_02,Safari,Creative,2026-03-05,Pending
BKG_00764,DLR_04,Safari,Fearless,2026-03-29,Pending
BKG_00765,DLR_02,Harrier,Fearless,2026-03-17,Pending
BKG_00766,DLR_07,Harrier,Base,2026-03-29,Pending
BKG_00767,DLR_17,Harrier,Creative,2026-03-08,Pending
BKG_00768,DLR_06,Nexon,Creative,2026-03-31,Pending
BKG_00769,DLR_09,Punch,Base,2026-03-24,Pending
BKG_00770,DLR_20,Safari,Fearless,2026-03-29,Pending
BKG_00771,DLR_16,Safari,Base,2026-03-28,Pending
BKG_00772,DLR_08,Nexon,Base,2026-03-29,Pending
BKG_00773,DLR_04,Punch,Empowered,2026-03-31,Pending
BKG_00774,DLR_07,Nexon,Creative,2026-03-17,Pending
BKG_00775,DLR_10,Nexon,Creative,2026-03-26,Pending
BKG_00776,DLR_19,Safari,Creative,2026-04-01,Pending
BKG_00777,DLR_16,Nexon,Empowered,2026-03-25,Pending
BKG_00778,DLR_12,Punch,Fearless,2026-03-16,Pending
BKG_00779,DLR_16,Punch,Fearless,2026-03-17,Pending
BKG_00780,DLR_01,Harrier,Empowered,2026-03-25,Pending
BKG_00781,DLR_08,Punch,Fearless,2026-03-12,Pending
BKG_00782,DLR_16,Tiago,Empowered,2026-03-07,Pending
BKG_00783,DLR_12,Safari,Fearless,2026-03-16,Pending
BKG_00784,DLR_04,Punch,Fearless,2026-03-06,Pending
BKG_00785,DLR_02,Harrier,Creative,2026-03-11,Pending
BKG_00786,DLR_09,Punch,Creative,2026-03-26,Pending
BKG_00787,DLR_03,Safari,Base,2026-03-10,Pending
BKG_00788,DLR_11,Safari,Fearless,2026-03-26,Pending
BKG_00789,DLR_17,Harrier,Creative,2026-03-09,Pending
BKG_00790,DLR_11,Harrier,Base,2026-03-31,Pending
BKG_00791,DLR_07,Harrier,Creative,2026-03-07,Pending
BKG_00792,DLR_16,Nexon,Creative,2026-03-14,Pending
BKG_00793,DLR_14,Tiago,Fearless,2026-03-03,Pending
BKG_00794,DLR_09,Nexon,Fearless,2026-03-10,Pending
BKG_00795,DLR_08,Punch,Base,2026-03-13,Pending
BKG_00796,DLR_19,Harrier,Empowered,2026-03-27,Pending
BKG_00797,DLR_09,Nexon,Creative,2026-03-12,Pending
BKG_00798,DLR_17,Harrier,Base,2026-03-24,Pending
BKG_00799,DLR_20,Tiago,Creative,2026-03-23,Pending
BKG_00800,DLR_08,Safari,Empowered,2026-03-31,Pending
BKG_00801,DLR_06,Nexon,Fearless,2026-03-14,Pending
BKG_00802,DLR_01,Tiago,Fearless,2026-03-20,Pending
BKG_00803,DLR_08,Punch,Empowered,2026-03-05,Pending
BKG_00804,DLR_11,Tiago,Empowered,2026-03-19,Pending
BKG_00805,DLR_08,Nexon,Fearless,2026-03-21,Pending
BKG_00806,DLR_18,Punch,Base,2026-03-23,Pending
BKG_00807,DLR_14,Tiago,Creative,2026-03-09,Pending
BKG_00808,DLR_19,Tiago,Empowered,2026-03-17,Pending
BKG_00809,DLR_10,Harrier,Empowered,2026-03-24,Pending
BKG_00810,DLR_04,Nexon,Creative,2026-03-10,Pending
BKG_00811,DLR_06,Safari,Empowered,2026-03-29,Pending
BKG_00812,DLR_10,Nexon,Base,2026-03-12,Pending
BKG_00813,DLR_13,Nexon,Fearless,2026-03-13,Pending
BKG_00814,DLR_18,Punch,Creative,2026-03-27,Pending
BKG_00815,DLR_13,Safari,Fearless,2026-03-30,Pending
BKG_00816,DLR_13,Tiago,Base,2026-03-20,Pending
BKG_00817,DLR_08,Harrier,Empowered,2026-03-19,Pending
BKG_00818,DLR_09,Safari,Base,2026-03-13,Pending
BKG_00819,DLR_06,Harrier,Empowered,2026-03-06,Pending
BKG_00820,DLR_05,Nexon,Empowered,2026-03-19,Pending
BKG_00821,DLR_09,Tiago,Empowered,2026-03-04,Pending
BKG_00822,DLR_06,Harrier,Creative,2026-03-09,Pending
BKG_00823,DLR_01,Safari,Fearless,2026-03-12,Pending
BKG_00824,DLR_15,Nexon,Base,2026-03-20,Pending
BKG_00825,DLR_18,Nexon,Creative,2026-03-12,Pending
BKG_00826,DLR_20,Tiago,Creative,2026-03-05,Pending
BKG_00827,DLR_02,Punch,Base,2026-03-13,Pending
BKG_00828,DLR_10,Punch,Creative,2026-03-15,Pending
BKG_00829,DLR_19,Safari,Fearless,2026-03-19,Pending
BKG_00830,DLR_05,Nexon,Fearless,2026-03-22,Pending
BKG_00831,DLR_18,Harrier,Fearless,2026-03-23,Pending
BKG_00832,DLR_18,Safari,Fearless,2026-03-16,Pending
BKG_00833,DLR_17,Nexon,Empowered,2026-03-06,Pending
BKG_00834,DLR_07,Nexon,Fearless,2026-03-07,Pending
BKG_00835,DLR_18,Harrier,Base,2026-03-20,Pending
BKG_00836,DLR_11,Tiago,Empowered,2026-03-25,Pending
BKG_00837,DLR_13,Harrier,Creative,2026-03-09,Pending
BKG_00838,DLR_05,Punch,Fearless,2026-03-29,Pending
BKG_00839,DLR_18,Harrier,Base,2026-03-10,Pending
BKG_00840,DLR_19,Nexon,Empowered,2026-03-05,Pending
BKG_00841,DLR_01,Nexon,Base,2026-03-29,Pending
BKG_00842,DLR_17,Tiago,Fearless,2026-03-21,Pending
BKG_00843,DLR_20,Harrier,Base,2026-03-22,Pending
BKG_00844,DLR_15,Tiago,Base,2026-03-16,Pending
BKG_00845,DLR_09,Tiago,Empowered,2026-03-23,Pending
BKG_00846,DLR_07,Harrier,Empowered,2026-03-13,Pending
BKG_00847,DLR_07,Punch,Empowered,2026-03-07,Pending
BKG_00848,DLR_17,Harrier,Creative,2026-03-20,Pending
BKG_00849,DLR_12,Safari,Empowered,2026-03-30,Pending
BKG_00850,DLR_02,Tiago,Empowered,2026-03-21,Pending
BKG_00851,DLR_16,Tiago,Creative,2026-03-20,Pending
BKG_00852,DLR_09,Nexon,Fearless,2026-03-24,Pending
BKG_00853,DLR_13,Nexon,Empowered,2026-03-16,Pending
BKG_00854,DLR_04,Punch,Base,2026-03-15,Pending
BKG_00855,DLR_09,Punch,Creative,2026-03-25,Pending
BKG_00856,DLR_16,Nexon,Creative,2026-03-22,Pending
BKG_00857,DLR_07,Harrier,Empowered,2026-03-27,Pending
BKG_00858,DLR_08,Safari,Base,2026-03-18,Pending
BKG_00859,DLR_12,Safari,Fearless,2026-03-10,Pending
BKG_00860,DLR_16,Safari,Base,2026-03-21,Pending
BKG_00861,DLR_08,Tiago,Creative,2026-03-24,Pending
BKG_00862,DLR_18,Harrier,Base,2026-03-16,Pending
BKG_00863,DLR_06,Nexon,Empowered,2026-03-21,Pending
BKG_00864,DLR_08,Harrier,Empowered,2026-03-10,Pending
BKG_00865,DLR_07,Nexon,Empowered,2026-03-17,Pending
BKG_00866,DLR_18,Tiago,Creative,2026-03-28,Pending
BKG_00867,DLR_12,Tiago,Empowered,2026-03-09,Pending
BKG_00868,DLR_10,Harrier,Fearless,2026-03-21,Pending
BKG_00869,DLR_20,Punch,Empowered,2026-03-15,Pending
BKG_00870,DLR_18,Tiago,Base,2026-03-30,Pending
BKG_00871,DLR_11,Safari,Creative,2026-03-28,Pending
BKG_00872,DLR_10,Harrier,Fearless,2026-03-10,Pending
BKG_00873,DLR_11,Safari,Base,2026-03-15,Pending
BKG_00874,DLR_14,Safari,Empowered,2026-03-28,Pending
BKG_00875,DLR_12,Harrier,Fearless,2026-03-09,Pending
BKG_00876,DLR_16,Harrier,Fearless,2026-03-14,Pending
BKG_00877,DLR_05,Punch,Empowered,2026-03-12,Pending
BKG_00878,DLR_14,Nexon,Base,2026-03-07,Pending
BKG_00879,DLR_19,Harrier,Creative,2026-03-20,Pending
BKG_00880,DLR_02,Safari,Base,2026-03-20,Pending
BKG_00881,DLR_20,Punch,Creative,2026-03-10,Pending
BKG_00882,DLR_04,Tiago,Creative,2026-03-08,Pending
BKG_00883,DLR_15,Nexon,Base,2026-03-22,Pending
BKG_00884,DLR_13,Nexon,Base,2026-03-04,Pending
BKG_00885,DLR_03,Punch,Empowered,2026-03-10,Pending
BKG_00886,DLR_20,Harrier,Creative,2026-03-25,Pending
BKG_00887,DLR_08,Safari,Empowered,2026-03-23,Pending
BKG_00888,DLR_19,Nexon,Empowered,2026-03-31,Pending
BKG_00889,DLR_06,Tiago,Creative,2026-03-18,Pending
BKG_00890,DLR_15,Punch,Fearless,2026-03-09,Pending
BKG_00891,DLR_03,Punch,Empowered,2026-03-08,Pending
BKG_00892,DLR_14,Punch,Empowered,2026-03-16,Pending
BKG_00893,DLR_20,Harrier,Fearless,2026-03-27,Pending
BKG_00894,DLR_03,Nexon,Creative,2026-03-04,Pending
BKG_00895,DLR_17,Safari,Fearless,2026-04-01,Pending
BKG_00896,DLR_18,Nexon,Base,2026-03-20,Pending
BKG_00897,DLR_19,Safari,Base,2026-03-03,Pending
BKG_00898,DLR_08,Safari,Base,2026-03-07,Pending
BKG_00899,DLR_11,Punch,Fearless,2026-03-04,Pending
BKG_00900,DLR_18,Nexon,Base,2026-03-25,Pending
BKG_00901,DLR_14,Punch,Base,2026-03-16,Pending
BKG_00902,DLR_01,Nexon,Empowered,2026-03-05,Pending
BKG_00903,DLR_05,Tiago,Base,2026-03-03,Pending
BKG_00904,DLR_03,Punch,Empowered,2026-03-08,Pending
BKG_00905,DLR_08,Harrier,Base,2026-03-10,Pending
BKG_00906,DLR_15,Punch,Fearless,2026-03-03,Pending
BKG_00907,DLR_03,Harrier,Fearless,2026-03-18,Pending
BKG_00908,DLR_10,Punch,Base,2026-03-07,Pending
BKG_00909,DLR_18,Safari,Creative,2026-03-17,Pending
BKG_00910,DLR_11,Punch,Empowered,2026-03-11,Pending
BKG_00911,DLR_04,Safari,Creative,2026-03-31,Pending
BKG_00912,DLR_06,Nexon,Empowered,2026-03-27,Pending
BKG_00913,DLR_11,Nexon,Fearless,2026-03-13,Pending
BKG_00914,DLR_13,Tiago,Creative,2026-03-26,Pending
BKG_00915,DLR_16,Safari,Fearless,2026-03-03,Pending
BKG_00916,DLR_03,Punch,Empowered,2026-03-15,Pending
BKG_00917,DLR_20,Safari,Base,2026-03-15,Pending
BKG_00918,DLR_09,Tiago,Creative,2026-03-06,Pending
BKG_00919,DLR_16,Nexon,Fearless,2026-03-20,Pending
BKG_00920,DLR_04,Nexon,Creative,2026-03-12,Pending
BKG_00921,DLR_05,Nexon,Creative,2026-03-03,Pending
BKG_00922,DLR_18,Punch,Creative,2026-03-13,Pending
BKG_00923,DLR_06,Harrier,Creative,2026-03-11,Pending
BKG_00924,DLR_15,Punch,Empowered,2026-03-03,Pending
BKG_00925,DLR_20,Nexon,Base,2026-04-01,Pending
BKG_00926,DLR_19,Harrier,Base,2026-03-19,Pending
BKG_00927,DLR_15,Punch,Fearless,2026-03-08,Pending
BKG_00928,DLR_12,Tiago,Fearless,2026-03-23,Pending
BKG_00929,DLR_17,Harrier,Creative,2026-03-23,Pending
BKG_00930,DLR_02,Harrier,Base,2026-04-01,Pending
BKG_00931,DLR_09,Tiago,Base,2026-03-03,Pending
BKG_00932,DLR_11,Safari,Creative,2026-03-04,Pending
BKG_00933,DLR_19,Safari,Creative,2026-03-19,Pending
BKG_00934,DLR_15,Nexon,Fearless,2026-03-03,Pending
BKG_00935,DLR_11,Nexon,Creative,2026-03-15,Pending
BKG_00936,DLR_10,Safari,Empowered,2026-03-31,Pending
BKG_00937,DLR_03,Safari,Base,2026-03-19,Pending
BKG_00938,DLR_05,Punch,Creative,2026-03-17,Pending
BKG_00939,DLR_14,Punch,Empowered,2026-03-15,Pending
BKG_00940,DLR_11,Safari,Base,2026-03-26,Pending
BKG_00941,DLR_16,Harrier,Creative,2026-03-23,Pending
BKG_00942,DLR_08,Safari,Base,2026-03-13,Pending
BKG_00943,DLR_07,Safari,Empowered,2026-03-06,Pending
BKG_00944,DLR_03,Safari,Empowered,2026-03-28,Pending
BKG_00945,DLR_09,Safari,Fearless,2026-03-24,Pending
BKG_00946,DLR_20,Punch,Base,2026-03-19,Pending
BKG_00947,DLR_17,Harrier,Fearless,2026-03-16,Pending
BKG_00948,DLR_18,Punch,Base,2026-03-18,Pending
BKG_00949,DLR_02,Safari,Base,2026-03-16,Pending
BKG_00950,DLR_06,Nexon,Fearless,2026-03-13,Pending
BKG_00951,DLR_06,Tiago,Empowered,2026-03-12,Pending
BKG_00952,DLR_08,Nexon,Creative,2026-03-22,Pending
BKG_00953,DLR_13,Punch,Fearless,2026-03-06,Pending
BKG_00954,DLR_06,Tiago,Fearless,2026-03-17,Pending
BKG_00955,DLR_12,Tiago,Empowered,2026-03-16,Pending
BKG_00956,DLR_06,Punch,Creative,2026-03-22,Pending
BKG_00957,DLR_05,Punch,Base,2026-03-08,Pending
BKG_00958,DLR_05,Safari,Creative,2026-03-07,Pending
BKG_00959,DLR_03,Nexon,Empowered,2026-03-21,Pending
BKG_00960,DLR_03,Harrier,Creative,2026-03-21,Pending
BKG_00961,DLR_12,Nexon,Empowered,2026-03-18,Pending
BKG_00962,DLR_17,Harrier,Fearless,2026-03-11,Pending
BKG_00963,DLR_20,Tiago,Fearless,2026-03-25,Pending
BKG_00964,DLR_13,Nexon,Empowered,2026-03-03,Pending
BKG_00965,DLR_06,Tiago,Fearless,2026-03-06,Pending
BKG_00966,DLR_18,Harrier,Creative,2026-03-31,Pending
BKG_00967,DLR_01,Nexon,Creative,2026-03-19,Pending
BKG_00968,DLR_16,Punch,Base,2026-03-20,Pending
BKG_00969,DLR_05,Punch,Base,2026-03-28,Pending
BKG_00970,DLR_14,Tiago,Creative,2026-03-03,Pending
BKG_00971,DLR_17,Safari,Empowered,2026-03-14,Pending
BKG_00972,DLR_16,Safari,Empowered,2026-03-11,Pending
BKG_00973,DLR_10,Safari,Fearless,2026-03-28,Pending
BKG_00974,DLR_05,Tiago,Creative,2026-03-24,Pending
BKG_00975,DLR_07,Harrier,Creative,2026-03-22,Pending
BKG_00976,DLR_02,Punch,Creative,2026-03-11,Pending
BKG_00977,DLR_17,Tiago,Empowered,2026-03-14,Pending
BKG_00978,DLR_20,Safari,Empowered,2026-03-31,Pending
BKG_00979,DLR_11,Harrier,Base,2026-03-09,Pending
BKG_00980,DLR_02,Nexon,Empowered,2026-03-22,Pending
BKG_00981,DLR_06,Nexon,Creative,2026-03-20,Pending
BKG_00982,DLR_20,Safari,Empowered,2026-03-31,Pending
BKG_00983,DLR_19,Nexon,Creative,2026-03-29,Pending
BKG_00984,DLR_06,Tiago,Fearless,2026-03-31,Pending
BKG_00985,DLR_06,Nexon,Empowered,2026-03-14,Pending
BKG_00986,DLR_15,Harrier,Fearless,2026-03-11,Pending
BKG_00987,DLR_09,Punch,Base,2026-03-06,Pending
BKG_00988,DLR_03,Harrier,Fearless,2026-03-05,Pending
BKG_00989,DLR_13,Harrier,Creative,2026-03-17,Pending
BKG_00990,DLR_12,Punch,Empowered,2026-03-22,Pending
BKG_00991,DLR_11,Nexon,Creative,2026-03-09,Pending
BKG_00992,DLR_02,Nexon,Fearless,2026-03-18,Pending
BKG_00993,DLR_02,Safari,Base,2026-03-22,Pending
BKG_00994,DLR_11,Punch,Empowered,2026-03-05,Pending
BKG_00995,DLR_11,Safari,Creative,2026-03-08,Pending
BKG_00996,DLR_11,Safari,Creative,2026-03-16,Pending
BKG_00997,DLR_10,Punch,Empowered,2026-03-21,Pending
BKG_00998,DLR_11,Nexon,Fearless,2026-03-07,Pending
BKG_00999,DLR_07,Nexon,Empowered,2026-03-07,Pending
BKG_01000,DLR_04,Harrier,Fearless,2026-03-07,Pending
BKG_01001,DLR_03,Tiago,Creative,2026-03-12,Pending
BKG_01002,DLR_10,Safari,Fearless,2026-03-19,Pending
BKG_01003,DLR_10,Tiago,Creative,2026-03-18,Pending
BKG_01004,DLR_13,Harrier,Empowered,2026-03-15,Pending
BKG_01005,DLR_19,Harrier,Empowered,2026-03-13,Pending
BKG_01006,DLR_20,Tiago,Base,2026-03-03,Pending
BKG_01007,DLR_14,Harrier,Empowered,2026-03-06,Pending
BKG_01008,DLR_14,Nexon,Base,2026-03-26,Pending
BKG_01009,DLR_08,Harrier,Empowered,2026-03-28,Pending
BKG_01010,DLR_06,Safari,Creative,2026-03-23,Pending
BKG_01011,DLR_05,Nexon,Empowered,2026-03-20,Pending
BKG_01012,DLR_16,Punch,Empowered,2026-03-11,Pending
BKG_01013,DLR_01,Punch,Fearless,2026-03-03,Pending
BKG_01014,DLR_01,Nexon,Fearless,2026-03-25,Pending
BKG_01015,DLR_14,Nexon,Fearless,2026-03-29,Pending
BKG_01016,DLR_07,Harrier,Fearless,2026-03-28,Pending
BKG_01017,DLR_03,Punch,Empowered,2026-03-15,Pending
BKG_01018,DLR_09,Safari,Base,2026-03-12,Pending
BKG_01019,DLR_07,Harrier,Empowered,2026-03-22,Pending
BKG_01020,DLR_09,Nexon,Fearless,2026-03-15,Pending
BKG_01021,DLR_18,Safari,Creative,2026-03-20,Pending
BKG_01022,DLR_12,Nexon,Fearless,2026-03-07,Pending
BKG_01023,DLR_03,Harrier,Fearless,2026-03-29,Pending
BKG_01024,DLR_18,Punch,Fearless,2026-03-15,Pending
BKG_01025,DLR_17,Harrier,Creative,2026-03-11,Pending
BKG_01026,DLR_14,Nexon,Fearless,2026-03-13,Pending
BKG_01027,DLR_02,Tiago,Creative,2026-03-20,Pending
BKG_01028,DLR_08,Harrier,Base,2026-03-13,Pending
BKG_01029,DLR_15,Tiago,Base,2026-03-25,Pending
BKG_01030,DLR_07,Nexon,Fearless,2026-04-01,Pending
BKG_01031,DLR_02,Harrier,Fearless,2026-03-07,Pending
BKG_01032,DLR_07,Harrier,Fearless,2026-03-16,Pending
BKG_01033,DLR_01,Tiago,Fearless,2026-03-26,Pending
BKG_01034,DLR_15,Harrier,Empowered,2026-03-03,Pending
BKG_01035,DLR_08,Harrier,Creative,2026-03-14,Pending
BKG_01036,DLR_18,Nexon,Empowered,2026-03-14,Pending
BKG_01037,DLR_16,Punch,Empowered,2026-03-26,Pending
BKG_01038,DLR_13,Harrier,Creative,2026-03-09,Pending
BKG_01039,DLR_03,Tiago,Empowered,2026-03-30,Pending
BKG_01040,DLR_15,Safari,Creative,2026-03-07,Pending
BKG_01041,DLR_03,Harrier,Fearless,2026-03-23,Pending
BKG_01042,DLR_13,Tiago,Base,2026-03-03,Pending
BKG_01043,DLR_15,Safari,Base,2026-03-25,Pending
BKG_01044,DLR_18,Harrier,Creative,2026-03-05,Pending
BKG_01045,DLR_16,Nexon,Fearless,2026-03-13,Pending
BKG_01046,DLR_06,Tiago,Base,2026-03-24,Pending
BKG_01047,DLR_09,Harrier,Creative,2026-03-31,Pending
BKG_01048,DLR_11,Harrier,Empowered,2026-03-07,Pending
BKG_01049,DLR_18,Safari,Base,2026-03-05,Pending
BKG_01050,DLR_05,Nexon,Fearless,2026-03-18,Pending
BKG_01051,DLR_13,Punch,Base,2026-03-07,Pending
BKG_01052,DLR_16,Safari,Empowered,2026-03-26,Pending
BKG_01053,DLR_08,Punch,Creative,2026-03-11,Pending
BKG_01054,DLR_14,Punch,Empowered,2026-03-20,Pending
BKG_01055,DLR_11,Harrier,Creative,2026-04-01,Pending
BKG_01056,DLR_17,Harrier,Fearless,2026-03-20,Pending
BKG_01057,DLR_19,Punch,Fearless,2026-03-30,Pending
BKG_01058,DLR_12,Nexon,Creative,2026-03-28,Pending
BKG_01059,DLR_10,Nexon,Fearless,2026-03-03,Pending
BKG_01060,DLR_14,Nexon,Fearless,2026-03-12,Pending
BKG_01061,DLR_10,Punch,Empowered,2026-03-30,Pending
BKG_01062,DLR_05,Harrier,Base,2026-03-03,Pending
BKG_01063,DLR_09,Tiago,Empowered,2026-03-20,Pending
BKG_01064,DLR_04,Tiago,Base,2026-03-18,Pending
BKG_01065,DLR_20,Punch,Fearless,2026-03-11,Pending
BKG_01066,DLR_08,Harrier,Base,2026-03-08,Pending
BKG_01067,DLR_02,Harrier,Fearless,2026-03-16,Pending
BKG_01068,DLR_08,Nexon,Creative,2026-03-16,Pending
BKG_01069,DLR_08,Tiago,Fearless,2026-03-31,Pending
BKG_01070,DLR_07,Punch,Fearless,2026-03-23,Pending
BKG_01071,DLR_01,Nexon,Empowered,2026-03-22,Pending
BKG_01072,DLR_07,Punch,Empowered,2026-03-13,Pending
BKG_01073,DLR_04,Safari,Creative,2026-03-09,Pending
BKG_01074,DLR_17,Punch,Creative,2026-03-30,Pending
BKG_01075,DLR_13,Tiago,Creative,2026-03-09,Pending
BKG_01076,DLR_14,Nexon,Empowered,2026-03-15,Pending
BKG_01077,DLR_11,Tiago,Fearless,2026-03-28,Pending
BKG_01078,DLR_13,Harrier,Fearless,2026-03-10,Pending
BKG_01079,DLR_10,Punch,Creative,2026-03-08,Pending
BKG_01080,DLR_07,Safari,Fearless,2026-03-16,Pending
BKG_01081,DLR_09,Harrier,Empowered,2026-03-29,Pending
BKG_01082,DLR_20,Nexon,Fearless,2026-03-19,Pending
BKG_01083,DLR_20,Punch,Base,2026-03-31,Pending
BKG_01084,DLR_07,Nexon,Empowered,2026-03-15,Pending
BKG_01085,DLR_07,Nexon,Creative,2026-03-22,Pending
BKG_01086,DLR_17,Safari,Empowered,2026-03-30,Pending
BKG_01087,DLR_02,Punch,Fearless,2026-03-21,Pending
BKG_01088,DLR_17,Punch,Creative,2026-03-21,Pending
BKG_01089,DLR_20,Safari,Base,2026-03-24,Pending
BKG_01090,DLR_18,Harrier,Base,2026-03-10,Pending
BKG_01091,DLR_09,Harrier,Fearless,2026-03-21,Pending
BKG_01092,DLR_14,Safari,Creative,2026-03-19,Pending
BKG_01093,DLR_05,Safari,Empowered,2026-03-18,Pending
BKG_01094,DLR_14,Harrier,Empowered,2026-03-14,Pending
BKG_01095,DLR_09,Harrier,Empowered,2026-04-01,Pending
BKG_01096,DLR_07,Punch,Empowered,2026-03-13,Pending
BKG_01097,DLR_16,Harrier,Empowered,2026-03-07,Pending
BKG_01098,DLR_06,Punch,Base,2026-03-30,Pending
BKG_01099,DLR_06,Nexon,Empowered,2026-04-01,Pending
BKG_01100,DLR_17,Nexon,Creative,2026-03-08,Pending
BKG_01101,DLR_16,Harrier,Creative,2026-03-05,Pending
BKG_01102,DLR_06,Nexon,Empowered,2026-03-19,Pending
BKG_01103,DLR_15,Tiago,Base,2026-03-21,Pending
BKG_01104,DLR_12,Safari,Base,2026-03-09,Pending
BKG_01105,DLR_07,Nexon,Base,2026-03-22,Pending
BKG_01106,DLR_20,Safari,Fearless,2026-03-06,Pending
BKG_01107,DLR_13,Tiago,Empowered,2026-03-15,Pending
BKG_01108,DLR_11,Harrier,Creative,2026-03-15,Pending
BKG_01109,DLR_12,Safari,Fearless,2026-03-22,Pending
BKG_01110,DLR_12,Punch,Fearless,2026-03-10,Pending
BKG_01111,DLR_08,Tiago,Base,2026-03-04,Pending
BKG_01112,DLR_08,Tiago,Fearless,2026-03-24,Pending
BKG_01113,DLR_14,Harrier,Base,2026-03-21,Pending
BKG_01114,DLR_05,Punch,Base,2026-03-22,Pending
BKG_01115,DLR_05,Punch,Creative,2026-03-17,Pending
BKG_01116,DLR_18,Nexon,Fearless,2026-03-16,Pending
BKG_01117,DLR_09,Tiago,Empowered,2026-03-18,Pending
BKG_01118,DLR_01,Harrier,Base,2026-03-24,Pending
BKG_01119,DLR_20,Nexon,Base,2026-03-03,Pending
BKG_01120,DLR_20,Nexon,Empowered,2026-03-20,Pending
BKG_01121,DLR_08,Harrier,Creative,2026-03-28,Pending
BKG_01122,DLR_19,Punch,Creative,2026-03-06,Pending
BKG_01123,DLR_17,Tiago,Fearless,2026-03-19,Pending
BKG_01124,DLR_02,Punch,Creative,2026-03-22,Pending
BKG_01125,DLR_11,Safari,Fearless,2026-03-31,Pending
BKG_01126,DLR_02,Safari,Creative,2026-03-05,Pending
BKG_01127,DLR_04,Nexon,Base,2026-03-17,Pending
BKG_01128,DLR_04,Nexon,Creative,2026-03-30,Pending
BKG_01129,DLR_09,Safari,Creative,2026-03-29,Pending
BKG_01130,DLR_20,Nexon,Empowered,2026-03-19,Pending
BKG_01131,DLR_06,Harrier,Base,2026-03-03,Pending
BKG_01132,DLR_15,Safari,Empowered,2026-04-01,Pending
BKG_01133,DLR_11,Punch,Fearless,2026-03-24,Pending
BKG_01134,DLR_05,Nexon,Base,2026-03-10,Pending
BKG_01135,DLR_08,Safari,Base,2026-03-11,Pending
BKG_01136,DLR_07,Safari,Empowered,2026-03-19,Pending
BKG_01137,DLR_16,Harrier,Creative,2026-03-06,Pending
BKG_01138,DLR_20,Nexon,Base,2026-03-31,Pending
BKG_01139,DLR_19,Nexon,Creative,2026-03-27,Pending
BKG_01140,DLR_11,Tiago,Fearless,2026-03-08,Pending
BKG_01141,DLR_19,Tiago,Base,2026-03-15,Pending
BKG_01142,DLR_09,Tiago,Empowered,2026-03-05,Pending
BKG_01143,DLR_01,Harrier,Fearless,2026-03-04,Pending
BKG_01144,DLR_08,Punch,Fearless,2026-03-08,Pending
BKG_01145,DLR_01,Harrier,Base,2026-03-28,Pending
BKG_01146,DLR_04,Punch,Fearless,2026-03-19,Pending
BKG_01147,DLR_17,Punch,Empowered,2026-03-19,Pending
BKG_01148,DLR_03,Harrier,Fearless,2026-03-27,Pending
BKG_01149,DLR_09,Punch,Creative,2026-03-04,Pending
BKG_01150,DLR_11,Nexon,Creative,2026-03-09,Pending
BKG_01151,DLR_14,Safari,Empowered,2026-03-09,Pending
BKG_01152,DLR_14,Punch,Creative,2026-03-17,Pending
BKG_01153,DLR_12,Safari,Fearless,2026-03-07,Pending
BKG_01154,DLR_07,Tiago,Creative,2026-03-23,Pending
BKG_01155,DLR_06,Punch,Creative,2026-03-28,Pending
BKG_01156,DLR_10,Tiago,Base,2026-03-15,Pending
BKG_01157,DLR_12,Harrier,Empowered,2026-03-18,Pending
BKG_01158,DLR_01,Tiago,Base,2026-03-29,Pending
BKG_01159,DLR_03,Safari,Creative,2026-03-23,Pending
BKG_01160,DLR_08,Nexon,Base,2026-03-21,Pending
BKG_01161,DLR_09,Safari,Creative,2026-03-04,Pending
BKG_01162,DLR_10,Tiago,Base,2026-03-29,Pending
BKG_01163,DLR_12,Nexon,Empowered,2026-03-18,Pending
BKG_01164,DLR_05,Harrier,Base,2026-03-14,Pending
BKG_01165,DLR_09,Punch,Fearless,2026-03-08,Pending
BKG_01166,DLR_15,Nexon,Empowered,2026-03-18,Pending
BKG_01167,DLR_09,Nexon,Base,2026-03-05,Pending
BKG_01168,DLR_20,Harrier,Base,2026-03-17,Pending
BKG_01169,DLR_09,Harrier,Base,2026-03-20,Pending
BKG_01170,DLR_10,Harrier,Empowered,2026-03-09,Pending
BKG_01171,DLR_14,Punch,Empowered,2026-03-19,Pending
BKG_01172,DLR_12,Punch,Empowered,2026-03-08,Pending
BKG_01173,DLR_07,Safari,Base,2026-03-23,Pending
BKG_01174,DLR_09,Nexon,Base,2026-03-16,Pending
BKG_01175,DLR_04,Punch,Fearless,2026-03-20,Pending
BKG_01176,DLR_18,Nexon,Fearless,2026-03-09,Pending
BKG_01177,DLR_11,Tiago,Fearless,2026-03-19,Pending
BKG_01178,DLR_13,Safari,Base,2026-03-29,Pending
BKG_01179,DLR_18,Harrier,Fearless,2026-03-16,Pending
BKG_01180,DLR_16,Safari,Base,2026-03-10,Pending
BKG_01181,DLR_10,Safari,Fearless,2026-03-15,Pending
BKG_01182,DLR_16,Nexon,Base,2026-03-26,Pending
BKG_01183,DLR_07,Safari,Creative,2026-03-14,Pending
BKG_01184,DLR_11,Punch,Creative,2026-03-27,Pending
BKG_01185,DLR_20,Punch,Base,2026-03-31,Pending
BKG_01186,DLR_07,Nexon,Empowered,2026-03-14,Pending
BKG_01187,DLR_01,Safari,Base,2026-03-13,Pending
BKG_01188,DLR_17,Nexon,Creative,2026-03-28,Pending
BKG_01189,DLR_11,Harrier,Creative,2026-03-31,Pending
BKG_01190,DLR_01,Safari,Fearless,2026-03-30,Pending
BKG_01191,DLR_13,Harrier,Creative,2026-03-10,Pending
BKG_01192,DLR_10,Tiago,Fearless,2026-03-08,Pending
BKG_01193,DLR_09,Tiago,Creative,2026-03-25,Pending
BKG_01194,DLR_12,Harrier,Empowered,2026-03-05,Pending
BKG_01195,DLR_18,Harrier,Empowered,2026-03-16,Pending
BKG_01196,DLR_01,Punch,Creative,2026-03-30,Pending
BKG_01197,DLR_13,Punch,Fearless,2026-03-07,Pending
BKG_01198,DLR_05,Tiago,Base,2026-03-06,Pending
BKG_01199,DLR_13,Tiago,Empowered,2026-03-04,Pending
BKG_01200,DLR_20,Harrier,Empowered,2026-03-14,Pending
BKG_01201,DLR_08,Safari,Creative,2026-03-04,Pending
BKG_01202,DLR_01,Safari,Base,2026-03-05,Pending
BKG_01203,DLR_01,Nexon,Creative,2026-03-08,Pending
BKG_01204,DLR_03,Tiago,Creative,2026-03-16,Pending
BKG_01205,DLR_09,Safari,Fearless,2026-03-08,Pending
BKG_01206,DLR_10,Tiago,Creative,2026-04-01,Pending
BKG_01207,DLR_20,Punch,Empowered,2026-03-15,Pending
BKG_01208,DLR_17,Safari,Creative,2026-03-06,Pending
BKG_01209,DLR_18,Harrier,Creative,2026-03-16,Pending
BKG_01210,DLR_15,Punch,Creative,2026-03-17,Pending
BKG_01211,DLR_12,Tiago,Fearless,2026-03-31,Pending
BKG_01212,DLR_03,Safari,Fearless,2026-03-15,Pending
BKG_01213,DLR_15,Nexon,Empowered,2026-03-21,Pending
BKG_01214,DLR_09,Tiago,Empowered,2026-03-08,Pending
BKG_01215,DLR_02,Tiago,Base,2026-03-30,Pending
BKG_01216,DLR_15,Nexon,Creative,2026-03-20,Pending
BKG_01217,DLR_17,Safari,Fearless,2026-04-01,Pending
BKG_01218,DLR_08,Punch,Empowered,2026-03-31,Pending
BKG_01219,DLR_17,Nexon,Creative,2026-03-19,Pending
BKG_01220,DLR_10,Punch,Creative,2026-03-17,Pending
BKG_01221,DLR_13,Punch,Fearless,2026-03-07,Pending
BKG_01222,DLR_08,Punch,Fearless,2026-03-11,Pending
BKG_01223,DLR_04,Safari,Creative,2026-03-12,Pending
BKG_01224,DLR_13,Nexon,Empowered,2026-03-24,Pending
BKG_01225,DLR_15,Tiago,Fearless,2026-03-13,Pending
BKG_01226,DLR_16,Tiago,Empowered,2026-03-27,Pending
BKG_01227,DLR_05,Harrier,Empowered,2026-03-15,Pending
BKG_01228,DLR_19,Punch,Empowered,2026-03-09,Pending
BKG_01229,DLR_13,Tiago,Fearless,2026-03-27,Pending
BKG_01230,DLR_06,Tiago,Creative,2026-03-30,Pending
BKG_01231,DLR_11,Nexon,Empowered,2026-03-24,Pending
BKG_01232,DLR_20,Tiago,Base,2026-03-24,Pending
BKG_01233,DLR_08,Nexon,Creative,2026-03-10,Pending
BKG_01234,DLR_11,Safari,Fearless,2026-03-05,Pending
BKG_01235,DLR_18,Punch,Empowered,2026-03-19,Pending
BKG_01236,DLR_03,Harrier,Empowered,2026-03-06,Pending
BKG_01237,DLR_20,Nexon,Empowered,2026-03-28,Pending
BKG_01238,DLR_17,Harrier,Empowered,2026-03-21,Pending
BKG_01239,DLR_13,Nexon,Base,2026-03-13,Pending
BKG_01240,DLR_17,Harrier,Creative,2026-03-31,Pending
BKG_01241,DLR_14,Tiago,Fearless,2026-03-21,Pending
BKG_01242,DLR_11,Safari,Creative,2026-03-16,Pending
BKG_01243,DLR_04,Tiago,Base,2026-03-21,Pending
BKG_01244,DLR_11,Punch,Base,2026-03-10,Pending
BKG_01245,DLR_09,Punch,Creative,2026-03-13,Pending
BKG_01246,DLR_03,Safari,Base,2026-03-22,Pending
BKG_01247,DLR_11,Safari,Empowered,2026-03-09,Pending
BKG_01248,DLR_11,Safari,Base,2026-03-07,Pending
BKG_01249,DLR_01,Tiago,Creative,2026-03-03,Pending
BKG_01250,DLR_06,Harrier,Base,2026-03-30,Pending
BKG_01251,DLR_01,Punch,Empowered,2026-03-08,Pending
BKG_01252,DLR_06,Punch,Base,2026-03-22,Pending
BKG_01253,DLR_07,Punch,Base,2026-03-13,Pending
BKG_01254,DLR_04,Harrier,Creative,2026-03-18,Pending
BKG_01255,DLR_06,Punch,Creative,2026-03-12,Pending
BKG_01256,DLR_19,Nexon,Fearless,2026-03-14,Pending
BKG_01257,DLR_08,Safari,Base,2026-03-16,Pending
BKG_01258,DLR_09,Tiago,Creative,2026-03-28,Pending
BKG_01259,DLR_10,Harrier,Fearless,2026-03-31,Pending
BKG_01260,DLR_07,Tiago,Base,2026-03-22,Pending
BKG_01261,DLR_19,Punch,Empowered,2026-03-11,Pending
BKG_01262,DLR_19,Nexon,Creative,2026-03-17,Pending
BKG_01263,DLR_10,Nexon,Empowered,2026-03-25,Pending
BKG_01264,DLR_14,Harrier,Fearless,2026-03-19,Pending
BKG_01265,DLR_09,Nexon,Fearless,2026-03-31,Pending
BKG_01266,DLR_01,Safari,Empowered,2026-03-05,Pending
BKG_01267,DLR_12,Safari,Fearless,2026-03-21,Pending
BKG_01268,DLR_18,Harrier,Empowered,2026-03-10,Pending
BKG_01269,DLR_08,Tiago,Creative,2026-03-24,Pending
BKG_01270,DLR_13,Nexon,Empowered,2026-03-27,Pending
BKG_01271,DLR_17,Punch,Base,2026-03-26,Pending
BKG_01272,DLR_15,Harrier,Base,2026-03-30,Pending
BKG_01273,DLR_15,Punch,Fearless,2026-03-07,Pending
BKG_01274,DLR_08,Harrier,Base,2026-03-25,Pending
BKG_01275,DLR_08,Tiago,Empowered,2026-03-09,Pending
BKG_01276,DLR_10,Nexon,Creative,2026-03-20,Pending
BKG_01277,DLR_14,Harrier,Empowered,2026-03-20,Pending
BKG_01278,DLR_09,Safari,Empowered,2026-03-05,Pending
BKG_01279,DLR_10,Nexon,Base,2026-03-18,Pending
BKG_01280,DLR_11,Punch,Base,2026-03-09,Pending
BKG_01281,DLR_13,Safari,Fearless,2026-03-20,Pending
BKG_01282,DLR_13,Nexon,Fearless,2026-03-20,Pending
BKG_01283,DLR_03,Nexon,Base,2026-03-29,Pending
BKG_01284,DLR_17,Tiago,Creative,2026-04-01,Pending
BKG_01285,DLR_15,Punch,Creative,2026-03-27,Pending
BKG_01286,DLR_12,Safari,Fearless,2026-03-25,Pending
BKG_01287,DLR_18,Safari,Fearless,2026-03-04,Pending
BKG_01288,DLR_12,Punch,Fearless,2026-03-29,Pending
BKG_01289,DLR_20,Harrier,Fearless,2026-03-23,Pending
BKG_01290,DLR_13,Tiago,Empowered,2026-03-09,Pending
BKG_01291,DLR_16,Harrier,Fearless,2026-03-31,Pending
BKG_01292,DLR_07,Tiago,Creative,2026-03-04,Pending
BKG_01293,DLR_04,Safari,Fearless,2026-03-25,Pending
BKG_01294,DLR_15,Safari,Empowered,2026-03-18,Pending
BKG_01295,DLR_04,Nexon,Empowered,2026-03-20,Pending
BKG_01296,DLR_09,Harrier,Base,2026-03-25,Pending
BKG_01297,DLR_02,Safari,Fearless,2026-03-06,Pending
BKG_01298,DLR_18,Nexon,Base,2026-03-23,Pending
BKG_01299,DLR_09,Nexon,Creative,2026-03-29,Pending
BKG_01300,DLR_02,Tiago,Empowered,2026-03-12,Pending
BKG_01301,DLR_02,Harrier,Empowered,2026-03-27,Pending
BKG_01302,DLR_17,Safari,Creative,2026-03-24,Pending
BKG_01303,DLR_03,Safari,Base,2026-03-18,Pending
BKG_01304,DLR_10,Safari,Fearless,2026-03-27,Pending
BKG_01305,DLR_18,Harrier,Empowered,2026-03-18,Pending
BKG_01306,DLR_14,Harrier,Fearless,2026-03-06,Pending
BKG_01307,DLR_15,Safari,Empowered,2026-03-25,Pending
BKG_01308,DLR_11,Punch,Empowered,2026-03-29,Pending
BKG_01309,DLR_17,Nexon,Fearless,2026-03-03,Pending
BKG_01310,DLR_14,Nexon,Base,2026-03-28,Pending
BKG_01311,DLR_09,Nexon,Fearless,2026-03-09,Pending
BKG_01312,DLR_01,Nexon,Fearless,2026-03-26,Pending
BKG_01313,DLR_15,Tiago,Empowered,2026-03-31,Pending
BKG_01314,DLR_11,Safari,Base,2026-03-07,Pending
BKG_01315,DLR_16,Nexon,Fearless,2026-03-23,Pending
BKG_01316,DLR_12,Tiago,Base,2026-03-13,Pending
BKG_01317,DLR_18,Safari,Creative,2026-03-27,Pending
BKG_01318,DLR_15,Tiago,Base,2026-03-03,Pending
BKG_01319,DLR_01,Tiago,Creative,2026-03-19,Pending
BKG_01320,DLR_12,Harrier,Creative,2026-03-15,Pending
BKG_01321,DLR_16,Punch,Empowered,2026-03-10,Pending
BKG_01322,DLR_15,Tiago,Creative,2026-03-05,Pending
BKG_01323,DLR_03,Harrier,Fearless,2026-03-07,Pending
BKG_01324,DLR_10,Tiago,Fearless,2026-03-04,Pending
BKG_01325,DLR_16,Harrier,Creative,2026-03-29,Pending
BKG_01326,DLR_15,Safari,Creative,2026-03-07,Pending
BKG_01327,DLR_03,Tiago,Creative,2026-03-27,Pending
BKG_01328,DLR_20,Harrier,Empowered,2026-03-12,Pending
BKG_01329,DLR_03,Nexon,Fearless,2026-04-01,Pending
BKG_01330,DLR_11,Nexon,Empowered,2026-03-27,Pending
BKG_01331,DLR_14,Safari,Creative,2026-03-04,Pending
BKG_01332,DLR_16,Punch,Base,2026-03-17,Pending
BKG_01333,DLR_12,Tiago,Base,2026-03-17,Pending
BKG_01334,DLR_20,Tiago,Empowered,2026-03-24,Pending
BKG_01335,DLR_12,Tiago,Creative,2026-03-05,Pending
BKG_01336,DLR_09,Safari,Creative,2026-03-10,Pending
BKG_01337,DLR_05,Harrier,Base,2026-03-05,Pending
BKG_01338,DLR_14,Harrier,Empowered,2026-03-26,Pending
BKG_01339,DLR_13,Harrier,Base,2026-03-12,Pending
BKG_01340,DLR_12,Tiago,Creative,2026-03-10,Pending
BKG_01341,DLR_20,Tiago,Creative,2026-03-16,Pending
BKG_01342,DLR_15,Safari,Base,2026-03-10,Pending
BKG_01343,DLR_02,Punch,Creative,2026-03-14,Pending
BKG_01344,DLR_20,Tiago,Base,2026-03-15,Pending
BKG_01345,DLR_11,Nexon,Fearless,2026-03-25,Pending
BKG_01346,DLR_08,Tiago,Empowered,2026-03-11,Pending
BKG_01347,DLR_15,Tiago,Creative,2026-03-19,Pending
BKG_01348,DLR_19,Safari,Empowered,2026-03-23,Pending
BKG_01349,DLR_18,Punch,Empowered,2026-03-26,Pending
BKG_01350,DLR_10,Nexon,Fearless,2026-03-09,Pending
BKG_01351,DLR_05,Safari,Fearless,2026-03-11,Pending
BKG_01352,DLR_02,Harrier,Empowered,2026-03-26,Pending
BKG_01353,DLR_14,Punch,Fearless,2026-03-28,Pending
BKG_01354,DLR_19,Punch,Empowered,2026-03-14,Pending
BKG_01355,DLR_10,Tiago,Fearless,2026-03-23,Pending
BKG_01356,DLR_15,Harrier,Empowered,2026-03-05,Pending
BKG_01357,DLR_03,Harrier,Creative,2026-03-09,Pending
BKG_01358,DLR_04,Punch,Creative,2026-03-04,Pending
BKG_01359,DLR_20,Harrier,Fearless,2026-03-15,Pending
BKG_01360,DLR_12,Safari,Empowered,2026-03-06,Pending
BKG_01361,DLR_17,Nexon,Fearless,2026-03-18,Pending
BKG_01362,DLR_19,Safari,Creative,2026-03-12,Pending
BKG_01363,DLR_07,Safari,Fearless,2026-03-25,Pending
BKG_01364,DLR_05,Tiago,Base,2026-03-06,Pending
BKG_01365,DLR_11,Punch,Fearless,2026-03-08,Pending
BKG_01366,DLR_08,Harrier,Base,2026-03-05,Pending
BKG_01367,DLR_17,Safari,Fearless,2026-03-08,Pending
BKG_01368,DLR_03,Tiago,Base,2026-03-29,Pending
BKG_01369,DLR_06,Nexon,Empowered,2026-04-01,Pending
BKG_01370,DLR_14,Safari,Empowered,2026-03-26,Pending
BKG_01371,DLR_04,Safari,Creative,2026-04-01,Pending
BKG_01372,DLR_05,Tiago,Base,2026-03-09,Pending
BKG_01373,DLR_11,Safari,Empowered,2026-03-11,Pending
BKG_01374,DLR_01,Tiago,Empowered,2026-03-06,Pending
BKG_01375,DLR_12,Tiago,Fearless,2026-03-04,Pending
BKG_01376,DLR_03,Safari,Empowered,2026-03-06,Pending
BKG_01377,DLR_19,Punch,Creative,2026-03-25,Pending
BKG_01378,DLR_02,Safari,Fearless,2026-03-17,Pending
BKG_01379,DLR_18,Punch,Fearless,2026-03-06,Pending
BKG_01380,DLR_05,Punch,Fearless,2026-03-27,Pending
BKG_01381,DLR_08,Nexon,Empowered,2026-03-12,Pending
BKG_01382,DLR_02,Safari,Fearless,2026-03-09,Pending
BKG_01383,DLR_18,Punch,Base,2026-03-27,Pending
BKG_01384,DLR_17,Tiago,Fearless,2026-03-17,Pending
BKG_01385,DLR_02,Safari,Empowered,2026-03-27,Pending
BKG_01386,DLR_08,Punch,Fearless,2026-03-15,Pending
BKG_01387,DLR_14,Harrier,Base,2026-03-05,Pending
BKG_01388,DLR_14,Nexon,Base,2026-03-28,Pending
BKG_01389,DLR_13,Safari,Base,2026-03-14,Pending
BKG_01390,DLR_13,Harrier,Fearless,2026-03-09,Pending
BKG_01391,DLR_05,Tiago,Fearless,2026-03-08,Pending
BKG_01392,DLR_04,Nexon,Fearless,2026-03-15,Pending
BKG_01393,DLR_10,Harrier,Empowered,2026-03-30,Pending
BKG_01394,DLR_12,Safari,Creative,2026-03-14,Pending
BKG_01395,DLR_06,Punch,Creative,2026-03-28,Pending
BKG_01396,DLR_17,Nexon,Base,2026-03-25,Pending
BKG_01397,DLR_16,Tiago,Base,2026-03-25,Pending
BKG_01398,DLR_18,Punch,Base,2026-03-28,Pending
BKG_01399,DLR_19,Tiago,Empowered,2026-03-09,Pending
BKG_01400,DLR_05,Safari,Empowered,2026-03-08,Pending
BKG_01401,DLR_02,Punch,Fearless,2026-03-29,Pending
BKG_01402,DLR_07,Harrier,Base,2026-03-31,Pending
BKG_01403,DLR_06,Harrier,Fearless,2026-03-06,Pending
BKG_01404,DLR_11,Punch,Empowered,2026-03-08,Pending
BKG_01405,DLR_11,Safari,Base,2026-03-17,Pending
BKG_01406,DLR_01,Punch,Base,2026-03-30,Pending
BKG_01407,DLR_02,Tiago,Empowered,2026-03-11,Pending
BKG_01408,DLR_09,Nexon,Empowered,2026-03-09,Pending
BKG_01409,DLR_06,Nexon,Base,2026-03-14,Pending
BKG_01410,DLR_11,Harrier,Empowered,2026-03-29,Pending
BKG_01411,DLR_18,Punch,Fearless,2026-03-08,Pending
BKG_01412,DLR_09,Tiago,Fearless,2026-03-25,Pending
BKG_01413,DLR_09,Tiago,Creative,2026-03-10,Pending
BKG_01414,DLR_16,Nexon,Creative,2026-03-29,Pending
BKG_01415,DLR_16,Safari,Base,2026-03-08,Pending
BKG_01416,DLR_04,Harrier,Fearless,2026-03-06,Pending
BKG_01417,DLR_13,Nexon,Creative,2026-03-28,Pending
BKG_01418,DLR_04,Punch,Fearless,2026-03-17,Pending
BKG_01419,DLR_02,Punch,Creative,2026-03-06,Pending
BKG_01420,DLR_08,Harrier,Creative,2026-03-25,Pending
BKG_01421,DLR_17,Nexon,Empowered,2026-03-06,Pending
BKG_01422,DLR_20,Tiago,Base,2026-03-08,Pending
BKG_01423,DLR_18,Nexon,Fearless,2026-03-23,Pending
BKG_01424,DLR_09,Safari,Base,2026-03-04,Pending
BKG_01425,DLR_06,Safari,Fearless,2026-03-26,Pending
BKG_01426,DLR_06,Safari,Base,2026-03-07,Pending
BKG_01427,DLR_16,Nexon,Fearless,2026-03-16,Pending
BKG_01428,DLR_10,Harrier,Empowered,2026-03-30,Pending
BKG_01429,DLR_02,Harrier,Empowered,2026-03-10,Pending
BKG_01430,DLR_19,Tiago,Creative,2026-03-31,Pending
BKG_01431,DLR_04,Nexon,Fearless,2026-03-19,Pending
BKG_01432,DLR_07,Safari,Fearless,2026-03-29,Pending
BKG_01433,DLR_04,Safari,Creative,2026-03-07,Pending
BKG_01434,DLR_16,Punch,Base,2026-03-29,Pending
BKG_01435,DLR_08,Tiago,Empowered,2026-03-24,Pending
BKG_01436,DLR_06,Punch,Base,2026-03-13,Pending
BKG_01437,DLR_01,Safari,Empowered,2026-03-23,Pending
BKG_01438,DLR_17,Safari,Fearless,2026-03-17,Pending
BKG_01439,DLR_08,Tiago,Base,2026-03-09,Pending
BKG_01440,DLR_13,Harrier,Empowered,2026-03-15,Pending
BKG_01441,DLR_05,Harrier,Fearless,2026-03-14,Pending
BKG_01442,DLR_05,Safari,Fearless,2026-03-03,Pending
BKG_01443,DLR_05,Harrier,Base,2026-03-29,Pending
BKG_01444,DLR_07,Punch,Fearless,2026-03-17,Pending
BKG_01445,DLR_03,Safari,Fearless,2026-03-18,Pending
BKG_01446,DLR_16,Harrier,Base,2026-03-04,Pending
BKG_01447,DLR_11,Safari,Empowered,2026-03-24,Pending
BKG_01448,DLR_08,Punch,Base,2026-03-30,Pending
BKG_01449,DLR_08,Tiago,Empowered,2026-03-04,Pending
BKG_01450,DLR_03,Safari,Fearless,2026-03-06,Pending
BKG_01451,DLR_08,Harrier,Creative,2026-03-14,Pending
BKG_01452,DLR_10,Tiago,Creative,2026-03-16,Pending
BKG_01453,DLR_06,Punch,Fearless,2026-03-28,Pending
BKG_01454,DLR_17,Nexon,Empowered,2026-03-23,Pending
BKG_01455,DLR_01,Harrier,Fearless,2026-03-20,Pending
BKG_01456,DLR_13,Safari,Creative,2026-04-01,Pending
BKG_01457,DLR_12,Nexon,Empowered,2026-03-28,Pending
BKG_01458,DLR_08,Nexon,Base,2026-03-26,Pending
BKG_01459,DLR_11,Tiago,Empowered,2026-03-27,Pending
BKG_01460,DLR_08,Nexon,Creative,2026-03-07,Pending
BKG_01461,DLR_04,Safari,Creative,2026-03-14,Pending
BKG_01462,DLR_13,Nexon,Fearless,2026-03-28,Pending
BKG_01463,DLR_17,Punch,Empowered,2026-03-22,Pending
BKG_01464,DLR_12,Tiago,Creative,2026-03-19,Pending
BKG_01465,DLR_09,Harrier,Creative,2026-03-29,Pending
BKG_01466,DLR_20,Punch,Empowered,2026-03-09,Pending
BKG_01467,DLR_08,Harrier,Fearless,2026-03-25,Pending
BKG_01468,DLR_16,Nexon,Base,2026-03-13,Pending
BKG_01469,DLR_18,Harrier,Base,2026-03-23,Pending
BKG_01470,DLR_19,Tiago,Base,2026-03-04,Pending
BKG_01471,DLR_03,Nexon,Creative,2026-03-22,Pending
BKG_01472,DLR_12,Tiago,Empowered,2026-03-17,Pending
BKG_01473,DLR_08,Tiago,Base,2026-03-18,Pending
BKG_01474,DLR_07,Punch,Empowered,2026-03-28,Pending
BKG_01475,DLR_10,Tiago,Empowered,2026-03-29,Pending
BKG_01476,DLR_12,Safari,Empowered,2026-03-12,Pending
BKG_01477,DLR_20,Punch,Base,2026-03-04,Pending
BKG_01478,DLR_08,Punch,Empowered,2026-03-12,Pending
BKG_01479,DLR_03,Safari,Creative,2026-03-21,Pending
BKG_01480,DLR_08,Harrier,Empowered,2026-04-01,Pending
BKG_01481,DLR_04,Harrier,Creative,2026-03-12,Pending
BKG_01482,DLR_01,Harrier,Empowered,2026-03-30,Pending
BKG_01483,DLR_09,Tiago,Fearless,2026-03-21,Pending
BKG_01484,DLR_19,Harrier,Creative,2026-03-21,Pending
BKG_01485,DLR_19,Tiago,Fearless,2026-03-03,Pending
BKG_01486,DLR_16,Harrier,Base,2026-03-09,Pending
BKG_01487,DLR_13,Punch,Base,2026-03-06,Pending
BKG_01488,DLR_06,Harrier,Empowered,2026-03-18,Pending
BKG_01489,DLR_15,Harrier,Creative,2026-03-30,Pending
BKG_01490,DLR_17,Tiago,Empowered,2026-03-06,Pending
BKG_01491,DLR_15,Safari,Creative,2026-03-08,Pending
BKG_01492,DLR_15,Safari,Empowered,2026-03-18,Pending
BKG_01493,DLR_02,Nexon,Base,2026-03-24,Pending
BKG_01494,DLR_09,Nexon,Base,2026-03-19,Pending
BKG_01495,DLR_02,Tiago,Creative,2026-03-13,Pending
BKG_01496,DLR_11,Safari,Creative,2026-03-30,Pending
BKG_01497,DLR_18,Safari,Fearless,2026-03-19,Pending
BKG_01498,DLR_03,Safari,Base,2026-03-11,Pending
BKG_01499,DLR_04,Harrier,Empowered,2026-03-29,Pending
BKG_01500,DLR_07,Harrier,Creative,2026-03-23,Pending
BKG_01501,DLR_13,Punch,Fearless,2026-03-30,Pending
BKG_01502,DLR_05,Punch,Base,2026-03-30,Pending
BKG_01503,DLR_17,Punch,Empowered,2026-03-07,Pending
BKG_01504,DLR_08,Punch,Fearless,2026-03-27,Pending
BKG_01505,DLR_15,Harrier,Fearless,2026-03-31,Pending
BKG_01506,DLR_16,Harrier,Creative,2026-03-26,Pending
BKG_01507,DLR_16,Nexon,Base,2026-03-21,Pending
BKG_01508,DLR_01,Safari,Base,2026-03-05,Pending
BKG_01509,DLR_07,Harrier,Base,2026-03-11,Pending
BKG_01510,DLR_20,Harrier,Empowered,2026-03-15,Pending
BKG_01511,DLR_10,Tiago,Base,2026-03-12,Pending
BKG_01512,DLR_12,Tiago,Base,2026-03-07,Pending
BKG_01513,DLR_20,Tiago,Empowered,2026-03-12,Pending
BKG_01514,DLR_11,Harrier,Creative,2026-03-13,Pending
BKG_01515,DLR_03,Safari,Creative,2026-03-16,Pending
BKG_01516,DLR_03,Nexon,Base,2026-03-06,Pending
BKG_01517,DLR_04,Nexon,Creative,2026-03-20,Pending
BKG_01518,DLR_15,Harrier,Creative,2026-03-14,Pending
BKG_01519,DLR_15,Safari,Empowered,2026-03-24,Pending
BKG_01520,DLR_20,Nexon,Creative,2026-03-29,Pending
BKG_01521,DLR_14,Nexon,Creative,2026-03-31,Pending
BKG_01522,DLR_03,Nexon,Creative,2026-03-28,Pending
BKG_01523,DLR_19,Harrier,Empowered,2026-03-25,Pending
BKG_01524,DLR_14,Harrier,Base,2026-03-17,Pending
BKG_01525,DLR_12,Nexon,Base,2026-03-24,Pending
BKG_01526,DLR_08,Punch,Base,2026-03-20,Pending
BKG_01527,DLR_02,Punch,Fearless,2026-03-26,Pending
BKG_01528,DLR_13,Safari,Fearless,2026-03-29,Pending
BKG_01529,DLR_07,Nexon,Creative,2026-03-05,Pending
BKG_01530,DLR_12,Punch,Base,2026-03-13,Pending
BKG_01531,DLR_16,Nexon,Creative,2026-03-10,Pending
BKG_01532,DLR_18,Punch,Fearless,2026-03-22,Pending
BKG_01533,DLR_05,Safari,Creative,2026-03-04,Pending
BKG_01534,DLR_09,Safari,Empowered,2026-03-09,Pending
BKG_01535,DLR_03,Harrier,Fearless,2026-03-12,Pending
BKG_01536,DLR_03,Safari,Base,2026-03-29,Pending
BKG_01537,DLR_05,Safari,Creative,2026-03-30,Pending
BKG_01538,DLR_05,Tiago,Empowered,2026-03-11,Pending
BKG_01539,DLR_14,Safari,Empowered,2026-03-29,Pending
BKG_01540,DLR_05,Nexon,Creative,2026-03-11,Pending
BKG_01541,DLR_02,Harrier,Fearless,2026-03-29,Pending
BKG_01542,DLR_01,Tiago,Base,2026-03-24,Pending
BKG_01543,DLR_12,Punch,Empowered,2026-03-19,Pending
BKG_01544,DLR_16,Harrier,Empowered,2026-03-24,Pending
BKG_01545,DLR_04,Harrier,Empowered,2026-03-09,Pending
BKG_01546,DLR_05,Tiago,Empowered,2026-03-13,Pending
BKG_01547,DLR_10,Nexon,Empowered,2026-03-28,Pending
BKG_01548,DLR_19,Harrier,Fearless,2026-03-25,Pending
BKG_01549,DLR_07,Punch,Creative,2026-03-21,Pending
BKG_01550,DLR_09,Punch,Creative,2026-03-22,Pending
BKG_01551,DLR_15,Punch,Base,2026-03-04,Pending
BKG_01552,DLR_13,Safari,Empowered,2026-03-04,Pending
BKG_01553,DLR_18,Punch,Empowered,2026-03-24,Pending
BKG_01554,DLR_03,Tiago,Empowered,2026-03-14,Pending
BKG_01555,DLR_09,Tiago,Fearless,2026-03-27,Pending
BKG_01556,DLR_01,Tiago,Fearless,2026-03-11,Pending
BKG_01557,DLR_18,Nexon,Creative,2026-03-22,Pending
BKG_01558,DLR_18,Harrier,Empowered,2026-03-12,Pending
BKG_01559,DLR_16,Nexon,Creative,2026-03-10,Pending
BKG_01560,DLR_03,Harrier,Creative,2026-03-20,Pending
BKG_01561,DLR_03,Harrier,Fearless,2026-03-29,Pending
BKG_01562,DLR_07,Safari,Base,2026-03-25,Pending
BKG_01563,DLR_17,Punch,Empowered,2026-03-09,Pending
BKG_01564,DLR_20,Harrier,Empowered,2026-03-16,Pending
BKG_01565,DLR_14,Tiago,Base,2026-03-03,Pending
BKG_01566,DLR_17,Safari,Empowered,2026-03-29,Pending
BKG_01567,DLR_10,Tiago,Fearless,2026-03-24,Pending
BKG_01568,DLR_09,Punch,Creative,2026-03-20,Pending
BKG_01569,DLR_01,Nexon,Creative,2026-04-01,Pending
BKG_01570,DLR_18,Nexon,Fearless,2026-03-30,Pending
BKG_01571,DLR_13,Harrier,Creative,2026-03-29,Pending
BKG_01572,DLR_06,Harrier,Base,2026-03-13,Pending
BKG_01573,DLR_15,Nexon,Creative,2026-03-24,Pending
BKG_01574,DLR_01,Harrier,Base,2026-03-22,Pending
BKG_01575,DLR_05,Punch,Fearless,2026-03-12,Pending
BKG_01576,DLR_13,Tiago,Creative,2026-03-31,Pending
BKG_01577,DLR_15,Tiago,Base,2026-03-12,Pending
BKG_01578,DLR_10,Harrier,Empowered,2026-03-30,Pending
BKG_01579,DLR_04,Safari,Creative,2026-03-22,Pending
BKG_01580,DLR_09,Harrier,Creative,2026-03-12,Pending
BKG_01581,DLR_18,Punch,Base,2026-03-19,Pending
BKG_01582,DLR_14,Nexon,Base,2026-03-25,Pending
BKG_01583,DLR_05,Nexon,Fearless,2026-03-27,Pending
BKG_01584,DLR_15,Safari,Base,2026-03-10,Pending
BKG_01585,DLR_20,Tiago,Fearless,2026-03-04,Pending
BKG_01586,DLR_13,Safari,Empowered,2026-03-04,Pending
BKG_01587,DLR_15,Nexon,Base,2026-03-16,Pending
BKG_01588,DLR_02,Punch,Empowered,2026-03-16,Pending
BKG_01589,DLR_09,Harrier,Creative,2026-03-26,Pending
BKG_01590,DLR_12,Nexon,Fearless,2026-03-29,Pending
BKG_01591,DLR_06,Punch,Creative,2026-03-24,Pending
BKG_01592,DLR_12,Nexon,Empowered,2026-03-13,Pending
BKG_01593,DLR_18,Harrier,Empowered,2026-03-29,Pending
BKG_01594,DLR_15,Punch,Creative,2026-03-25,Pending
BKG_01595,DLR_04,Punch,Base,2026-03-08,Pending
BKG_01596,DLR_03,Punch,Empowered,2026-03-31,Pending
BKG_01597,DLR_16,Safari,Base,2026-03-29,Pending
BKG_01598,DLR_08,Tiago,Fearless,2026-03-22,Pending
BKG_01599,DLR_03,Safari,Fearless,2026-03-08,Pending
BKG_01600,DLR_08,Safari,Empowered,2026-03-20,Pending
BKG_01601,DLR_09,Harrier,Fearless,2026-03-05,Pending
BKG_01602,DLR_13,Tiago,Creative,2026-03-20,Pending
BKG_01603,DLR_03,Punch,Base,2026-03-15,Pending
BKG_01604,DLR_06,Punch,Base,2026-03-20,Pending
BKG_01605,DLR_18,Nexon,Base,2026-03-20,Pending
BKG_01606,DLR_04,Harrier,Empowered,2026-03-14,Pending
BKG_01607,DLR_03,Punch,Fearless,2026-03-04,Pending
BKG_01608,DLR_05,Safari,Base,2026-03-03,Pending
BKG_01609,DLR_04,Harrier,Fearless,2026-03-12,Pending
BKG_01610,DLR_06,Harrier,Fearless,2026-03-06,Pending
BKG_01611,DLR_06,Nexon,Fearless,2026-03-11,Pending
BKG_01612,DLR_16,Tiago,Base,2026-03-17,Pending
BKG_01613,DLR_16,Safari,Base,2026-03-21,Pending
BKG_01614,DLR_19,Punch,Creative,2026-03-22,Pending
BKG_01615,DLR_19,Punch,Fearless,2026-03-28,Pending
BKG_01616,DLR_18,Safari,Empowered,2026-03-11,Pending
BKG_01617,DLR_03,Tiago,Empowered,2026-03-16,Pending
BKG_01618,DLR_13,Harrier,Fearless,2026-03-27,Pending
BKG_01619,DLR_01,Punch,Base,2026-03-30,Pending
BKG_01620,DLR_15,Tiago,Empowered,2026-03-03,Pending
BKG_01621,DLR_10,Tiago,Fearless,2026-03-16,Pending
BKG_01622,DLR_07,Harrier,Fearless,2026-03-27,Pending
BKG_01623,DLR_01,Safari,Fearless,2026-03-06,Pending
BKG_01624,DLR_20,Safari,Empowered,2026-03-28,Pending
BKG_01625,DLR_07,Safari,Base,2026-03-14,Pending
BKG_01626,DLR_16,Nexon,Empowered,2026-03-10,Pending
BKG_01627,DLR_13,Harrier,Empowered,2026-03-19,Pending
BKG_01628,DLR_17,Tiago,Base,2026-03-22,Pending
BKG_01629,DLR_10,Safari,Creative,2026-03-04,Pending
BKG_01630,DLR_15,Nexon,Fearless,2026-03-16,Pending
BKG_01631,DLR_19,Punch,Empowered,2026-03-08,Pending
BKG_01632,DLR_20,Punch,Empowered,2026-03-28,Pending
BKG_01633,DLR_18,Nexon,Empowered,2026-03-08,Pending
BKG_01634,DLR_07,Harrier,Empowered,2026-03-18,Pending
BKG_01635,DLR_09,Safari,Base,2026-03-09,Pending
BKG_01636,DLR_16,Nexon,Base,2026-03-25,Pending
BKG_01637,DLR_14,Harrier,Creative,2026-03-12,Pending
BKG_01638,DLR_06,Tiago,Empowered,2026-03-13,Pending
BKG_01639,DLR_11,Tiago,Creative,2026-03-11,Pending
BKG_01640,DLR_04,Harrier,Empowered,2026-03-31,Pending
BKG_01641,DLR_15,Nexon,Creative,2026-03-29,Pending
BKG_01642,DLR_15,Punch,Base,2026-04-01,Pending
BKG_01643,DLR_01,Nexon,Empowered,2026-03-17,Pending
BKG_01644,DLR_16,Safari,Fearless,2026-03-08,Pending
BKG_01645,DLR_02,Punch,Empowered,2026-03-06,Pending
BKG_01646,DLR_09,Tiago,Creative,2026-03-05,Pending
BKG_01647,DLR_18,Tiago,Empowered,2026-03-16,Pending
BKG_01648,DLR_09,Tiago,Creative,2026-03-24,Pending
BKG_01649,DLR_03,Tiago,Empowered,2026-03-20,Pending
BKG_01650,DLR_02,Nexon,Fearless,2026-03-25,Pending
BKG_01651,DLR_19,Tiago,Fearless,2026-03-18,Pending
BKG_01652,DLR_10,Nexon,Empowered,2026-03-09,Pending
BKG_01653,DLR_03,Punch,Base,2026-03-14,Pending
BKG_01654,DLR_14,Nexon,Creative,2026-03-09,Pending
BKG_01655,DLR_11,Punch,Fearless,2026-03-04,Pending
BKG_01656,DLR_11,Tiago,Creative,2026-03-03,Pending
BKG_01657,DLR_09,Nexon,Fearless,2026-03-03,Pending
BKG_01658,DLR_18,Tiago,Fearless,2026-03-24,Pending
BKG_01659,DLR_01,Punch,Empowered,2026-03-08,Pending
BKG_01660,DLR_20,Punch,Empowered,2026-03-28,Pending
BKG_01661,DLR_02,Tiago,Creative,2026-03-11,Pending
BKG_01662,DLR_19,Tiago,Empowered,2026-03-07,Pending
BKG_01663,DLR_09,Punch,Fearless,2026-04-01,Pending
BKG_01664,DLR_05,Punch,Fearless,2026-03-29,Pending
BKG_01665,DLR_02,Tiago,Fearless,2026-03-03,Pending
BKG_01666,DLR_15,Punch,Base,2026-03-19,Pending
BKG_01667,DLR_19,Safari,Creative,2026-03-09,Pending
BKG_01668,DLR_13,Nexon,Base,2026-03-05,Pending
BKG_01669,DLR_15,Harrier,Empowered,2026-03-22,Pending
BKG_01670,DLR_10,Safari,Fearless,2026-03-03,Pending
BKG_01671,DLR_13,Nexon,Base,2026-04-01,Pending
BKG_01672,DLR_16,Harrier,Empowered,2026-03-27,Pending
BKG_01673,DLR_05,Safari,Base,2026-03-18,Pending
BKG_01674,DLR_20,Safari,Fearless,2026-03-26,Pending
BKG_01675,DLR_12,Punch,Empowered,2026-03-03,Pending
BKG_01676,DLR_01,Nexon,Creative,2026-03-28,Pending
BKG_01677,DLR_13,Harrier,Creative,2026-03-11,Pending
BKG_01678,DLR_11,Harrier,Base,2026-03-21,Pending
BKG_01679,DLR_14,Harrier,Creative,2026-03-24,Pending
BKG_01680,DLR_15,Safari,Empowered,2026-03-03,Pending
BKG_01681,DLR_19,Safari,Empowered,2026-03-05,Pending
BKG_01682,DLR_19,Safari,Empowered,2026-03-05,Pending
BKG_01683,DLR_13,Tiago,Base,2026-03-25,Pending
BKG_01684,DLR_08,Harrier,Fearless,2026-03-08,Pending
BKG_01685,DLR_15,Nexon,Fearless,2026-03-21,Pending
BKG_01686,DLR_12,Nexon,Fearless,2026-03-16,Pending
BKG_01687,DLR_10,Safari,Creative,2026-03-18,Pending
BKG_01688,DLR_11,Nexon,Empowered,2026-03-20,Pending
BKG_01689,DLR_14,Safari,Base,2026-03-28,Pending
BKG_01690,DLR_20,Nexon,Fearless,2026-03-06,Pending
BKG_01691,DLR_01,Safari,Creative,2026-03-27,Pending
BKG_01692,DLR_18,Punch,Fearless,2026-03-18,Pending
BKG_01693,DLR_13,Tiago,Fearless,2026-03-16,Pending
BKG_01694,DLR_01,Harrier,Empowered,2026-03-15,Pending
BKG_01695,DLR_17,Harrier,Empowered,2026-03-30,Pending
BKG_01696,DLR_05,Tiago,Creative,2026-03-08,Pending
BKG_01697,DLR_06,Tiago,Fearless,2026-03-25,Pending
BKG_01698,DLR_09,Nexon,Empowered,2026-03-14,Pending
BKG_01699,DLR_03,Harrier,Creative,2026-03-17,Pending
BKG_01700,DLR_07,Tiago,Fearless,2026-03-29,Pending
BKG_01701,DLR_11,Tiago,Fearless,2026-03-17,Pending
BKG_01702,DLR_12,Punch,Fearless,2026-03-18,Pending
BKG_01703,DLR_06,Punch,Fearless,2026-03-05,Pending
BKG_01704,DLR_07,Tiago,Fearless,2026-03-25,Pending
BKG_01705,DLR_04,Safari,Fearless,2026-03-29,Pending
BKG_01706,DLR_20,Safari,Fearless,2026-03-30,Pending
BKG_01707,DLR_03,Punch,Fearless,2026-03-19,Pending
BKG_01708,DLR_03,Tiago,Fearless,2026-03-24,Pending
BKG_01709,DLR_17,Tiago,Base,2026-03-04,Pending
BKG_01710,DLR_14,Safari,Creative,2026-03-08,Pending
BKG_01711,DLR_03,Tiago,Base,2026-03-16,Pending
BKG_01712,DLR_17,Punch,Base,2026-03-30,Pending
BKG_01713,DLR_07,Safari,Empowered,2026-03-07,Pending
BKG_01714,DLR_14,Tiago,Creative,2026-03-15,Pending
BKG_01715,DLR_11,Nexon,Creative,2026-03-24,Pending
BKG_01716,DLR_08,Tiago,Empowered,2026-03-10,Pending
BKG_01717,DLR_15,Safari,Creative,2026-03-03,Pending
BKG_01718,DLR_15,Punch,Base,2026-03-19,Pending
BKG_01719,DLR_13,Nexon,Creative,2026-03-09,Pending
BKG_01720,DLR_05,Safari,Creative,2026-03-09,Pending
BKG_01721,DLR_13,Harrier,Fearless,2026-03-14,Pending
BKG_01722,DLR_11,Tiago,Fearless,2026-03-30,Pending
BKG_01723,DLR_10,Punch,Creative,2026-03-19,Pending
BKG_01724,DLR_13,Punch,Fearless,2026-03-27,Pending
BKG_01725,DLR_14,Nexon,Creative,2026-03-25,Pending
BKG_01726,DLR_07,Harrier,Empowered,2026-03-21,Pending
BKG_01727,DLR_04,Tiago,Empowered,2026-03-23,Pending
BKG_01728,DLR_06,Safari,Fearless,2026-03-22,Pending
BKG_01729,DLR_17,Harrier,Empowered,2026-03-17,Pending
BKG_01730,DLR_07,Punch,Creative,2026-03-19,Pending
BKG_01731,DLR_20,Safari,Fearless,2026-03-29,Pending
BKG_01732,DLR_05,Safari,Base,2026-03-11,Pending
BKG_01733,DLR_16,Punch,Fearless,2026-03-13,Pending
BKG_01734,DLR_14,Punch,Fearless,2026-03-12,Pending
BKG_01735,DLR_03,Harrier,Base,2026-03-17,Pending
BKG_01736,DLR_19,Harrier,Fearless,2026-03-25,Pending
BKG_01737,DLR_09,Harrier,Empowered,2026-03-12,Pending
BKG_01738,DLR_19,Harrier,Fearless,2026-03-30,Pending
BKG_01739,DLR_14,Tiago,Creative,2026-03-27,Pending
BKG_01740,DLR_13,Punch,Base,2026-03-11,Pending
BKG_01741,DLR_03,Tiago,Empowered,2026-03-30,Pending
BKG_01742,DLR_07,Harrier,Base,2026-03-22,Pending
BKG_01743,DLR_09,Nexon,Empowered,2026-03-30,Pending
BKG_01744,DLR_17,Tiago,Fearless,2026-03-04,Pending
BKG_01745,DLR_10,Tiago,Fearless,2026-03-14,Pending
BKG_01746,DLR_11,Harrier,Creative,2026-03-25,Pending
BKG_01747,DLR_14,Safari,Fearless,2026-03-16,Pending
BKG_01748,DLR_11,Tiago,Creative,2026-03-31,Pending
BKG_01749,DLR_11,Tiago,Fearless,2026-03-07,Pending
BKG_01750,DLR_08,Harrier,Fearless,2026-03-10,Pending
BKG_01751,DLR_04,Harrier,Creative,2026-03-27,Pending
BKG_01752,DLR_10,Punch,Base,2026-03-27,Pending
BKG_01753,DLR_06,Tiago,Fearless,2026-03-03,Pending
BKG_01754,DLR_03,Harrier,Empowered,2026-03-12,Pending
BKG_01755,DLR_14,Harrier,Creative,2026-03-30,Pending
BKG_01756,DLR_01,Harrier,Creative,2026-03-15,Pending
BKG_01757,DLR_14,Punch,Empowered,2026-03-09,Pending
BKG_01758,DLR_03,Punch,Fearless,2026-03-25,Pending
BKG_01759,DLR_16,Harrier,Fearless,2026-03-14,Pending
BKG_01760,DLR_18,Nexon,Fearless,2026-03-21,Pending
BKG_01761,DLR_03,Safari,Base,2026-03-06,Pending
BKG_01762,DLR_01,Tiago,Base,2026-03-05,Pending
BKG_01763,DLR_06,Harrier,Base,2026-03-22,Pending
BKG_01764,DLR_08,Punch,Base,2026-03-04,Pending
BKG_01765,DLR_16,Tiago,Fearless,2026-03-27,Pending
BKG_01766,DLR_08,Safari,Base,2026-03-18,Pending
BKG_01767,DLR_09,Harrier,Empowered,2026-03-15,Pending
BKG_01768,DLR_17,Safari,Creative,2026-03-19,Pending
BKG_01769,DLR_02,Nexon,Fearless,2026-03-03,Pending
BKG_01770,DLR_02,Safari,Fearless,2026-03-17,Pending
BKG_01771,DLR_09,Harrier,Creative,2026-03-30,Pending
BKG_01772,DLR_08,Safari,Empowered,2026-03-30,Pending
BKG_01773,DLR_10,Safari,Fearless,2026-03-07,Pending
BKG_01774,DLR_08,Safari,Empowered,2026-03-14,Pending
BKG_01775,DLR_06,Safari,Fearless,2026-03-07,Pending
BKG_01776,DLR_06,Punch,Base,2026-03-29,Pending
BKG_01777,DLR_08,Harrier,Fearless,2026-03-19,Pending
BKG_01778,DLR_07,Safari,Empowered,2026-03-05,Pending
BKG_01779,DLR_17,Tiago,Fearless,2026-03-12,Pending
BKG_01780,DLR_08,Nexon,Fearless,2026-03-29,Pending
BKG_01781,DLR_15,Harrier,Creative,2026-03-13,Pending
BKG_01782,DLR_18,Harrier,Creative,2026-03-23,Pending
BKG_01783,DLR_16,Punch,Base,2026-03-13,Pending
BKG_01784,DLR_09,Punch,Creative,2026-03-28,Pending
BKG_01785,DLR_08,Nexon,Base,2026-03-09,Pending
BKG_01786,DLR_02,Safari,Fearless,2026-03-10,Pending
BKG_01787,DLR_16,Punch,Creative,2026-03-19,Pending
BKG_01788,DLR_17,Nexon,Fearless,2026-03-12,Pending
BKG_01789,DLR_04,Tiago,Empowered,2026-03-25,Pending
BKG_01790,DLR_15,Safari,Empowered,2026-03-26,Pending
BKG_01791,DLR_04,Safari,Fearless,2026-03-25,Pending
BKG_01792,DLR_20,Nexon,Fearless,2026-03-17,Pending
BKG_01793,DLR_14,Tiago,Empowered,2026-03-05,Pending
BKG_01794,DLR_11,Tiago,Creative,2026-03-25,Pending
BKG_01795,DLR_14,Safari,Empowered,2026-03-17,Pending
BKG_01796,DLR_13,Tiago,Creative,2026-03-27,Pending
BKG_01797,DLR_04,Punch,Empowered,2026-03-08,Pending
BKG_01798,DLR_11,Safari,Creative,2026-03-10,Pending
BKG_01799,DLR_15,Harrier,Creative,2026-03-25,Pending
BKG_01800,DLR_20,Tiago,Fearless,2026-03-05,Pending
BKG_01801,DLR_08,Safari,Base,2026-03-25,Pending
BKG_01802,DLR_11,Tiago,Fearless,2026-03-21,Pending
BKG_01803,DLR_05,Safari,Base,2026-03-15,Pending
BKG_01804,DLR_12,Nexon,Creative,2026-03-16,Pending
BKG_01805,DLR_08,Tiago,Empowered,2026-03-05,Pending
BKG_01806,DLR_10,Safari,Base,2026-03-08,Pending
BKG_01807,DLR_05,Nexon,Base,2026-03-14,Pending
BKG_01808,DLR_11,Safari,Creative,2026-03-06,Pending
BKG_01809,DLR_19,Tiago,Empowered,2026-03-16,Pending
BKG_01810,DLR_08,Safari,Empowered,2026-03-27,Pending
BKG_01811,DLR_10,Tiago,Creative,2026-03-07,Pending
BKG_01812,DLR_12,Nexon,Creative,2026-03-13,Pending
BKG_01813,DLR_06,Harrier,Empowered,2026-03-10,Pending
BKG_01814,DLR_03,Tiago,Fearless,2026-03-21,Pending
BKG_01815,DLR_12,Tiago,Empowered,2026-03-30,Pending
BKG_01816,DLR_05,Harrier,Base,2026-03-17,Pending
BKG_01817,DLR_04,Punch,Base,2026-03-27,Pending
BKG_01818,DLR_18,Safari,Empowered,2026-03-20,Pending
BKG_01819,DLR_18,Punch,Empowered,2026-03-15,Pending
BKG_01820,DLR_14,Safari,Base,2026-03-29,Pending
BKG_01821,DLR_16,Punch,Creative,2026-03-15,Pending
BKG_01822,DLR_01,Safari,Fearless,2026-03-09,Pending
BKG_01823,DLR_19,Safari,Base,2026-03-11,Pending
BKG_01824,DLR_02,Safari,Base,2026-03-04,Pending
BKG_01825,DLR_03,Nexon,Base,2026-03-27,Pending
BKG_01826,DLR_01,Punch,Creative,2026-03-29,Pending
BKG_01827,DLR_08,Safari,Base,2026-03-21,Pending
BKG_01828,DLR_09,Safari,Creative,2026-03-26,Pending
BKG_01829,DLR_15,Tiago,Empowered,2026-03-08,Pending
BKG_01830,DLR_15,Tiago,Fearless,2026-03-23,Pending
BKG_01831,DLR_05,Nexon,Empowered,2026-03-26,Pending
BKG_01832,DLR_13,Punch,Base,2026-03-18,Pending
BKG_01833,DLR_06,Punch,Empowered,2026-03-27,Pending
BKG_01834,DLR_11,Safari,Creative,2026-03-22,Pending
BKG_01835,DLR_19,Punch,Fearless,2026-03-29,Pending
BKG_01836,DLR_04,Nexon,Base,2026-03-22,Pending
BKG_01837,DLR_02,Punch,Fearless,2026-03-04,Pending
BKG_01838,DLR_02,Tiago,Empowered,2026-03-20,Pending
BKG_01839,DLR_19,Harrier,Creative,2026-03-24,Pending
BKG_01840,DLR_03,Safari,Base,2026-03-07,Pending
BKG_01841,DLR_01,Punch,Fearless,2026-03-29,Pending
BKG_01842,DLR_20,Safari,Creative,2026-03-05,Pending
BKG_01843,DLR_20,Punch,Creative,2026-03-23,Pending
BKG_01844,DLR_20,Safari,Empowered,2026-03-05,Pending
BKG_01845,DLR_10,Harrier,Fearless,2026-04-01,Pending
BKG_01846,DLR_11,Tiago,Fearless,2026-03-29,Pending
BKG_01847,DLR_02,Nexon,Creative,2026-03-12,Pending
BKG_01848,DLR_01,Punch,Creative,2026-03-04,Pending
BKG_01849,DLR_12,Safari,Creative,2026-03-26,Pending
BKG_01850,DLR_07,Nexon,Creative,2026-03-13,Pending
BKG_01851,DLR_01,Punch,Creative,2026-03-18,Pending
BKG_01852,DLR_08,Safari,Fearless,2026-03-19,Pending
BKG_01853,DLR_05,Harrier,Creative,2026-03-12,Pending
BKG_01854,DLR_04,Harrier,Empowered,2026-03-10,Pending
BKG_01855,DLR_20,Harrier,Base,2026-03-06,Pending
BKG_01856,DLR_01,Nexon,Creative,2026-03-18,Pending
BKG_01857,DLR_06,Safari,Creative,2026-03-26,Pending
BKG_01858,DLR_11,Safari,Base,2026-03-06,Pending
BKG_01859,DLR_01,Safari,Creative,2026-03-30,Pending
BKG_01860,DLR_19,Safari,Fearless,2026-03-16,Pending
BKG_01861,DLR_03,Safari,Empowered,2026-03-07,Pending
BKG_01862,DLR_03,Punch,Empowered,2026-03-14,Pending
BKG_01863,DLR_05,Nexon,Fearless,2026-04-01,Pending
BKG_01864,DLR_08,Tiago,Empowered,2026-03-28,Pending
BKG_01865,DLR_06,Harrier,Creative,2026-03-27,Pending
BKG_01866,DLR_02,Safari,Base,2026-03-27,Pending
BKG_01867,DLR_16,Tiago,Base,2026-03-10,Pending
BKG_01868,DLR_20,Tiago,Creative,2026-03-18,Pending
BKG_01869,DLR_19,Safari,Fearless,2026-03-19,Pending
BKG_01870,DLR_06,Punch,Creative,2026-03-27,Pending
BKG_01871,DLR_10,Tiago,Base,2026-03-24,Pending
BKG_01872,DLR_09,Tiago,Base,2026-03-20,Pending
BKG_01873,DLR_11,Safari,Empowered,2026-03-16,Pending
BKG_01874,DLR_14,Tiago,Creative,2026-03-14,Pending
BKG_01875,DLR_20,Harrier,Fearless,2026-03-23,Pending
BKG_01876,DLR_01,Safari,Empowered,2026-03-04,Pending
BKG_01877,DLR_07,Nexon,Fearless,2026-03-30,Pending
BKG_01878,DLR_17,Nexon,Fearless,2026-03-10,Pending
BKG_01879,DLR_12,Tiago,Creative,2026-03-17,Pending
BKG_01880,DLR_02,Tiago,Base,2026-04-01,Pending
BKG_01881,DLR_04,Punch,Fearless,2026-03-28,Pending
BKG_01882,DLR_05,Harrier,Creative,2026-03-06,Pending
BKG_01883,DLR_16,Safari,Creative,2026-03-17,Pending
BKG_01884,DLR_08,Punch,Fearless,2026-03-05,Pending
BKG_01885,DLR_06,Tiago,Fearless,2026-03-30,Pending
BKG_01886,DLR_16,Punch,Base,2026-03-18,Pending
BKG_01887,DLR_16,Punch,Fearless,2026-03-06,Pending
BKG_01888,DLR_01,Safari,Creative,2026-03-27,Pending
BKG_01889,DLR_14,Punch,Empowered,2026-03-07,Pending
BKG_01890,DLR_06,Tiago,Fearless,2026-03-07,Pending
BKG_01891,DLR_16,Safari,Fearless,2026-03-23,Pending
BKG_01892,DLR_14,Safari,Empowered,2026-03-10,Pending
BKG_01893,DLR_13,Harrier,Creative,2026-03-26,Pending
BKG_01894,DLR_19,Tiago,Empowered,2026-03-13,Pending
BKG_01895,DLR_04,Nexon,Fearless,2026-03-22,Pending
BKG_01896,DLR_01,Punch,Creative,2026-03-03,Pending
BKG_01897,DLR_07,Nexon,Creative,2026-03-19,Pending
BKG_01898,DLR_03,Nexon,Empowered,2026-03-07,Pending
BKG_01899,DLR_14,Punch,Fearless,2026-03-30,Pending
BKG_01900,DLR_10,Harrier,Creative,2026-03-07,Pending
BKG_01901,DLR_07,Safari,Base,2026-03-09,Pending
BKG_01902,DLR_17,Punch,Creative,2026-03-31,Pending
BKG_01903,DLR_10,Nexon,Empowered,2026-03-23,Pending
BKG_01904,DLR_08,Punch,Base,2026-03-22,Pending
BKG_01905,DLR_11,Nexon,Creative,2026-03-15,Pending
BKG_01906,DLR_03,Nexon,Creative,2026-03-28,Pending
BKG_01907,DLR_15,Punch,Empowered,2026-03-08,Pending
BKG_01908,DLR_13,Safari,Base,2026-03-28,Pending
BKG_01909,DLR_11,Tiago,Creative,2026-03-17,Pending
BKG_01910,DLR_05,Harrier,Fearless,2026-03-18,Pending
BKG_01911,DLR_20,Nexon,Creative,2026-04-01,Pending
BKG_01912,DLR_11,Safari,Base,2026-03-27,Pending
BKG_01913,DLR_03,Harrier,Empowered,2026-03-16,Pending
BKG_01914,DLR_16,Safari,Fearless,2026-03-15,Pending
BKG_01915,DLR_19,Harrier,Creative,2026-03-23,Pending
BKG_01916,DLR_11,Nexon,Fearless,2026-03-23,Pending
BKG_01917,DLR_16,Tiago,Base,2026-03-21,Pending
BKG_01918,DLR_09,Punch,Creative,2026-03-17,Pending
BKG_01919,DLR_07,Safari,Empowered,2026-03-28,Pending
BKG_01920,DLR_02,Tiago,Creative,2026-03-27,Pending
BKG_01921,DLR_16,Punch,Empowered,2026-03-12,Pending
BKG_01922,DLR_10,Nexon,Base,2026-03-16,Pending
BKG_01923,DLR_16,Harrier,Creative,2026-03-22,Pending
BKG_01924,DLR_15,Punch,Creative,2026-03-15,Pending
BKG_01925,DLR_17,Harrier,Base,2026-03-21,Pending
BKG_01926,DLR_10,Nexon,Empowered,2026-03-21,Pending
BKG_01927,DLR_12,Tiago,Empowered,2026-03-23,Pending
BKG_01928,DLR_04,Tiago,Fearless,2026-03-19,Pending
BKG_01929,DLR_08,Harrier,Empowered,2026-04-01,Pending
BKG_01930,DLR_07,Nexon,Fearless,2026-03-28,Pending
BKG_01931,DLR_19,Harrier,Base,2026-03-21,Pending
BKG_01932,DLR_17,Nexon,Base,2026-03-26,Pending
BKG_01933,DLR_08,Nexon,Base,2026-03-30,Pending
BKG_01934,DLR_14,Nexon,Base,2026-03-31,Pending
BKG_01935,DLR_12,Tiago,Fearless,2026-03-27,Pending
BKG_01936,DLR_16,Tiago,Empowered,2026-03-08,Pending
BKG_01937,DLR_08,Tiago,Base,2026-03-24,Pending
BKG_01938,DLR_02,Tiago,Creative,2026-03-27,Pending
BKG_01939,DLR_16,Tiago,Empowered,2026-03-25,Pending
BKG_01940,DLR_19,Harrier,Empowered,2026-04-01,Pending
BKG_01941,DLR_11,Tiago,Fearless,2026-03-10,Pending
BKG_01942,DLR_09,Harrier,Base,2026-03-03,Pending
BKG_01943,DLR_09,Safari,Creative,2026-03-15,Pending
BKG_01944,DLR_17,Harrier,Creative,2026-03-09,Pending
BKG_01945,DLR_01,Tiago,Fearless,2026-03-23,Pending
BKG_01946,DLR_02,Nexon,Empowered,2026-03-06,Pending
BKG_01947,DLR_19,Tiago,Empowered,2026-03-12,Pending
BKG_01948,DLR_09,Nexon,Base,2026-03-20,Pending
BKG_01949,DLR_07,Nexon,Empowered,2026-03-20,Pending
BKG_01950,DLR_18,Tiago,Base,2026-03-05,Pending
BKG_01951,DLR_16,Safari,Creative,2026-03-08,Pending
BKG_01952,DLR_08,Punch,Base,2026-03-27,Pending
BKG_01953,DLR_01,Punch,Base,2026-03-28,Pending
BKG_01954,DLR_03,Harrier,Base,2026-03-04,Pending
BKG_01955,DLR_09,Harrier,Fearless,2026-03-21,Pending
BKG_01956,DLR_07,Harrier,Fearless,2026-03-16,Pending
BKG_01957,DLR_08,Nexon,Fearless,2026-03-30,Pending
BKG_01958,DLR_06,Nexon,Empowered,2026-03-31,Pending
BKG_01959,DLR_20,Harrier,Base,2026-03-23,Pending
BKG_01960,DLR_11,Punch,Base,2026-03-30,Pending
BKG_01961,DLR_04,Tiago,Fearless,2026-03-18,Pending
BKG_01962,DLR_03,Harrier,Creative,2026-03-12,Pending
BKG_01963,DLR_19,Harrier,Base,2026-03-25,Pending
BKG_01964,DLR_14,Punch,Fearless,2026-03-15,Pending
BKG_01965,DLR_16,Punch,Creative,2026-03-21,Pending
BKG_01966,DLR_02,Punch,Empowered,2026-03-22,Pending
BKG_01967,DLR_05,Punch,Base,2026-03-14,Pending
BKG_01968,DLR_04,Safari,Fearless,2026-03-06,Pending
BKG_01969,DLR_14,Harrier,Empowered,2026-03-29,Pending
BKG_01970,DLR_14,Harrier,Fearless,2026-03-26,Pending
BKG_01971,DLR_01,Safari,Creative,2026-03-31,Pending
BKG_01972,DLR_09,Tiago,Empowered,2026-03-15,Pending
BKG_01973,DLR_08,Safari,Fearless,2026-03-06,Pending
BKG_01974,DLR_10,Harrier,Empowered,2026-03-13,Pending
BKG_01975,DLR_08,Tiago,Base,2026-03-08,Pending
BKG_01976,DLR_09,Safari,Base,2026-03-07,Pending
BKG_01977,DLR_19,Harrier,Creative,2026-03-05,Pending
BKG_01978,DLR_08,Safari,Base,2026-03-08,Pending
BKG_01979,DLR_04,Safari,Empowered,2026-03-30,Pending
BKG_01980,DLR_19,Harrier,Fearless,2026-03-20,Pending
BKG_01981,DLR_12,Tiago,Empowered,2026-03-20,Pending
BKG_01982,DLR_18,Tiago,Fearless,2026-03-30,Pending
BKG_01983,DLR_12,Punch,Base,2026-03-10,Pending
BKG_01984,DLR_14,Safari,Creative,2026-03-29,Pending
BKG_01985,DLR_04,Safari,Fearless,2026-03-14,Pending
BKG_01986,DLR_06,Tiago,Fearless,2026-03-04,Pending
BKG_01987,DLR_16,Tiago,Base,2026-03-07,Pending
BKG_01988,DLR_13,Nexon,Base,2026-03-25,Pending
BKG_01989,DLR_17,Punch,Empowered,2026-03-08,Pending
BKG_01990,DLR_17,Harrier,Creative,2026-03-14,Pending
BKG_01991,DLR_13,Punch,Creative,2026-03-15,Pending
BKG_01992,DLR_14,Tiago,Fearless,2026-03-14,Pending
BKG_01993,DLR_07,Tiago,Empowered,2026-03-24,Pending
BKG_01994,DLR_13,Nexon,Fearless,2026-03-28,Pending
BKG_01995,DLR_08,Safari,Creative,2026-03-21,Pending
BKG_01996,DLR_16,Harrier,Fearless,2026-03-25,Pending
BKG_01997,DLR_08,Punch,Base,2026-03-09,Pending
BKG_01998,DLR_10,Punch,Empowered,2026-03-23,Pending
BKG_01999,DLR_20,Tiago,Empowered,2026-03-30,Pending
BKG_02000,DLR_15,Tiago,Creative,2026-03-28,Pending
BKG_02001,DLR_10,Tiago,Fearless,2026-03-27,Pending
BKG_02002,DLR_16,Tiago,Fearless,2026-03-15,Pending
BKG_02003,DLR_15,Punch,Empowered,2026-03-25,Pending
BKG_02004,DLR_16,Tiago,Creative,2026-03-22,Pending
BKG_02005,DLR_16,Harrier,Base,2026-03-10,Pending
BKG_02006,DLR_01,Harrier,Fearless,2026-03-10,Pending
BKG_02007,DLR_07,Safari,Empowered,2026-03-25,Pending
BKG_02008,DLR_09,Safari,Fearless,2026-03-13,Pending
BKG_02009,DLR_04,Nexon,Empowered,2026-03-17,Pending
BKG_02010,DLR_15,Nexon,Base,2026-03-26,Pending
BKG_02011,DLR_14,Harrier,Fearless,2026-03-07,Pending
BKG_02012,DLR_08,Nexon,Empowered,2026-03-31,Pending
BKG_02013,DLR_12,Punch,Empowered,2026-03-11,Pending
BKG_02014,DLR_11,Nexon,Base,2026-03-07,Pending
BKG_02015,DLR_10,Tiago,Creative,2026-03-23,Pending
BKG_02016,DLR_20,Nexon,Creative,2026-03-07,Pending
BKG_02017,DLR_10,Nexon,Creative,2026-03-05,Pending
BKG_02018,DLR_12,Harrier,Base,2026-03-14,Pending
BKG_02019,DLR_05,Punch,Creative,2026-03-04,Pending
BKG_02020,DLR_14,Tiago,Base,2026-03-22,Pending
BKG_02021,DLR_02,Nexon,Creative,2026-03-17,Pending
BKG_02022,DLR_13,Punch,Fearless,2026-03-17,Pending
BKG_02023,DLR_12,Safari,Base,2026-03-29,Pending
BKG_02024,DLR_05,Punch,Fearless,2026-03-08,Pending
BKG_02025,DLR_08,Tiago,Fearless,2026-03-24,Pending
BKG_02026,DLR_03,Tiago,Empowered,2026-03-24,Pending
BKG_02027,DLR_17,Nexon,Base,2026-03-19,Pending
BKG_02028,DLR_02,Tiago,Fearless,2026-03-24,Pending
BKG_02029,DLR_01,Tiago,Base,2026-03-14,Pending
BKG_02030,DLR_04,Punch,Creative,2026-03-18,Pending
BKG_02031,DLR_08,Harrier,Base,2026-03-19,Pending
BKG_02032,DLR_08,Nexon,Fearless,2026-03-04,Pending
BKG_02033,DLR_02,Safari,Fearless,2026-03-04,Pending
BKG_02034,DLR_10,Harrier,Creative,2026-03-10,Pending
BKG_02035,DLR_17,Safari,Base,2026-03-19,Pending
BKG_02036,DLR_20,Nexon,Base,2026-03-08,Pending
BKG_02037,DLR_18,Nexon,Creative,2026-03-19,Pending
BKG_02038,DLR_18,Nexon,Fearless,2026-03-07,Pending
BKG_02039,DLR_03,Nexon,Creative,2026-03-05,Pending
BKG_02040,DLR_05,Punch,Empowered,2026-03-28,Pending
BKG_02041,DLR_14,Punch,Empowered,2026-03-18,Pending
BKG_02042,DLR_15,Harrier,Fearless,2026-04-01,Pending
BKG_02043,DLR_05,Harrier,Creative,2026-03-20,Pending
BKG_02044,DLR_11,Safari,Fearless,2026-03-27,Pending
BKG_02045,DLR_17,Safari,Creative,2026-03-03,Pending
BKG_02046,DLR_20,Safari,Fearless,2026-03-13,Pending
BKG_02047,DLR_05,Tiago,Empowered,2026-03-12,Pending
BKG_02048,DLR_04,Safari,Empowered,2026-04-01,Pending
BKG_02049,DLR_06,Tiago,Empowered,2026-04-01,Pending
BKG_02050,DLR_07,Nexon,Empowered,2026-03-16,Pending
BKG_02051,DLR_13,Harrier,Fearless,2026-03-12,Pending
BKG_02052,DLR_02,Nexon,Empowered,2026-03-15,Pending
BKG_02053,DLR_10,Punch,Creative,2026-03-16,Pending
BKG_02054,DLR_02,Punch,Base,2026-03-27,Pending
BKG_02055,DLR_17,Tiago,Fearless,2026-03-31,Pending
BKG_02056,DLR_09,Tiago,Empowered,2026-03-23,Pending
BKG_02057,DLR_19,Safari,Fearless,2026-03-29,Pending
BKG_02058,DLR_18,Safari,Base,2026-03-05,Pending
BKG_02059,DLR_10,Tiago,Base,2026-03-13,Pending
BKG_02060,DLR_20,Tiago,Base,2026-03-09,Pending
BKG_02061,DLR_11,Harrier,Base,2026-03-15,Pending
BKG_02062,DLR_06,Nexon,Creative,2026-03-29,Pending
BKG_02063,DLR_16,Safari,Fearless,2026-04-01,Pending
BKG_02064,DLR_18,Punch,Creative,2026-03-25,Pending
BKG_02065,DLR_09,Tiago,Fearless,2026-03-07,Pending
BKG_02066,DLR_05,Tiago,Fearless,2026-03-29,Pending
BKG_02067,DLR_08,Safari,Base,2026-03-17,Pending
BKG_02068,DLR_04,Tiago,Base,2026-03-24,Pending
BKG_02069,DLR_03,Safari,Base,2026-03-27,Pending
BKG_02070,DLR_03,Harrier,Empowered,2026-03-18,Pending
BKG_02071,DLR_08,Safari,Fearless,2026-03-26,Pending
BKG_02072,DLR_18,Harrier,Creative,2026-03-05,Pending
BKG_02073,DLR_09,Tiago,Fearless,2026-03-16,Pending
BKG_02074,DLR_13,Harrier,Fearless,2026-03-22,Pending
BKG_02075,DLR_15,Safari,Empowered,2026-03-10,Pending
BKG_02076,DLR_05,Safari,Creative,2026-03-28,Pending
BKG_02077,DLR_04,Safari,Fearless,2026-03-19,Pending
BKG_02078,DLR_19,Safari,Fearless,2026-03-26,Pending
BKG_02079,DLR_04,Punch,Empowered,2026-03-12,Pending
BKG_02080,DLR_19,Nexon,Empowered,2026-03-31,Pending
BKG_02081,DLR_08,Tiago,Empowered,2026-04-01,Pending
BKG_02082,DLR_07,Nexon,Empowered,2026-03-06,Pending
BKG_02083,DLR_18,Punch,Empowered,2026-03-20,Pending
BKG_02084,DLR_11,Punch,Empowered,2026-03-09,Pending
BKG_02085,DLR_06,Harrier,Empowered,2026-03-29,Pending
BKG_02086,DLR_19,Punch,Base,2026-03-23,Pending
BKG_02087,DLR_18,Tiago,Fearless,2026-03-22,Pending
BKG_02088,DLR_02,Safari,Creative,2026-03-30,Pending
BKG_02089,DLR_03,Nexon,Creative,2026-03-24,Pending
BKG_02090,DLR_01,Punch,Base,2026-03-20,Pending
BKG_02091,DLR_14,Safari,Creative,2026-03-10,Pending
BKG_02092,DLR_04,Punch,Creative,2026-04-01,Pending
BKG_02093,DLR_17,Tiago,Creative,2026-03-22,Pending
BKG_02094,DLR_04,Tiago,Base,2026-03-29,Pending
BKG_02095,DLR_02,Safari,Empowered,2026-03-09,Pending
BKG_02096,DLR_17,Nexon,Base,2026-03-22,Pending
BKG_02097,DLR_05,Punch,Base,2026-03-17,Pending
BKG_02098,DLR_03,Tiago,Fearless,2026-03-11,Pending
BKG_02099,DLR_09,Nexon,Fearless,2026-03-20,Pending
BKG_02100,DLR_18,Punch,Creative,2026-03-26,Pending
BKG_02101,DLR_09,Nexon,Base,2026-03-11,Pending
BKG_02102,DLR_05,Nexon,Creative,2026-03-19,Pending
BKG_02103,DLR_14,Safari,Base,2026-03-14,Pending
BKG_02104,DLR_05,Nexon,Creative,2026-03-29,Pending
BKG_02105,DLR_03,Safari,Empowered,2026-03-27,Pending
BKG_02106,DLR_12,Nexon,Fearless,2026-03-03,Pending
BKG_02107,DLR_20,Nexon,Creative,2026-03-28,Pending
BKG_02108,DLR_14,Tiago,Creative,2026-03-23,Pending
BKG_02109,DLR_04,Tiago,Fearless,2026-03-26,Pending
BKG_02110,DLR_04,Nexon,Base,2026-03-14,Pending
BKG_02111,DLR_12,Safari,Creative,2026-03-04,Pending
BKG_02112,DLR_12,Nexon,Empowered,2026-03-30,Pending
BKG_02113,DLR_18,Punch,Creative,2026-03-05,Pending
BKG_02114,DLR_19,Nexon,Empowered,2026-03-10,Pending
BKG_02115,DLR_08,Safari,Fearless,2026-03-14,Pending
BKG_02116,DLR_10,Harrier,Creative,2026-03-25,Pending
BKG_02117,DLR_11,Tiago,Base,2026-03-13,Pending
BKG_02118,DLR_05,Tiago,Base,2026-03-27,Pending
BKG_02119,DLR_13,Tiago,Empowered,2026-03-15,Pending
BKG_02120,DLR_13,Nexon,Base,2026-03-10,Pending
BKG_02121,DLR_14,Safari,Creative,2026-03-16,Pending
BKG_02122,DLR_03,Safari,Creative,2026-03-30,Pending
BKG_02123,DLR_18,Nexon,Base,2026-03-24,Pending
BKG_02124,DLR_05,Tiago,Creative,2026-03-06,Pending
BKG_02125,DLR_06,Tiago,Empowered,2026-03-05,Pending
BKG_02126,DLR_20,Nexon,Creative,2026-03-06,Pending
BKG_02127,DLR_04,Punch,Empowered,2026-03-23,Pending
BKG_02128,DLR_02,Nexon,Fearless,2026-03-25,Pending
BKG_02129,DLR_04,Harrier,Empowered,2026-03-03,Pending
BKG_02130,DLR_08,Tiago,Creative,2026-03-11,Pending
BKG_02131,DLR_06,Tiago,Creative,2026-03-04,Pending
BKG_02132,DLR_16,Tiago,Empowered,2026-03-18,Pending
BKG_02133,DLR_17,Harrier,Base,2026-03-13,Pending
BKG_02134,DLR_20,Nexon,Empowered,2026-03-27,Pending
BKG_02135,DLR_19,Harrier,Fearless,2026-03-15,Pending
BKG_02136,DLR_01,Harrier,Creative,2026-03-30,Pending
BKG_02137,DLR_18,Punch,Empowered,2026-03-14,Pending
BKG_02138,DLR_02,Nexon,Empowered,2026-03-10,Pending
BKG_02139,DLR_09,Harrier,Fearless,2026-03-08,Pending
BKG_02140,DLR_03,Safari,Empowered,2026-03-14,Pending
BKG_02141,DLR_17,Tiago,Creative,2026-03-10,Pending
BKG_02142,DLR_17,Harrier,Fearless,2026-03-15,Pending
BKG_02143,DLR_07,Safari,Base,2026-03-06,Pending
BKG_02144,DLR_15,Tiago,Empowered,2026-03-12,Pending
BKG_02145,DLR_18,Safari,Creative,2026-03-19,Pending
BKG_02146,DLR_02,Tiago,Creative,2026-03-17,Pending
BKG_02147,DLR_07,Safari,Empowered,2026-03-07,Pending
BKG_02148,DLR_09,Tiago,Fearless,2026-03-17,Pending
BKG_02149,DLR_05,Nexon,Creative,2026-03-23,Pending
BKG_02150,DLR_10,Punch,Empowered,2026-03-10,Pending
BKG_02151,DLR_20,Harrier,Base,2026-03-06,Pending
BKG_02152,DLR_19,Nexon,Base,2026-03-17,Pending
BKG_02153,DLR_03,Tiago,Creative,2026-03-22,Pending
BKG_02154,DLR_17,Tiago,Creative,2026-03-14,Pending
BKG_02155,DLR_14,Nexon,Fearless,2026-03-07,Pending
BKG_02156,DLR_06,Nexon,Base,2026-03-11,Pending
BKG_02157,DLR_03,Nexon,Empowered,2026-03-26,Pending
BKG_02158,DLR_17,Harrier,Fearless,2026-03-15,Pending
BKG_02159,DLR_20,Harrier,Creative,2026-03-05,Pending
BKG_02160,DLR_05,Nexon,Creative,2026-03-06,Pending
BKG_02161,DLR_19,Punch,Empowered,2026-03-16,Pending
BKG_02162,DLR_11,Punch,Creative,2026-03-17,Pending
BKG_02163,DLR_09,Harrier,Fearless,2026-03-22,Pending
BKG_02164,DLR_06,Punch,Base,2026-03-07,Pending
BKG_02165,DLR_12,Harrier,Empowered,2026-03-21,Pending
BKG_02166,DLR_04,Harrier,Fearless,2026-03-07,Pending
BKG_02167,DLR_03,Harrier,Fearless,2026-03-21,Pending
BKG_02168,DLR_06,Punch,Fearless,2026-03-23,Pending
BKG_02169,DLR_04,Harrier,Base,2026-03-07,Pending
BKG_02170,DLR_15,Harrier,Base,2026-03-03,Pending
BKG_02171,DLR_08,Tiago,Empowered,2026-03-12,Pending
BKG_02172,DLR_03,Harrier,Fearless,2026-03-18,Pending
BKG_02173,DLR_11,Tiago,Fearless,2026-03-22,Pending
BKG_02174,DLR_02,Punch,Fearless,2026-03-08,Pending
BKG_02175,DLR_01,Harrier,Creative,2026-03-30,Pending
BKG_02176,DLR_12,Punch,Fearless,2026-03-09,Pending
BKG_02177,DLR_02,Tiago,Fearless,2026-03-13,Pending
BKG_02178,DLR_04,Nexon,Fearless,2026-03-09,Pending
BKG_02179,DLR_20,Harrier,Empowered,2026-03-15,Pending
BKG_02180,DLR_07,Harrier,Fearless,2026-03-11,Pending
BKG_02181,DLR_01,Harrier,Base,2026-03-18,Pending
BKG_02182,DLR_01,Tiago,Empowered,2026-03-21,Pending
BKG_02183,DLR_10,Tiago,Fearless,2026-03-30,Pending
BKG_02184,DLR_14,Nexon,Base,2026-03-09,Pending
BKG_02185,DLR_09,Safari,Empowered,2026-03-27,Pending
BKG_02186,DLR_05,Nexon,Fearless,2026-03-19,Pending
BKG_02187,DLR_20,Punch,Creative,2026-03-17,Pending
BKG_02188,DLR_12,Nexon,Fearless,2026-03-14,Pending
BKG_02189,DLR_07,Punch,Creative,2026-03-10,Pending
BKG_02190,DLR_18,Tiago,Creative,2026-03-20,Pending
BKG_02191,DLR_14,Tiago,Base,2026-03-18,Pending
BKG_02192,DLR_17,Tiago,Fearless,2026-03-12,Pending
BKG_02193,DLR_16,Tiago,Creative,2026-04-01,Pending
BKG_02194,DLR_02,Safari,Fearless,2026-03-08,Pending
BKG_02195,DLR_12,Nexon,Fearless,2026-03-13,Pending
BKG_02196,DLR_12,Harrier,Creative,2026-03-30,Pending
BKG_02197,DLR_02,Harrier,Base,2026-03-13,Pending
BKG_02198,DLR_07,Tiago,Base,2026-03-25,Pending
BKG_02199,DLR_05,Tiago,Empowered,2026-03-16,Pending
BKG_02200,DLR_09,Safari,Fearless,2026-03-15,Pending
BKG_02201,DLR_03,Harrier,Base,2026-03-13,Pending
BKG_02202,DLR_19,Harrier,Empowered,2026-03-24,Pending
BKG_02203,DLR_01,Nexon,Fearless,2026-03-07,Pending
BKG_02204,DLR_06,Nexon,Empowered,2026-03-12,Pending
BKG_02205,DLR_20,Harrier,Empowered,2026-03-11,Pending
BKG_02206,DLR_14,Harrier,Fearless,2026-03-06,Pending
BKG_02207,DLR_08,Safari,Fearless,2026-03-22,Pending
BKG_02208,DLR_13,Harrier,Fearless,2026-03-23,Pending
BKG_02209,DLR_19,Nexon,Base,2026-03-25,Pending
BKG_02210,DLR_14,Safari,Base,2026-03-24,Pending
BKG_02211,DLR_07,Tiago,Base,2026-03-15,Pending
BKG_02212,DLR_08,Harrier,Creative,2026-03-06,Pending
BKG_02213,DLR_12,Harrier,Fearless,2026-03-10,Pending
BKG_02214,DLR_14,Harrier,Fearless,2026-03-30,Pending
BKG_02215,DLR_12,Safari,Creative,2026-03-15,Pending
BKG_02216,DLR_10,Tiago,Base,2026-03-23,Pending
BKG_02217,DLR_18,Harrier,Creative,2026-03-22,Pending
BKG_02218,DLR_20,Punch,Empowered,2026-03-05,Pending
BKG_02219,DLR_07,Safari,Creative,2026-03-31,Pending
BKG_02220,DLR_17,Harrier,Creative,2026-03-15,Pending
BKG_02221,DLR_12,Safari,Empowered,2026-03-21,Pending
BKG_02222,DLR_04,Nexon,Empowered,2026-03-18,Pending
BKG_02223,DLR_15,Nexon,Base,2026-03-19,Pending
BKG_02224,DLR_16,Tiago,Empowered,2026-03-07,Pending
BKG_02225,DLR_01,Tiago,Base,2026-03-09,Pending
BKG_02226,DLR_08,Harrier,Fearless,2026-03-07,Pending
BKG_02227,DLR_03,Punch,Creative,2026-03-29,Pending
BKG_02228,DLR_03,Punch,Base,2026-03-17,Pending
BKG_02229,DLR_01,Harrier,Empowered,2026-03-08,Pending
BKG_02230,DLR_11,Punch,Fearless,2026-03-14,Pending
BKG_02231,DLR_06,Nexon,Base,2026-03-10,Pending
BKG_02232,DLR_05,Tiago,Creative,2026-03-13,Pending
BKG_02233,DLR_04,Tiago,Empowered,2026-03-08,Pending
BKG_02234,DLR_15,Nexon,Fearless,2026-03-30,Pending
BKG_02235,DLR_04,Tiago,Creative,2026-03-29,Pending
BKG_02236,DLR_07,Safari,Fearless,2026-04-01,Pending
BKG_02237,DLR_08,Harrier,Fearless,2026-03-28,Pending
BKG_02238,DLR_07,Punch,Creative,2026-03-26,Pending
BKG_02239,DLR_20,Nexon,Creative,2026-03-25,Pending
BKG_02240,DLR_10,Harrier,Base,2026-03-05,Pending
BKG_02241,DLR_18,Harrier,Fearless,2026-03-11,Pending
BKG_02242,DLR_18,Nexon,Fearless,2026-03-04,Pending
BKG_02243,DLR_05,Harrier,Creative,2026-04-01,Pending
BKG_02244,DLR_05,Safari,Creative,2026-04-01,Pending
BKG_02245,DLR_15,Nexon,Fearless,2026-03-17,Pending
BKG_02246,DLR_19,Safari,Empowered,2026-03-24,Pending
BKG_02247,DLR_02,Tiago,Fearless,2026-03-04,Pending
BKG_02248,DLR_09,Tiago,Creative,2026-03-25,Pending
BKG_02249,DLR_19,Punch,Empowered,2026-03-16,Pending
BKG_02250,DLR_12,Nexon,Fearless,2026-03-30,Pending
BKG_02251,DLR_04,Punch,Fearless,2026-03-07,Pending
BKG_02252,DLR_20,Safari,Creative,2026-03-17,Pending
BKG_02253,DLR_13,Tiago,Empowered,2026-03-28,Pending
BKG_02254,DLR_05,Nexon,Creative,2026-03-04,Pending
BKG_02255,DLR_08,Safari,Creative,2026-03-24,Pending
BKG_02256,DLR_14,Safari,Base,2026-03-30,Pending
BKG_02257,DLR_02,Harrier,Empowered,2026-03-18,Pending
BKG_02258,DLR_07,Punch,Empowered,2026-03-29,Pending
BKG_02259,DLR_19,Safari,Base,2026-03-21,Pending
BKG_02260,DLR_16,Punch,Base,2026-03-13,Pending
BKG_02261,DLR_11,Nexon,Empowered,2026-03-29,Pending
BKG_02262,DLR_17,Nexon,Fearless,2026-03-13,Pending
BKG_02263,DLR_20,Harrier,Creative,2026-03-03,Pending
BKG_02264,DLR_06,Nexon,Fearless,2026-03-04,Pending
BKG_02265,DLR_09,Nexon,Empowered,2026-03-27,Pending
BKG_02266,DLR_04,Tiago,Empowered,2026-03-16,Pending
BKG_02267,DLR_05,Punch,Fearless,2026-04-01,Pending
BKG_02268,DLR_13,Nexon,Base,2026-03-10,Pending
BKG_02269,DLR_08,Safari,Fearless,2026-03-12,Pending
BKG_02270,DLR_16,Nexon,Empowered,2026-03-07,Pending
BKG_02271,DLR_07,Safari,Fearless,2026-03-12,Pending
BKG_02272,DLR_08,Tiago,Creative,2026-03-27,Pending
BKG_02273,DLR_10,Tiago,Fearless,2026-03-07,Pending
BKG_02274,DLR_01,Punch,Fearless,2026-03-16,Pending
BKG_02275,DLR_02,Punch,Empowered,2026-03-23,Pending
BKG_02276,DLR_16,Safari,Base,2026-03-17,Pending
BKG_02277,DLR_17,Punch,Creative,2026-03-24,Pending
BKG_02278,DLR_04,Punch,Empowered,2026-03-12,Pending
BKG_02279,DLR_19,Harrier,Base,2026-03-22,Pending
BKG_02280,DLR_07,Nexon,Base,2026-03-05,Pending
BKG_02281,DLR_17,Punch,Creative,2026-03-07,Pending
BKG_02282,DLR_05,Tiago,Base,2026-03-19,Pending
BKG_02283,DLR_01,Punch,Fearless,2026-03-05,Pending
BKG_02284,DLR_03,Harrier,Creative,2026-03-04,Pending
BKG_02285,DLR_07,Nexon,Creative,2026-03-26,Pending
BKG_02286,DLR_15,Harrier,Base,2026-03-25,Pending
BKG_02287,DLR_03,Tiago,Fearless,2026-03-15,Pending
BKG_02288,DLR_14,Punch,Base,2026-04-01,Pending
BKG_02289,DLR_18,Harrier,Fearless,2026-03-13,Pending
BKG_02290,DLR_16,Nexon,Creative,2026-03-23,Pending
BKG_02291,DLR_12,Harrier,Base,2026-03-20,Pending
BKG_02292,DLR_04,Harrier,Base,2026-03-31,Pending
BKG_02293,DLR_09,Harrier,Base,2026-03-11,Pending
BKG_02294,DLR_15,Harrier,Creative,2026-03-07,Pending
BKG_02295,DLR_06,Tiago,Fearless,2026-03-26,Pending
BKG_02296,DLR_07,Safari,Empowered,2026-03-20,Pending
BKG_02297,DLR_15,Tiago,Empowered,2026-03-20,Pending
BKG_02298,DLR_01,Tiago,Empowered,2026-03-25,Pending
BKG_02299,DLR_19,Safari,Creative,2026-03-23,Pending
BKG_02300,DLR_08,Punch,Empowered,2026-03-25,Pending
BKG_02301,DLR_03,Punch,Fearless,2026-03-22,Pending
BKG_02302,DLR_14,Tiago,Creative,2026-03-04,Pending
BKG_02303,DLR_02,Safari,Empowered,2026-03-15,Pending
BKG_02304,DLR_07,Nexon,Empowered,2026-03-15,Pending
BKG_02305,DLR_18,Safari,Base,2026-03-25,Pending
BKG_02306,DLR_15,Punch,Fearless,2026-03-10,Pending
BKG_02307,DLR_01,Punch,Base,2026-03-12,Pending
BKG_02308,DLR_03,Tiago,Empowered,2026-03-17,Pending
BKG_02309,DLR_19,Tiago,Fearless,2026-03-26,Pending
BKG_02310,DLR_02,Punch,Creative,2026-03-12,Pending
BKG_02311,DLR_09,Nexon,Creative,2026-03-19,Pending
BKG_02312,DLR_13,Punch,Base,2026-03-12,Pending
BKG_02313,DLR_11,Nexon,Fearless,2026-03-09,Pending
BKG_02314,DLR_06,Punch,Fearless,2026-03-12,Pending
BKG_02315,DLR_09,Safari,Fearless,2026-03-16,Pending
BKG_02316,DLR_07,Tiago,Creative,2026-03-15,Pending
BKG_02317,DLR_02,Nexon,Base,2026-03-12,Pending
BKG_02318,DLR_15,Punch,Creative,2026-03-23,Pending
BKG_02319,DLR_08,Safari,Creative,2026-03-23,Pending
BKG_02320,DLR_20,Harrier,Base,2026-03-10,Pending
BKG_02321,DLR_05,Nexon,Fearless,2026-03-15,Pending
BKG_02322,DLR_15,Harrier,Creative,2026-03-12,Pending
BKG_02323,DLR_06,Tiago,Empowered,2026-03-17,Pending
BKG_02324,DLR_04,Tiago,Creative,2026-03-18,Pending
BKG_02325,DLR_08,Punch,Base,2026-03-30,Pending
BKG_02326,DLR_03,Harrier,Empowered,2026-03-13,Pending
BKG_02327,DLR_13,Tiago,Empowered,2026-03-29,Pending
BKG_02328,DLR_06,Harrier,Creative,2026-03-19,Pending
BKG_02329,DLR_06,Nexon,Empowered,2026-03-28,Pending
BKG_02330,DLR_17,Safari,Fearless,2026-03-23,Pending
BKG_02331,DLR_09,Nexon,Base,2026-03-17,Pending
BKG_02332,DLR_12,Nexon,Creative,2026-03-10,Pending
BKG_02333,DLR_18,Safari,Base,2026-03-25,Pending
BKG_02334,DLR_03,Nexon,Creative,2026-03-14,Pending
BKG_02335,DLR_07,Harrier,Creative,2026-03-22,Pending
BKG_02336,DLR_01,Nexon,Base,2026-03-21,Pending
BKG_02337,DLR_19,Safari,Creative,2026-03-31,Pending
BKG_02338,DLR_05,Harrier,Empowered,2026-03-07,Pending
BKG_02339,DLR_11,Tiago,Fearless,2026-03-10,Pending
BKG_02340,DLR_12,Safari,Base,2026-03-23,Pending
BKG_02341,DLR_16,Harrier,Creative,2026-03-13,Pending
BKG_02342,DLR_12,Nexon,Empowered,2026-03-05,Pending
BKG_02343,DLR_15,Tiago,Fearless,2026-03-20,Pending
BKG_02344,DLR_11,Tiago,Creative,2026-03-27,Pending
BKG_02345,DLR_11,Harrier,Creative,2026-03-30,Pending
BKG_02346,DLR_03,Harrier,Creative,2026-04-01,Pending
BKG_02347,DLR_14,Nexon,Base,2026-03-22,Pending
BKG_02348,DLR_19,Harrier,Fearless,2026-03-18,Pending
BKG_02349,DLR_09,Safari,Empowered,2026-03-05,Pending
BKG_02350,DLR_17,Punch,Fearless,2026-03-09,Pending
BKG_02351,DLR_10,Nexon,Empowered,2026-03-03,Pending
BKG_02352,DLR_20,Nexon,Fearless,2026-03-25,Pending
BKG_02353,DLR_08,Harrier,Base,2026-04-01,Pending
BKG_02354,DLR_02,Tiago,Creative,2026-03-27,Pending
BKG_02355,DLR_07,Punch,Empowered,2026-04-01,Pending
BKG_02356,DLR_20,Tiago,Creative,2026-03-09,Pending
BKG_02357,DLR_15,Nexon,Fearless,2026-03-20,Pending
BKG_02358,DLR_14,Tiago,Fearless,2026-03-10,Pending
BKG_02359,DLR_20,Tiago,Creative,2026-03-22,Pending
BKG_02360,DLR_12,Punch,Base,2026-03-31,Pending
BKG_02361,DLR_08,Tiago,Empowered,2026-03-27,Pending
BKG_02362,DLR_05,Safari,Empowered,2026-03-18,Pending
BKG_02363,DLR_19,Nexon,Empowered,2026-03-08,Pending
BKG_02364,DLR_04,Nexon,Fearless,2026-03-16,Pending
BKG_02365,DLR_15,Nexon,Creative,2026-03-09,Pending
BKG_02366,DLR_03,Punch,Base,2026-03-10,Pending
BKG_02367,DLR_08,Nexon,Empowered,2026-03-23,Pending
BKG_02368,DLR_16,Nexon,Fearless,2026-03-27,Pending
BKG_02369,DLR_03,Safari,Base,2026-03-28,Pending
BKG_02370,DLR_09,Tiago,Fearless,2026-04-01,Pending
BKG_02371,DLR_17,Tiago,Base,2026-03-08,Pending
BKG_02372,DLR_17,Nexon,Creative,2026-03-28,Pending
BKG_02373,DLR_12,Tiago,Fearless,2026-03-14,Pending
BKG_02374,DLR_04,Safari,Empowered,2026-03-30,Pending
BKG_02375,DLR_01,Safari,Empowered,2026-03-03,Pending
BKG_02376,DLR_20,Tiago,Fearless,2026-03-16,Pending
BKG_02377,DLR_04,Tiago,Fearless,2026-03-26,Pending
BKG_02378,DLR_18,Punch,Fearless,2026-03-15,Pending
BKG_02379,DLR_20,Punch,Fearless,2026-03-25,Pending
BKG_02380,DLR_05,Safari,Creative,2026-03-14,Pending
BKG_02381,DLR_17,Nexon,Base,2026-03-09,Pending
BKG_02382,DLR_09,Tiago,Creative,2026-03-08,Pending
BKG_02383,DLR_07,Nexon,Base,2026-03-14,Pending
BKG_02384,DLR_16,Punch,Creative,2026-03-08,Pending
BKG_02385,DLR_10,Harrier,Fearless,2026-03-18,Pending
BKG_02386,DLR_13,Harrier,Base,2026-03-21,Pending
BKG_02387,DLR_11,Safari,Fearless,2026-03-06,Pending
BKG_02388,DLR_10,Safari,Base,2026-03-25,Pending
BKG_02389,DLR_05,Nexon,Empowered,2026-03-24,Pending
BKG_02390,DLR_10,Nexon,Empowered,2026-03-12,Pending
BKG_02391,DLR_02,Safari,Fearless,2026-03-16,Pending
BKG_02392,DLR_01,Nexon,Base,2026-03-06,Pending
BKG_02393,DLR_14,Harrier,Fearless,2026-03-27,Pending
BKG_02394,DLR_17,Punch,Fearless,2026-03-23,Pending
BKG_02395,DLR_09,Tiago,Creative,2026-03-13,Pending
BKG_02396,DLR_10,Safari,Creative,2026-03-15,Pending
BKG_02397,DLR_15,Nexon,Creative,2026-03-17,Pending
BKG_02398,DLR_10,Harrier,Base,2026-03-13,Pending
BKG_02399,DLR_17,Harrier,Empowered,2026-03-22,Pending
BKG_02400,DLR_13,Nexon,Base,2026-03-26,Pending
BKG_02401,DLR_13,Nexon,Empowered,2026-03-13,Pending
BKG_02402,DLR_17,Tiago,Creative,2026-03-28,Pending
BKG_02403,DLR_05,Harrier,Fearless,2026-03-23,Pending
BKG_02404,DLR_13,Harrier,Fearless,2026-03-22,Pending
BKG_02405,DLR_08,Punch,Fearless,2026-03-17,Pending
BKG_02406,DLR_05,Nexon,Creative,2026-03-29,Pending
BKG_02407,DLR_15,Tiago,Base,2026-03-08,Pending
BKG_02408,DLR_17,Nexon,Empowered,2026-03-04,Pending
BKG_02409,DLR_09,Harrier,Empowered,2026-03-26,Pending
BKG_02410,DLR_09,Harrier,Creative,2026-03-12,Pending
BKG_02411,DLR_05,Safari,Base,2026-03-11,Pending
BKG_02412,DLR_07,Harrier,Base,2026-03-04,Pending
BKG_02413,DLR_01,Nexon,Empowered,2026-03-08,Pending
BKG_02414,DLR_15,Safari,Fearless,2026-03-24,Pending
BKG_02415,DLR_14,Safari,Base,2026-03-05,Pending
BKG_02416,DLR_14,Harrier,Empowered,2026-03-31,Pending
BKG_02417,DLR_12,Tiago,Base,2026-03-12,Pending
BKG_02418,DLR_01,Nexon,Fearless,2026-03-28,Pending
BKG_02419,DLR_08,Punch,Creative,2026-03-31,Pending
BKG_02420,DLR_20,Punch,Creative,2026-03-20,Pending
BKG_02421,DLR_17,Harrier,Creative,2026-03-03,Pending
BKG_02422,DLR_14,Nexon,Empowered,2026-03-20,Pending
BKG_02423,DLR_16,Nexon,Creative,2026-03-15,Pending
BKG_02424,DLR_14,Harrier,Creative,2026-03-28,Pending
BKG_02425,DLR_01,Tiago,Creative,2026-03-20,Pending
BKG_02426,DLR_04,Harrier,Base,2026-03-08,Pending
BKG_02427,DLR_08,Harrier,Creative,2026-03-09,Pending
BKG_02428,DLR_15,Safari,Creative,2026-03-17,Pending
BKG_02429,DLR_12,Harrier,Creative,2026-03-12,Pending
BKG_02430,DLR_17,Punch,Creative,2026-03-14,Pending
BKG_02431,DLR_12,Tiago,Empowered,2026-03-15,Pending
BKG_02432,DLR_08,Harrier,Creative,2026-03-28,Pending
BKG_02433,DLR_01,Nexon,Base,2026-03-08,Pending
BKG_02434,DLR_05,Harrier,Fearless,2026-03-09,Pending
BKG_02435,DLR_08,Harrier,Fearless,2026-03-26,Pending
BKG_02436,DLR_20,Punch,Base,2026-03-14,Pending
BKG_02437,DLR_11,Punch,Base,2026-03-27,Pending
BKG_02438,DLR_08,Nexon,Fearless,2026-03-25,Pending
BKG_02439,DLR_16,Punch,Creative,2026-04-01,Pending
BKG_02440,DLR_03,Tiago,Empowered,2026-03-31,Pending
BKG_02441,DLR_09,Safari,Base,2026-03-30,Pending
BKG_02442,DLR_04,Harrier,Creative,2026-03-10,Pending
BKG_02443,DLR_10,Nexon,Empowered,2026-03-07,Pending
BKG_02444,DLR_06,Safari,Fearless,2026-03-21,Pending
BKG_02445,DLR_04,Tiago,Empowered,2026-03-11,Pending
BKG_02446,DLR_06,Harrier,Creative,2026-03-08,Pending
BKG_02447,DLR_17,Punch,Creative,2026-03-09,Pending
BKG_02448,DLR_19,Safari,Fearless,2026-03-09,Pending
BKG_02449,DLR_14,Harrier,Base,2026-03-26,Pending
BKG_02450,DLR_13,Tiago,Creative,2026-03-27,Pending
BKG_02451,DLR_16,Tiago,Creative,2026-03-11,Pending
BKG_02452,DLR_07,Harrier,Creative,2026-03-18,Pending
BKG_02453,DLR_09,Harrier,Creative,2026-03-28,Pending
BKG_02454,DLR_04,Safari,Empowered,2026-03-14,Pending
BKG_02455,DLR_19,Tiago,Creative,2026-03-21,Pending
BKG_02456,DLR_08,Nexon,Fearless,2026-03-20,Pending
BKG_02457,DLR_11,Punch,Fearless,2026-03-17,Pending
BKG_02458,DLR_14,Safari,Creative,2026-03-20,Pending
BKG_02459,DLR_12,Nexon,Fearless,2026-03-06,Pending
BKG_02460,DLR_04,Safari,Base,2026-03-25,Pending
BKG_02461,DLR_04,Nexon,Base,2026-03-08,Pending
BKG_02462,DLR_18,Nexon,Base,2026-03-18,Pending
BKG_02463,DLR_09,Harrier,Creative,2026-03-24,Pending
BKG_02464,DLR_06,Punch,Fearless,2026-03-23,Pending
BKG_02465,DLR_10,Safari,Base,2026-03-30,Pending
BKG_02466,DLR_12,Punch,Creative,2026-03-07,Pending
BKG_02467,DLR_11,Tiago,Empowered,2026-03-04,Pending
BKG_02468,DLR_19,Tiago,Fearless,2026-03-12,Pending
BKG_02469,DLR_07,Nexon,Creative,2026-03-13,Pending
BKG_02470,DLR_16,Nexon,Base,2026-03-04,Pending
BKG_02471,DLR_14,Punch,Fearless,2026-03-27,Pending
BKG_02472,DLR_15,Safari,Creative,2026-03-06,Pending
BKG_02473,DLR_03,Tiago,Creative,2026-03-09,Pending
BKG_02474,DLR_12,Tiago,Empowered,2026-03-08,Pending
BKG_02475,DLR_02,Nexon,Fearless,2026-03-13,Pending
BKG_02476,DLR_03,Punch,Fearless,2026-03-16,Pending
BKG_02477,DLR_15,Tiago,Base,2026-03-16,Pending
BKG_02478,DLR_19,Safari,Base,2026-03-27,Pending
BKG_02479,DLR_07,Harrier,Empowered,2026-03-25,Pending
BKG_02480,DLR_04,Nexon,Base,2026-03-26,Pending
BKG_02481,DLR_05,Harrier,Base,2026-03-10,Pending
BKG_02482,DLR_08,Safari,Empowered,2026-03-06,Pending
BKG_02483,DLR_16,Harrier,Base,2026-03-31,Pending
BKG_02484,DLR_02,Nexon,Base,2026-03-09,Pending
BKG_02485,DLR_02,Safari,Fearless,2026-03-03,Pending
BKG_02486,DLR_08,Punch,Fearless,2026-03-29,Pending
BKG_02487,DLR_09,Nexon,Fearless,2026-03-10,Pending
BKG_02488,DLR_17,Punch,Base,2026-03-10,Pending
BKG_02489,DLR_07,Nexon,Empowered,2026-03-13,Pending
BKG_02490,DLR_01,Tiago,Creative,2026-03-16,Pending
BKG_02491,DLR_20,Nexon,Creative,2026-03-08,Pending
BKG_02492,DLR_10,Tiago,Empowered,2026-03-18,Pending
BKG_02493,DLR_05,Tiago,Base,2026-03-15,Pending
BKG_02494,DLR_17,Nexon,Creative,2026-03-27,Pending
BKG_02495,DLR_05,Nexon,Fearless,2026-03-24,Pending
BKG_02496,DLR_12,Tiago,Creative,2026-03-11,Pending
BKG_02497,DLR_15,Punch,Fearless,2026-03-19,Pending
BKG_02498,DLR_09,Nexon,Empowered,2026-03-07,Pending
BKG_02499,DLR_03,Punch,Empowered,2026-03-11,Pending
BKG_02500,DLR_19,Nexon,Empowered,2026-03-10,Pending
