vin,dealer_id,model,variant,color,days_in_inventory,status
16J1U9D937B53DM0R,DLR_02,Harrier,Fearless,White,95,Available
XLB0LWL38TKGZYSAM,DLR_01,Harrier,Fearless,Blue,68,Available
YNVXELLR3EVHSRJ5G,DLR_02,Harrier,Fearless,White,68,Available
01LJH1SS16U6B05EF,DLR_02,Harrier,Fearless,Black,79,Available
0ZD8F0856KXNMPBC0,DLR_01,Harrier,Fearless,Black,99,Available
D6UL3NFY958S1E00D,DLR_02,Harrier,Fearless,Red,77,Available
HUGGRKVZ0C6F07TJ3,DLR_01,Harrier,Fearless,White,83,Available
AU3PLBG41CDMAW4P5,DLR_01,Harrier,Fearless,Grey,78,Available
EFCGC6UU4DA6M4BU2,DLR_02,Harrier,Fearless,Grey,100,Available
REAE5YGG5HLT4553L,DLR_02,Harrier,Fearless,Grey,99,Available
6RK7Y4RP3TM02LCTA,DLR_01,Harrier,Fearless,Blue,75,Available
ZFYZHFD1XXVU1ZD2S,DLR_01,Harrier,Fearless,Grey,83,Available
3FB0H6MH2XF1J1EJU,DLR_02,Harrier,Fearless,Red,106,Available
VH7440K91B8RLCG3J,DLR_01,Harrier,Fearless,Grey,81,Available
HLMGCSV53RAPJC1VN,DLR_02,Harrier,Fearless,Grey,93,Available
S03LE19B443M8BF19,DLR_02,Harrier,Fearless,White,76,Available
HEVV6KTX8AWW5KWBU,DLR_01,Harrier,Fearless,Black,92,Available
8KZ1UJHB49DHVYF9T,DLR_02,Harrier,Fearless,Grey,118,Available
4ZBCJSRM6VKG30G6H,DLR_01,Harrier,Fearless,Red,101,Available
NEMN7LFB9YHGW2P9P,DLR_01,Harrier,Fearless,Black,79,Available
YEDKB7277H723F42V,DLR_01,Harrier,Fearless,Red,75,Available
TPML6G3Y5WN73AG4R,DLR_02,Harrier,Fearless,Black,65,Available
FV91F75P71UGKHNF0,DLR_01,Harrier,Fearless,Black,83,Available
4JYL87037FSJPHKVG,DLR_02,Harrier,Fearless,Red,94,Available
1TLRDA2R4HW8N7NUV,DLR_01,Harrier,Fearless,Blue,77,Available
YVP9DSRE2H8EAJA0J,DLR_01,Harrier,Fearless,Red,68,Available
4TCF8LBK9H0L3FFKA,DLR_01,Harrier,Fearless,White,93,Available
R7NZA5CM52BEK06UW,DLR_02,Harrier,Fearless,White,116,Available
XZNJCVGJ8275AHS0X,DLR_01,Harrier,Fearless,Red,102,Available
L95N6N0W02WWCAMA8,DLR_01,Harrier,Fearless,Red,109,Available
0EKP4M39758RY06ZP,DLR_02,Harrier,Fearless,Grey,76,Available
EF3K0YDC3BPDD0NGY,DLR_01,Harrier,Fearless,Blue,73,Available
8VW4WE906LSFJ18U3,DLR_02,Harrier,Fearless,White,71,Available
LZYXFGHAXGZVY82A3,DLR_01,Harrier,Fearless,White,66,Available
CL3YP4D42LXU7C3US,DLR_01,Harrier,Fearless,White,113,Available
X7L78KN499Z0TY60W,DLR_01,Harrier,Fearless,Black,107,Available
PW6EG4PR9FEP4FGD4,DLR_02,Harrier,Fearless,Red,68,Available
JMM1VJ6L2C7LW29MK,DLR_01,Harrier,Fearless,Red,98,Available
Y70KURTC9P2DZBNTX,DLR_01,Harrier,Fearless,Grey,69,Available
CD4AC5WH4477KT7AF,DLR_01,Harrier,Fearless,Blue,112,Available
1NGBDR1AXMVW1W16P,DLR_01,Harrier,Fearless,Black,115,Available
PYDN35168JGJ3FKHJ,DLR_01,Harrier,Fearless,Black,69,Available
B72REUJ49ET2VBACZ,DLR_01,Harrier,Fearless,Blue,118,Available
5JW7TZDA3HX5P9K6X,DLR_02,Harrier,Fearless,Blue,75,Available
R5EXB5JZ8X6X1ZFNN,DLR_01,Harrier,Fearless,Red,112,Available
5PJSGSFJ1A0826TZ1,DLR_01,Harrier,Fearless,Black,88,Available
6739T5FL5SEMP4TWH,DLR_01,Harrier,Fearless,Blue,120,Available
J86XE5C833AS2HZJX,DLR_01,Harrier,Fearless,White,80,Available
CWF5KU0K4F2LCDJ3X,DLR_01,Harrier,Fearless,Grey,117,Available
P3P8G4MX2E0P6PD65,DLR_01,Harrier,Fearless,Red,66,Available
J6ZRCNTD72HTP9SNW,DLR_01,Harrier,Fearless,White,95,Available
GDAYE6NM6D7YUZHYV,DLR_02,Harrier,Fearless,Blue,77,Available
3DP0R1JF8X38WLDBK,DLR_02,Harrier,Fearless,Red,106,Available
MXNA23YHX5BTGP0YH,DLR_02,Harrier,Fearless,Blue,115,Available
NH1SDSFT6C6EBS0CD,DLR_01,Harrier,Fearless,Grey,110,Available
E6TPB84G9UZ08MT7C,DLR_02,Harrier,Fearless,Grey,90,Available
FG9UTXXV6VDTP6EB2,DLR_01,Harrier,Fearless,Blue,114,Available
05UW0XYM3CR4EU6ZY,DLR_02,Harrier,Fearless,White,85,Available
C0W3YR018DVD1BG3K,DLR_01,Harrier,Fearless,White,100,Available
6P7Y54ZL06WSDA9CJ,DLR_01,Harrier,Fearless,Black,109,Available
ASM412GK880AWX0NM,DLR_02,Harrier,Fearless,Black,80,Available
J0RTCTD42F3FYVV3M,DLR_01,Harrier,Fearless,Black,120,Available
2TZPLMGXXRV0YXP8B,DLR_01,Harrier,Fearless,Blue,107,Available
4CEF26BM6ZFW0H13T,DLR_01,Harrier,Fearless,White,116,Available
HBL8J4JB0G0T6445Z,DLR_01,Harrier,Fearless,Black,80,Available
PWYU2RYH3V0YTWHWJ,DLR_02,Harrier,Fearless,Black,90,Available
H24LW8LW8G8DFB0K5,DLR_01,Harrier,Fearless,Blue,119,Available
ARBNUELX2GKH8A3XC,DLR_01,Harrier,Fearless,Black,74,Available
1R7N4WMR9LZ1E5TCU,DLR_01,Harrier,Fearless,Grey,101,Available
PGK053DP35AHBGZ8P,DLR_02,Harrier,Fearless,Blue,115,Available
J31J9HHU46YFDD8H3,DLR_01,Harrier,Fearless,Grey,118,Available
9H0NWD1G2013ELKXF,DLR_01,Harrier,Fearless,Red,83,Available
8UZN5XZG7FCETL5SM,DLR_01,Harrier,Fearless,Grey,72,Available
59E3GY8C9HLAC5ECC,DLR_02,Harrier,Fearless,Blue,72,Available
XE34GSLF6CDGWBWZW,DLR_01,Harrier,Fearless,White,111,Available
XE0GVSWS4SS9A58ZZ,DLR_02,Harrier,Fearless,Grey,77,Available
BZ1ZPJDX65H1AMRMC,DLR_02,Harrier,Fearless,White,116,Available
H360D5D19BUJZ5XD2,DLR_02,Harrier,Fearless,Black,108,Available
04J5XFFP2X3WEHV86,DLR_01,Harrier,Fearless,Black,89,Available
TJF656UE201LGJ14X,DLR_02,Harrier,Fearless,Red,84,Available
0LV676Y665FL0S1GC,DLR_02,Harrier,Fearless,Grey,92,Available
TB3M9J9L31Z6WF70D,DLR_02,Harrier,Fearless,White,74,Available
UCTL51WW1HF8X250F,DLR_01,Harrier,Fearless,Black,97,Available
9PSHMGRGX20KUJNLR,DLR_02,Harrier,Fearless,Black,105,Available
VDCVBSVXXLKABBZDB,DLR_02,Harrier,Fearless,Black,98,Available
JHZP8Z0P5X1DMLR45,DLR_02,Harrier,Fearless,Black,76,Available
ZVT6KKM2931T1CGH1,DLR_02,Harrier,Fearless,Blue,99,Available
RWW5605J4HMHA1V0F,DLR_02,Harrier,Fearless,Blue,102,Available
L43TK3MG3DGLV0XYA,DLR_02,Harrier,Fearless,Black,72,Available
NF9MD3169N793WTMG,DLR_01,Harrier,Fearless,Black,119,Available
7F17XKC16WE850076,DLR_01,Harrier,Fearless,Red,67,Available
0K2K4TYV11FNVVD1H,DLR_01,Harrier,Fearless,Grey,83,Available
ZAGVZVL72XBNTTWM4,DLR_02,Harrier,Fearless,White,98,Available
APREAGR714CCCC40Z,DLR_02,Harrier,Fearless,Blue,102,Available
J3CFR0EY679WVDUSH,DLR_01,Harrier,Fearless,Black,89,Available
XSZ5ZXV2XVSZLTUN2,DLR_02,Harrier,Fearless,Red,88,Available
EZGG29P45TE198GMF,DLR_01,Harrier,Fearless,Black,105,Available
6ECHASR88Y7FL5TEG,DLR_02,Harrier,Fearless,White,105,Available
MTGKM6W264J8NC9VA,DLR_01,Harrier,Fearless,Grey,73,Available
7DR1JVJZ204HSXSD0,DLR_02,Harrier,Fearless,Red,100,Available
FRB1BGD54533FP6BH,DLR_01,Harrier,Fearless,Blue,79,Available
11KNU5S624XL6CBAE,DLR_01,Harrier,Fearless,White,86,Available
F3WN4MFW2PTXZAFLT,DLR_01,Harrier,Fearless,Red,75,Available
80TWL9TX344VWS09R,DLR_02,Harrier,Fearless,Red,70,Available
R0A1BCCUXHBHMMZEN,DLR_02,Harrier,Fearless,White,93,Available
1V33SPUF0NLWLWRAP,DLR_02,Harrier,Fearless,Black,113,Available
120SXC531BV3GF6X2,DLR_02,Harrier,Fearless,Grey,73,Available
KAMZVS7R90L85KAXH,DLR_02,Harrier,Fearless,White,84,Available
P5HBKVE53JNTASZU0,DLR_01,Harrier,Fearless,Black,108,Available
MEES7RNG4UKAAAKU1,DLR_01,Harrier,Fearless,Blue,81,Available
C1GM3C078NLHBR9H0,DLR_02,Harrier,Fearless,White,71,Available
Y2H1R3D87JG1NU4U0,DLR_01,Harrier,Fearless,White,77,Available
86HH3ZRUXKM75W4L4,DLR_02,Harrier,Fearless,Grey,93,Available
Y6KR4W6T2E2DC421E,DLR_02,Harrier,Fearless,Red,89,Available
YNDM3X560CAKR2RTX,DLR_02,Harrier,Fearless,White,74,Available
FBDX06JB5DHS9U0B1,DLR_02,Harrier,Fearless,White,114,Available
6G8VEZCU1PLLWE7XB,DLR_02,Harrier,Fearless,Red,84,Available
6DW5H2A03H880YV7S,DLR_01,Harrier,Fearless,Black,107,Available
5LZE8CN98GU9UDUMP,DLR_01,Harrier,Fearless,Black,105,Available
YKW4EC9Z4A5HD7GP2,DLR_01,Harrier,Fearless,White,75,Available
X27Y3MTS86AK9114Z,DLR_01,Harrier,Fearless,Grey,98,Available
VBJ0VBK20RS1LCDBT,DLR_01,Harrier,Fearless,Red,71,Available
D7FB1JND9M4ZGN8G7,DLR_02,Harrier,Fearless,Blue,75,Available
RF3ZG4DC9NCFGHG0T,DLR_02,Harrier,Fearless,Black,95,Available
LY1N86N88B2WWHXK0,DLR_02,Harrier,Fearless,Blue,83,Available
JCH3V0CJ4S9M2LB44,DLR_02,Harrier,Fearless,White,68,Available
RM1DP1HF4PCY62921,DLR_02,Harrier,Fearless,Red,96,Available
BF0TJHS40LGS5KXMD,DLR_01,Harrier,Fearless,Grey,95,Available
7PWKTY71337E545MN,DLR_01,Harrier,Fearless,Blue,90,Available
Y329HNL83X3GAGASG,DLR_01,Harrier,Fearless,Black,114,Available
BZ9KATUZ3JZJT1GC4,DLR_02,Harrier,Fearless,White,120,Available
A9N2T8PC7PE7R9J6H,DLR_01,Harrier,Fearless,Black,120,Available
UU6GZ1ZD3T2CHGXW0,DLR_02,Harrier,Fearless,Grey,118,Available
G55CPNHC02RTPK68S,DLR_01,Harrier,Fearless,Black,119,Available
VX5162ZU6GSA3WBTL,DLR_02,Harrier,Fearless,Red,83,Available
S0RUHEAE06DCNVHU6,DLR_01,Harrier,Fearless,White,98,Available
M0TS5J3E8FFN48REA,DLR_02,Harrier,Fearless,Black,97,Available
9HY4TNRC035PGR3B7,DLR_02,Harrier,Fearless,White,108,Available
XWEEWP5L1VVN9LCCB,DLR_02,Harrier,Fearless,Blue,88,Available
184986U60CS8J0UAE,DLR_02,Harrier,Fearless,Grey,109,Available
SXRSSV2D22X2HJ0RW,DLR_02,Harrier,Fearless,White,98,Available
AS2798TX9YB4X2ZKW,DLR_02,Harrier,Fearless,Red,74,Available
BX9EWTZX37D26U64N,DLR_02,Harrier,Fearless,Black,67,Available
8HPB37N73WT3RDX5U,DLR_01,Harrier,Fearless,White,116,Available
WFH44N8X9M4MYZ6DK,DLR_01,Harrier,Fearless,Red,112,Available
2Y5F49NV8WCVMM5BM,DLR_02,Harrier,Fearless,Red,119,Available
NCZJTVP321H3FAY1S,DLR_01,Harrier,Fearless,Red,77,Available
CG7E85BK54HLE4GFL,DLR_01,Harrier,Fearless,Black,81,Available
ECSMRTUT2AA04CPDY,DLR_01,Harrier,Fearless,Blue,108,Available
KLW44UJA0P7MA13YX,DLR_01,Harrier,Fearless,White,83,Available
STPF2FG902ZUEDJD3,DLR_02,Harrier,Fearless,Red,120,Available
7URBWYA094HFGPK46,DLR_02,Harrier,Fearless,Red,90,Available
YJRDAL3B30M9NMK12,DLR_01,Harrier,Fearless,Red,117,Available
GB7G8ZY47NC6S5RK3,DLR_01,Harrier,Fearless,Red,84,Available
HKZ4UN818L1LGASMT,DLR_02,Harrier,Fearless,White,100,Available
KXGW707A3FKTL7S7S,DLR_01,Harrier,Fearless,Grey,113,Available
M8C5WBEN96FFW1GZE,DLR_02,Harrier,Fearless,Grey,75,Available
G93B67Z06J3VBU1UE,DLR_02,Harrier,Fearless,Grey,71,Available
SUSN51P76CYH7CU73,DLR_01,Harrier,Fearless,Red,118,Available
W4DGFX33XHTVB0A6G,DLR_01,Harrier,Fearless,Red,76,Available
VJE143FXXZ1UN3YKC,DLR_02,Harrier,Fearless,Black,101,Available
GAE5EK551V6SAUCTL,DLR_01,Harrier,Fearless,Grey,75,Available
114CZ58EXHMA9UX14,DLR_01,Harrier,Fearless,White,71,Available
UWAV0K4E9K54GBCSG,DLR_01,Harrier,Fearless,Red,86,Available
N94P98S502U9DMLZ6,DLR_02,Harrier,Fearless,White,82,Available
B07XLYNB4Z4YPGH8Y,DLR_02,Harrier,Fearless,Black,116,Available
K36JLC25XWX3Y2L8T,DLR_01,Harrier,Fearless,White,100,Available
UYMN5497XVCMJJFTU,DLR_02,Harrier,Fearless,Blue,81,Available
ERJAHSRZ67G4X8B1F,DLR_01,Harrier,Fearless,Red,91,Available
CZ5NUTK29E235RJ44,DLR_01,Harrier,Fearless,Black,106,Available
HE6TDMVB0K477JL97,DLR_01,Harrier,Fearless,Red,67,Available
MBNCMPK785URGHSP3,DLR_02,Harrier,Fearless,Red,97,Available
X3Y4PRSE8HJD3AGU6,DLR_02,Harrier,Fearless,Blue,77,Available
5NY6G4RX2875W0XBH,DLR_02,Harrier,Fearless,Grey,84,Available
77VNGLDR3VF0JCEEE,DLR_01,Harrier,Fearless,Red,68,Available
H0EH2VW89HFPKVVD3,DLR_02,Harrier,Fearless,Grey,74,Available
L86MEV0EXNT66UX99,DLR_02,Harrier,Fearless,Black,83,Available
ZF7UJ6701S7TE94E3,DLR_01,Harrier,Fearless,Blue,93,Available
T9W4G9C43XKZL9W7K,DLR_02,Harrier,Fearless,Red,77,Available
64JM1R9408L5XVMXP,DLR_01,Harrier,Fearless,Black,71,Available
H6492NV6XY6B8CUMW,DLR_01,Harrier,Fearless,Black,92,Available
UJ510C5D3BBMB1627,DLR_02,Harrier,Fearless,Grey,97,Available
8S8D46Y13B04GZYUY,DLR_02,Harrier,Fearless,Blue,111,Available
6ZCDJPCGXEM06F6W2,DLR_02,Harrier,Fearless,Black,102,Available
Y3CY4S0H1U2NBYDKJ,DLR_02,Harrier,Fearless,White,72,Available
0PKV35CG03F61WN40,DLR_01,Harrier,Fearless,Black,91,Available
SVVP5BR94KG9YL7NL,DLR_02,Harrier,Fearless,White,96,Available
BLMHCU000RWNYEW0N,DLR_02,Harrier,Fearless,Grey,93,Available
4H6H5R1N3GM2WY8BW,DLR_02,Harrier,Fearless,Blue,73,Available
8723C84K101D7JAJB,DLR_02,Harrier,Fearless,White,94,Available
VAXJH4DZ9GFF77V74,DLR_02,Harrier,Fearless,Red,70,Available
DNWFNP6X5C5L3UDFZ,DLR_01,Harrier,Fearless,Blue,117,Available
0GW7P4EG9RH1B1YDZ,DLR_02,Harrier,Fearless,Red,70,Available
20BEEMS99LEW66BNC,DLR_02,Harrier,Fearless,Blue,80,Available
M867FU3M3Y936L1MP,DLR_01,Harrier,Fearless,Black,74,Available
LND9W6208VZT3PUL7,DLR_02,Harrier,Fearless,Red,117,Available
GYPCJJV05LT831VC6,DLR_01,Harrier,Fearless,White,66,Available
8KRL9KPLXEC9YNREH,DLR_02,Harrier,Fearless,Blue,66,Available
3WVZXZ5787XS23X7R,DLR_02,Harrier,Fearless,White,84,Available
301G41B25GYKY1SVE,DLR_01,Harrier,Fearless,Blue,72,Available
CUPJT4FX46WT6SU2K,DLR_01,Harrier,Fearless,Black,109,Available
ZZLK01304E5DT03SA,DLR_02,Harrier,Fearless,Red,98,Available
LAJ0LS4KX6KN7CLHK,DLR_02,Harrier,Fearless,White,109,Available
GKS6KJW68GC2ENAMK,DLR_01,Harrier,Fearless,Blue,91,Available
88R44Y930XRN1LJXU,DLR_01,Harrier,Fearless,Blue,110,Available
Z0A6WMHA2S2TZ01GL,DLR_01,Harrier,Fearless,Black,93,Available
37ZYJGJ28S73JBM49,DLR_02,Harrier,Fearless,Black,108,Available
T98EHTZY4XM4GFERA,DLR_01,Harrier,Fearless,Grey,93,Available
YPXLLJ2B711JMSDTF,DLR_02,Harrier,Fearless,White,66,Available
2V0LKV8X16LB0GEBG,DLR_01,Harrier,Fearless,Grey,89,Available
476X00GR1VSR3R1N6,DLR_02,Harrier,Fearless,Grey,118,Available
FUAF1AFW47M9ZAA9Y,DLR_01,Harrier,Fearless,White,109,Available
ZJRDXTCV0T6BCS5XG,DLR_02,Harrier,Fearless,Grey,88,Available
6JF0N3A60S9XZYD2G,DLR_01,Harrier,Fearless,Grey,71,Available
YD0YHDDN7FNH9H2PL,DLR_01,Harrier,Fearless,White,81,Available
XXL9KMAD3669S8Y49,DLR_02,Harrier,Fearless,Black,120,Available
1FSSNGRBXA0L4YAVN,DLR_02,Harrier,Fearless,Grey,66,Available
7WR96J5D9KCJVLPN8,DLR_02,Harrier,Fearless,Grey,83,Available
5WX85LSX3VD8GB22N,DLR_02,Harrier,Fearless,Grey,115,Available
ESY2AJWA1LK7D03NG,DLR_02,Harrier,Fearless,Black,105,Available
9FV528521YLU1B25P,DLR_02,Harrier,Fearless,Black,97,Available
H0FUTJGNX1GDMWJSC,DLR_02,Harrier,Fearless,Red,96,Available
SBVNELMC81U5WUSSZ,DLR_01,Harrier,Fearless,Blue,120,Available
ML78NM8BXBPFA7BE6,DLR_02,Harrier,Fearless,Blue,96,Available
TMCGFD4XXMGZAMVL5,DLR_02,Harrier,Fearless,Grey,99,Available
RAYC4U1M8VJP0U193,DLR_01,Harrier,Fearless,Blue,112,Available
UTW68SAR4SRYPE08A,DLR_02,Harrier,Fearless,Grey,96,Available
MVRXABX57GDKGAFWD,DLR_02,Harrier,Fearless,Red,116,Available
JTVSMR1U2KCSED3XC,DLR_01,Harrier,Fearless,Black,91,Available
9VSXU6F6608U6ZYJ0,DLR_01,Harrier,Fearless,Grey,76,Available
CLZCTAAH8F0G9F59P,DLR_02,Harrier,Fearless,Grey,112,Available
4U641VW1XBVDAD4CJ,DLR_01,Harrier,Fearless,Blue,93,Available
H6WCVCZG3VPZW0H5E,DLR_01,Harrier,Fearless,Black,77,Available
6AD7WE5X0BLLPEGNW,DLR_01,Harrier,Fearless,Blue,100,Available
XF2YPC6BXG8XPVEED,DLR_01,Harrier,Fearless,Blue,106,Available
B1751SYD3WEEGAL4V,DLR_02,Harrier,Fearless,Blue,95,Available
7YJUYER467M1RBGT0,DLR_02,Harrier,Fearless,Red,79,Available
UB316PCD2GLH9TYX3,DLR_02,Harrier,Fearless,Red,95,Available
UBEC21TX258APNEF5,DLR_01,Harrier,Fearless,Blue,82,Available
VGJUFSHV6LGHFAVTK,DLR_02,Harrier,Fearless,White,113,Available
MHDAPU3H8Y9XAYRNG,DLR_02,Harrier,Fearless,Blue,100,Available
2FL1LY971Z4GGYU58,DLR_01,Harrier,Fearless,Red,80,Available
AS6DKJ7H83WVE7953,DLR_02,Harrier,Fearless,Black,108,Available
WWRUBJ7FXJBD40ZCJ,DLR_02,Harrier,Fearless,Red,120,Available
XYSCX0929RV7ZLCWD,DLR_02,Harrier,Fearless,White,93,Available
NU5S4KRR0L17UCZS2,DLR_02,Harrier,Fearless,Black,100,Available
96N8G62WXYD182ZJP,DLR_02,Harrier,Fearless,Blue,106,Available
FKU6PYMX5529SZ3D8,DLR_02,Harrier,Fearless,White,73,Available
JHZHTMF42ECZH9UL1,DLR_02,Harrier,Fearless,Black,92,Available
2ZDFKAB885JZF7KPK,DLR_02,Harrier,Fearless,White,66,Available
AUTV5YAD65RKTH0DG,DLR_02,Harrier,Fearless,Red,111,Available
W0BC8X172VFEF78SY,DLR_02,Harrier,Fearless,White,90,Available
KS5J7RZV25ZHB2CD1,DLR_01,Harrier,Fearless,Black,82,Available
W39H1JD6XXMLKWMHP,DLR_02,Harrier,Fearless,Black,103,Available
SPW9GPZH75D5SUB15,DLR_01,Harrier,Fearless,Blue,114,Available
TC2RSZE393FWJT8K4,DLR_02,Harrier,Fearless,Grey,109,Available
65BS3H2S0XN3K2M4J,DLR_01,Harrier,Fearless,Red,88,Available
X2TTYND44NF1ZVM09,DLR_01,Harrier,Fearless,White,116,Available
KFT2H87B3LUR95Y7A,DLR_02,Harrier,Fearless,Grey,118,Available
VAZZP1SKX0YSJZ0LW,DLR_02,Harrier,Fearless,Grey,111,Available
TB14PK0249WY5SKAJ,DLR_01,Harrier,Fearless,Black,108,Available
T4GMTHEG2468S2MZ9,DLR_02,Harrier,Fearless,Black,72,Available
R4B5EN0K6VD6YUTEZ,DLR_02,Harrier,Fearless,Black,91,Available
XTFC407F9PGBPBJ7E,DLR_02,Harrier,Fearless,Blue,120,Available
D79SLDHC0PSR64CJF,DLR_01,Harrier,Fearless,Black,79,Available
0XHY0F56XDDWBN21F,DLR_01,Harrier,Fearless,Red,100,Available
KMMR5KUE0887D5GF9,DLR_02,Harrier,Fearless,Black,96,Available
WFPNB4ZW0RN80TFW3,DLR_02,Harrier,Fearless,Grey,114,Available
DAUP8PZ11Y8V63ESG,DLR_02,Harrier,Fearless,Red,82,Available
ZX4EMZNZ94S12VC8B,DLR_01,Harrier,Fearless,Blue,91,Available
SVTPBV6564A27B2RJ,DLR_02,Harrier,Fearless,Black,70,Available
MGZZZ6AM7RF2G0D2U,DLR_02,Harrier,Fearless,White,73,Available
VWAZD5UX4HKV27AJP,DLR_02,Harrier,Fearless,Grey,112,Available
VMAL7M9F52ZZT4RL1,DLR_01,Harrier,Fearless,White,69,Available
W0A968790B5V5H9HN,DLR_01,Harrier,Fearless,Red,107,Available
YY79ZA2R0WKU11AVY,DLR_01,Harrier,Fearless,Black,93,Available
XV56SAJW0RSDT38J6,DLR_02,Harrier,Fearless,Blue,110,Available
LD4CB83X63WDU7VLW,DLR_02,Harrier,Fearless,Grey,67,Available
ML49WZRMXWMALTG36,DLR_01,Harrier,Fearless,Black,74,Available
K8R60ZJV4ABD60FCE,DLR_01,Harrier,Fearless,Red,107,Available
M44K97KB3VFGC1FXG,DLR_02,Harrier,Fearless,White,105,Available
8H55W7KB5HZ3LBL4C,DLR_01,Harrier,Fearless,Grey,88,Available
5F7Z6UPN3S37HLC1Y,DLR_01,Harrier,Fearless,Grey,110,Available
F6FA313T6L79C26UE,DLR_01,Harrier,Fearless,Grey,90,Available
D9TDN5AL33DW0MA21,DLR_02,Harrier,Fearless,Grey,93,Available
681YKA6F6EKUNWTFW,DLR_02,Harrier,Fearless,Red,99,Available
MJUWMCPC0WTZPS3XM,DLR_02,Harrier,Fearless,White,79,Available
ADFRWKYNXNRBBN6HE,DLR_01,Harrier,Fearless,Black,116,Available
UCJFT3L775NVX0TVL,DLR_01,Harrier,Fearless,Black,88,Available
ENP64V7X2H5ZEXPDV,DLR_01,Harrier,Fearless,Blue,89,Available
G7LX9YD68CE76SVMW,DLR_01,Harrier,Fearless,Red,114,Available
EU5XV5DY12S4BM42X,DLR_01,Harrier,Fearless,Grey,89,Available
617VLEME8F6EYD7WW,DLR_01,Harrier,Fearless,Grey,82,Available
E5DMPK2W8TYU32351,DLR_02,Harrier,Fearless,Red,69,Available
98ZF734H5GP9646TA,DLR_02,Harrier,Fearless,Black,96,Available
YUSA1DLTXC7Z1WPJV,DLR_01,Harrier,Fearless,Blue,112,Available
67LE3KAK57HPUZJ73,DLR_02,Harrier,Fearless,White,69,Available
Y9PPT8M7X9FKDUWYR,DLR_01,Harrier,Fearless,Black,73,Available
LC929PD96MAYA0X1W,DLR_02,Harrier,Fearless,Red,86,Available
MUN2CMHN0G9UVYWWD,DLR_02,Harrier,Fearless,Black,66,Available
1JPWR74Y6PBAZ81KJ,DLR_01,Harrier,Fearless,Red,109,Available
N6K2ES5A6P7F5BZZ5,DLR_02,Harrier,Fearless,Red,91,Available
HB2J0R3M7W8K70YDC,DLR_01,Harrier,Fearless,White,114,Available
ESBE61CK4E1MDVR6C,DLR_02,Harrier,Fearless,Grey,106,Available
EFS56XEE6TS6LFL93,DLR_01,Harrier,Fearless,White,103,Available
1W6A0YNT3X0PM17UD,DLR_02,Harrier,Fearless,Red,76,Available
6KFN9X2Z6GFEBVS69,DLR_01,Harrier,Fearless,Black,115,Available
NLD9T4R2XC1CZK19U,DLR_02,Harrier,Fearless,Grey,102,Available
YYJVUAX1146JT8HWS,DLR_02,Harrier,Fearless,Black,112,Available
ZCS5GK1T7J0JA94F9,DLR_01,Harrier,Fearless,Grey,70,Available
X3ZWZKA25AXJXT2GZ,DLR_02,Harrier,Fearless,Blue,86,Available
JMVY3CGA5FZ57EDHB,DLR_02,Harrier,Fearless,Grey,118,Available
EDNRRKGJ2JT8VY9D2,DLR_02,Harrier,Fearless,Red,101,Available
68YX54YZ3C9YB6YJ9,DLR_02,Harrier,Fearless,Grey,107,Available
0AMMXJN17UFW93N6J,DLR_01,Harrier,Fearless,Grey,90,Available
MVALS17D2PJES3BB5,DLR_01,Harrier,Fearless,Red,80,Available
LDA7BU6BXA8XRCAJM,DLR_02,Harrier,Fearless,Black,79,Available
K1MKAK6C4RRLD9LXK,DLR_01,Harrier,Fearless,Red,90,Available
Y6T1U0BV9GYARJSH7,DLR_02,Harrier,Fearless,White,70,Available
XV8AR39Y2UP713JEZ,DLR_01,Harrier,Fearless,White,101,Available
DFAVFCDM147MKWENX,DLR_01,Harrier,Fearless,Red,103,Available
4H4BU3T57N3XBR7CN,DLR_01,Harrier,Fearless,White,105,Available
15HT9C3F4LYZR9124,DLR_02,Harrier,Fearless,Red,107,Available
P5G2AEADX7A5AYXVZ,DLR_02,Harrier,Fearless,White,113,Available
L3DGJPTK9YJUCNLJZ,DLR_01,Harrier,Fearless,Blue,86,Available
7T778TF4XBKBVJ4UB,DLR_01,Harrier,Fearless,Black,75,Available
DJ5VVZ3S56BKYTLG5,DLR_02,Harrier,Fearless,Black,86,Available
HVVFWP55XVTFVC56G,DLR_02,Harrier,Fearless,Grey,80,Available
4FF3KKSE4KDL72DKR,DLR_01,Harrier,Fearless,Blue,71,Available
1T4WRWPW0ZR0SBVCP,DLR_02,Harrier,Fearless,Red,94,Available
XLVM5RNP3M5DPV09A,DLR_02,Harrier,Fearless,Blue,70,Available
7LP98G4S0SHAU5T71,DLR_01,Harrier,Fearless,White,90,Available
E9L0THYW3MU8RVBAZ,DLR_01,Harrier,Fearless,White,111,Available
SWL8P5394WZYG8PDC,DLR_02,Harrier,Fearless,Red,118,Available
8HU4DURAXKWHB5J7J,DLR_02,Harrier,Fearless,Blue,114,Available
S4ZH5NGF58LDHGK4B,DLR_02,Harrier,Fearless,Blue,102,Available
TJAZUSHX7V0FD8NRB,DLR_01,Harrier,Fearless,Grey,71,Available
S5A243DSXVL9E2BUT,DLR_01,Harrier,Fearless,Grey,89,Available
L8X1WUWS3FBT6U3CX,DLR_01,Harrier,Fearless,Red,112,Available
BBX4BGD799W2EC8N2,DLR_02,Harrier,Fearless,Black,88,Available
RAMW1H9U7NE3EX6JU,DLR_01,Harrier,Fearless,White,85,Available
BMVZ125963M86BL1M,DLR_02,Harrier,Fearless,Blue,101,Available
XMAFCTNS6LDSG3CY5,DLR_01,Harrier,Fearless,Red,67,Available
ZP3BDTX65X3L34DTS,DLR_01,Harrier,Fearless,Black,73,Available
2CKMPFLW82YVBL3GA,DLR_02,Harrier,Fearless,Blue,117,Available
7VS47G5A1F7A717JV,DLR_02,Harrier,Fearless,Grey,79,Available
V334NT7H1B4HWLAVN,DLR_01,Harrier,Fearless,Grey,104,Available
JCBRPED05N1LE6DF4,DLR_02,Harrier,Fearless,White,104,Available
2CE0Y9CM8JMKRHAF3,DLR_02,Harrier,Fearless,Black,109,Available
6VCC0DLA3VPNE20W3,DLR_02,Harrier,Fearless,Blue,78,Available
HHP3TH714WFZ68683,DLR_01,Harrier,Fearless,Blue,75,Available
D43S02UJ36RZ0SA1B,DLR_02,Harrier,Fearless,Blue,119,Available
7724RZEZ8SUC9FYN6,DLR_02,Harrier,Fearless,Red,119,Available
VMYHK5K116GD6Z6D2,DLR_01,Harrier,Fearless,White,104,Available
MX4J40D810GVRE5E0,DLR_01,Harrier,Fearless,Black,74,Available
KD2XMC9Y9HV4UDAF9,DLR_02,Harrier,Fearless,Black,94,Available
DCTJ15ST1S7ACX7MT,DLR_02,Harrier,Fearless,Blue,89,Available
CXZJZVK54VK9HHP9L,DLR_02,Harrier,Fearless,Black,112,Available
DKLS36NKX7XT0BS3L,DLR_01,Harrier,Fearless,Grey,78,Available
2TGZFSYH0LNEF2YEC,DLR_01,Harrier,Fearless,Black,110,Available
5E8V7USN05JH0SE0K,DLR_01,Harrier,Fearless,Red,72,Available
FRZ21EDZXLW1L2G9K,DLR_01,Harrier,Fearless,Blue,78,Available
FT37H7UK8SGXFM0ZT,DLR_02,Harrier,Fearless,White,102,Available
YEBKKCKJ1HLCA5EWK,DLR_01,Harrier,Fearless,Blue,77,Available
GA6W55MF49ZC50VG0,DLR_01,Harrier,Fearless,Red,66,Available
PSM0K7XY3A2HPTR21,DLR_02,Harrier,Fearless,White,107,Available
XRJHCTXU4JNA0FT9A,DLR_01,Harrier,Fearless,Black,106,Available
MU0HR2F09HNUM6W3A,DLR_02,Harrier,Fearless,Blue,73,Available
DV5KBMK5XLLBP4E40,DLR_02,Harrier,Fearless,White,88,Available
L2KTVP3J8RXJ8MCXB,DLR_02,Harrier,Fearless,Black,112,Available
MRU6FBCS5FT05EXS9,DLR_01,Harrier,Fearless,Blue,120,Available
70NXDFBAX67K1H9RK,DLR_01,Harrier,Fearless,Red,69,Available
V7TE9YFG8RF6NTWWK,DLR_01,Harrier,Fearless,Black,100,Available
8NU9FB168SZ0VHE04,DLR_01,Harrier,Fearless,Blue,76,Available
TZCNAVM701CRXD286,DLR_01,Harrier,Fearless,White,78,Available
GDK8NF089PXXBYTN7,DLR_02,Harrier,Fearless,Black,79,Available
MG9VMBWTXSTBU0EP3,DLR_01,Harrier,Fearless,Grey,76,Available
GYJYD1U1899LLJF22,DLR_01,Harrier,Fearless,Blue,67,Available
GBCMADWM5GRBB36VE,DLR_01,Harrier,Fearless,Blue,118,Available
M2D7YEB701S9UWJ7G,DLR_01,Harrier,Fearless,Black,83,Available
3CPX02WH4P95AK0Z0,DLR_02,Harrier,Fearless,White,81,Available
DMY3X9GN15JUP6NAW,DLR_02,Harrier,Fearless,Black,75,Available
EW7ABTUM40WZ94YU5,DLR_01,Harrier,Fearless,Black,81,Available
YD4MA3SB04MM0JX34,DLR_01,Harrier,Fearless,Grey,69,Available
WUCZSD1H22XPNVK47,DLR_01,Harrier,Fearless,Grey,94,Available
TUTSF9Z44R1K9AFM1,DLR_01,Harrier,Fearless,Grey,111,Available
XBDTVDV79C42CH3ZX,DLR_02,Harrier,Fearless,Red,75,Available
9B3FX09Y93PJ7JVF7,DLR_02,Harrier,Fearless,Blue,67,Available
5CGAT43R0JLL5P2V2,DLR_02,Harrier,Fearless,White,83,Available
GD8ZMLUV6VB9ZKSPJ,DLR_01,Harrier,Fearless,Blue,114,Available
YJRTPZS3X8FV1YDJF,DLR_02,Harrier,Fearless,Black,93,Available
GPXG80JU1UPJFCUB1,DLR_01,Harrier,Fearless,Grey,66,Available
EYX8N8HT0FYFSK9NH,DLR_01,Harrier,Fearless,Red,80,Available
538N94J97X0VJZP74,DLR_01,Harrier,Fearless,Blue,105,Available
6J32KTVP0M2NE1CSE,DLR_02,Harrier,Fearless,Blue,75,Available
VWEJCJ416RLBMU3KY,DLR_02,Harrier,Fearless,Red,65,Available
9TYV1DAV99M65AKWV,DLR_01,Harrier,Fearless,Red,89,Available
8NYJ0HTX6U2W2JZLY,DLR_01,Harrier,Fearless,Grey,117,Available
H3J4FR2V94FK5843R,DLR_02,Harrier,Fearless,White,91,Available
7T6LB9LM1LJTZHURC,DLR_01,Harrier,Fearless,Blue,65,Available
J2P4MAGY1YUYC7ACR,DLR_02,Harrier,Fearless,Black,105,Available
KWSTX9XJ6UJPECV7K,DLR_02,Harrier,Fearless,Black,76,Available
4GJWSTZXXB94ZX5BL,DLR_02,Harrier,Fearless,Blue,78,Available
SWKN3HLL7F96E72A7,DLR_01,Harrier,Fearless,Black,107,Available
VUAZX17W52DEKPKWM,DLR_02,Harrier,Fearless,Grey,80,Available
6BJWCTRP9SPK5Z0H0,DLR_02,Harrier,Fearless,Blue,86,Available
7WLMA6GS3RUZBLHT9,DLR_02,Harrier,Fearless,Red,112,Available
ME466LZN9F69C2BZN,DLR_01,Harrier,Fearless,Grey,84,Available
KP9K5XMU5ADZBMZMV,DLR_02,Harrier,Fearless,Red,92,Available
N1ES0PAH97TNHP9XM,DLR_02,Harrier,Fearless,Blue,102,Available
8TCA5G1251CY2TA9C,DLR_01,Harrier,Fearless,Black,70,Available
B92HH1PK3P550UZMB,DLR_01,Harrier,Fearless,Grey,84,Available
0PH28UHG0JG985YUA,DLR_01,Harrier,Fearless,Black,107,Available
PPXSFLNMXEHZU87Y5,DLR_02,Harrier,Fearless,Blue,72,Available
S8VEULBF1TDV8YVK3,DLR_01,Harrier,Fearless,Blue,68,Available
EUC07H5635LP4NPAK,DLR_02,Harrier,Fearless,Blue,71,Available
619PW4M86FSZN2AC7,DLR_02,Harrier,Fearless,Blue,86,Available
2VHTVCNGXGXSRGL81,DLR_02,Harrier,Fearless,Black,117,Available
9TELXB666CSUNA2RL,DLR_01,Harrier,Fearless,White,91,Available
YLVHGZL3XLHBR581Z,DLR_02,Harrier,Fearless,Black,66,Available
J0LKEZM78JAHY39GL,DLR_02,Harrier,Fearless,Grey,92,Available
07C4D7MK7ALJL0J9M,DLR_01,Harrier,Fearless,Blue,96,Available
44HUPELJ3XTLE93EJ,DLR_01,Harrier,Fearless,Red,115,Available
DW10S3Y99Y41GVV0S,DLR_02,Harrier,Fearless,Grey,108,Available
WKP52R0RXEWTXPD2Y,DLR_01,Harrier,Fearless,Grey,102,Available
P2CSC67G0P509Y531,DLR_01,Harrier,Fearless,Red,82,Available
A519DMU3426YPCS27,DLR_01,Harrier,Fearless,Grey,84,Available
VU169HUJ6L0XJGHHP,DLR_01,Harrier,Fearless,Black,80,Available
F6RCV3WS27YN3XKZH,DLR_01,Harrier,Fearless,White,80,Available
Z9JWUH4B6LK2BCL2T,DLR_02,Harrier,Fearless,White,95,Available
GLV1YK8G0GE324UKK,DLR_01,Harrier,Fearless,Red,115,Available
6Z967LTC6B8SV4JK0,DLR_01,Harrier,Fearless,Grey,96,Available
9BE4KFB36UBPJT9HA,DLR_01,Harrier,Fearless,Blue,78,Available
TCD4H37K6PW2RSGN3,DLR_01,Harrier,Fearless,White,92,Available
GZG9H83942LV1K114,DLR_02,Harrier,Fearless,Grey,97,Available
RYA41YV127C8624SZ,DLR_02,Harrier,Fearless,Black,98,Available
4NYJR9VH46MY2NY16,DLR_02,Harrier,Fearless,Black,102,Available
TURN0HT20ZUTD7ZS1,DLR_02,Harrier,Fearless,Grey,68,Available
8R59BVXFXUU3C317K,DLR_02,Harrier,Fearless,Red,116,Available
GL74FJWL39UE1EUVX,DLR_01,Harrier,Fearless,Black,95,Available
S1U8CFJ65NFL6TSNF,DLR_02,Harrier,Fearless,Blue,73,Available
BFN3P9GD4W2HT33M8,DLR_02,Harrier,Fearless,Black,114,Available
V3VCPT5U9KEDNRKVL,DLR_01,Harrier,Fearless,White,87,Available
GJ3SSYWX7N7GZCFWP,DLR_02,Harrier,Fearless,Grey,86,Available
ZVX8KN7H6BVGSW9AZ,DLR_01,Harrier,Fearless,Blue,91,Available
JTGB7RBC7VPA87J87,DLR_01,Harrier,Fearless,Grey,68,Available
7W8U6A4L1AWNDDFLM,DLR_02,Harrier,Fearless,White,78,Available
X2ER32JD1DF0NWU36,DLR_02,Harrier,Fearless,Grey,77,Available
NUV3MGS1XZESDTSM2,DLR_02,Harrier,Fearless,Black,89,Available
NXKL1TWX72PH8XXCU,DLR_01,Harrier,Fearless,Black,117,Available
DBB4Y1KJ14XK6VW6L,DLR_02,Harrier,Fearless,White,87,Available
H9AAJBHD7K16U3U0V,DLR_01,Harrier,Fearless,White,94,Available
TN5YZV252ACKG0SKC,DLR_02,Harrier,Fearless,Red,71,Available
74PN6LM591LDF1L25,DLR_01,Harrier,Fearless,Blue,72,Available
AY16E48UXLNBA2ASW,DLR_01,Harrier,Fearless,Grey,77,Available
ZM9BGP7W1LCKM3UU0,DLR_01,Harrier,Fearless,Blue,66,Available
GSU2S58R1A5V95C93,DLR_02,Harrier,Fearless,Black,78,Available
WYMBXNP02P4UYT3Z0,DLR_02,Harrier,Fearless,Grey,98,Available
VYHHU9ZG9URKXEPPC,DLR_01,Harrier,Fearless,Grey,107,Available
0NYA55SC7XZXTV2F2,DLR_01,Harrier,Fearless,Blue,67,Available
9LZB51CC9U4RNPFXX,DLR_01,Harrier,Fearless,Grey,110,Available
C0G4JRUX4ZAK77V3R,DLR_02,Harrier,Fearless,Blue,81,Available
R2GZRB4A2B94JZY3V,DLR_02,Harrier,Fearless,Grey,91,Available
AD2EWFAJ6N81GUKN4,DLR_02,Harrier,Fearless,Grey,71,Available
HZE1H38F0CY1F540M,DLR_02,Harrier,Fearless,White,104,Available
C33B2MCM8VTEVXTYY,DLR_01,Harrier,Fearless,Blue,78,Available
6SNA8A7Z4XDWM7Y1E,DLR_02,Harrier,Fearless,Grey,66,Available
DCSDDA8S7F6YCJMFK,DLR_02,Harrier,Fearless,White,65,Available
W5W584FR8HCEK05TM,DLR_02,Harrier,Fearless,Grey,109,Available
K500PM2L3GZXWARCK,DLR_01,Harrier,Fearless,Red,93,Available
XLAJMK436NPCKGKE9,DLR_02,Harrier,Fearless,Black,105,Available
EXCN4NSL2B7YSTUYK,DLR_01,Harrier,Fearless,Grey,107,Available
NAW3XUAJXBL0V87A7,DLR_01,Harrier,Fearless,White,107,Available
KYTL0DKX2B65D4270,DLR_01,Harrier,Fearless,White,86,Available
XUE3V3MK13GJJ750H,DLR_01,Harrier,Fearless,Blue,69,Available
YJA0R3CU3S1RPVNJM,DLR_02,Harrier,Fearless,Red,74,Available
90RH3T4Z8763320L8,DLR_02,Harrier,Fearless,Black,98,Available
FNK8M1SU6R8BYZT82,DLR_02,Harrier,Fearless,Blue,112,Available
XTMGBXTB4J3JE600N,DLR_02,Harrier,Fearless,Red,82,Available
Y68MC9J737NXJARJ0,DLR_02,Harrier,Fearless,Red,66,Available
VDW19ZRU7UWXHCCGV,DLR_02,Harrier,Fearless,Blue,104,Available
M2WH3TMU9VBTTLT0N,DLR_02,Harrier,Fearless,Red,112,Available
5ZDHCJDG7N4HBLSWW,DLR_01,Harrier,Fearless,Black,85,Available
RWN9T6VB9WGSZFXJH,DLR_02,Harrier,Fearless,Grey,119,Available
A2LXMT25X09SNY438,DLR_02,Harrier,Fearless,White,94,Available
9ML0U06619UTU7J87,DLR_01,Harrier,Fearless,Red,96,Available
201A2TB623721ZM5W,DLR_02,Harrier,Fearless,Black,76,Available
42U7J2L78HJ838Y30,DLR_01,Harrier,Fearless,Blue,69,Available
FGWYV1293TP30DRC3,DLR_02,Harrier,Fearless,Blue,83,Available
WJXHT4FE7A44GACT5,DLR_01,Harrier,Fearless,Grey,98,Available
PNHDK2392KTREF9GC,DLR_01,Harrier,Fearless,Grey,112,Available
9NDVNJ8S7DNZ7UJ8G,DLR_01,Harrier,Fearless,White,85,Available
XP12C6YT3Z30WJX6V,DLR_02,Harrier,Fearless,Blue,89,Available
UGC0ZYY59ZVY7V9J9,DLR_02,Harrier,Fearless,Grey,103,Available
1GV69HS45RZXB5G99,DLR_01,Harrier,Fearless,White,65,Available
ZW52GNAB091J51192,DLR_01,Harrier,Fearless,Grey,105,Available
39DAM7CC5MPBPLBZ7,DLR_02,Harrier,Fearless,White,96,Available
CJBXSS9M9DGPUXU03,DLR_02,Harrier,Fearless,Red,76,Available
B41WBAS67KXM600VZ,DLR_02,Harrier,Fearless,Grey,109,Available
06PX7VJZ325HDK2M5,DLR_02,Harrier,Fearless,Grey,90,Available
YMVFMCWV8S2A588XF,DLR_01,Harrier,Fearless,Grey,70,Available
8GURR2W06DYA7R4K8,DLR_02,Harrier,Fearless,Grey,65,Available
M4Z25BD473E9XMY8F,DLR_01,Harrier,Fearless,Blue,106,Available
DTE3W7VY3E2PKM9N3,DLR_02,Harrier,Fearless,Black,73,Available
0ZHEXKTF1CKK79L0H,DLR_02,Harrier,Fearless,White,104,Available
C4UY95055HS8ZF94Z,DLR_01,Harrier,Fearless,Red,111,Available
RZDTKCZA7FXWAP0GP,DLR_01,Harrier,Fearless,White,71,Available
0KA3G1JP3CP9Z7JUN,DLR_02,Harrier,Fearless,Grey,99,Available
7AJAUPH578JYF0GLL,DLR_01,Harrier,Fearless,Grey,69,Available
RLFTVKV83MNZX0VP8,DLR_01,Harrier,Fearless,Blue,78,Available
XJFVZY592UT4VL5UB,DLR_02,Harrier,Fearless,Blue,108,Available
GPW7LFYA1CDSG9BEK,DLR_02,Harrier,Fearless,Black,93,Available
WKS4Y0U28LMUFVJHM,DLR_02,Harrier,Fearless,White,79,Available
82NM1D5F6GAX289R4,DLR_01,Harrier,Fearless,Black,74,Available
GZZ1YNMP95NF2HZC5,DLR_01,Harrier,Fearless,Blue,89,Available
PMCDM4A15EN86PZDF,DLR_01,Harrier,Fearless,Red,116,Available
S6SNECE754WXF9GEL,DLR_01,Harrier,Fearless,Red,108,Available
USNHSWU68JLHN5PN9,DLR_02,Harrier,Fearless,Grey,89,Available
RAR420AR5TT6M6CLJ,DLR_01,Harrier,Fearless,Black,118,Available
M8WHPJ058H1N9MV42,DLR_01,Harrier,Fearless,White,97,Available
VXC0NLER1FYL0CU94,DLR_01,Harrier,Fearless,Black,88,Available
7S5DEX0T7VD73Y5FW,DLR_01,Harrier,Fearless,Blue,104,Available
MPFPEUHH7M0LVR1YZ,DLR_02,Harrier,Fearless,White,67,Available
G0YCSG1932Z03E6G7,DLR_01,Harrier,Fearless,Grey,67,Available
NXVHHYUKX6UB3R2SD,DLR_01,Harrier,Fearless,Grey,71,Available
ZE8JPBKY0TZG53VUX,DLR_01,Harrier,Fearless,White,79,Available
UKEM4JZ298AYKGRUN,DLR_02,Harrier,Fearless,Red,108,Available
U5E5STZY1484X9X39,DLR_01,Harrier,Fearless,White,81,Available
MDCJFW605NG6G2DKX,DLR_01,Harrier,Fearless,Grey,114,Available
FJLBRDN62SHY21G2U,DLR_01,Harrier,Fearless,White,69,Available
6HLEGFWFXFWT6RXR7,DLR_01,Harrier,Fearless,Grey,114,Available
J5XSL1DN8KY70T4VS,DLR_01,Harrier,Fearless,Black,70,Available
NNZW52H294S4UN5M6,DLR_01,Harrier,Fearless,Grey,103,Available
W0DAWALP3J5HTC6K9,DLR_01,Harrier,Fearless,Black,75,Available
RY57GZEJ5KUJNYN6F,DLR_01,Harrier,Fearless,Red,109,Available
CHBPHJAXX706S0GXC,DLR_02,Harrier,Fearless,White,118,Available
DBT1N9BD4ANNULRY1,DLR_01,Harrier,Fearless,Red,69,Available
WSNVD7JB0S23ZK33G,DLR_02,Harrier,Fearless,Grey,66,Available
GDSMWXBM0EGTS77XL,DLR_02,Harrier,Fearless,White,92,Available
SUJ6LUWJ3LK8FSB2S,DLR_01,Harrier,Fearless,Black,99,Available
75GTNRAM58GGS4R74,DLR_02,Harrier,Fearless,Blue,91,Available
7LE9SS3T1BSTMSCAP,DLR_02,Harrier,Fearless,Red,114,Available
V9SDY5KG3X9XWWS34,DLR_01,Harrier,Fearless,Grey,112,Available
92T3JUGF6V6L03FVP,DLR_01,Harrier,Fearless,Red,117,Available
UPHPDMR2XZ92L7L1R,DLR_01,Harrier,Fearless,Blue,86,Available
E685LM429VUZPRSJ2,DLR_02,Harrier,Fearless,Blue,106,Available
H1FWU5WZ3G8XY1V06,DLR_01,Harrier,Fearless,Red,75,Available
MA0A9Z9M6Y6459AFX,DLR_01,Harrier,Fearless,Black,116,Available
9YG7P6LV724KMR1GK,DLR_02,Harrier,Fearless,Black,65,Available
GP7PTWSN27TPKPVGZ,DLR_01,Harrier,Fearless,White,66,Available
JRT7JMPA6D3EJHFEP,DLR_01,Harrier,Fearless,Blue,113,Available
JK5V6XD484B6TX3G5,DLR_02,Harrier,Fearless,Black,105,Available
96H0FWZG3A1PM7291,DLR_01,Harrier,Fearless,White,99,Available
4WH9N6CE0FM7AX84P,DLR_02,Harrier,Fearless,Red,77,Available
ZZY19NB26R5WLC1NF,DLR_01,Harrier,Fearless,Grey,98,Available
JBF9CRL618JT6XNCN,DLR_02,Harrier,Fearless,Red,67,Available
929UY26N4ZUVB2RDV,DLR_01,Harrier,Fearless,Grey,92,Available
AAKUP0R77L6U2A65K,DLR_01,Harrier,Fearless,Blue,65,Available
LM74MS094BCH65KZ1,DLR_02,Harrier,Fearless,Blue,106,Available
MURASJ9N0DWJZGNP5,DLR_01,Harrier,Fearless,Black,96,Available
3SD8W44EXRYDKZD3V,DLR_02,Harrier,Fearless,Grey,98,Available
4ZHHEDKC269BP2WTF,DLR_01,Harrier,Fearless,White,92,Available
UMZU7D920P3BGMFTE,DLR_02,Harrier,Fearless,Red,104,Available
LDSHFTAV5U32YP9JY,DLR_02,Harrier,Fearless,White,71,Available
U15995PKXER21B8JG,DLR_02,Harrier,Fearless,Red,75,Available
D0HSMVUP41J38PC32,DLR_02,Harrier,Fearless,Grey,118,Available
3TJP2DB1XAZG9RCHV,DLR_01,Harrier,Fearless,Grey,101,Available
0M2T368P5H98YFTN1,DLR_02,Harrier,Fearless,White,104,Available
7JE2G4H1X9YJPXGMW,DLR_01,Harrier,Fearless,Red,120,Available
1CXPVMKR4G0PXX6JR,DLR_02,Harrier,Fearless,White,74,Available
1ZD02K1U9ENC421BH,DLR_01,Harrier,Fearless,White,79,Available
DSG6UMKC81Y74NHN3,DLR_02,Harrier,Fearless,Grey,81,Available
8RGFFFZN1N65CBPVN,DLR_01,Harrier,Fearless,Red,78,Available
KJZRH68S7R84NZFER,DLR_01,Harrier,Fearless,Grey,84,Available
6V80HKYJ60DPEWGS5,DLR_02,Harrier,Fearless,Black,72,Available
VRG1LM1C7KH92C2UH,DLR_02,Harrier,Fearless,Blue,92,Available
9AEWBF6K8PB2L6TET,DLR_01,Harrier,Fearless,Red,93,Available
EU7PLVXM05ZAK648D,DLR_01,Harrier,Fearless,Blue,117,Available
PP6PAAS97FPG4BXCC,DLR_01,Harrier,Fearless,Red,92,Available
YK0P6KVL0HW9K0091,DLR_01,Harrier,Fearless,Blue,114,Available
48T8AX6K7YU5301JG,DLR_01,Harrier,Fearless,White,94,Available
4L44T2NE70VR80JHY,DLR_01,Harrier,Fearless,Red,115,Available
29PDHYCTX21N06F38,DLR_01,Harrier,Fearless,White,119,Available
1VP1WXC07W2PG0SHG,DLR_01,Harrier,Fearless,Blue,100,Available
7NW0928S26AAKPZTE,DLR_01,Harrier,Fearless,Grey,112,Available
NBDTX8M550LFTYSKY,DLR_01,Harrier,Fearless,Red,109,Available
FCJW7EK38UMJ207TE,DLR_02,Harrier,Fearless,Grey,98,Available
22F44JLK94PRL6PY4,DLR_02,Harrier,Fearless,Black,85,Available
ZLPV2UJL3RA5MVS03,DLR_01,Harrier,Fearless,White,95,Available
RD6NAP7N9H0YZWJSN,DLR_01,Harrier,Fearless,Black,72,Available
A85WYJ8K6FM2WLLDN,DLR_01,Harrier,Fearless,Black,104,Available
ZMYR56HN9NCBT9JGG,DLR_01,Harrier,Fearless,Black,109,Available
6ELL4FZP2V857521S,DLR_02,Harrier,Fearless,White,76,Available
JH4VLBBJ7VW9GLM2F,DLR_01,Harrier,Fearless,Grey,99,Available
KV3G0XWS7CHUCX7XX,DLR_01,Harrier,Fearless,White,82,Available
FSZHS5AZ8HWBEELXE,DLR_02,Harrier,Fearless,White,92,Available
WZ8VASC4XKMBN5DDD,DLR_02,Harrier,Fearless,Red,69,Available
ZUSKVFT805JMEX1JM,DLR_01,Harrier,Fearless,White,102,Available
6NMVN8SW092CGRX6B,DLR_02,Harrier,Fearless,Blue,100,Available
2UV5VZ79601U7ZMKR,DLR_01,Harrier,Fearless,Black,114,Available
KAFEYCUD09BWTD5HA,DLR_09,Tiago,Fearless,Blue,29,Available
LLXG2XBB4KMM2GYMW,DLR_08,Nexon,Creative,Blue,29,Available
4J69AV411SP8N2KVG,DLR_20,Nexon,Empowered,Grey,35,Available
CW496T7J551078715,DLR_04,Tiago,Fearless,Red,9,Available
F12NX0ND312RCBA6G,DLR_17,Nexon,Creative,White,44,Available
GZD1GVEK5WTHYCJXA,DLR_14,Safari,Empowered,Blue,10,Available
TYFWHPGN8MLL0SFZ5,DLR_09,Tiago,Fearless,Red,34,Available
BWU7JW3M3JAB22MXP,DLR_08,Safari,Base,Blue,31,Available
C5RD5HC68P00GZYD0,DLR_16,Tiago,Empowered,Black,26,Available
ANP1BLC31KXCR0VCE,DLR_14,Punch,Creative,Red,16,Available
X1XR1KPN842Y9ED8M,DLR_09,Harrier,Empowered,Red,2,Available
EBFL0WWV0U6DZPLBG,DLR_02,Safari,Fearless,Grey,10,Available
H8XTSB8D4ZDK3J58X,DLR_06,Safari,Creative,Red,12,Available
AFT3R9KVXZ484J5KK,DLR_02,Safari,Creative,Black,36,Available
UNUMC59474VE2VY5F,DLR_18,Tiago,Fearless,Grey,38,Available
YL7DBMBP97F2U75UP,DLR_04,Tiago,Base,Black,7,Available
TACSG2TGXPNUNYWLP,DLR_19,Safari,Empowered,Blue,43,Available
CNRWLCJSXSD5DD6VM,DLR_12,Nexon,Creative,Blue,44,Available
DXDJESN276JCNVDZ6,DLR_19,Tiago,Empowered,Blue,24,Available
VC66D5S46EC7MAGW9,DLR_17,Harrier,Fearless,White,41,Available
VEHK12SWXVBHWGANX,DLR_03,Tiago,Creative,Blue,41,Available
D4C2N4UZ33A7104U4,DLR_13,Nexon,Fearless,White,21,Available
P2VXVCBV3XC9D0NM4,DLR_19,Safari,Base,White,42,Available
FWA77VTK2W7YKRSWK,DLR_05,Harrier,Empowered,Red,20,Available
FMMU6RWJ0VR9V6PCP,DLR_17,Nexon,Creative,Red,9,Available
SKCSUW0UXYBX9FW9A,DLR_03,Nexon,Fearless,Black,35,Available
D6BLBL0V5C29DN5F9,DLR_09,Tiago,Empowered,Black,10,Available
HM0HUYUE7TD2D3GN9,DLR_01,Harrier,Creative,Grey,1,Available
HG24XFR23CLAY37KB,DLR_13,Safari,Empowered,Grey,27,Available
8SA0A1306C9WTJUGH,DLR_08,Nexon,Creative,Blue,20,Available
1FFPR1EB242U3BLCA,DLR_10,Punch,Fearless,Black,45,Available
E0E47RS91NHS68JS2,DLR_07,Harrier,Empowered,Red,12,Available
Z2V70YMC88C3XL440,DLR_02,Safari,Base,Blue,37,Available
91WFHK8R7WF1UHLHK,DLR_09,Tiago,Fearless,Black,6,Available
P67236KV0HZD26SDY,DLR_05,Nexon,Fearless,White,36,Available
5P2ZGXSZXXY22P33R,DLR_17,Tiago,Empowered,Red,5,Available
4B3W8UP726H0VRFWZ,DLR_06,Punch,Base,Blue,44,Available
ZAC4WA641HVU74SW3,DLR_01,Harrier,Base,White,10,Available
DMVXHVRE82P81TMCV,DLR_04,Punch,Creative,Black,10,Available
5C2FCUKB3MSG414MJ,DLR_10,Nexon,Empowered,Blue,33,Available
HY23LGFX2F1LM766R,DLR_08,Safari,Creative,White,22,Available
8VA907B368D4ELWJB,DLR_12,Punch,Fearless,Blue,21,Available
FZXA8YFS5NX4F76HT,DLR_20,Safari,Creative,Blue,29,Available
P1LWSH0T4WP5G1SHP,DLR_01,Safari,Empowered,Grey,31,Available
4MHHPL555FGB1H7RU,DLR_14,Tiago,Empowered,Black,11,Available
ELG00181X83JWMVB6,DLR_18,Nexon,Base,Red,3,Available
S6F6YK0N6737JRX18,DLR_15,Safari,Fearless,Black,23,Available
RCEWVLFPX171JM8NU,DLR_17,Punch,Creative,Red,16,Available
5P5PH3JX3T30VADFF,DLR_07,Nexon,Empowered,White,1,Available
Z3WCY8YW5L2X6F6W1,DLR_17,Tiago,Creative,White,30,Available
0YF4FR1B1CRWELWLB,DLR_13,Harrier,Fearless,Red,37,Available
SDYZG8MA7YJBXW1L3,DLR_12,Tiago,Fearless,Red,25,Available
KMEDHS6832UJSH8NU,DLR_11,Safari,Fearless,White,36,Available
YEVLDMB71A60UA94C,DLR_06,Punch,Fearless,Grey,32,Available
GLTKTCPYX2YCM4DPJ,DLR_17,Tiago,Empowered,White,3,Available
WSV8XUW01CJ50RYA4,DLR_17,Tiago,Fearless,Grey,13,Available
7WWJCDJY550G9ZV75,DLR_04,Safari,Base,Grey,8,Available
1003MPMW57T0UWRC5,DLR_15,Punch,Empowered,Blue,11,Available
ADPPH89A8UX01YX8C,DLR_20,Safari,Fearless,Grey,33,Available
W9NZEEF58E5DLKWNR,DLR_09,Tiago,Creative,Blue,39,Available
TMCWP7973TAU4AWGP,DLR_02,Safari,Base,Blue,6,Available
YM9DDMPA5GCYJL7XX,DLR_20,Nexon,Fearless,White,13,Available
XDPM2FAN9YKFMV3TX,DLR_10,Tiago,Empowered,Blue,43,Available
Z1Y74YHK995TAVF0X,DLR_06,Tiago,Base,Red,40,Available
9KGDZ67K92NL8V8YY,DLR_18,Nexon,Fearless,Grey,5,Available
W8DHRCK98H41SMZL4,DLR_07,Punch,Creative,White,36,Available
A58M57HB9EM3RPSV9,DLR_04,Punch,Base,White,9,Available
XXSD1MBE27TDEDZYV,DLR_12,Safari,Base,Grey,41,Available
U4AREFJVXSG1HT2VY,DLR_20,Tiago,Base,Blue,17,Available
3HVPL4YL99RT2NVXS,DLR_08,Punch,Empowered,Red,28,Available
23JUV0C59VVK5V9BS,DLR_15,Safari,Creative,Red,9,Available
YX1K9MPT07XD6K8XC,DLR_07,Harrier,Empowered,White,24,Available
H0G3JUL51W6RU39SA,DLR_08,Nexon,Fearless,White,12,Available
F6N57RUD468WSR5SM,DLR_05,Nexon,Creative,Red,16,Available
UT1B1VNE3YBGB4F6R,DLR_05,Punch,Fearless,Grey,45,Available
6RMWCFL50LTKWEW0T,DLR_04,Tiago,Base,White,4,Available
PEFNYVWN6RWK5VJ56,DLR_17,Harrier,Empowered,Black,30,Available
K2598ZBZ5EESN3RE7,DLR_19,Safari,Creative,Grey,16,Available
KF8DL2DE06RBVG7P3,DLR_01,Tiago,Creative,Black,6,Available
J4PDSSY0XXCVXR5DB,DLR_17,Nexon,Base,Blue,25,Available
GF04BHBC1D9EUMTVE,DLR_17,Tiago,Empowered,Red,31,Available
ULJA10FJ5RAR6TCYC,DLR_14,Nexon,Base,White,10,Available
33GG8TP078EX59F2S,DLR_12,Tiago,Base,Red,10,Available
SJGDJWR037G5WBHA3,DLR_15,Nexon,Empowered,Blue,34,Available
EUWJCY19XMPRZ9CPX,DLR_10,Punch,Creative,White,4,Available
LWZLW26L6NNAGTFER,DLR_08,Safari,Empowered,Blue,13,Available
6JN4DDGU3H9A99GVR,DLR_01,Tiago,Base,White,36,Available
WD21K04844G4X9P92,DLR_11,Punch,Fearless,Blue,26,Available
KZAF5MC1X4NGT89GX,DLR_19,Tiago,Fearless,White,26,Available
D0Z8XH6Z6F7L1298G,DLR_04,Nexon,Empowered,Grey,41,Available
3D5Z068BX8VWE3E4Y,DLR_07,Harrier,Fearless,White,11,Available
6CVZXN9L4JDTZJHN4,DLR_04,Nexon,Base,Grey,21,Available
Z9VXDPPY0BAWEH324,DLR_17,Safari,Creative,Black,27,Available
DFWLKXH32WKKLM0TW,DLR_11,Safari,Empowered,White,4,Available
F31C7ZCE3VSR2JHXK,DLR_07,Nexon,Creative,Grey,30,Available
LD3A8L9Y0CSNVNTMX,DLR_19,Tiago,Empowered,Blue,26,Available
5USET2JT1DFMKYW9Y,DLR_12,Harrier,Base,Grey,30,Available
WES57UJU3ETTWNDJY,DLR_03,Safari,Fearless,Grey,16,Available
8TZVXG6W2RBNTSBA4,DLR_11,Safari,Fearless,Grey,42,Available
0YYHV8PU5TUPLDVMP,DLR_09,Punch,Base,Black,45,Available
6MRXH6F42VJB8X6TG,DLR_10,Safari,Creative,Grey,40,Available
J3DWSFB93HW3TJDBN,DLR_16,Harrier,Fearless,Red,1,Available
TK2HW9KD980CF8754,DLR_07,Nexon,Creative,White,45,Available
K7LK32UK76HKL9ZMV,DLR_08,Tiago,Fearless,Grey,29,Available
Z6ZRVDFS1AWXLCMHR,DLR_12,Nexon,Creative,Black,25,Available
13VA318L6E07AR75W,DLR_02,Nexon,Base,White,2,Available
M5DC630MXDUBMU8YW,DLR_08,Punch,Empowered,Blue,25,Available
H98EZWHM5J317AC86,DLR_08,Nexon,Creative,Red,32,Available
X2JPDSAT1Z79U7RGK,DLR_13,Tiago,Base,Black,37,Available
20CRF4YRXXB1VH236,DLR_15,Punch,Creative,Red,27,Available
FWP1FR2D9GDE28CN4,DLR_04,Harrier,Creative,Grey,26,Available
HZBCYH7Z1KEDJPNJV,DLR_03,Harrier,Empowered,Blue,2,Available
J1M7UHBR5PH6CBA8W,DLR_09,Tiago,Fearless,Blue,44,Available
3BC86J1A58A8V1U6C,DLR_06,Nexon,Fearless,White,17,Available
W2HL6XMX7XZ4E7BHH,DLR_13,Tiago,Creative,White,12,Available
3EM223D64DW9RTXP6,DLR_01,Harrier,Empowered,Black,10,Available
ZL9VG12S0772K5LWJ,DLR_15,Tiago,Empowered,Grey,6,Available
KSFLEJG36NF8T3YZJ,DLR_07,Tiago,Base,Black,4,Available
BMJHRBHE5GJ7DZZFK,DLR_02,Harrier,Base,Blue,27,Available
AW1B9G230652BCVHY,DLR_09,Nexon,Base,White,14,Available
8HJVNYVZ1H2RSSDVD,DLR_01,Harrier,Empowered,White,40,Available
02ATL9JH3FYTNG6C3,DLR_01,Harrier,Base,Red,16,Available
A6P3PY6V18TC81PUN,DLR_17,Harrier,Fearless,Grey,26,Available
TSG4JMAL9A7DM5DGF,DLR_16,Safari,Creative,Grey,6,Available
SMXANR059LRPFCHEK,DLR_02,Harrier,Empowered,Grey,43,Available
FMHEJBV85DSL4XNF2,DLR_15,Nexon,Fearless,Black,32,Available
683G7SGYXWGVPSXV1,DLR_08,Punch,Creative,Black,28,Available
4VUTD51X113RVC8WM,DLR_18,Punch,Empowered,Black,25,Available
SZ11GE54490JX85DK,DLR_01,Nexon,Fearless,Red,19,Available
PDBN1G2Y1H1VP2EH0,DLR_03,Harrier,Fearless,White,32,Available
X88Z0ATM3KJR9EFM9,DLR_18,Nexon,Base,Grey,33,Available
MWDN42PRX0RFFH7T9,DLR_09,Nexon,Fearless,Red,2,Available
TYBR98FJ34D19VBJB,DLR_04,Safari,Empowered,Red,19,Available
52R3G3N81NMH7EB8X,DLR_09,Nexon,Base,Red,42,Available
F2G5AZP49N5C726BP,DLR_05,Harrier,Base,White,10,Available
Z260GX2H3DMFSBPF5,DLR_05,Safari,Empowered,Grey,30,Available
66XDEAXM66LRXNVT1,DLR_17,Nexon,Fearless,Grey,28,Available
Z67AVW4X756A566LV,DLR_05,Nexon,Fearless,Black,2,Available
ZUBHJDE33L5MJY7LJ,DLR_13,Safari,Empowered,Blue,25,Available
FZ41CGTC3BYT7KD3N,DLR_17,Nexon,Base,White,3,Available
V3LU0NRV9642FJ17A,DLR_11,Safari,Empowered,Blue,13,Available
S2ZXTMZB4V3PBP0X0,DLR_18,Harrier,Empowered,Black,4,Available
9RCU5PTM83ZX29GS2,DLR_17,Safari,Creative,White,27,Available
4CF0XZP21M2X7K2T8,DLR_10,Punch,Fearless,Grey,24,Available
XFDU7PBR4KX4ANJP6,DLR_16,Safari,Fearless,Grey,21,Available
B8D9P1BZ604KT6TL5,DLR_09,Harrier,Creative,Red,33,Available
M5GT2FJU5RXTGXG3X,DLR_02,Safari,Empowered,Red,34,Available
1XPE1E6D5STX3WWLF,DLR_11,Nexon,Creative,Red,35,Available
5HUW17YT0ANDTZS7C,DLR_07,Nexon,Empowered,Grey,18,Available
9B0WUS5X8ATVV233J,DLR_01,Harrier,Creative,Red,12,Available
0L65X5XK0VUBYK0LJ,DLR_06,Safari,Creative,Grey,40,Available
MFRBVYRG5CNZGKNWE,DLR_19,Harrier,Fearless,Blue,17,Available
HCM9WM614L1GRS5PV,DLR_09,Safari,Creative,Grey,6,Available
M0J2DGKX5AUHAK58U,DLR_18,Tiago,Creative,Blue,7,Available
NRSCEEDL8TGHAVD16,DLR_02,Harrier,Empowered,Grey,8,Available
8W0DU15Y2XLV7628P,DLR_09,Tiago,Fearless,Blue,23,Available
P17V3BNS47JE6X62S,DLR_06,Safari,Empowered,White,44,Available
CA1NJCZA8X0AFFHF8,DLR_01,Harrier,Base,Red,30,Available
5T2CBDXM4E1C8NMDM,DLR_06,Harrier,Empowered,White,18,Available
BY97SUN540A9PWP5T,DLR_11,Safari,Base,Red,25,Available
DUSRMVA25378V52ML,DLR_19,Tiago,Fearless,Red,39,Available
47JZ71L47UFNCUSPD,DLR_02,Tiago,Fearless,Black,14,Available
BZ7GHPGJ97DSLP1JP,DLR_11,Safari,Creative,Grey,38,Available
TYJ2TMVG7BZGUY2XS,DLR_06,Tiago,Base,Red,45,Available
7X60NALWXU1P3ZWH8,DLR_05,Punch,Creative,Red,38,Available
5JCGH37BXBWUYN3DZ,DLR_19,Punch,Creative,Black,24,Available
99SZ85YX4HEXGX0KZ,DLR_08,Tiago,Creative,Red,28,Available
VUNXG4801JH4BHKBU,DLR_19,Nexon,Creative,White,5,Available
V8B1PLJ4XX74WM2B4,DLR_02,Nexon,Creative,White,31,Available
T1ME3E9C49CGDJRF4,DLR_18,Tiago,Creative,Black,12,Available
CEHN13TU9VHLPV776,DLR_09,Safari,Fearless,Red,20,Available
Y1PZEH2K656PFS0EL,DLR_14,Nexon,Empowered,Blue,41,Available
BSMJUPFSX5WKPHPVJ,DLR_14,Safari,Creative,Grey,36,Available
0XSKEUH127KN4H12S,DLR_09,Tiago,Base,Black,6,Available
G4G1H47G5LU5XWJHP,DLR_07,Tiago,Creative,Red,3,Available
DX2SWUPX7PTHUMD05,DLR_17,Safari,Creative,Black,16,Available
UKMVEZTG6RP44PV4Y,DLR_06,Nexon,Creative,Red,36,Available
1GSWNT23530505PNV,DLR_05,Punch,Fearless,Black,14,Available
AF93TMR5XF8JLEWDA,DLR_17,Nexon,Fearless,Red,37,Available
ZLKUGNEU0ME3H8CEE,DLR_06,Safari,Fearless,Blue,39,Available
TAK60ZK04YN5EC5SF,DLR_16,Punch,Creative,Grey,36,Available
WA5U02184Y8F843YJ,DLR_07,Safari,Base,Red,5,Available
NVVCH5TG8XTN1JP28,DLR_11,Harrier,Creative,Black,13,Available
2JP14G9K3BZVHUZU1,DLR_20,Nexon,Empowered,Black,2,Available
1YXAPSKA6U7VVLJRR,DLR_03,Safari,Base,Black,21,Available
G24MB128036WJYAZK,DLR_08,Safari,Fearless,Grey,3,Available
MVHCGRWV8H92FK01Y,DLR_11,Harrier,Fearless,Blue,30,Available
C65HP93R00DAADYVU,DLR_18,Tiago,Creative,Blue,14,Available
J9HFBG21XA793E151,DLR_14,Tiago,Creative,White,39,Available
U3PM2CHU27GXT63GH,DLR_18,Tiago,Fearless,White,42,Available
88A6WCYN587BC7311,DLR_06,Harrier,Creative,White,1,Available
S9RXZYJ261Z96NVN0,DLR_12,Punch,Base,White,16,Available
DA6L9K3P5JJ912NT1,DLR_16,Nexon,Fearless,Grey,28,Available
5DNTWY3C9NT2UGN3S,DLR_06,Safari,Base,Black,28,Available
4T713PYX1823KJFVA,DLR_19,Nexon,Base,Blue,31,Available
1ESV2H5130Z44XDPH,DLR_05,Tiago,Base,Black,16,Available
RAYT1D419VHWZDV3D,DLR_01,Harrier,Creative,White,44,Available
CZW5H0VG8Z5WAZEAC,DLR_08,Tiago,Base,Red,36,Available
M2K7C5BR04LH05KTA,DLR_05,Harrier,Creative,Grey,17,Available
D1X64RJ32WJUDXPDF,DLR_13,Punch,Creative,Black,37,Available
2NMT8PJ41VFYDK9RE,DLR_04,Harrier,Empowered,Blue,38,Available
X2113H2Y1C5ZZNVN9,DLR_14,Tiago,Empowered,Blue,43,Available
YEK1PKZW5U1SPM710,DLR_20,Punch,Fearless,Blue,42,Available
BC6CBU5N33SCDKTNZ,DLR_14,Nexon,Creative,White,15,Available
N8K68WMG6RM65S1EE,DLR_05,Safari,Base,Blue,15,Available
P492W5PT2B88N0RHH,DLR_02,Safari,Creative,White,24,Available
459XMABP6AFGFW0BM,DLR_16,Nexon,Fearless,Grey,9,Available
5G67GM1R7JD6MC6KP,DLR_08,Nexon,Fearless,Blue,2,Available
M8KPXNP34ZNAY7R2A,DLR_10,Harrier,Creative,Red,19,Available
B1PLMV3L9W4WVAK5C,DLR_10,Safari,Base,White,43,Available
U9B2016N2NGV3L6KT,DLR_16,Nexon,Fearless,Grey,20,Available
JYBLGXR15T41Y870R,DLR_14,Harrier,Creative,Blue,45,Available
0FSL4VC119DJ1P7MX,DLR_03,Tiago,Base,Black,17,Available
4NTP0TTX46RYLJV4A,DLR_09,Nexon,Fearless,Red,40,Available
MGRRJHC379WEA6XVB,DLR_12,Harrier,Fearless,White,41,Available
M71EWUVH0YYX01DUL,DLR_17,Safari,Fearless,White,29,Available
LTWNY6782DZVBTRD9,DLR_14,Tiago,Fearless,Black,29,Available
W6MF4A8F06665L0X1,DLR_09,Safari,Empowered,Red,45,Available
17KVET6F5K48MPARV,DLR_08,Safari,Creative,Black,13,Available
EHFPM0KE4M8DPBUE9,DLR_07,Safari,Creative,Blue,7,Available
ZV9VPYA60ZDD9GBND,DLR_18,Safari,Creative,Black,18,Available
D0CJ9WML43WW2T73T,DLR_16,Punch,Base,Blue,26,Available
E9000SXW7C6WBA0KP,DLR_16,Harrier,Empowered,Blue,6,Available
LWNEPF0R894M8DGY9,DLR_04,Tiago,Fearless,Black,21,Available
FS94VNRY9WKY9FVCR,DLR_12,Harrier,Creative,White,2,Available
30DC36H94LRNKAN9G,DLR_20,Safari,Creative,Blue,15,Available
7LFUVXZ60ZD8BWR60,DLR_11,Tiago,Fearless,White,36,Available
KDGYKL5V3EGSPU61G,DLR_13,Punch,Empowered,White,25,Available
VXFTKCG256ANF0XKN,DLR_19,Nexon,Fearless,Black,26,Available
C3BA4ZC3XN4K36FXS,DLR_02,Harrier,Creative,Grey,18,Available
6KVS7SXL6F8CHH1J5,DLR_06,Harrier,Empowered,Blue,21,Available
4M9LCH7X69W4JVCYT,DLR_05,Punch,Fearless,Black,40,Available
6JMSMDET11TV8DTE0,DLR_15,Nexon,Base,Red,5,Available
7NUH25JN8K1BJW0YD,DLR_19,Nexon,Fearless,Grey,31,Available
GXW07MAF9384L9DTN,DLR_03,Harrier,Fearless,White,34,Available
PAXR3NR98SNGSZYUN,DLR_05,Harrier,Empowered,Grey,20,Available
WNRCFSKH16B3VLW02,DLR_18,Harrier,Base,Red,31,Available
5CEJC6NH6UJHNT0D9,DLR_01,Nexon,Creative,White,39,Available
SSJ7CW3UXP9RTCLVW,DLR_04,Nexon,Empowered,Red,36,Available
PW80SE4X2YYNUYK4C,DLR_09,Punch,Empowered,White,45,Available
G4YAV1SFXZ62CMFR8,DLR_08,Punch,Creative,Black,18,Available
6J9ZKCK19FFKTGMM6,DLR_13,Tiago,Empowered,Grey,45,Available
SXSE0SXZ270FJXJNV,DLR_02,Tiago,Fearless,White,11,Available
1B8D9BUN85U8AUJ12,DLR_13,Safari,Creative,Red,12,Available
LA5ZKNZB8TKWMGEXM,DLR_15,Nexon,Empowered,Black,39,Available
X9P4Z9UV1V6EGGJH8,DLR_20,Harrier,Empowered,White,19,Available
VSA33GJVXUCAN1YF3,DLR_05,Harrier,Base,Blue,43,Available
CWDLVF4M0MBELF0P8,DLR_19,Harrier,Base,Red,14,Available
M8PHJ25X251HGL5UC,DLR_10,Harrier,Empowered,White,20,Available
J5LGMEMC7ZDAEA34B,DLR_13,Punch,Fearless,White,34,Available
PC93CHCY5C521FWM1,DLR_10,Tiago,Empowered,Red,17,Available
4E0HCPX983M99RGAZ,DLR_03,Harrier,Empowered,White,2,Available
HUE43DEK1N91FAGK1,DLR_15,Punch,Creative,Blue,12,Available
KZJ9TB9S3BC4BNPHE,DLR_09,Punch,Fearless,Grey,25,Available
HL7ST91T5DGU2KTJX,DLR_05,Tiago,Fearless,White,42,Available
6492GRME9B358X02M,DLR_09,Harrier,Base,Grey,8,Available
HAXBN18U2UE7A713T,DLR_12,Tiago,Creative,Blue,5,Available
FY6T06DX9WA4D389E,DLR_06,Harrier,Base,White,10,Available
7U81AN2Z7NG3ND6ZR,DLR_13,Nexon,Creative,Red,7,Available
YVBTTXL09HNVR49D2,DLR_08,Safari,Fearless,Grey,16,Available
ZRKN0CHE6ZHNH7CH5,DLR_04,Harrier,Creative,White,40,Available
LR9LBV4224XAF2VLT,DLR_14,Safari,Base,Blue,20,Available
Z7HU2PFL7XTLEEREC,DLR_15,Nexon,Empowered,Grey,20,Available
SRWC3Z1N2K0TPUUM2,DLR_19,Tiago,Base,White,35,Available
6YFE1N9397GW3C5BM,DLR_08,Safari,Empowered,Red,12,Available
YHZFT7VB2KB9A35HA,DLR_01,Punch,Base,Red,1,Available
JN1MSD0E57EU8NA2S,DLR_16,Tiago,Creative,Black,5,Available
HPBHCYGMX8SSF3ZR6,DLR_14,Safari,Fearless,Grey,3,Available
8T1EKVYH0CPH1YRWN,DLR_09,Harrier,Fearless,Red,36,Available
Z1H1AVVC9634XBYCS,DLR_09,Harrier,Empowered,White,28,Available
3B7FCFD68PJ3YP4N6,DLR_04,Safari,Fearless,Red,28,Available
61D798XB6ZSM32GXP,DLR_04,Punch,Base,Grey,36,Available
TXHJAEHZXEHUPLN1K,DLR_08,Nexon,Base,Grey,34,Available
V9EW6LFH5LJ7XNFGY,DLR_04,Tiago,Creative,Blue,27,Available
2D9FSXAR643AXSJ83,DLR_17,Tiago,Empowered,White,24,Available
1WB4BRN4XLTB68AN1,DLR_18,Tiago,Base,Grey,11,Available
4ZNJGNH5XKHD0MFRM,DLR_17,Safari,Empowered,White,32,Available
XNK18SK06PSYTNVKS,DLR_12,Tiago,Base,Black,31,Available
46NXMRRSXBZDNXB0L,DLR_15,Safari,Fearless,Blue,43,Available
ZCRX04UY66PV0K5AD,DLR_10,Harrier,Empowered,Grey,19,Available
9AU0MXD25ZDR4UEWM,DLR_04,Safari,Creative,White,17,Available
V781MPS499JAD6UR0,DLR_08,Punch,Creative,Red,44,Available
B52XM9PU7GX35601Y,DLR_03,Harrier,Creative,Blue,4,Available
46CCVZ2Z0XLFMRZZD,DLR_06,Tiago,Base,White,28,Available
FWR5KJRGXXYYTEEDW,DLR_01,Tiago,Creative,Grey,12,Available
HK26RHM26238D0KAC,DLR_18,Safari,Base,Grey,35,Available
DX7S2F3F6PTDMVS7C,DLR_15,Nexon,Creative,Red,16,Available
4Z7VELZD8RK08V5YZ,DLR_15,Nexon,Empowered,Red,20,Available
7B27BP7H3JGJXEP24,DLR_11,Harrier,Fearless,Blue,16,Available
R3XVZ8WG0E2NC4RND,DLR_14,Nexon,Fearless,Grey,13,Available
K61F697Y8GZEN23Z2,DLR_14,Harrier,Fearless,Grey,37,Available
ZEA41MSH34U7KZSJP,DLR_06,Nexon,Empowered,White,39,Available
6H1YPH3917D3B90GS,DLR_10,Tiago,Base,White,36,Available
E8TVTG1WX6WP90B2U,DLR_07,Harrier,Base,Blue,31,Available
EEWTNU3A3P6RFLTWP,DLR_05,Tiago,Base,Red,2,Available
G06TPJJE1BN40WPF6,DLR_12,Nexon,Base,Red,5,Available
59THVVG09K5N927CF,DLR_07,Punch,Base,Red,30,Available
9VL9FDEPXVVA8UHKV,DLR_20,Harrier,Creative,Black,38,Available
D5Y1TRES75TJPAKPR,DLR_19,Punch,Creative,Blue,35,Available
NLSD3XFNXAHJV43B2,DLR_14,Punch,Creative,Black,23,Available
MRJ1G4TB2BWG0VBZ9,DLR_13,Safari,Empowered,Red,15,Available
3TSD55DG08ALG9RA6,DLR_02,Nexon,Fearless,Black,7,Available
R69LYLH88591PR1CG,DLR_11,Safari,Fearless,Grey,38,Available
7S7R26GX59AFGUDT2,DLR_05,Harrier,Fearless,Red,7,Available
M7JXT6WU7D1G0CTSZ,DLR_10,Harrier,Creative,Grey,15,Available
NSNXGDFXXW9X16AA1,DLR_11,Harrier,Base,Black,21,Available
CKM7MMGU80VC0MT1M,DLR_11,Tiago,Base,Red,21,Available
U9ANWSHH810CL715L,DLR_04,Tiago,Base,Grey,9,Available
F258P12J47AH2ACM0,DLR_18,Harrier,Base,Red,10,Available
VVTWG2KP2WGW5AA7E,DLR_17,Punch,Base,Grey,17,Available
LYWUVUP463BYP1ELH,DLR_09,Tiago,Creative,Red,5,Available
FZV4BF162SZ8VUZ39,DLR_13,Harrier,Empowered,Black,44,Available
L1DFM69R0YZBNPPPR,DLR_11,Punch,Fearless,White,28,Available
8GLNS88C6CKVHURZX,DLR_18,Punch,Creative,Black,25,Available
GZTHZ1YR7E4Z2FGHF,DLR_15,Nexon,Fearless,Black,2,Available
L18ZDXX022XTK56XA,DLR_02,Safari,Fearless,White,44,Available
38R6ZP280BYPZK9DJ,DLR_19,Tiago,Fearless,Grey,27,Available
0NH0J9CU5GRAYFH1D,DLR_05,Harrier,Fearless,White,1,Available
1RHYR03F6C818V6Y5,DLR_01,Tiago,Empowered,Red,14,Available
1SPDL3BE6P68CZD8T,DLR_20,Nexon,Creative,White,45,Available
N3CWGXEU0DGFPHM9C,DLR_04,Harrier,Fearless,Blue,44,Available
69LGS7D074VPGGD4Y,DLR_12,Harrier,Creative,Black,11,Available
NST1PG687A05Y7UZB,DLR_01,Safari,Base,White,33,Available
F95BL6GY4HS9J8X5C,DLR_16,Nexon,Empowered,Black,8,Available
AHFL5K4P7JTSMEW9S,DLR_17,Nexon,Creative,Red,34,Available
M7W8YETB5MZ36WYE3,DLR_17,Nexon,Empowered,Grey,29,Available
V1TU0Y5E5UE20819Y,DLR_14,Tiago,Fearless,White,16,Available
KFZ1F18E412M089N1,DLR_10,Nexon,Empowered,Blue,12,Available
1XS8MFZP0BCBXZKCH,DLR_15,Harrier,Empowered,Blue,13,Available
84GKT49D15329WLWR,DLR_04,Nexon,Creative,White,36,Available
5NMA3C9ZXF85B36CK,DLR_16,Tiago,Base,Grey,9,Available
RAF2V3782JDEW3LMN,DLR_12,Nexon,Fearless,Grey,5,Available
GMM8EU4X6NKYHBAXN,DLR_13,Tiago,Empowered,Blue,44,Available
WZWSJL3F67R4F1387,DLR_05,Tiago,Empowered,Black,3,Available
KSXB8VJ705ZG6AC58,DLR_13,Tiago,Empowered,Black,31,Available
UB698AYY5NRB9PGYX,DLR_05,Punch,Creative,Grey,45,Available
0PETWLNL9YWB22YTU,DLR_01,Harrier,Base,Grey,44,Available
KDFAAR5J1CWRC9BDZ,DLR_17,Harrier,Creative,Black,3,Available
44UVMXLP04BWMKFMN,DLR_16,Nexon,Fearless,White,45,Available
8WVEW8C688K61Z7YT,DLR_06,Punch,Fearless,White,21,Available
P0KX0P9M3HD159BKC,DLR_05,Punch,Empowered,White,4,Available
UEPSN9HY71R3UP1C0,DLR_16,Nexon,Base,Grey,25,Available
6HX9EY1G6ZUZEAMR3,DLR_18,Punch,Creative,Grey,10,Available
31B8MTV99JNLLMCV9,DLR_08,Safari,Creative,White,26,Available
6V4WWNUE0AK7RK967,DLR_09,Harrier,Empowered,Black,30,Available
SUZPKTN90GU1FNJF8,DLR_11,Safari,Base,Black,17,Available
H5B2FF8P51FGK2B0H,DLR_04,Punch,Empowered,Grey,39,Available
96VXR3ZM57EHPV105,DLR_02,Harrier,Fearless,Blue,37,Available
TZZUJXCWXTSBTPYHV,DLR_11,Safari,Empowered,Red,4,Available
M2AR0S8P5908UVJPW,DLR_03,Nexon,Fearless,White,6,Available
E0D8NYUZ3R9JSB99Z,DLR_10,Harrier,Empowered,Grey,27,Available
2EZ2VPC59RLVDWXMX,DLR_02,Tiago,Base,Blue,29,Available
Y0CUB76R54VVUD0KZ,DLR_08,Nexon,Empowered,Black,1,Available
1LT4T0KD40ZF27GC1,DLR_04,Punch,Base,White,13,Available
318DWGG10BZML5FB2,DLR_11,Harrier,Base,White,23,Available
YUF982190777NMMA5,DLR_14,Harrier,Fearless,Blue,11,Available
DEKAE7V50TXXZH4ZM,DLR_16,Safari,Creative,Red,4,Available
5KR2K7B76NL7C8SHL,DLR_14,Safari,Empowered,Blue,10,Available
DYAHF29P0GZ4SXT05,DLR_10,Tiago,Base,White,39,Available
T2KNACWZ3H55AW62Z,DLR_19,Nexon,Fearless,White,43,Available
4ZCPN1AZ5TBMEZDR2,DLR_03,Safari,Base,Blue,26,Available
Z0MUR6X22Z3KLWJ5U,DLR_09,Nexon,Fearless,White,34,Available
HVJ1PZ4JXN7LVGUF1,DLR_17,Punch,Empowered,Blue,37,Available
DJL9PRV297ZNGMVW7,DLR_11,Tiago,Base,White,29,Available
HGDRPHZ2498H1TWT8,DLR_05,Harrier,Empowered,White,17,Available
J9LBZ7DS7PJNEEP04,DLR_15,Tiago,Empowered,Red,27,Available
TXF3UV4G5BW95LM2Y,DLR_16,Tiago,Fearless,Black,40,Available
BM5DK7HP7CMSZHV5G,DLR_17,Safari,Empowered,Black,28,Available
MWVUEECH40704S9BF,DLR_03,Punch,Empowered,Grey,41,Available
LA7A0C2W364DMHJRL,DLR_15,Nexon,Fearless,Red,3,Available
8LCU895E897ZWMKES,DLR_11,Harrier,Fearless,Blue,21,Available
198V6C07795G38SE2,DLR_15,Harrier,Fearless,Black,27,Available
YFHJAUDGXVUEX6GDT,DLR_12,Nexon,Fearless,White,36,Available
YST5NRZAXEFDGLLK7,DLR_17,Safari,Creative,Blue,28,Available
LART47N368NE4SJAB,DLR_11,Tiago,Base,White,9,Available
K1DGSB9P5LC5LR61U,DLR_15,Harrier,Fearless,Red,44,Available
ARBCPWK24KLB7GCWP,DLR_07,Tiago,Base,Black,7,Available
6UMR6RG6806UC39LJ,DLR_16,Punch,Base,Blue,45,Available
TN8RWKD06FN8XJBDL,DLR_12,Punch,Base,White,7,Available
ES0EE58030PMMXU45,DLR_13,Tiago,Empowered,Grey,34,Available
X7LC2FRY5MAM7J5SH,DLR_13,Safari,Empowered,Grey,10,Available
EZTLDGWU8NC813F6J,DLR_07,Nexon,Creative,Grey,9,Available
7M0L62407TYME5TX2,DLR_15,Safari,Base,Red,19,Available
RATU9S0U8BXU9XMGN,DLR_18,Safari,Empowered,Red,44,Available
ACL3CNLF11ZZ0TW4G,DLR_16,Tiago,Fearless,Blue,20,Available
0SVZGUU90A351C25A,DLR_01,Nexon,Empowered,Red,27,Available
86R06RCB80MLETJZH,DLR_10,Nexon,Creative,Grey,30,Available
Y0AC1GEW2VPJH0T6N,DLR_04,Punch,Fearless,Black,22,Available
16RX1FSA9B1KZ93UF,DLR_18,Tiago,Base,Red,10,Available
W5STW2CR48PRTYKVA,DLR_01,Nexon,Fearless,Black,20,Available
NJEZF87L8CSY7YMCT,DLR_09,Harrier,Creative,Blue,13,Available
5KDBYJT88VKW26ZKD,DLR_12,Punch,Empowered,Blue,39,Available
UYT7MC1P4D30KKSX9,DLR_13,Nexon,Base,Red,26,Available
0Z330LXG400FZK33Z,DLR_20,Nexon,Empowered,White,27,Available
6L645DSU2LBHTVT8D,DLR_05,Nexon,Fearless,Black,2,Available
K8K8VPP98893D1D1V,DLR_13,Punch,Empowered,Black,17,Available
3FTJ01FT2XVJAWN8M,DLR_01,Tiago,Fearless,Black,38,Available
P8BK2DYFXF37C8YU1,DLR_01,Nexon,Empowered,Grey,42,Available
9ZSN0FSP8YZUBV570,DLR_15,Nexon,Empowered,Grey,35,Available
LCMY3MEZ8KVPWTKK5,DLR_06,Tiago,Base,Grey,14,Available
W1YUJE5584U562RG9,DLR_04,Harrier,Fearless,Grey,37,Available
1RRC733K8MVXU7ZU1,DLR_10,Safari,Fearless,Red,18,Available
CHHFAGTT3ENL6W7PG,DLR_01,Tiago,Empowered,Grey,22,Available
31C913USX2K6MDJ8J,DLR_18,Nexon,Base,White,23,Available
8XMGTJS8XBAJR0Y73,DLR_14,Safari,Creative,Black,24,Available
YRHX0HBB6F9H5WTS8,DLR_12,Tiago,Empowered,White,38,Available
SCGRM2TH0WHL5RZD6,DLR_01,Nexon,Creative,White,44,Available
YM8WJ6LLXU00JAAR6,DLR_12,Safari,Empowered,Red,16,Available
V8ZYZNYH34LBMWK07,DLR_08,Tiago,Empowered,Red,11,Available
JUES627C01VUXCL8V,DLR_16,Punch,Creative,Blue,39,Available
LDSYD0E53KLXGXYZG,DLR_12,Harrier,Empowered,Black,18,Available
62PRCWMW5L207ANXF,DLR_02,Safari,Creative,Red,44,Available
7MESU9PM633B4JE5U,DLR_04,Nexon,Empowered,Black,8,Available
7LF9G29B7TBBJ3UJE,DLR_01,Nexon,Creative,White,30,Available
MCHFASBD4Y37XVLG7,DLR_10,Safari,Base,Red,12,Available
NE4AA72892V0D39Z5,DLR_20,Safari,Creative,Blue,36,Available
JTXG7FDZ01K62HF69,DLR_16,Safari,Fearless,White,30,Available
958HNK5Y7XLHB1UCT,DLR_10,Punch,Fearless,Grey,25,Available
N6GFH32E64BXRUGEF,DLR_20,Punch,Base,Black,44,Available
GS9RXLT04TFNB0GJ1,DLR_13,Safari,Empowered,Grey,12,Available
AUD5RETF3WVV1LHX8,DLR_17,Nexon,Empowered,Red,11,Available
NH84G3TM870M3KR3S,DLR_06,Punch,Empowered,Blue,39,Available
0NX1MTB32HE8XMP67,DLR_01,Nexon,Creative,Blue,6,Available
42013YWA87XF0G5K9,DLR_13,Harrier,Fearless,Blue,10,Available
1F37MCAJ5DZAVWF8H,DLR_20,Harrier,Empowered,Black,28,Available
PG4DS27S2PUW93J4W,DLR_02,Nexon,Fearless,Black,11,Available
S86XHCU83PBY6EAN0,DLR_11,Punch,Creative,Black,12,Available
VA299XBV6XA3G3W41,DLR_04,Safari,Fearless,Blue,8,Available
P2PUHHF65RMYDGAN2,DLR_12,Harrier,Base,White,5,Available
9XL8FC657ENXUGM5S,DLR_02,Tiago,Creative,Blue,37,Available
0EC4MXTL8C5K3APHX,DLR_03,Safari,Fearless,Red,42,Available
ABF7PFN21Z0RUETHE,DLR_17,Tiago,Base,Blue,27,Available
9VVZ6WD09DC1XBWKJ,DLR_10,Harrier,Base,Black,23,Available
D6G23GET80ZUD141J,DLR_08,Tiago,Empowered,Grey,19,Available
ZF0HWFCC4J9WWEU8E,DLR_14,Punch,Fearless,Black,1,Available
EPFZXM7L2KLYH5DFH,DLR_03,Safari,Creative,Red,8,Available
MR90KXJP34C6V6VDV,DLR_14,Tiago,Creative,Blue,26,Available
1CTD65J14TBZU9GRU,DLR_09,Nexon,Creative,Grey,7,Available
LFDLYAU71J4X09N0A,DLR_10,Punch,Base,Red,14,Available
TB5EWHYZ0Z0P77C1S,DLR_19,Punch,Fearless,Blue,2,Available
RKHES6B131AHLF7JK,DLR_03,Tiago,Creative,White,39,Available
9TJYRTNF3XXR5FVZ5,DLR_20,Harrier,Fearless,Grey,42,Available
AXW6M2B8XXH6EZBDW,DLR_12,Harrier,Base,Grey,29,Available
1H5EC59AX3FZWN0EZ,DLR_11,Punch,Fearless,White,38,Available
JV39FK5Z3TX6LLP70,DLR_11,Nexon,Base,Grey,35,Available
3JWWW3FSXK32TCJEK,DLR_15,Safari,Creative,White,3,Available
1BE32NN23R6GHA6JV,DLR_03,Tiago,Creative,White,39,Available
697PS15V3AB71857F,DLR_06,Nexon,Base,Black,18,Available
3JDZF6LW0KFFS8ULG,DLR_04,Nexon,Creative,Grey,19,Available
D7JYKCMFX2NEEF50N,DLR_17,Safari,Fearless,Blue,7,Available
P8XJUVKV77F0F859J,DLR_04,Tiago,Creative,Black,42,Available
C97ASTZN0FVZMLA2B,DLR_07,Tiago,Base,White,1,Available
UFFRZVMS5YFMV2SAF,DLR_12,Punch,Base,White,2,Available
XTDBLS4A5EWF4W4HP,DLR_01,Safari,Base,Grey,4,Available
N8ZHJ8KK5KVZNCGDU,DLR_14,Punch,Fearless,Grey,36,Available
Y1JWL7MG9SABD45ZW,DLR_02,Harrier,Base,White,6,Available
KJV38T8B9XGNW2LDP,DLR_15,Safari,Empowered,Red,34,Available
6M30KNFU6T7EPY0CA,DLR_04,Nexon,Empowered,White,10,Available
1TVPSCLG4KBDMPEPZ,DLR_18,Safari,Fearless,Black,43,Available
T86SDH77X48DKS938,DLR_05,Tiago,Creative,Black,43,Available
JVCHEWNP7XK8F7E3K,DLR_06,Safari,Creative,Blue,12,Available
7APW05V14TE3PM7HT,DLR_03,Harrier,Fearless,White,18,Available
2RELYVY29LF2PPG47,DLR_14,Tiago,Base,Blue,3,Available
EK32L83C1WRF4SHRK,DLR_02,Harrier,Base,Black,27,Available
47F3S53G36T2DB755,DLR_02,Punch,Fearless,Red,28,Available
J9HDGYC66MG5SNDS7,DLR_20,Safari,Creative,Black,20,Available
6EBL7SGR958JFPP97,DLR_10,Tiago,Fearless,Blue,12,Available
3H451V2Z1ZD4A2ZZ6,DLR_04,Tiago,Creative,Black,24,Available
DWWYF8XZ7DJ5LWWKN,DLR_09,Nexon,Empowered,White,43,Available
C1U6SCMS31L20LXPK,DLR_08,Nexon,Fearless,Black,17,Available
HABBPYV4XZPZRWLPB,DLR_13,Nexon,Creative,Black,40,Available
WEU4FZG30B9H3G5KK,DLR_05,Nexon,Base,White,40,Available
3DJZ8FRF9PYGM721H,DLR_19,Tiago,Base,Black,24,Available
R1BFJTR98K66R4SBN,DLR_19,Harrier,Creative,Grey,35,Available
3FVMWEEG0FNL3DHMU,DLR_14,Punch,Fearless,Grey,13,Available
Y4DU03KA1PBX4LVXU,DLR_02,Nexon,Empowered,Red,25,Available
5V23YYR9469KAVDU6,DLR_20,Safari,Creative,Red,42,Available
2WNXVJLC8VEPLRJ6P,DLR_20,Harrier,Base,Grey,21,Available
84TCVF5T5AWNNPRJJ,DLR_15,Nexon,Empowered,Black,9,Available
573EM3048D7J4DTJ8,DLR_15,Nexon,Creative,Grey,30,Available
M5RLPMAB254Z868NF,DLR_10,Harrier,Base,Red,16,Available
AT7YAHVG3MEHHXNJM,DLR_14,Tiago,Base,White,38,Available
JP7LGGNE8NXDPCPCA,DLR_08,Tiago,Creative,White,16,Available
CA82AEZC8XL2TX0A7,DLR_17,Harrier,Fearless,Black,3,Available
5MPA3JV08NHPLF797,DLR_04,Harrier,Fearless,Red,26,Available
EJSMWRNC39HSRSUS3,DLR_06,Tiago,Empowered,Blue,39,Available
MK61HMZ56ZGKN0ND6,DLR_20,Nexon,Base,White,45,Available
C1NU3SUB8FCZHNREF,DLR_07,Punch,Creative,White,24,Available
EZTLVSER410YP3TGY,DLR_12,Harrier,Fearless,Black,41,Available
1UMS1KBF92FDDVVAR,DLR_05,Safari,Empowered,Black,45,Available
FPXUHEKG9XTTGWDYK,DLR_03,Tiago,Fearless,Blue,41,Available
RNTDZNGY1B41HP7V6,DLR_12,Nexon,Fearless,Red,8,Available
TR8AZ6435LXWHA5GY,DLR_19,Safari,Empowered,Red,2,Available
96Z9NATY64ML7HEZH,DLR_15,Tiago,Base,Black,6,Available
WBWAWVG9511JD7UPJ,DLR_01,Safari,Creative,Blue,5,Available
6FN13FD91D9M7U45X,DLR_15,Nexon,Fearless,Blue,42,Available
5SWFABMD80F42PJBH,DLR_15,Harrier,Base,Blue,45,Available
G56RLUY98FDK4SR6A,DLR_13,Safari,Empowered,Red,42,Available
ZB6JM1P7XPTTYHA30,DLR_02,Nexon,Base,White,26,Available
XP4T00XJXMJ0G9J78,DLR_12,Safari,Creative,Grey,29,Available
LVHJNNMK3CDT9JN0V,DLR_15,Punch,Fearless,Red,22,Available
7CYV55074DPH5YRVM,DLR_02,Punch,Base,Red,23,Available
HJ2SDWSY2J1S1TDWA,DLR_09,Harrier,Creative,Red,13,Available
YWTEXCMT6AH9XFACF,DLR_06,Punch,Creative,Black,26,Available
33E41GUE6XR2SAV3R,DLR_18,Safari,Creative,White,27,Available
NJKPPWWL2CS6FZYJB,DLR_07,Tiago,Empowered,Grey,18,Available
9TWSK7GG3VXUBXTWZ,DLR_15,Harrier,Empowered,Blue,39,Available
8KSXZAB6X7CXUUNM5,DLR_20,Tiago,Fearless,Black,41,Available
DATLYYZB2WVSTHP39,DLR_19,Harrier,Base,Black,18,Available
WC4AJM4P851ZE9NZR,DLR_13,Tiago,Empowered,Grey,24,Available
80XD1FYD9H5DWT7GH,DLR_19,Safari,Fearless,Grey,2,Available
RAXKZX4L0ALHWFH5W,DLR_03,Punch,Fearless,Black,25,Available
DN11VFG72DX5AKW4D,DLR_15,Safari,Base,Black,10,Available
P71VF0G24X9VZJD7L,DLR_05,Safari,Fearless,Red,36,Available
CJNMHPRR26JLAHJC7,DLR_19,Nexon,Empowered,Grey,16,Available
ULH1G6FN1RMX4BTYC,DLR_08,Safari,Base,Black,38,Available
L9YE8AJG36Y7DWLT0,DLR_17,Harrier,Creative,White,10,Available
L615DEWC4DNYM08P5,DLR_02,Nexon,Base,Black,30,Available
02J7BXLU0FS96G72L,DLR_11,Nexon,Base,Red,22,Available
STMAA4YZ8CXH3J1PR,DLR_15,Tiago,Empowered,Red,1,Available
NSR4Z4HN1XXRGHM0R,DLR_16,Safari,Empowered,Black,27,Available
B635F1UY2R3WK0A35,DLR_03,Tiago,Fearless,Black,3,Available
9Y49Z9Z12LZX8EHE9,DLR_15,Safari,Fearless,Grey,25,Available
05MZFX8EXZVPXMSPZ,DLR_04,Punch,Fearless,White,33,Available
R9KSXK6TXEHB0J1HT,DLR_01,Nexon,Creative,Blue,45,Available
B8YRESJB2L3RD9P09,DLR_07,Harrier,Base,Black,40,Available
SUD3782C4T12S0364,DLR_16,Punch,Creative,Black,22,Available
SCY3771U27MMV9CLN,DLR_01,Harrier,Fearless,Red,28,Available
MMNTEK2H2WHKLE195,DLR_07,Harrier,Creative,Red,34,Available
7SLTGHK26E0DCF9AD,DLR_17,Safari,Empowered,Black,32,Available
FXFSH5R00V5UD0JLY,DLR_15,Punch,Fearless,Red,4,Available
TMZGXJHD5G5X0N0VG,DLR_09,Safari,Base,Black,32,Available
Z6WRP2J9XP5UG3MH0,DLR_14,Nexon,Creative,White,16,Available
Z94B8WR55K3TF6CMH,DLR_06,Tiago,Fearless,Grey,29,Available
SJMSRZ5HXHXC3V596,DLR_10,Tiago,Base,Blue,40,Available
EKCXYU1R3P5R32079,DLR_15,Punch,Fearless,Red,13,Available
50ZCZ5DH0ZKR9FKWN,DLR_09,Nexon,Fearless,Blue,44,Available
0RVVX10Z3WSPRDZA8,DLR_12,Tiago,Empowered,Red,34,Available
3LD8BJ475R8TYJ2DD,DLR_01,Safari,Empowered,Black,30,Available
7LWZD3WA67RWB36GX,DLR_08,Harrier,Base,Red,45,Available
XERB88WUX421JNT3E,DLR_02,Tiago,Creative,Red,30,Available
YU295EMM1R1VNB40R,DLR_12,Safari,Creative,Grey,6,Available
A03ARRE63LRZEJ8AP,DLR_18,Nexon,Creative,White,45,Available
GDVD1FUT5E23S1CY3,DLR_09,Nexon,Base,Grey,2,Available
HFM6FX245DDB0D7T1,DLR_06,Tiago,Base,Blue,5,Available
WLH0HKKY629A3LX5W,DLR_06,Nexon,Base,Grey,21,Available
89ZHVSTJ5ZRMSJYVX,DLR_05,Tiago,Fearless,Black,18,Available
AR2B6A8J2Y15DYM1E,DLR_13,Punch,Creative,Blue,30,Available
R3UCFEU40P025RBS0,DLR_13,Tiago,Base,Blue,21,Available
976RUE2J8VMUBDKCG,DLR_04,Tiago,Base,Blue,41,Available
JKNNJVPP7SUE9LKS0,DLR_05,Nexon,Fearless,Blue,29,Available
4AZ6Z1WL16SVDS74X,DLR_01,Tiago,Creative,White,20,Available
PVZ4NPGKX1N3J2N87,DLR_03,Tiago,Base,Black,2,Available
G9DAUL458SFJU248S,DLR_08,Safari,Base,Blue,36,Available
77D1D7H266KSVK4AM,DLR_05,Tiago,Base,Grey,14,Available
G3P6PJV01V8JTKLNG,DLR_12,Punch,Empowered,Black,4,Available
SGSGA3MU6K1UZBNSD,DLR_09,Tiago,Creative,White,39,Available
JE3HRKCB2DT2DA8X9,DLR_17,Nexon,Base,Red,24,Available
6FZ1MFNG01G7U4R8P,DLR_05,Harrier,Fearless,White,10,Available
NBGPH0LG88VHXZPE5,DLR_04,Safari,Fearless,Red,31,Available
SRJTSZTG1RUMFRH6A,DLR_17,Harrier,Creative,Red,37,Available
JRRCWLGE1GTVZ8V8V,DLR_16,Nexon,Empowered,Red,6,Available
VKX7HCVS2840BJELA,DLR_07,Harrier,Fearless,Blue,2,Available
LZRKXD449WSEKM9ZE,DLR_19,Harrier,Fearless,Red,45,Available
6C58G6U4693UCHA1B,DLR_12,Safari,Base,Grey,21,Available
A5S04U8R628KZW8H5,DLR_19,Nexon,Base,White,12,Available
WCUS8ZKE1DMN5A8VR,DLR_16,Tiago,Fearless,Black,11,Available
BSA42M6989UB6JV7T,DLR_16,Punch,Creative,Black,11,Available
U8JX7UN88G7H83WFU,DLR_11,Tiago,Empowered,White,45,Available
K8MPLFJ652ATYAB3L,DLR_19,Harrier,Empowered,Red,26,Available
4AYLP80D9EH1BMRLZ,DLR_01,Punch,Empowered,Grey,6,Available
GWXWD8HRXHFCVLN4B,DLR_12,Nexon,Empowered,Black,3,Available
7TMD3FVK8293KDSE1,DLR_07,Safari,Empowered,White,4,Available
TR1MB5TW6EY5DD6SB,DLR_04,Tiago,Fearless,Blue,40,Available
77ZR1C9ZXE93W1MZA,DLR_15,Tiago,Base,Red,40,Available
9VU9ABXV3L1Y3VUW7,DLR_07,Safari,Empowered,Red,44,Available
BUVSNP7N53V7YP0GP,DLR_11,Punch,Base,Grey,37,Available
RP5CG5YF438CUMW7J,DLR_11,Tiago,Empowered,Black,34,Available
T8JPWR6G0E03E7B72,DLR_05,Nexon,Creative,White,2,Available
FSF5R4FF3DAHW4EDF,DLR_11,Safari,Empowered,Red,14,Available
1S5ZT3TC72U2TPVXG,DLR_19,Tiago,Creative,Blue,41,Available
0TB2F9SA91K73ARC6,DLR_03,Harrier,Creative,Blue,14,Available
8WEKFC815HYZM37AB,DLR_09,Harrier,Fearless,Red,38,Available
AGFS9WJF30ZBW1M9N,DLR_04,Safari,Fearless,Black,40,Available
3FCCEJGM0EEXNX7TC,DLR_02,Nexon,Empowered,White,28,Available
MBKY82U44WTXJLML5,DLR_01,Punch,Fearless,Blue,9,Available
H1F8WB6P8G8VCEUFH,DLR_01,Safari,Base,Black,39,Available
KDAJGVPU12UPY9A7L,DLR_05,Harrier,Empowered,Grey,18,Available
DWZ0RYAW9PWZ4FTLH,DLR_10,Nexon,Base,Blue,22,Available
9PC848C57J3TPWHPB,DLR_03,Safari,Creative,White,21,Available
PMPVTNP26UMNHAEF9,DLR_06,Safari,Base,Grey,16,Available
A17DUJ531CH1PZWKJ,DLR_18,Nexon,Fearless,Black,44,Available
88SRCD7H97TENZ1HT,DLR_20,Tiago,Base,Grey,12,Available
T6LYSGCCXC13W7788,DLR_08,Punch,Base,White,36,Available
HNG4XAN97TGG83YHX,DLR_09,Nexon,Fearless,Black,16,Available
8D6MP62C54RB7UCSS,DLR_19,Tiago,Fearless,Blue,44,Available
R6ET1C084HBNDEPJ0,DLR_17,Safari,Creative,Blue,11,Available
HMNUXDTV2K3SAHUXE,DLR_19,Harrier,Fearless,Red,42,Available
UDDKSMLT0GBYGVYBT,DLR_09,Harrier,Fearless,Blue,32,Available
KZF4P38F7ZBYETVXK,DLR_04,Punch,Fearless,White,9,Available
110P0WW5X9PL7LBZ2,DLR_20,Punch,Empowered,Red,22,Available
KWMKUCDM5BXEF1W74,DLR_01,Harrier,Creative,Grey,21,Available
ANSLKBBC8JFLVW5NP,DLR_20,Safari,Fearless,White,14,Available
8E9MALC66LBSDNUU8,DLR_01,Nexon,Base,Black,26,Available
JMUUT6WTX37D432RP,DLR_20,Punch,Fearless,White,29,Available
CLP6TB7Z276V7FUT2,DLR_11,Safari,Base,Black,1,Available
E5U6Y6PN7TF45LSP8,DLR_05,Safari,Empowered,Blue,11,Available
T74S633B1JEBU9KGB,DLR_15,Nexon,Base,Black,12,Available
JCGUHHAD8PNWY3NDD,DLR_02,Tiago,Empowered,White,2,Available
BSX7FMLN23F32RUD9,DLR_13,Punch,Fearless,White,17,Available
DF59BNAF3P1873H50,DLR_02,Safari,Base,Red,41,Available
5KXW87V68UHRM7MLZ,DLR_06,Safari,Base,Blue,8,Available
6YVAZRCL61NVAXYNP,DLR_16,Tiago,Fearless,White,37,Available
WYJ9SG1X8HCFN3EZ3,DLR_01,Nexon,Base,Grey,30,Available
XTBC99BA78PZFKS70,DLR_18,Harrier,Base,Red,31,Available
TLTBL8FP4Y1LYN8TH,DLR_10,Safari,Fearless,Blue,15,Available
J0YE0H135RL22FZN4,DLR_08,Nexon,Base,Black,44,Available
Z0TXE83D1EEKZX0E6,DLR_05,Safari,Creative,Blue,30,Available
ZYFFGKJ77XJV1N5EM,DLR_06,Harrier,Empowered,Red,8,Available
CYYNHM4EXG3CU517J,DLR_17,Harrier,Empowered,Grey,15,Available
EEPW20R19CCVPRVGU,DLR_14,Tiago,Fearless,White,11,Available
TSSMGKBW8KSWBB7RL,DLR_13,Tiago,Base,Red,14,Available
N8XYDAS9129YY54KU,DLR_20,Harrier,Base,Blue,3,Available
JDBEB7125M128SE9B,DLR_09,Tiago,Empowered,Blue,1,Available
E7RRFT1A6JT1KTU44,DLR_14,Punch,Base,Red,39,Available
9A8S6DG7005UGP0EF,DLR_16,Punch,Creative,White,22,Available
A342L0W82WX3VRP8C,DLR_07,Nexon,Fearless,White,15,Available
4U6ZL8NZ5VU625W9H,DLR_07,Nexon,Empowered,Blue,39,Available
VJN55VRD4CMKFK1A1,DLR_14,Punch,Base,Blue,28,Available
TC7GBGDD6PEJUFH0R,DLR_14,Punch,Fearless,Red,44,Available
Y709WHVZ2PLKAVV1G,DLR_09,Harrier,Empowered,Black,33,Available
L1R6KY766T4728WA8,DLR_17,Nexon,Fearless,Red,30,Available
G98PVZHR4H208UK7G,DLR_14,Tiago,Fearless,Grey,36,Available
UT6CYEWR8532EDTTD,DLR_01,Punch,Base,Black,12,Available
UTRMK8S921Y8AS7JA,DLR_18,Punch,Creative,Red,38,Available
BBNF76AU812Y84WKP,DLR_07,Tiago,Fearless,Black,3,Available
3NSFDRFL91GG42XZ8,DLR_07,Punch,Base,Blue,21,Available
CJNBLH022DVUL40L5,DLR_13,Nexon,Empowered,Red,26,Available
Z8DT9ALL6TCDK74F0,DLR_01,Tiago,Empowered,Blue,23,Available
EJ67J8892DPHKU42V,DLR_15,Nexon,Fearless,Blue,25,Available
MY84NGAGXPHZ7565L,DLR_05,Harrier,Fearless,Red,20,Available
9BFM4EB6381NBJ4VE,DLR_03,Safari,Creative,White,20,Available
1SXS4FEP017FVA2Y6,DLR_05,Tiago,Creative,Blue,7,Available
6Y9USST91PL6GCNM6,DLR_17,Nexon,Fearless,Black,6,Available
CEJD2ZHS98CTU1J4E,DLR_08,Safari,Fearless,Black,20,Available
G0JXMPFW3KT61BJXA,DLR_14,Harrier,Empowered,Red,28,Available
FYXZA6350ZH607YMB,DLR_08,Nexon,Empowered,Blue,4,Available
N92G1PU64CB1KSDYW,DLR_13,Punch,Creative,White,31,Available
KGSLKR6A6CT80U42H,DLR_15,Nexon,Creative,Blue,17,Available
HH3S6L729R13LL54B,DLR_13,Harrier,Base,Red,23,Available
01V7N5AT1MW0F2G7A,DLR_09,Harrier,Empowered,Grey,38,Available
8B5UH6CE3JTYAUD40,DLR_03,Nexon,Creative,Black,31,Available
SR9891L04KWNJW76V,DLR_07,Nexon,Creative,Blue,32,Available
E5TPE6JD093FG4FWX,DLR_02,Nexon,Fearless,White,44,Available
YH1M1P3S63WP9SU54,DLR_20,Tiago,Fearless,Red,40,Available
6PHWFJJP9DTAJ6ARD,DLR_11,Tiago,Base,Black,32,Available
6ZVGTVNS9C74FV09C,DLR_06,Punch,Base,White,33,Available
ESFVJLD694AM9X14N,DLR_07,Punch,Creative,Red,33,Available
PNMXJWENXFH7RVAPA,DLR_11,Nexon,Base,Blue,34,Available
P60YVEL1071TR856Y,DLR_19,Punch,Creative,White,4,Available
UNK78X7X6HD9ZLR2H,DLR_10,Nexon,Base,Black,18,Available
WY5HVD377ETWYU5R8,DLR_05,Tiago,Fearless,Blue,23,Available
UNFZTDAX5UC02ZCCD,DLR_18,Safari,Creative,Grey,12,Available
MKNLEJEM7DZ53RJE7,DLR_17,Tiago,Base,Red,39,Available
6V8V1T4R2XBFB55MR,DLR_02,Harrier,Empowered,Red,36,Available
T2TK38TXXX54FXTBD,DLR_20,Tiago,Base,White,4,Available
5J1S0SV502SLUF520,DLR_18,Harrier,Base,Grey,6,Available
A67N2ETW8UVHYLBT4,DLR_01,Punch,Fearless,Blue,34,Available
YVJRE1KV4BYFC34DN,DLR_03,Harrier,Fearless,Blue,20,Available
XPVZ62G65ANUX4VFL,DLR_15,Nexon,Base,Grey,20,Available
PPHCRUVA5201SZJTS,DLR_06,Punch,Empowered,Red,35,Available
YNRCZCN99WSKHUKNH,DLR_07,Harrier,Empowered,White,23,Available
WG2JUXULX3BCXW2M3,DLR_03,Tiago,Base,Blue,40,Available
1K0X1AT0627NCJ53C,DLR_16,Harrier,Empowered,White,24,Available
HS4HPYW15ATDRE03G,DLR_11,Tiago,Fearless,White,44,Available
SF4D1S4SXVMLX454D,DLR_08,Tiago,Empowered,White,10,Available
W38DWS5A9DGCC9NLA,DLR_15,Nexon,Fearless,Grey,44,Available
PL1GHPXV5HEBSPRGA,DLR_16,Tiago,Creative,Black,4,Available
6TT76G8D1KXRS9BXT,DLR_05,Nexon,Creative,Grey,35,Available
YBKRWUE39BDW2AW65,DLR_06,Punch,Base,White,6,Available
X1U4910C7T81DBVZB,DLR_14,Tiago,Empowered,White,27,Available
E50DFLZ22D8MP7TFM,DLR_15,Safari,Empowered,Grey,12,Available
AT5KKM8444K5D1N9S,DLR_02,Punch,Empowered,Black,21,Available
53GC34XN0Z8V41W8V,DLR_02,Harrier,Base,Black,5,Available
2XBF3W7X90NL5W90Y,DLR_13,Safari,Fearless,Blue,21,Available
TTAPCLMTX11MPL6NV,DLR_07,Tiago,Base,Black,5,Available
WWJVYTCA877DP3VD6,DLR_14,Safari,Empowered,Black,43,Available
WXET1GCF0ZMMWN0VF,DLR_08,Nexon,Creative,Grey,32,Available
5RFZ71JK85N2NXZ1U,DLR_15,Safari,Creative,Red,15,Available
H2LN8DUW4TF5XBY5A,DLR_14,Safari,Empowered,White,42,Available
BXU45HTCX8ACD43PL,DLR_09,Safari,Base,Black,22,Available
FCW5589S3VET1EH4T,DLR_11,Punch,Creative,Black,17,Available
0J0T8S9L1N92CPLGT,DLR_01,Safari,Creative,White,18,Available
XS8AS0EK5ZJ8BAT5R,DLR_04,Punch,Creative,Grey,26,Available
XSMMTGKS9UTBAY7VY,DLR_07,Tiago,Empowered,Red,24,Available
S5HNCZVD9RJAX3W02,DLR_12,Nexon,Creative,Grey,18,Available
98Z28G0N4PRX4HEBZ,DLR_16,Punch,Creative,Red,39,Available
MC24EVVX773SMZEWT,DLR_02,Tiago,Empowered,Red,42,Available
LUGSZ24V9887SPZ1Z,DLR_08,Punch,Empowered,Black,1,Available
27JUB6WN0K1RWB1VU,DLR_17,Safari,Base,Black,43,Available
X07HRUXM838LYJRDT,DLR_04,Nexon,Fearless,Grey,15,Available
0PA9V0SW62XVUXFJW,DLR_10,Nexon,Base,White,13,Available
B1SVMEV800A3U7D54,DLR_12,Harrier,Empowered,Blue,12,Available
U3WSAWZT7RZXA5VVV,DLR_15,Punch,Base,White,9,Available
0JZWVHSV8SRZNTS1T,DLR_13,Nexon,Base,Blue,27,Available
B9XPUR8J8KTGZ1KP0,DLR_15,Nexon,Base,Grey,10,Available
9LY5PE8J8V0X5ENXW,DLR_03,Tiago,Fearless,Black,30,Available
719F003F2EL4GYYE7,DLR_17,Harrier,Empowered,Red,4,Available
TXZYSDYD8ZGD0VEFV,DLR_01,Punch,Empowered,Black,24,Available
1F3LYAWD9UWWAJ2SR,DLR_11,Nexon,Creative,Red,9,Available
PJL59MHP3VHESX3AM,DLR_12,Harrier,Creative,Red,9,Available
N0XHL3AW8MZNHD5CG,DLR_10,Harrier,Base,Red,30,Available
9LPHMSZH2ARJLVA2C,DLR_04,Tiago,Empowered,Blue,6,Available
ZMHMGZ2F3U2ELP2LN,DLR_16,Harrier,Base,Blue,17,Available
UKWB0YR6668HA0H9A,DLR_02,Punch,Base,Grey,10,Available
PWTT9XC504FPZHUZX,DLR_03,Safari,Base,White,28,Available
YW4VWL0E2HSUAH1JJ,DLR_18,Tiago,Base,Black,37,Available
NTDZED4J7WLEX1634,DLR_18,Nexon,Fearless,Blue,30,Available
U93XF4A73B7F71PN7,DLR_19,Tiago,Creative,Grey,28,Available
UC660RMP0JKEN8DHA,DLR_08,Harrier,Fearless,Red,35,Available
TD75N9RR8AN7ECL1H,DLR_05,Tiago,Creative,Red,36,Available
U37V08A521BMJCPNM,DLR_18,Safari,Fearless,Black,39,Available
RWKKGTUA8BWUV55UV,DLR_16,Safari,Fearless,Red,10,Available
FX4MZ0LW2T1R7A635,DLR_12,Nexon,Base,Red,24,Available
40NVTPWPXDN36WJ0S,DLR_02,Tiago,Base,White,35,Available
MKZFG5MB0LXPX78JL,DLR_03,Punch,Creative,Grey,28,Available
C7M97B241S2MXDTS1,DLR_02,Safari,Fearless,Red,1,Available
78W8MVMH3WEK6EUAG,DLR_14,Tiago,Fearless,Grey,43,Available
0TXLZA5M1AUKS55TV,DLR_07,Punch,Fearless,Grey,18,Available
5K9P3VEL8EC50N5ZZ,DLR_01,Harrier,Creative,White,45,Available
N63SRPMZ58KF6GCC1,DLR_17,Safari,Empowered,Black,34,Available
3PPH1Y4M118EWBZAT,DLR_17,Tiago,Empowered,Red,25,Available
FD4RKN681VKNTPFZP,DLR_13,Punch,Base,Black,37,Available
FZPJ3T5Y87NP01D4H,DLR_09,Nexon,Fearless,White,42,Available
6226YBJY2T9EGLEF0,DLR_05,Tiago,Fearless,Red,27,Available
C6GJ92RM4VK2YYGH8,DLR_20,Safari,Base,Red,44,Available
9Y2BNKE30HNJLN1KD,DLR_14,Harrier,Base,Red,42,Available
9N00UGMA53M3FZPWV,DLR_20,Safari,Fearless,Grey,31,Available
FLC86FD63KEDEJRXT,DLR_20,Safari,Fearless,Blue,26,Available
NNZNZHVY8PDTMD96Z,DLR_05,Nexon,Empowered,White,32,Available
6UPGUFP42TP7GJHRZ,DLR_14,Punch,Empowered,Blue,13,Available
LN8LG4AB1FKZBJFFN,DLR_20,Punch,Fearless,Black,25,Available
C8X49B854CVYB5DXM,DLR_10,Punch,Empowered,Black,5,Available
1YEU8PAT0MH4WBCDV,DLR_03,Tiago,Empowered,White,40,Available
LHJE9C6Y3BR9GG3LV,DLR_19,Harrier,Fearless,Blue,41,Available
UBZNDWF823ASDWM34,DLR_11,Harrier,Base,Blue,24,Available
EY27F5HB79W3VDE9S,DLR_13,Safari,Creative,Black,11,Available
5904N85370HCG2TMJ,DLR_17,Safari,Empowered,Blue,1,Available
RK63N2SB3CDLJT58W,DLR_09,Tiago,Empowered,Blue,33,Available
1920139X8SUZWKNM9,DLR_20,Safari,Fearless,Blue,29,Available
HU4ZBVKC2Z8SM1S4H,DLR_03,Safari,Empowered,Black,19,Available
PJWGWR8Y59CB34EGE,DLR_17,Safari,Fearless,Blue,7,Available
Z32XPPS10W29TPV30,DLR_11,Safari,Base,Red,16,Available
7ST3GJH01H7VAWRT7,DLR_14,Harrier,Base,Blue,6,Available
TUYBDW7L8P8AAF40M,DLR_07,Safari,Base,White,44,Available
YDSCFYLR0X9ETRY14,DLR_01,Harrier,Creative,Grey,17,Available
JRY575MJ6BT5DPJCB,DLR_19,Harrier,Creative,Blue,32,Available
09PBPWMP1KX4PDYCU,DLR_01,Tiago,Empowered,Red,29,Available
NZWRD3FB6MB6XWA1V,DLR_02,Safari,Creative,White,22,Available
8XAL1NYY59W8LCPPT,DLR_13,Punch,Fearless,Black,24,Available
CNR5R04E4CBW9LJFX,DLR_13,Harrier,Empowered,Black,17,Available
SVEWXBMP1BG0EBTXH,DLR_16,Nexon,Creative,Black,33,Available
AFCYVBPT1T0WAGT27,DLR_08,Tiago,Fearless,Grey,32,Available
GC8B0P9A6LJL9J48D,DLR_18,Punch,Creative,Red,5,Available
9W8TFF4K7JS3NP7NA,DLR_14,Harrier,Fearless,White,7,Available
U634ZUB0533RWK5M6,DLR_13,Safari,Creative,Blue,32,Available
71FX426D0VZLKMBNT,DLR_19,Harrier,Creative,Grey,22,Available
7WV4UBEF5T55CAJR8,DLR_16,Harrier,Creative,Blue,40,Available
047833PWXE2PWJT5W,DLR_11,Harrier,Base,Blue,14,Available
GS0E3UTV50V4EKX1N,DLR_14,Nexon,Base,White,14,Available
XWPSWFWC7U6WLMC9N,DLR_09,Nexon,Creative,Black,37,Available
1SJSL9460FR4AJKSL,DLR_09,Safari,Fearless,Black,11,Available
L0EMYKMY9JJEK7AGS,DLR_04,Harrier,Base,Red,10,Available
7RRFRHJ57B9DTA0CS,DLR_15,Harrier,Creative,Blue,45,Available
4JMCYANH8ADGDS4CM,DLR_15,Nexon,Fearless,Grey,21,Available
T908EJG237KN9U76G,DLR_18,Tiago,Fearless,Black,44,Available
1XAJZL8A3777343YR,DLR_08,Tiago,Fearless,Black,36,Available
KURK73WC27TKY2WA7,DLR_02,Harrier,Creative,Red,13,Available
J2WA6TMB46PG6W1FR,DLR_04,Safari,Fearless,Blue,26,Available
JS2PD4PK7RDDTPMP4,DLR_03,Tiago,Empowered,White,14,Available
52TP12WV5DJARABSV,DLR_05,Harrier,Fearless,Grey,20,Available
6MMPSY043LTAB86U1,DLR_10,Tiago,Base,Red,30,Available
8X6NUKU49CN0SY9EJ,DLR_03,Harrier,Base,Red,31,Available
B335EC8D1FDNUEX3X,DLR_16,Punch,Base,Blue,40,Available
CVXHUV5C4J96R8D5C,DLR_02,Safari,Empowered,White,43,Available
HW8VZHUV8PU57ZPKN,DLR_16,Safari,Empowered,Blue,7,Available
3K267XB12BU7LHCSG,DLR_17,Harrier,Base,Blue,18,Available
KMUSF42J3SG13TKP9,DLR_17,Nexon,Creative,Grey,43,Available
YSRBCPPH57P9V41ZF,DLR_03,Punch,Base,Black,30,Available
CMUJ62EW5VKLD5WEC,DLR_08,Nexon,Fearless,White,25,Available
PZ323AZB8JKXS4WEK,DLR_06,Tiago,Creative,Blue,25,Available
NHMYL1R29KXC2CFZD,DLR_04,Punch,Creative,Black,16,Available
51WDZ7ZYXADSRM7JV,DLR_10,Nexon,Creative,Grey,1,Available
4H7ZNSCB6JL8P7AUK,DLR_04,Harrier,Empowered,Blue,40,Available
YV2XS8R1X063TCWL5,DLR_09,Tiago,Creative,White,30,Available
55ZF0ZY8457NXLVAW,DLR_13,Tiago,Fearless,Black,29,Available
W46LLV3H6UM9L6RZD,DLR_17,Nexon,Creative,Red,3,Available
H08TMXPC2RJ2FG22J,DLR_12,Harrier,Base,Red,13,Available
CUAYP5EM79RKV34Z6,DLR_09,Safari,Creative,Black,36,Available
NA6KJ5W26HKY1DLK2,DLR_13,Punch,Fearless,White,38,Available
AV8S65LD0L53D90ZB,DLR_03,Harrier,Fearless,Grey,18,Available
NZ83AETU1X5JEGPV7,DLR_10,Nexon,Base,White,27,Available
6JR1HSPA0DA0PW1ST,DLR_12,Nexon,Empowered,Grey,43,Available
H8H1SU35272VL4RSN,DLR_06,Tiago,Base,Blue,8,Available
FK4B3PLX7VL3PPRE1,DLR_12,Tiago,Base,Red,13,Available
N7NDUBC05AUVTJDP5,DLR_10,Harrier,Empowered,Red,31,Available
GZE92Y2P3V78J8LL9,DLR_15,Tiago,Fearless,Grey,1,Available
X3W40YYC030BL1WAP,DLR_07,Tiago,Fearless,Blue,31,Available
4XR36TPK3S1U0ABG3,DLR_03,Tiago,Creative,White,7,Available
WY79F3YB4KEDL1K8V,DLR_05,Punch,Fearless,Black,19,Available
9V7VSTTH46F89T2PV,DLR_12,Harrier,Base,Blue,13,Available
3N4BN6AU3LWP222VJ,DLR_01,Safari,Fearless,Grey,14,Available
T0DU5DLS1S3YXBPYP,DLR_12,Harrier,Creative,Red,16,Available
RKEE3DG88N7UMY9F4,DLR_09,Harrier,Base,White,31,Available
Z5KWA6HW0DZE9LNL9,DLR_15,Punch,Creative,Grey,28,Available
4BYFAAD29Y13SJ088,DLR_13,Punch,Empowered,Black,43,Available
GCBNK3X5XT2DYVC00,DLR_20,Nexon,Creative,Blue,42,Available
A5AZFZYM3D9AH9DE7,DLR_17,Tiago,Creative,Blue,37,Available
53B9YZJS1BT1P3TMJ,DLR_11,Punch,Empowered,Grey,26,Available
1K226DWY5DEGEA1X0,DLR_16,Nexon,Empowered,Red,18,Available
V81W26XC8DPDUDZJ5,DLR_17,Safari,Creative,Grey,17,Available
56YRXA628AJLMUZ9V,DLR_01,Harrier,Fearless,White,31,Available
M0AS8N1DXU6PFXT2G,DLR_14,Nexon,Empowered,Grey,25,Available
FJ8Z1N2548UM2FWJ0,DLR_08,Harrier,Base,Red,16,Available
5PW7NJXT6TUD9JYH3,DLR_01,Safari,Fearless,White,43,Available
DMV9KM7J0WMARSLDP,DLR_19,Punch,Fearless,Black,19,Available
HM3A5PHJ8PP9KN2U8,DLR_03,Tiago,Base,Grey,15,Available
MLFAEFAK3MMEAMGDV,DLR_09,Tiago,Base,Grey,10,Available
5FAFRV1F29T2GB995,DLR_07,Nexon,Empowered,Grey,18,Available
SPYSP89B0FGZHZY3U,DLR_07,Safari,Fearless,White,29,Available
U2DJLHJ76ZWWG07R3,DLR_17,Nexon,Empowered,Blue,1,Available
XZ02040M0T9733C1U,DLR_03,Punch,Base,Red,14,Available
40U67JW84Y1VHH764,DLR_08,Safari,Fearless,Black,14,Available
M2ECSUMXX2VNLC66Y,DLR_05,Tiago,Fearless,Red,41,Available
FZRD4YGL8G8VGR7M0,DLR_14,Harrier,Base,Grey,29,Available
UXVD32982V212378K,DLR_03,Harrier,Empowered,Grey,27,Available
B3EWY2DP4G50TCSWX,DLR_20,Tiago,Base,White,36,Available
3RFDXU9ZXB0DWXDC3,DLR_01,Safari,Creative,Black,21,Available
12ZWA9H2XH6TGA8AN,DLR_04,Safari,Fearless,Black,44,Available
5DS88G4K3SHS890YZ,DLR_12,Punch,Empowered,Blue,28,Available
BAXPFHYY5DYZKNX65,DLR_03,Safari,Fearless,Grey,15,Available
BD8XL03T3ZZ5UC942,DLR_16,Tiago,Creative,Red,27,Available
WBF8G4C22E5HAUD1D,DLR_14,Nexon,Creative,Red,43,Available
Z9HPZV278AGNAXYDU,DLR_16,Nexon,Base,Blue,21,Available
Z9G6SZ917U9YZMT64,DLR_19,Safari,Empowered,White,36,Available
CNY832M26H6RLCV0C,DLR_11,Tiago,Creative,White,11,Available
MZ8Z6Z5J2HM3WEKUN,DLR_01,Safari,Creative,Grey,12,Available
0EJ2N8KA97KW3T5YV,DLR_17,Harrier,Empowered,Black,7,Available
YUSNHXE5X9BCNVP0Z,DLR_14,Nexon,Fearless,Blue,26,Available
X1AWL6EWX450VZYPG,DLR_02,Nexon,Base,Black,16,Available
CA3G89K50CNDHDWS3,DLR_06,Harrier,Creative,White,36,Available
JPFX05U403G84YC0F,DLR_02,Punch,Fearless,Blue,17,Available
M411AD786N280WFJX,DLR_02,Tiago,Creative,White,30,Available
5MFTWY3SX01MELJXU,DLR_16,Safari,Empowered,White,26,Available
KZJPR9119YSAU5VM6,DLR_03,Harrier,Fearless,Grey,41,Available
KBRWJ4W2316NH24Z0,DLR_06,Tiago,Creative,White,43,Available
9UL40E62X1B8MUB4N,DLR_07,Tiago,Empowered,Black,7,Available
7FJX1WUP5PVLJZ0YR,DLR_11,Punch,Base,Black,11,Available
3RR6LW9B5JRT4EWX5,DLR_14,Safari,Fearless,White,33,Available
80R0DPMD5YCRWV3TF,DLR_13,Safari,Base,White,38,Available
H9W066KW8UKNY9GZ5,DLR_17,Harrier,Base,Grey,9,Available
8K3VLWM39SBBYLTP3,DLR_08,Punch,Base,Black,3,Available
0HHZ32DRXVH7APY6A,DLR_11,Harrier,Empowered,White,39,Available
ADEPSWGC0NC28B62E,DLR_07,Safari,Fearless,Red,37,Available
DTKLZEF50GX4K69NR,DLR_10,Punch,Fearless,Red,36,Available
3D69CRHL5R55FNY5Z,DLR_11,Harrier,Base,Black,29,Available
SAE9001G2YG2S60FS,DLR_13,Punch,Creative,Grey,26,Available
DZJS59UU1SYHTYDD0,DLR_10,Harrier,Empowered,Red,21,Available
6PNR2L7F6XS43899E,DLR_08,Nexon,Base,Blue,24,Available
9DXSTCCA2D35SA7KU,DLR_09,Safari,Empowered,Grey,7,Available
VLG1ZE535TYJ16KBV,DLR_16,Punch,Fearless,Red,10,Available
NJAFCRPK163CR85N1,DLR_02,Safari,Empowered,Black,32,Available
TWR5JL5E0XK1R810H,DLR_14,Nexon,Empowered,Red,22,Available
UYPDPMZE5D80EP9RP,DLR_01,Harrier,Creative,Red,6,Available
8C84RMLL6ZVDEANA1,DLR_04,Nexon,Creative,Grey,18,Available
027GVGW56VJR1KMNW,DLR_10,Harrier,Fearless,Grey,25,Available
KBPHE2022R3LNGA2C,DLR_02,Punch,Base,White,42,Available
J39HZ44L9X3VC8NG4,DLR_02,Nexon,Empowered,Red,7,Available
58G4P5Y4674JT1ULL,DLR_17,Punch,Base,White,20,Available
T8DA9RK19EBRNTNRX,DLR_01,Safari,Fearless,Grey,41,Available
JHHT31FX6BJ3YPDYU,DLR_08,Safari,Base,Blue,10,Available
G1S83R501CKJBJ8AE,DLR_15,Nexon,Base,Red,16,Available
ZLC9WNDC1DB2S4LA9,DLR_05,Punch,Creative,Grey,4,Available
JK9WESE40LHLVRS1H,DLR_02,Safari,Creative,White,38,Available
26EUL1UZ0EFY7BM4W,DLR_06,Nexon,Base,Grey,30,Available
SPRPUVZM7J0XBUKUT,DLR_17,Tiago,Creative,White,26,Available
H429A7EL3ME0CCXRN,DLR_16,Harrier,Empowered,Red,45,Available
439C02X72XTVZ34ZR,DLR_10,Tiago,Creative,Red,8,Available
M0STVVH70J8V8LHLB,DLR_06,Punch,Creative,Black,37,Available
8SARHV171GZM565YG,DLR_02,Safari,Base,Blue,34,Available
G28VCWH589WYBPNLG,DLR_07,Harrier,Base,Grey,33,Available
YJ6N7DTA27YT3W18M,DLR_03,Safari,Empowered,Blue,44,Available
WWKECFL223VXSDYX7,DLR_19,Safari,Base,Blue,10,Available
WCGGKN9D4K8KN6G9C,DLR_18,Nexon,Empowered,Blue,8,Available
EDNG0VFA45LL11LXM,DLR_18,Safari,Base,White,30,Available
V1GC31040YZDU6CFP,DLR_08,Safari,Fearless,Grey,38,Available
66ANBRGF41DJNNGPR,DLR_10,Safari,Creative,White,36,Available
DS7R991C8LSB0XD63,DLR_11,Harrier,Fearless,Grey,5,Available
U0T4E1067S7TGWH12,DLR_07,Nexon,Base,White,24,Available
6W2STMVU7JA7E0VX7,DLR_07,Harrier,Empowered,Red,38,Available
PBXZSTXW0TW4E8SVZ,DLR_16,Tiago,Creative,Red,21,Available
LVFKV55H63VCWA7XH,DLR_08,Punch,Creative,Grey,6,Available
MW86XJNA6RLCKLDKA,DLR_06,Tiago,Base,White,27,Available
9WF421VL8J10SM6AD,DLR_07,Nexon,Fearless,White,38,Available
CJT82R8C2HGFGDST6,DLR_04,Harrier,Empowered,Grey,18,Available
VYRA70KF3YZWJZJBK,DLR_16,Safari,Fearless,White,7,Available
01H1WPP89SATCCRG7,DLR_11,Punch,Fearless,Grey,8,Available
4BRK61R68P566H9ZS,DLR_17,Safari,Fearless,White,20,Available
JDCAUFAY08YWU5KRG,DLR_10,Safari,Base,Red,19,Available
2F11XUMX5MCSMARRK,DLR_11,Tiago,Creative,White,34,Available
S4L48ZLC8MFCUKU6E,DLR_02,Safari,Fearless,White,28,Available
1ZT1Z6296GEDX7YR7,DLR_01,Harrier,Base,Grey,8,Available
0GD3137Z9E88B83FD,DLR_11,Punch,Creative,Grey,42,Available
PWFPV6X36NWHEG5L9,DLR_01,Nexon,Base,Black,8,Available
16MH8YZD882G849FH,DLR_15,Tiago,Empowered,Red,39,Available
7CHFA2NZ0D3L9BEJR,DLR_18,Tiago,Base,Grey,21,Available
PVPJBT201WG5KK8DY,DLR_07,Harrier,Base,Black,13,Available
AX0JD54393HLRNWZV,DLR_18,Harrier,Fearless,Blue,45,Available
J6UNK1XE6A9UTWJ3P,DLR_17,Nexon,Fearless,Blue,6,Available
J52J17PE7J4BL8WJB,DLR_17,Safari,Empowered,Black,20,Available
BZ3F5FK56YL3LSB5B,DLR_14,Safari,Fearless,Blue,44,Available
PJZU6SJFXSYYT53W5,DLR_01,Harrier,Base,Blue,3,Available
7BDX9AEU9KJKTKBZR,DLR_07,Tiago,Empowered,Black,43,Available
HKXRA67J4367H9MLJ,DLR_08,Safari,Base,White,20,Available
XGSB114C3RE441C47,DLR_14,Nexon,Creative,Black,24,Available
MFWMCN8U2RECBJGS7,DLR_19,Harrier,Base,Red,9,Available
AURL015E2TDAHLEUX,DLR_10,Harrier,Creative,Blue,41,Available
G9ZTTLEC07RZ86HUG,DLR_07,Harrier,Base,Red,12,Available
6AJAL9AN9ZEH7R4ST,DLR_19,Nexon,Empowered,Grey,23,Available
TRFY3AGF3ZTLRXWEG,DLR_15,Safari,Base,Red,31,Available
PG8D7JCZ00NGCNFHK,DLR_03,Punch,Creative,Blue,6,Available
MWHD01D099BGWNE4A,DLR_15,Harrier,Fearless,Red,11,Available
XDR5TZ3T1GW2SA16L,DLR_16,Nexon,Base,Black,10,Available
Z8VJKHP2923ZJW5MX,DLR_09,Nexon,Base,Grey,10,Available
JEWSBPNX47N8626RF,DLR_05,Tiago,Base,Black,13,Available
K5WL477205XPJHDPW,DLR_17,Tiago,Fearless,Blue,37,Available
3ZKVC08H6J31Y0JPJ,DLR_13,Nexon,Fearless,Black,18,Available
2X25UMMJ0UKGW80VW,DLR_20,Nexon,Empowered,Grey,25,Available
YS2LF66U79P1T0PHF,DLR_10,Safari,Empowered,Blue,10,Available
ZB7PJXNK86K2SJMTY,DLR_02,Safari,Base,Blue,1,Available
VLGBZ29U9AGADPLYP,DLR_03,Tiago,Base,Blue,31,Available
0JKSKGGD719GHK5VA,DLR_17,Harrier,Base,Red,30,Available
YD540ZEW9WKBTE2AC,DLR_06,Punch,Fearless,Red,28,Available
LC71C4VR8480CS5NX,DLR_12,Tiago,Creative,Blue,42,Available
0MK394S66KACN8P1V,DLR_04,Safari,Base,Blue,35,Available
3DU523U08N48ZX3VZ,DLR_02,Safari,Fearless,Grey,5,Available
ML91EEJ20FA49LYSU,DLR_03,Tiago,Creative,Black,1,Available
BTWMW3H49RPVTH7HR,DLR_19,Safari,Base,Blue,28,Available
7T8WR6E117DXTFJBV,DLR_17,Safari,Fearless,Red,7,Available
Y3E7KRK186HUA3K18,DLR_12,Harrier,Base,White,24,Available
0240K52G3D14HNF9A,DLR_06,Punch,Base,Grey,28,Available
E59D9A2Z7DKTJKNTX,DLR_09,Safari,Fearless,Blue,6,Available
VLUGBP630NUE9PEJX,DLR_06,Tiago,Base,Blue,8,Available
E7MNH1PB7SK02819J,DLR_10,Harrier,Creative,Red,8,Available
EZF8REPLX28UBU8U6,DLR_01,Safari,Empowered,Grey,29,Available
5ZNESRN63JU8WXDBW,DLR_16,Tiago,Empowered,White,14,Available
0LVB96XP89Y6VJ3TT,DLR_19,Tiago,Fearless,Red,30,Available
Y8YTH27H6815HK4RX,DLR_20,Safari,Creative,White,15,Available
096KDLBJ3N2TY0SMA,DLR_05,Tiago,Fearless,Blue,42,Available
Z43ZKHYN5VAW9T8ET,DLR_18,Nexon,Fearless,Blue,10,Available
ZP7FTDW46GZE2B3WV,DLR_20,Harrier,Creative,Grey,17,Available
2CX83Y227K77FLBYR,DLR_17,Safari,Creative,Grey,32,Available
AC4TPTJ67KMPJ39U1,DLR_13,Harrier,Fearless,Black,26,Available
M0WEZ4BE7Z6MNZNAM,DLR_08,Nexon,Creative,White,22,Available
BGWN0X3H6EL6S80YB,DLR_20,Punch,Empowered,Grey,10,Available
ZZFUUKK8290ZZXVTS,DLR_20,Tiago,Creative,Black,31,Available
MNNDBURR6UZ4D07DW,DLR_04,Safari,Fearless,Blue,15,Available
BSPNR6839Y6J4S895,DLR_02,Nexon,Creative,Black,14,Available
6BP3URKZ9ESKPRBY5,DLR_02,Nexon,Base,Black,7,Available
RP4WDHDB4C6VJMBZM,DLR_02,Nexon,Base,Red,19,Available
CDP6B3WPXEWC1D621,DLR_05,Safari,Fearless,White,17,Available
312XHUYU8AC196Z9L,DLR_04,Harrier,Creative,Black,2,Available
7Z8SUMZY8BZESGGSY,DLR_18,Tiago,Empowered,White,31,Available
BS22S9UN15KDC4F9M,DLR_01,Punch,Creative,Black,41,Available
1ZBX2B3N1GFK249P3,DLR_07,Punch,Fearless,White,39,Available
XR47UJWP2LVWZWWVU,DLR_15,Nexon,Fearless,Red,13,Available
NGK37W8M0805MZ4HL,DLR_07,Tiago,Base,Red,20,Available
2CE88CP8222H1MUF3,DLR_04,Punch,Creative,Grey,4,Available
7XNJV7CU6KFRZVG08,DLR_15,Safari,Empowered,White,29,Available
2A8CDPJ844LGBN7BS,DLR_17,Tiago,Fearless,Blue,24,Available
3ENSA1C277EMH1S2R,DLR_04,Safari,Empowered,Red,13,Available
8CD3EWTP4ATTVUF23,DLR_19,Tiago,Creative,Grey,10,Available
KAN102PU7ZFR3SNND,DLR_01,Nexon,Empowered,White,25,Available
A5U5M1GD6M1AKGXND,DLR_12,Nexon,Fearless,Red,6,Available
NLJDW0SP5E4VJF8YF,DLR_01,Nexon,Base,Red,2,Available
WZGWK1CA7AUPUSJW7,DLR_15,Harrier,Empowered,White,29,Available
K47WD6G00CCT8U4EC,DLR_09,Safari,Base,Grey,18,Available
F8H5WTV20BPWJ8FYW,DLR_17,Harrier,Fearless,Black,2,Available
WKZDPUR49FRXCP2TG,DLR_09,Harrier,Empowered,Grey,31,Available
W6NLX5YF9ZK4ZW2T1,DLR_20,Safari,Creative,Red,13,Available
YJH5XYPW1VPSPNJKW,DLR_07,Harrier,Fearless,Red,43,Available
DRJM735V8A9VS8WV6,DLR_01,Nexon,Empowered,Blue,39,Available
SRCRF4R79YY78Y7S4,DLR_17,Harrier,Creative,White,34,Available
HB9R9VBR0SDB3RJKG,DLR_03,Harrier,Base,White,21,Available
XFJAHR492UM9X957H,DLR_05,Safari,Creative,White,2,Available
U1W9LEHT274TS00F2,DLR_16,Tiago,Fearless,Black,8,Available
WNHN75573B1E2ZM4R,DLR_15,Safari,Base,Black,29,Available
GLLK7DHV5MJA1UKFE,DLR_09,Safari,Creative,White,29,Available
3A2HFJP227NZ7T56B,DLR_08,Tiago,Base,White,26,Available
SS5AW8NX7H24N1EZW,DLR_11,Safari,Creative,White,18,Available
4VJDL92U633MW3HUU,DLR_12,Harrier,Creative,Black,2,Available
LL7ZA7G4XL3C9889P,DLR_10,Harrier,Creative,White,17,Available
XWKT8HX1028H64WEA,DLR_13,Punch,Fearless,Blue,13,Available
ZH5Z53GS17TLRBRLA,DLR_18,Nexon,Creative,Black,43,Available
CB5GK0YA6L7T8MFLH,DLR_04,Harrier,Creative,Black,44,Available
9E2NGRSC2HDC5G7G7,DLR_02,Nexon,Empowered,Blue,15,Available
RWX32LJL948RZFDP0,DLR_01,Safari,Creative,Grey,26,Available
5TKFNVXB434PXH33T,DLR_13,Safari,Empowered,White,17,Available
L00BVYSU99DW3R9UL,DLR_01,Tiago,Creative,Red,42,Available
3GUG6CH754B18GY5H,DLR_10,Harrier,Creative,Blue,31,Available
8M86KG7P95XD6Y8CD,DLR_10,Harrier,Base,White,1,Available
MFR6PT16XV81EVWEH,DLR_11,Safari,Empowered,Red,44,Available
M97UNJEKXWSJY9JZ3,DLR_15,Nexon,Empowered,White,4,Available
GCRJ57TF53163UCE8,DLR_15,Nexon,Empowered,Red,23,Available
DFX1SNKZXY52EZ2PS,DLR_13,Punch,Base,Black,11,Available
GVDH6B8X77GUDVCKL,DLR_14,Punch,Fearless,Blue,38,Available
U142T1V48457N356X,DLR_15,Nexon,Creative,White,17,Available
GUH4P9G6784L3TACC,DLR_18,Harrier,Fearless,White,35,Available
H4SHPRWM806JNXFK7,DLR_18,Safari,Creative,Blue,26,Available
DAVJ8XA96RKY2N28Y,DLR_12,Safari,Creative,Grey,42,Available
E1491HU972EMUCR76,DLR_20,Nexon,Creative,Grey,22,Available
UHU8WT9MXA8HXD65N,DLR_02,Nexon,Creative,White,39,Available
PEH0AN7DXK63HVMGU,DLR_06,Harrier,Fearless,White,15,Available
24AJ785S0TMFDZ73D,DLR_19,Punch,Creative,White,20,Available
A1FB2G8G89D6WJ7L3,DLR_12,Nexon,Fearless,White,36,Available
GBPKFJY15TGRR9WBT,DLR_12,Harrier,Base,Red,20,Available
YDLBRB2J45FFXDEYY,DLR_07,Tiago,Fearless,Grey,37,Available
CZAX3YL89LW3A9DPS,DLR_17,Harrier,Base,Blue,1,Available
DZ3BSJBD7UUM881P8,DLR_05,Tiago,Empowered,Black,9,Available
T25N6AK78V9RDW0DM,DLR_11,Tiago,Creative,White,22,Available
RKA3X2P91ZYFGR3BP,DLR_01,Tiago,Creative,Red,42,Available
YYKBUW4K3RZWT7VZE,DLR_11,Tiago,Empowered,Black,2,Available
WYLA85DF4KYNEN6HK,DLR_04,Tiago,Creative,Red,17,Available
5J7H8H2927FBDDH3U,DLR_04,Harrier,Base,White,33,Available
AC5TWGK98CDALXLJA,DLR_05,Nexon,Base,Blue,38,Available
8SLR23Z973U9ADSBM,DLR_03,Tiago,Base,Black,6,Available
A8BBM2P08R0NU5DK9,DLR_17,Harrier,Fearless,Black,30,Available
76EYZ5VNXJ97XRXP2,DLR_10,Punch,Base,White,25,Available
PP9FLESL9ATRYL77J,DLR_04,Nexon,Creative,White,26,Available
W8G8BP247DM1EL27C,DLR_12,Punch,Empowered,Blue,43,Available
0L0V5LN85F3XDER77,DLR_16,Harrier,Base,Red,22,Available
XN9S06TH7XXPALUMS,DLR_09,Tiago,Empowered,White,10,Available
VW9N6WHL9UGANM2W7,DLR_13,Nexon,Fearless,Grey,1,Available
WDVZT5EJ1TBESR1DB,DLR_05,Harrier,Base,White,41,Available
8MSRHHRG0ZCC6AT0W,DLR_13,Punch,Base,Red,4,Available
G3RBGMPP0GXSJ9EWM,DLR_10,Punch,Base,Grey,35,Available
AGVV62X42R5DMY1M3,DLR_19,Nexon,Base,White,10,Available
3B6TKF5064030FZSH,DLR_11,Punch,Creative,White,39,Available
9XALTSPN92HRVM7GP,DLR_08,Tiago,Empowered,Grey,37,Available
9PABD08B8UT24FRN7,DLR_04,Safari,Empowered,Red,16,Available
HNY7NWL75E06MUKKS,DLR_20,Safari,Creative,Grey,34,Available
46MFMYD55M6UWAZTN,DLR_15,Punch,Fearless,Blue,39,Available
176U6WXS0UVEE4XXD,DLR_06,Tiago,Empowered,Black,27,Available
E9DE849A4K7W67J1S,DLR_03,Nexon,Fearless,Black,35,Available
N6AKFBNS1CW65HC8H,DLR_11,Harrier,Empowered,Grey,27,Available
EM6LN0EC7855N1UA6,DLR_18,Safari,Creative,White,21,Available
XB3SJ30W3G7FFW4J2,DLR_02,Harrier,Base,White,23,Available
A0CG1U5H3PSWDG0A8,DLR_19,Punch,Fearless,Black,22,Available
8PN358024FPHA471V,DLR_16,Safari,Fearless,Black,25,Available
ATXX2SH659BULAFL1,DLR_01,Safari,Creative,Blue,35,Available
HUJ0TZ9V10M7ETHH5,DLR_07,Harrier,Base,Black,12,Available
REM3DGTB5GK9VBTKP,DLR_16,Harrier,Fearless,Blue,42,Available
D2VRAC6UXN78ZW2FD,DLR_18,Harrier,Creative,Grey,31,Available
LP2N6SNV96FM1AYTF,DLR_09,Safari,Fearless,White,3,Available
UG0P8251XNC6M51FC,DLR_02,Nexon,Fearless,Grey,33,Available
BHLE102T0KNVYX91T,DLR_03,Tiago,Base,Red,3,Available
Z3ARVFHX9CF7D4K2E,DLR_04,Safari,Creative,White,44,Available
D9N06M0L3B99YMDLT,DLR_16,Safari,Fearless,White,40,Available
ZT9T1L5N0YUL7LKTC,DLR_18,Tiago,Creative,White,41,Available
2SM5GK4D54UML22MD,DLR_12,Nexon,Fearless,Red,37,Available
TX18P3BX9WGCJWUS4,DLR_08,Nexon,Creative,Grey,21,Available
X7UVLTY05ZXT9KVPJ,DLR_19,Punch,Creative,Red,33,Available
JDAZUZP68J1YH6EMC,DLR_15,Tiago,Base,Grey,16,Available
1TZFCWUUXBBRCR9VB,DLR_11,Safari,Creative,Red,41,Available
V1J8LGDX51PKM0E8T,DLR_05,Safari,Fearless,White,15,Available
D7JCGCWS9EH17FGPD,DLR_20,Punch,Creative,Blue,30,Available
0DKGT3JR7H9NCXFXK,DLR_12,Safari,Creative,Grey,25,Available
9J58J7TW2KTXFP5XN,DLR_07,Harrier,Fearless,Blue,27,Available
9JFCYKZ53SEKDHW2D,DLR_16,Harrier,Empowered,Black,18,Available
6P1LKKBW5KNX6BX4W,DLR_12,Punch,Empowered,Black,19,Available
EZXMGD915PNUZ4G5M,DLR_18,Harrier,Fearless,Red,2,Available
S0JA327A15YSTCTY2,DLR_05,Safari,Creative,Grey,37,Available
4Z70100364EA39UTY,DLR_13,Nexon,Fearless,Blue,17,Available
ARFSAC8X6FEFL3S4M,DLR_14,Harrier,Empowered,White,5,Available
UM8U95HN51W3D2S41,DLR_03,Punch,Creative,Grey,28,Available
5ST2CSYE62SW8YC4S,DLR_09,Tiago,Base,White,17,Available
PD5GT2C44K3ZX1GD3,DLR_20,Tiago,Empowered,Black,10,Available
6W8FVWH652N9GU46W,DLR_12,Tiago,Fearless,White,39,Available
2A3V2J9EXVA8KLGYZ,DLR_05,Harrier,Empowered,White,6,Available
B83LR6H4XHFYCF8G1,DLR_06,Tiago,Fearless,Red,1,Available
G89D8C8Y8TCR7ZDKW,DLR_08,Punch,Fearless,Red,4,Available
8AVTL5TH45JK83YNY,DLR_01,Harrier,Base,White,25,Available
LNKB5DGM2ATBHPDR7,DLR_10,Nexon,Base,White,23,Available
9TA8RF099VLFVMAL7,DLR_04,Harrier,Creative,Red,9,Available
DPUNHC5N000104ZWR,DLR_20,Nexon,Fearless,Blue,31,Available
M8EX6GVAX6JL0B1BU,DLR_19,Punch,Creative,Grey,27,Available
2BJEL68D4LZU3LWPS,DLR_18,Tiago,Empowered,Grey,40,Available
BBL7RTWW9HS0ZBL4Z,DLR_12,Tiago,Fearless,Red,41,Available
US3NGK9Z4ZM0CJ7UB,DLR_17,Tiago,Empowered,Blue,30,Available
FE99J78L4LDW67UH6,DLR_13,Safari,Creative,Red,44,Available
F4RZ9J111ACH03V5E,DLR_01,Punch,Empowered,Red,32,Available
TWM9NFMN5ENP40REY,DLR_05,Nexon,Fearless,Red,19,Available
YN6V4EWY6TFZJB1MB,DLR_13,Safari,Fearless,Grey,14,Available
NGR4FPYE3444WGKXL,DLR_03,Safari,Base,Black,1,Available
WCUG763E8F1L5UJRV,DLR_16,Harrier,Creative,Grey,25,Available
CCLXV56F5223MFFZX,DLR_17,Harrier,Empowered,Grey,24,Available
1KYERMJR8GK85JHCA,DLR_18,Nexon,Fearless,Blue,33,Available
HRDXPLA6X35RBY3PY,DLR_14,Tiago,Fearless,Red,22,Available
NKGLPU8LXCRL3E7G4,DLR_13,Harrier,Creative,Black,23,Available
WNJHJFKP7HHS3JDKY,DLR_06,Safari,Creative,Grey,34,Available
B7Z5MH82X7YZG0XYF,DLR_12,Safari,Base,Blue,24,Available
LL647ST96C63LBTJ5,DLR_06,Nexon,Empowered,Red,16,Available
479KAWC05644ABRHY,DLR_07,Punch,Base,Blue,29,Available
U7Z7GT9L6W0B0T3K1,DLR_11,Harrier,Fearless,Black,8,Available
F032WJY99UMD56CTU,DLR_18,Punch,Empowered,Grey,19,Available
TN89LX6B9HT9NF5MX,DLR_13,Nexon,Fearless,White,1,Available
MTZCVGZZ7PJTH8Y83,DLR_10,Punch,Empowered,Blue,6,Available
93SBJ39T9YP1Z9Z8W,DLR_01,Punch,Fearless,Grey,36,Available
7HA0W0RH6JPAYKP7Y,DLR_09,Tiago,Creative,Red,20,Available
RN8Z01CP5C591L98N,DLR_05,Tiago,Base,Blue,3,Available
S5YSWTZ94B813SJAS,DLR_06,Nexon,Empowered,Black,16,Available
JLK1W8HK8DG6NMWRT,DLR_13,Nexon,Fearless,Red,36,Available
15KY20MZ2FBEE1E8J,DLR_07,Nexon,Creative,Red,10,Available
6CBJ6660096BZVA6W,DLR_05,Tiago,Base,Blue,40,Available
T3DMSK6M57WLLTD0E,DLR_14,Safari,Base,Blue,12,Available
PWLST9XP4F0SZKM5N,DLR_07,Harrier,Creative,Black,10,Available
R5JPJFJX69FEKVJRH,DLR_02,Safari,Empowered,White,33,Available
9FDWDAVK1VNML3H80,DLR_05,Safari,Creative,White,35,Available
9CM65YLH0SLZ5YX95,DLR_04,Tiago,Creative,Blue,37,Available
5JLDVFB6XGPBJXNDA,DLR_05,Nexon,Base,Black,2,Available
TWMG0DFY21F9C92A4,DLR_09,Punch,Creative,Blue,30,Available
K1R4GB0131Z6CN0YA,DLR_07,Safari,Base,Grey,2,Available
4UG4ZTDY708R8BG71,DLR_12,Nexon,Creative,White,16,Available
6W66VVEH0WD92FXHS,DLR_19,Safari,Creative,Blue,18,Available
XXSNV4LZ8L0C1GKDP,DLR_11,Punch,Empowered,Grey,9,Available
ZE8KUYGU8LWJRYR6X,DLR_11,Safari,Creative,White,23,Available
GPUWS8HB5V85EU9SS,DLR_10,Nexon,Empowered,Blue,20,Available
9L8Y9VUB4TCCSMB7Z,DLR_20,Harrier,Fearless,Grey,43,Available
SS9BTZ923L3JWK52V,DLR_16,Punch,Base,Blue,34,Available
W8378YGPXJBMFN5LN,DLR_08,Safari,Base,Black,18,Available
25KC5SA24DGB32D0G,DLR_01,Punch,Creative,Red,20,Available
P54N18BT94JNWYWZM,DLR_17,Safari,Empowered,White,11,Available
DZV35BM44RFXZDD03,DLR_01,Punch,Base,Red,42,Available
9XM2EABM1T2SPTF02,DLR_06,Nexon,Base,Red,24,Available
H7M219XX7Y82R6KNH,DLR_20,Nexon,Empowered,Blue,6,Available
3M2GAP2K31BU6GX5Z,DLR_18,Punch,Empowered,White,10,Available
P81ENXM4XZ7K6FUXD,DLR_14,Harrier,Fearless,Blue,14,Available
VGMDK0DXXTE5S1KPT,DLR_14,Tiago,Creative,Red,35,Available
YST0ACWW1T4TC9SEL,DLR_12,Punch,Base,Blue,39,Available
6JR7L2916P6NST5H3,DLR_19,Nexon,Base,Red,6,Available
N1WMRB824B8GTE149,DLR_02,Safari,Empowered,Black,16,Available
NA0X0NATX7Z0JB3W4,DLR_17,Safari,Base,Black,27,Available
UN7JR9YK5XSG48ZRE,DLR_03,Harrier,Fearless,Blue,41,Available
FD5LKMA5XEWMRX9UV,DLR_16,Tiago,Creative,Blue,39,Available
011WHFYC9GX93MED7,DLR_02,Harrier,Creative,Black,6,Available
1ZKAYBJT6CHUN9AR4,DLR_11,Nexon,Creative,Black,37,Available
5ELTH5CA2M5XS68R6,DLR_02,Nexon,Base,Grey,2,Available
55XZNH4E90MFC9XVY,DLR_15,Harrier,Base,White,38,Available
P7HEMYF02BSCNAH29,DLR_20,Harrier,Fearless,Black,2,Available
FAZBG4143YL00PR7E,DLR_05,Punch,Base,Blue,4,Available
H1RWY5Y28CS3RVW05,DLR_08,Nexon,Fearless,Red,5,Available
MWVRMRTS5C50N4GXT,DLR_15,Tiago,Fearless,Blue,27,Available
7SFC8SGG9HXZMRKN0,DLR_20,Tiago,Fearless,Blue,10,Available
9DW285A80GU0ZVNV0,DLR_10,Harrier,Base,Red,5,Available
UC9FTEP4494TTXJCK,DLR_05,Nexon,Base,Black,30,Available
ENB7V54D4NBKL54AP,DLR_18,Punch,Base,Grey,11,Available
B389M0A6XUJZ423CP,DLR_05,Punch,Fearless,Grey,13,Available
Y4RX9AEH0FBH3KXGS,DLR_05,Punch,Base,Blue,2,Available
GC3SC18E8VMAH6VCY,DLR_18,Safari,Base,Grey,18,Available
E5KM3LSU3UHYCKK7P,DLR_07,Punch,Base,Red,14,Available
HLHAY05516259NXYD,DLR_09,Tiago,Fearless,Red,13,Available
8NWK6Y3M7GA7HM3CN,DLR_13,Safari,Empowered,Blue,37,Available
A5FCF1SG1DU2LHYF6,DLR_08,Nexon,Creative,Blue,29,Available
ERMVMMP79J3D2ZT28,DLR_10,Safari,Empowered,Grey,44,Available
5FZS9EV694MWX7LTZ,DLR_20,Nexon,Fearless,White,10,Available
D0U8MD4E1V80ANT1Y,DLR_13,Safari,Empowered,White,13,Available
THY97SZR2Z1XEGEV5,DLR_20,Punch,Base,Grey,6,Available
UX4G9PBZ4RCANYL3H,DLR_14,Tiago,Empowered,Black,38,Available
7GVY1CXBXHDHHKEHV,DLR_19,Nexon,Base,Black,28,Available
N6V6AEPS4V2FZW44F,DLR_20,Safari,Creative,Blue,19,Available
8BA52Y8G47DAU9NTL,DLR_03,Punch,Base,Blue,18,Available
945G0RGF4SLB50GJL,DLR_08,Harrier,Empowered,Red,43,Available
AGUSP34F1DGL6NGJZ,DLR_03,Harrier,Empowered,Black,29,Available
G4KLZNYJ2D07F7HFS,DLR_15,Nexon,Base,Grey,12,Available
R0YFBYKE60760NLD4,DLR_13,Harrier,Empowered,Grey,17,Available
Z6EA8HEM2SX3JG6KN,DLR_06,Punch,Fearless,Blue,15,Available
6XY7ATF70GAWY5AYC,DLR_18,Nexon,Creative,Blue,9,Available
U5ZLPHBU5SJ4WFU62,DLR_09,Safari,Creative,Grey,34,Available
K98TVP132MEFK5SUU,DLR_18,Harrier,Creative,Blue,25,Available
0G054S252ABEE73Z9,DLR_06,Harrier,Fearless,Red,35,Available
SL0T98W08RM35UM6Z,DLR_18,Harrier,Base,Black,1,Available
20L1JP5H6YV6078HP,DLR_14,Tiago,Creative,Black,40,Available
TZE09WN742TKGYPUS,DLR_04,Punch,Creative,Blue,5,Available
FFPG6MXC9GJ842TF0,DLR_17,Safari,Base,Black,32,Available
MBLTFVP4X6ERRKH7S,DLR_12,Harrier,Base,Red,16,Available
YLXHHSH60XUYAA0VS,DLR_07,Punch,Base,Red,35,Available
RPAH8V4W1S457SGAA,DLR_12,Tiago,Base,Grey,45,Available
T4WTJTX40AVZ654U7,DLR_09,Tiago,Fearless,Red,31,Available
UXFTWR1YX5NFJTYJJ,DLR_03,Nexon,Base,Black,21,Available
EUJZB3EF4LHE7P970,DLR_14,Safari,Empowered,White,39,Available
9LH3JR1E2WTX5ZB1F,DLR_10,Tiago,Creative,Red,3,Available
40UBTHHS95ATPNFEV,DLR_14,Nexon,Creative,Grey,13,Available
HAYGTF5P9VPNF77E6,DLR_16,Tiago,Empowered,White,41,Available
83G2T2X85LS24BN52,DLR_12,Nexon,Fearless,Red,37,Available
SVZ7TSWY6R02MKWRH,DLR_06,Safari,Creative,Black,33,Available
J3UFDRKC97FNBUNPK,DLR_09,Nexon,Creative,Grey,20,Available
TRUCD4W4764411P1U,DLR_11,Tiago,Creative,Grey,21,Available
RE6LJURA7REB9Y22J,DLR_03,Harrier,Empowered,Grey,7,Available
NGB2086C6FGFHA5DN,DLR_17,Nexon,Creative,Black,27,Available
PU12F5XJXA04A92FM,DLR_03,Harrier,Empowered,Blue,37,Available
4KYUKVU40SJKXMSY0,DLR_16,Safari,Fearless,Grey,32,Available
3A8NV4WL1SXUX2ZZA,DLR_03,Nexon,Empowered,Grey,19,Available
MTRPSL1B4ADLZ97BA,DLR_16,Punch,Base,Black,20,Available
HPZ5CKC092DYJDN9E,DLR_03,Safari,Base,White,30,Available
XYSX4M0J1BBEF0E13,DLR_02,Harrier,Empowered,Grey,40,Available
UKLLSP6121C930SY6,DLR_04,Tiago,Fearless,Grey,18,Available
61PKN40S6H698L35X,DLR_12,Punch,Fearless,Red,30,Available
78EHB83G5FWZAZ5A2,DLR_02,Punch,Base,Black,2,Available
7DMWUG177E14DBAE0,DLR_16,Tiago,Empowered,Red,38,Available
FDZ4777VXRKX2A8V5,DLR_04,Safari,Fearless,White,36,Available
TL0PXV442R1EJ1XMU,DLR_14,Harrier,Creative,Blue,4,Available
GF6JJP0KXP41R67TV,DLR_07,Tiago,Creative,White,10,Available
CZHYJH6Y3H2EKF8TM,DLR_05,Safari,Fearless,White,10,Available
C8T6YXNL7LM148YKP,DLR_20,Harrier,Base,Blue,40,Available
7W36X7271KVP0BLSK,DLR_01,Punch,Base,Blue,6,Available
8W0A7YWV8PFA530S5,DLR_17,Punch,Base,Blue,27,Available
TJJANV7838RS4E6HT,DLR_06,Nexon,Fearless,Black,42,Available
PW4P4Y1U62JYRX5NW,DLR_01,Nexon,Fearless,Black,2,Available
9MNA125J49ZPSU0LG,DLR_07,Punch,Base,Black,24,Available
638CYJ5T3C0PN5M3P,DLR_08,Punch,Creative,White,19,Available
ANN5NBAH6XSGBAMRD,DLR_01,Nexon,Empowered,Blue,21,Available
G1CW8J1X9FV27XZW7,DLR_19,Punch,Empowered,Red,17,Available
S2ZALPRJ9X6TZHPB3,DLR_05,Tiago,Fearless,Red,35,Available
CCRK5E8N1LL1YX0JV,DLR_18,Safari,Base,Grey,40,Available
GANZ7NFC40MVBC955,DLR_10,Punch,Base,Black,34,Available
EKV7YVKFXUJVZ3BD4,DLR_15,Safari,Base,Grey,32,Available
VL37DV9S4C3GRT6S9,DLR_17,Safari,Creative,Blue,6,Available
93TETTG82T39NC8UV,DLR_06,Harrier,Empowered,Grey,6,Available
W4SRDG1K3BBV0GSN7,DLR_07,Safari,Creative,Grey,10,Available
9F0FFESA6786TYR3E,DLR_16,Punch,Fearless,Black,24,Available
TJD32DSV01B9SBTHR,DLR_11,Nexon,Base,Black,37,Available
JWLYMHKW1B0TLFC4D,DLR_17,Tiago,Creative,Blue,31,Available
ZPMSFY4N4SM0U4L1D,DLR_10,Nexon,Creative,White,9,Available
LUT4GWC79U6SAA852,DLR_09,Punch,Creative,Black,24,Available
DNHJM95UXY3EA1YYL,DLR_09,Tiago,Base,Black,38,Available
HMJEPW1R63103EMT8,DLR_09,Safari,Empowered,White,19,Available
D9DYTEUS6ZPT2L72J,DLR_16,Punch,Empowered,Red,37,Available
WMALKU1007WMPB0UM,DLR_07,Safari,Empowered,Red,9,Available
DD6707C11T9UMTC8H,DLR_20,Tiago,Base,Red,9,Available
88Z3Y7KW0RFRKTUBX,DLR_09,Tiago,Creative,White,30,Available
658YAWLSX48ZYAJC1,DLR_05,Nexon,Creative,White,40,Available
G006T945XLM4CK0KG,DLR_12,Nexon,Empowered,Grey,29,Available
8SVBX1T98RTT0TR6D,DLR_04,Harrier,Creative,White,14,Available
85D424TC5KUB5B473,DLR_09,Safari,Creative,Blue,18,Available
ASD3KPMP578N9ZF2U,DLR_19,Nexon,Fearless,Blue,8,Available
DEW8J7P55PUK6Z7H2,DLR_04,Punch,Creative,Red,1,Available
1DMCY62V6EYZYE8C7,DLR_12,Punch,Fearless,Grey,10,Available
FWBU60LR22S9V4UPH,DLR_08,Harrier,Fearless,Grey,21,Available
B1P9K6G90M93Z6UXH,DLR_02,Tiago,Base,Red,4,Available
RW8CZHL94BBPGLW4W,DLR_12,Tiago,Fearless,Black,21,Available
DZHJAWYJ40WKKX8UZ,DLR_19,Harrier,Base,Blue,43,Available
10CTXEHN5STYB9GM6,DLR_03,Tiago,Base,White,13,Available
R7AX7U9070TFPHDEB,DLR_08,Safari,Empowered,White,43,Available
00ADLMG1686GC1LVN,DLR_10,Tiago,Base,Grey,18,Available
0N1A2TMMXTE3P4SGC,DLR_20,Punch,Creative,White,21,Available
9L4R6XRYXKCKPD4WB,DLR_04,Safari,Creative,Grey,30,Available
456BXL9T75MNL84VB,DLR_06,Safari,Creative,Grey,36,Available
9DVT88NK2HRUYW8RW,DLR_08,Harrier,Fearless,Red,16,Available
8T3M1DR78EFV8AJMA,DLR_11,Tiago,Creative,Black,43,Available
KTDU709X255EYY7HZ,DLR_06,Nexon,Empowered,Black,35,Available
86Y6DPNLX0REPNHUS,DLR_11,Nexon,Empowered,White,21,Available
74JX146Y0WB8VBV6X,DLR_06,Harrier,Empowered,Grey,33,Available
VVKREWCZ91F90J1VL,DLR_15,Nexon,Creative,White,11,Available
RPZVE8ZD6H7NEAZMU,DLR_01,Nexon,Base,Grey,12,Available
3EGJSMGV1VC0Z2E19,DLR_15,Punch,Creative,Blue,14,Available
L814945282R8S3MXE,DLR_06,Punch,Base,Black,25,Available
UEKXGVTW5ATBWLMU4,DLR_02,Safari,Base,Black,42,Available
N0A3UU1W903BP2AY2,DLR_19,Punch,Empowered,Grey,3,Available
UUPKSLY93242K2054,DLR_01,Safari,Creative,Blue,29,Available
RZVJAGJ34D6LF48Y0,DLR_07,Harrier,Creative,White,37,Available
LBZGGMVP3L559AH7K,DLR_16,Nexon,Base,Red,18,Available
DR6C40422104V20BK,DLR_19,Nexon,Base,Grey,41,Available
NY1N8V9K7XKPX0Y2Y,DLR_18,Tiago,Empowered,Grey,24,Available
DEGL524B8Z056XPDE,DLR_13,Safari,Base,Blue,12,Available
841L2XN546TRHWBUP,DLR_15,Tiago,Creative,Grey,8,Available
DU8GFBU13XGRJTVU3,DLR_19,Punch,Empowered,Grey,22,Available
740NT8TP55MGEB9AD,DLR_14,Tiago,Base,Red,21,Available
UL9YWY804VY65U7UX,DLR_10,Safari,Fearless,Blue,19,Available
A72LR519466S9DK4Z,DLR_14,Safari,Fearless,Black,11,Available
N2ZHH89U6SMXM7NLM,DLR_13,Nexon,Empowered,Red,38,Available
ZLXLVY8S0R5F19MF3,DLR_04,Punch,Base,Black,44,Available
F93F1RF88WZGUSVX2,DLR_17,Tiago,Empowered,Grey,12,Available
3N479RKL95SMC35YA,DLR_10,Safari,Base,Black,38,Available
W1TY3R5L3HUB3F77P,DLR_12,Safari,Empowered,Grey,42,Available
W8BR43LK1ARKFVTVJ,DLR_06,Nexon,Base,Grey,28,Available
CC6N2M449T9M7HCNC,DLR_09,Nexon,Empowered,Blue,8,Available
7UAEG60P7ZK5Z3PP5,DLR_02,Safari,Creative,White,24,Available
AJUZU4LR4KM39G5EM,DLR_05,Tiago,Creative,Red,23,Available
H5PP3C031ADNRYFUU,DLR_13,Punch,Creative,Grey,33,Available
PMEFCEEV9AX0XMXW6,DLR_14,Tiago,Fearless,Red,33,Available
YMZX97D399P1FSABT,DLR_06,Harrier,Empowered,White,31,Available
MEJ4W8YM9XECPWPV1,DLR_08,Nexon,Creative,Blue,2,Available
YEHGE3MU4CDK8JT2D,DLR_03,Nexon,Empowered,Blue,3,Available
XWV37BVF1XRCURP8Y,DLR_02,Punch,Base,Red,33,Available
WWSWEW9X3SUN7PJEK,DLR_17,Safari,Base,Red,10,Available
HK25A1KH0308H712P,DLR_19,Safari,Creative,Grey,11,Available
DLZ5S23S4FFKTZT9V,DLR_05,Nexon,Creative,White,36,Available
F3TBY76472C0VJC4F,DLR_11,Tiago,Fearless,Black,35,Available
HDD9DDSG06W06Z9KR,DLR_06,Tiago,Empowered,Blue,2,Available
78UK60UJ54E1DTA1Z,DLR_16,Harrier,Creative,Grey,44,Available
PBRU30H21RFKP4ET2,DLR_04,Harrier,Fearless,Red,35,Available
F650U6TZ6VGU21ZXS,DLR_02,Nexon,Base,Grey,29,Available
NZ2U70YR027J5USHM,DLR_06,Safari,Empowered,White,29,Available
FE28KP4W8D01C7K7G,DLR_04,Nexon,Empowered,Grey,26,Available
7DTSMR6B9RWNSGKAR,DLR_18,Safari,Fearless,Blue,19,Available
HB5VK0L967HCY6G0V,DLR_06,Punch,Empowered,Blue,25,Available
KAHCAV3N41LYEP3PU,DLR_03,Tiago,Empowered,Red,16,Available
687K0LCZ1KRS21G4U,DLR_03,Punch,Base,Grey,4,Available
STRP6E98343P4YBKS,DLR_15,Safari,Base,White,45,Available
AZD8NUYT9D94BH9WH,DLR_09,Safari,Creative,Grey,19,Available
Z5DYC6A52KXRBHPJ1,DLR_13,Tiago,Base,Grey,5,Available
18YNJN2F2DMB7EVDM,DLR_16,Nexon,Base,Grey,32,Available
J3K6SAV97N2KFE9XL,DLR_04,Nexon,Fearless,Grey,26,Available
2HEMZ73345GPP2B5K,DLR_15,Safari,Creative,Blue,21,Available
GNX4X4P1187JYCEVA,DLR_02,Safari,Empowered,White,42,Available
S153649TX25J0ZW2B,DLR_19,Safari,Empowered,White,41,Available
KPJ4VBJY468K0152H,DLR_07,Tiago,Fearless,Black,17,Available
B6U8MWFE2L862V8AD,DLR_11,Punch,Empowered,Grey,10,Available
4V9THTWH8D2A15LP6,DLR_13,Nexon,Fearless,Red,12,Available
947Y4W4D3HEBBCETU,DLR_15,Punch,Empowered,Grey,32,Available
ZM8Y1C6D1E8DKXP4U,DLR_02,Tiago,Empowered,Grey,18,Available
L7HVBDJ51F1ZD91XK,DLR_14,Nexon,Base,Red,10,Available
N7B1N9GE5P24ZGR26,DLR_01,Harrier,Empowered,Black,32,Available
H8S6V5SX7RZFSFDNZ,DLR_05,Harrier,Creative,Black,37,Available
8LCHHDYU1C70PY99G,DLR_13,Punch,Fearless,Black,15,Available
BCM59GBP8VUCB950F,DLR_14,Punch,Base,White,40,Available
5G7TMCTM4V5M97TA5,DLR_19,Tiago,Creative,Black,36,Available
10MJD85WX69YSPB1D,DLR_05,Nexon,Base,Blue,7,Available
MG1DU4VY9L41G3A7V,DLR_17,Tiago,Empowered,Blue,32,Available
KAWWP8497ELHT0CVH,DLR_13,Safari,Fearless,Black,26,Available
6AY9NWJT441AL7T31,DLR_01,Tiago,Fearless,White,23,Available
Y2HV9J2D12YNR71U9,DLR_07,Safari,Creative,Black,14,Available
CF8WKS2H3K3RA8XAU,DLR_16,Punch,Creative,Grey,24,Available
2R4L7KTJXN46BJK34,DLR_18,Punch,Empowered,Red,11,Available
Y8ALUAR157LSGYPDF,DLR_12,Safari,Creative,Grey,5,Available
H1APRX4H3MDXL31G0,DLR_17,Punch,Empowered,Black,37,Available
343WLSGWXCLLDGLXC,DLR_02,Safari,Base,Black,21,Available
427DTCV4XU98P3VMR,DLR_16,Safari,Creative,Red,26,Available
U4KHVVZR4P17A0HDU,DLR_12,Nexon,Base,Black,2,Available
9DY29YNB92XEYW07S,DLR_20,Nexon,Creative,White,21,Available
C7VERKE15PPVS2RHU,DLR_06,Punch,Creative,Black,4,Available
XR8MLWHF049DS6R5C,DLR_20,Punch,Base,Red,37,Available
X07JTXLU5AW3WD5RY,DLR_18,Punch,Fearless,Blue,3,Available
5R989DG55ARG87YP1,DLR_11,Tiago,Creative,White,11,Available
R7BDAUTU6Z0SE2PTK,DLR_15,Nexon,Empowered,Red,5,Available
ZUJSL3MD951VU1WPX,DLR_06,Safari,Fearless,Red,44,Available
ZXXGTM3H41RJBWXZ3,DLR_13,Punch,Creative,Black,40,Available
N4Z2WWE3X9SWDD254,DLR_05,Safari,Empowered,Red,16,Available
8PN8ZDJN1J0HWNVBC,DLR_10,Harrier,Base,Grey,25,Available
Z7XKYD3W4LJK3WYNL,DLR_17,Tiago,Fearless,White,26,Available
DG0NDMN88SU1YBCBG,DLR_06,Harrier,Fearless,Blue,25,Available
ZFC4R8F24F65BRJPX,DLR_03,Harrier,Empowered,Red,45,Available
DWG847U248PZLXMAB,DLR_12,Tiago,Creative,Red,21,Available
FA6W942A322YSWXSL,DLR_01,Harrier,Base,Black,41,Available
BE9WF5A51VWY741UV,DLR_17,Safari,Empowered,White,41,Available
3REER09Z3JLT6VC49,DLR_11,Safari,Creative,Grey,44,Available
DP3TAL6C9TC9NVDRJ,DLR_07,Nexon,Empowered,Blue,33,Available
PFE0VNAD0R6UNK23E,DLR_09,Nexon,Base,Blue,16,Available
YDN2H1H21S0R2K8DP,DLR_07,Safari,Creative,Black,41,Available
C29S7NG90VF2XRPMF,DLR_20,Harrier,Fearless,Blue,43,Available
AXAY26K82MRCTW6WN,DLR_05,Nexon,Creative,Blue,33,Available
4BXKGUNY28ZTH2E8J,DLR_11,Safari,Base,Blue,25,Available
CTD7GLB99NEDEL2L3,DLR_16,Harrier,Empowered,Black,41,Available
7MFMNJ2651VL9K7ZZ,DLR_11,Punch,Creative,Black,4,Available
V6AU4PBK4W1VZMKB1,DLR_06,Tiago,Empowered,Grey,7,Available
KH192SNV9HR2VD1YH,DLR_10,Harrier,Creative,Blue,43,Available
8PGHTYV6308YFJZX6,DLR_11,Safari,Base,White,17,Available
69T33X7L02REYFT4P,DLR_05,Safari,Fearless,Red,37,Available
MM0HTLS46WB035VG3,DLR_11,Tiago,Creative,White,39,Available
TGF0TS60077V5UK5M,DLR_08,Punch,Empowered,Black,9,Available
WAR8MN1P6X6Z3C3CE,DLR_03,Harrier,Creative,Red,22,Available
6KCN0HSF6WHEHUR2W,DLR_13,Nexon,Empowered,Red,38,Available
WTY2HH693AYCBT6GP,DLR_15,Nexon,Fearless,Black,34,Available
TJ0RFVUL3RTTSXYD9,DLR_03,Harrier,Fearless,Black,8,Available
GY4LPULU37MZUNLW1,DLR_01,Nexon,Fearless,Blue,6,Available
8BCS7RBX3NB8YPJUP,DLR_15,Tiago,Base,Blue,32,Available
EZ6NLVSX1PTZE61FN,DLR_20,Safari,Empowered,White,6,Available
UG0ZU8CC11U4FG8RR,DLR_10,Tiago,Creative,Black,29,Available
ZPVMG3YJ652EJ9X64,DLR_03,Nexon,Creative,Black,24,Available
D7C8LVSD1USGH9R9Z,DLR_17,Nexon,Fearless,White,34,Available
C15M00RU4ZC4MDVB7,DLR_17,Tiago,Empowered,Grey,16,Available
RNX6ZCY90XUDS3SYH,DLR_02,Punch,Base,Blue,34,Available
M3R7U4S81U3RHUAW9,DLR_09,Punch,Creative,Red,45,Available
Z4RTZAN425DFULVL4,DLR_13,Punch,Creative,Grey,20,Available
2WXG8AK0XP58J93SS,DLR_04,Harrier,Empowered,White,17,Available
T24V048M3UYVTF47A,DLR_18,Harrier,Fearless,White,34,Available
LWHH7WC289XRNZCXA,DLR_12,Tiago,Fearless,Black,39,Available
WGDF8JAE129ZPNXV3,DLR_04,Harrier,Base,Black,41,Available
RVUAUBRP0D09AHXNT,DLR_20,Harrier,Creative,Blue,41,Available
2D0KFJSE0ANTJMZJY,DLR_08,Tiago,Base,Black,8,Available
RHF12UUF0484CEY9U,DLR_03,Tiago,Base,Red,32,Available
8ZF2PCE99AHVDGP0N,DLR_20,Safari,Base,Red,7,Available
ANFC8LP319T3RJ6JT,DLR_10,Tiago,Creative,Red,33,Available
C2F45BGWXTLRPR1UT,DLR_05,Harrier,Creative,Blue,8,Available
JVJCYLNJ1P3JNPHJF,DLR_20,Safari,Empowered,Blue,44,Available
MCXWM71W9LWTU78EW,DLR_15,Tiago,Creative,Grey,34,Available
M8DM50AD4JLGYBBU1,DLR_16,Safari,Empowered,Blue,26,Available
R70JK4DZ3G86905ZT,DLR_01,Punch,Empowered,White,10,Available
SXLSRD5FXYHHCRHZJ,DLR_10,Nexon,Creative,Grey,43,Available
TYVBT2HT0LN6PZYGR,DLR_06,Harrier,Empowered,Black,43,Available
0BUFKB472B5C3GD63,DLR_03,Nexon,Fearless,Grey,26,Available
P76UV2PY2509TKKXZ,DLR_17,Punch,Creative,Red,17,Available
ABG8FXRX0Y79LJAX4,DLR_16,Nexon,Base,Red,29,Available
339BZBVVXV3HFGHXW,DLR_13,Safari,Base,Black,17,Available
B2MRW7651DRMASWAF,DLR_15,Harrier,Creative,Blue,12,Available
4TPEC4HZ5SAAB6TYZ,DLR_11,Nexon,Creative,White,16,Available
4WRYT8DSXF428P75P,DLR_08,Nexon,Base,Black,28,Available
FAZPTHCP83B4GD8S5,DLR_15,Tiago,Base,Blue,25,Available
XV17TH8895BB87FKU,DLR_15,Harrier,Empowered,Blue,14,Available
1HSZ180PXPJFCZ0UN,DLR_19,Harrier,Creative,Red,1,Available
YGL5M18V78UT5TZG6,DLR_17,Safari,Creative,White,24,Available
TLT3ETAX4DE3UTWWN,DLR_05,Tiago,Creative,Black,29,Available
P5W7KYPJ2JWF6U0K4,DLR_17,Harrier,Fearless,White,1,Available
5MSRGAZB6A8PEVG3Y,DLR_01,Tiago,Creative,White,40,Available
4FK5PNA049CYXRRAW,DLR_10,Punch,Creative,Red,14,Available
5M38CA1A7RT2E29ME,DLR_14,Nexon,Empowered,Red,27,Available
E5LG9AX74V6WU8RXX,DLR_14,Nexon,Base,Blue,12,Available
K0FRW9BY62LLL998L,DLR_18,Nexon,Base,Red,7,Available
MAAZUBEP24VBK5NDP,DLR_05,Nexon,Base,Blue,32,Available
K0SRXYMU7KB7BE899,DLR_06,Safari,Empowered,Blue,18,Available
H6BHNV0C7K1E7F4UU,DLR_06,Tiago,Empowered,Blue,24,Available
XUSAL81U26ZRJJ3Y8,DLR_14,Nexon,Base,Blue,34,Available
4LSGXFJJ3RSVFAVC3,DLR_19,Nexon,Fearless,Grey,30,Available
Y5TZT75G1AM6UXS42,DLR_16,Punch,Empowered,Grey,8,Available
9EG8P2C03J529FUNP,DLR_04,Safari,Base,White,36,Available
LYVYAHMX1VWGARMG5,DLR_10,Punch,Empowered,White,9,Available
6DS9LK7271SZPNNVC,DLR_11,Safari,Fearless,Black,28,Available
FZEZHXXH8T1SPBKEJ,DLR_18,Nexon,Fearless,Blue,3,Available
T3R3FV1T1DMG2C4M9,DLR_01,Tiago,Fearless,Red,29,Available
565694MV27K8F8B2A,DLR_14,Safari,Fearless,White,27,Available
AVTKC70N6HWK6SSEW,DLR_19,Tiago,Creative,White,11,Available
RBV4KWV89WHF34JW5,DLR_10,Safari,Base,Blue,42,Available
FC25NYCKX40HWXV38,DLR_06,Nexon,Fearless,Black,22,Available
J0JZVF9U057SJNDUF,DLR_04,Safari,Creative,Black,32,Available
A7PN9P6W4KR1PGPBH,DLR_10,Harrier,Fearless,White,4,Available
XRKKPS2M0XSWKR0JR,DLR_13,Punch,Creative,Blue,41,Available
N56BZT9U5CDGJ60T1,DLR_08,Tiago,Creative,White,32,Available
A8VK424T62SYKA0HM,DLR_05,Safari,Empowered,White,23,Available
KFUJ1Z9J1U0P0NJ1A,DLR_06,Harrier,Creative,White,17,Available
6SXJ9MKU72G9USPHW,DLR_09,Tiago,Fearless,Blue,6,Available
29S8S9ZP6LRKCHW3V,DLR_13,Safari,Base,Red,18,Available
SH0LLB0Z1E827D7D5,DLR_07,Safari,Base,Black,45,Available
W2TUL0CE8EZ2KJ45A,DLR_06,Punch,Creative,Black,26,Available
L0Y8VSHJ8N73NWYMG,DLR_16,Nexon,Base,Blue,15,Available
GNFEAAW88TM16Z4W8,DLR_04,Safari,Creative,Blue,31,Available
FJ6KHAXV0JN3ZDXY0,DLR_13,Harrier,Fearless,Grey,32,Available
WR2KUB8V01X8KT6FZ,DLR_10,Tiago,Creative,Grey,29,Available
SS7JNFE38DNEDDJD6,DLR_02,Safari,Base,Red,6,Available
UW0GFUVE29N7SRBCK,DLR_08,Punch,Base,White,23,Available
3ED2PYZV94UL997FJ,DLR_19,Punch,Fearless,White,39,Available
J9X34GCJ6NRUPCD8W,DLR_05,Tiago,Base,Red,37,Available
U16MC0AK53BJTCKXC,DLR_15,Safari,Fearless,Grey,11,Available
5MS71X514M2JCHFTA,DLR_20,Harrier,Fearless,Grey,7,Available
WG65LFR59N5JY8U6F,DLR_10,Safari,Base,White,17,Available
HR4KJEX367JVXB528,DLR_05,Nexon,Creative,Grey,34,Available
NA17HH4131KZJTCE1,DLR_09,Tiago,Creative,Blue,24,Available
Z18EBMDB7KHNNFF6C,DLR_06,Harrier,Fearless,White,23,Available
PTZD4VB92Y2YL0A6B,DLR_12,Harrier,Creative,Blue,18,Available
DYM79HEFX0DL0HXZP,DLR_04,Harrier,Creative,Grey,45,Available
RCSMXAJ13755LTM5Z,DLR_20,Harrier,Creative,Blue,22,Available
MBUB078Y3KXN82YTY,DLR_11,Punch,Empowered,White,15,Available
BTPRFMMK42KT805D0,DLR_05,Safari,Empowered,Black,12,Available
BMT0CDC37ZR2Z9H8G,DLR_19,Safari,Creative,Blue,23,Available
BJH5FS6A1F674045E,DLR_09,Harrier,Base,Blue,20,Available
99BK94FV8251CZ54E,DLR_03,Tiago,Base,Black,19,Available
SZ7AVAUB17FJA981Y,DLR_07,Tiago,Base,Black,8,Available
2GDFHJYL0UPCAJZ24,DLR_17,Safari,Creative,Red,43,Available
D31MR12W94LB9UXG2,DLR_15,Harrier,Creative,Red,22,Available
85TA83VUX97HJ40R1,DLR_05,Nexon,Creative,Blue,34,Available
XYMKC5X21AGHUUPYC,DLR_18,Nexon,Base,Black,3,Available
S9RKD8TC10FJWP391,DLR_14,Safari,Empowered,Red,36,Available
LLJ9FEVS6YT2YMX89,DLR_12,Nexon,Empowered,Grey,9,Available
WKW7UDAH1B31VM73R,DLR_03,Safari,Empowered,White,39,Available
1ADX8GERX5B9B4R7E,DLR_13,Safari,Creative,Grey,34,Available
C1P09AK41709P27F3,DLR_15,Tiago,Creative,Blue,31,Available
92931L8J9DKAGE9P3,DLR_17,Harrier,Base,Black,26,Available
0JBL3US93FGXGNVD0,DLR_06,Harrier,Empowered,White,37,Available
38J4Y0999KTT830LJ,DLR_11,Safari,Creative,Red,28,Available
43L29HRAXH0GM1375,DLR_11,Punch,Base,White,44,Available
9Y7YVS3G6AZX8ZWRP,DLR_16,Safari,Empowered,Grey,13,Available
HNSKUJYK9TGKD8JSG,DLR_13,Tiago,Fearless,Black,36,Available
RLV09P7W9L8A2X11E,DLR_08,Punch,Empowered,Grey,42,Available
KN9B1N3D8ZS2JFYWY,DLR_03,Tiago,Empowered,Grey,29,Available
X8ZEX0474FEPLVNGM,DLR_03,Tiago,Empowered,Red,10,Available
16M3NCTG4M711C7PB,DLR_02,Punch,Empowered,Blue,5,Available
7P25MHWT7S2UPD1BW,DLR_08,Punch,Empowered,Red,14,Available
R64S5UP44HD7SHD59,DLR_19,Safari,Empowered,Grey,42,Available
SAM42ENG8BVVUPASL,DLR_05,Tiago,Empowered,Red,3,Available
9EC92C4D5PCETMDG1,DLR_12,Safari,Fearless,Black,33,Available
GRHR88N76DLX9M8U7,DLR_10,Punch,Creative,Blue,27,Available
96S8D10S6K5AY1ZNC,DLR_18,Harrier,Fearless,Grey,19,Available
E7MRJ9HK2WM373U8J,DLR_01,Punch,Creative,White,45,Available
53VVZKFA9ZTXS22L5,DLR_07,Tiago,Creative,Blue,26,Available
FH32KE1888TCB40DT,DLR_02,Harrier,Creative,Red,31,Available
5BBLRRUV7AENF0Y7C,DLR_11,Safari,Fearless,Black,23,Available
5SVN24DE3CSAHGBSN,DLR_07,Nexon,Base,Red,12,Available
0H83LTW4XJERVPM3F,DLR_19,Harrier,Empowered,White,10,Available
Z0X2AG9V87ZSSACZK,DLR_15,Nexon,Fearless,White,11,Available
HNCT4M4Y2M02KLYM9,DLR_13,Safari,Empowered,Blue,10,Available
KC0LMGDU4BCADTJTM,DLR_20,Safari,Base,Red,22,Available
ABS33G3W0828ZBBVT,DLR_14,Punch,Empowered,Red,18,Available
LRNNM2C41GL4902TF,DLR_02,Punch,Fearless,Black,24,Available
ZEF9HDMT7VA9LVRW4,DLR_05,Nexon,Empowered,White,18,Available
4JEG14RE3UHPVKJ2W,DLR_10,Punch,Empowered,Grey,32,Available
2X283AAM09W8XF5S8,DLR_08,Safari,Base,Black,38,Available
F1CY737D0SP6VX32K,DLR_11,Harrier,Creative,Grey,41,Available
LX0ANNLS1XPY1WCC2,DLR_07,Safari,Fearless,Black,25,Available
STT624E7807WG1E1Z,DLR_06,Harrier,Creative,Blue,5,Available
AN4A18534L8SJHWKA,DLR_07,Safari,Empowered,Black,2,Available
4N3G7Y32XAJX6GLRE,DLR_17,Harrier,Base,Grey,9,Available
0LY9FSXW2B3MR9Z21,DLR_17,Harrier,Base,White,28,Available
2K8LL9T39WPGZNJ8S,DLR_04,Tiago,Fearless,Black,42,Available
4FG9B8647K9DF0J5Z,DLR_05,Tiago,Empowered,White,25,Available
VVG57N194ULVBDFSV,DLR_15,Harrier,Base,Blue,14,Available
12TJYCDEX7HATCYBA,DLR_02,Nexon,Fearless,Red,36,Available
GLD8BCV93LFBRWRNY,DLR_04,Harrier,Base,Red,4,Available
760SXTK76EAF7S4KX,DLR_06,Tiago,Fearless,White,2,Available
6HHVNJ386B11SKZVN,DLR_03,Tiago,Fearless,White,14,Available
5FLAP5GKX3EAGCZXX,DLR_13,Punch,Creative,Blue,41,Available
CNRZJ5GR73EXVLF5E,DLR_18,Safari,Empowered,Blue,40,Available
5HZHAD1A6LB4ZEDGU,DLR_12,Safari,Fearless,White,43,Available
FLZRRFCV7ADX94ACX,DLR_18,Punch,Base,Blue,16,Available
6LX9MU0372XTKB5YL,DLR_12,Tiago,Fearless,Black,23,Available
MM92VT4Z42M4DHCNA,DLR_09,Safari,Empowered,Red,18,Available
T8TJ3DFM9DH9ZB2LK,DLR_15,Punch,Base,Red,41,Available
VBZE3PX74GKBEAEMF,DLR_03,Punch,Empowered,Red,26,Available
S7XBU2VY9H9T168PE,DLR_14,Punch,Creative,White,5,Available
FLKR1CBV3MDKSE5FH,DLR_07,Nexon,Creative,Grey,17,Available
SEZ79KTT0PH3EKHZU,DLR_20,Harrier,Fearless,Blue,38,Available
4F89ADRC7S3ZL0L4P,DLR_20,Nexon,Empowered,Grey,33,Available
1KNYLPVB0462F5UEZ,DLR_13,Safari,Base,Red,36,Available
10ZVBZ5163UKETRAS,DLR_04,Punch,Base,Black,5,Available
H506L76T7LKJRRRGK,DLR_14,Punch,Fearless,Red,43,Available
BN0J5J3S9DAUW21B9,DLR_06,Safari,Creative,Black,42,Available
JAFHASER04K04C3PY,DLR_20,Harrier,Empowered,Grey,26,Available
9DXT9CN24M3CRHB2F,DLR_10,Nexon,Fearless,Blue,11,Available
1LUWGGUH63R49EFEG,DLR_08,Nexon,Creative,White,30,Available
2R7Y7LEH34Y0DAL5E,DLR_11,Tiago,Fearless,Black,43,Available
D5961JLR36LUVK6VK,DLR_16,Harrier,Fearless,Red,11,Available
8YDGMHRV11SAX1V6K,DLR_11,Harrier,Creative,Blue,22,Available
12ZHF8GW9296AHD3M,DLR_09,Nexon,Empowered,Black,45,Available
KKVNCW5H40BVRBRU5,DLR_02,Punch,Fearless,White,20,Available
5ZJTEV527NHUK3XDV,DLR_03,Nexon,Creative,Blue,38,Available
BF3Y71UN64LLZDAHP,DLR_12,Tiago,Fearless,White,22,Available
GX41H1015ZP427HV9,DLR_04,Safari,Empowered,Black,20,Available
KC7M1LZF5MLPZ7LKT,DLR_02,Nexon,Empowered,Blue,23,Available
WCL8AYC566SN38F8A,DLR_10,Safari,Base,Grey,16,Available
PCCS8T2Y2Z07L9MWZ,DLR_05,Tiago,Fearless,Grey,39,Available
50F3DGRG5V8UYZG33,DLR_12,Harrier,Empowered,Black,42,Available
K0RW88KN3SZP223PT,DLR_11,Tiago,Empowered,Blue,20,Available
49DE6AR80P5YY5RGP,DLR_10,Punch,Base,White,25,Available
9HRZTLN033GY44PBF,DLR_18,Tiago,Fearless,Grey,10,Available
8N0G6X9X41GSBE6YA,DLR_12,Safari,Empowered,White,44,Available
V6WHX83Z9VVLBPPZF,DLR_19,Nexon,Fearless,Black,26,Available
H4TSCVYS873Z237LZ,DLR_04,Safari,Creative,White,5,Available
9EZTPPJZ1RRB5YCHY,DLR_04,Tiago,Fearless,Black,24,Available
FM12FDZ693K16V62P,DLR_16,Punch,Base,Red,40,Available
SESR9RJ75XE58BWV0,DLR_13,Nexon,Creative,Red,5,Available
TST77SC62YCX52U65,DLR_03,Safari,Fearless,Black,9,Available
EUDXXEXB6BLZHNRH2,DLR_05,Tiago,Creative,Black,27,Available
90U0X8LT3MPRKY1RN,DLR_06,Safari,Creative,Black,12,Available
VRYEZ8C734CCUK9B9,DLR_11,Nexon,Creative,Blue,20,Available
DFZP34GT31WE4L4BK,DLR_05,Harrier,Fearless,Black,14,Available
B1HH61N20Z5UMB4JB,DLR_15,Punch,Fearless,Black,38,Available
NU0PRT6H338V625GW,DLR_20,Safari,Empowered,Black,39,Available
4F1JL00N6LWZ5JB52,DLR_08,Nexon,Fearless,Blue,19,Available
WUZ5RMDB5KU63YTMR,DLR_19,Tiago,Fearless,White,1,Available
TLZE67EFXP7GYESU8,DLR_08,Nexon,Creative,Red,15,Available
ERPDXEA008K87WJWG,DLR_05,Safari,Fearless,White,13,Available
3BHXMCZ59DY07T6WG,DLR_07,Tiago,Empowered,White,15,Available
NXD5DCTP64RDP78WN,DLR_18,Punch,Creative,Red,39,Available
FCT5FUR70NC0E4WE1,DLR_14,Harrier,Fearless,Red,38,Available
E2WCZ0AA2R2LMHRS5,DLR_06,Tiago,Fearless,White,43,Available
BC07B79UX1JZXECE9,DLR_02,Nexon,Fearless,White,22,Available
B27CPJ2C7WLR0C3HK,DLR_05,Punch,Base,Grey,31,Available
02WE29G88DW8NWB07,DLR_19,Safari,Base,Red,43,Available
NAANK7L57ME7WPTNL,DLR_09,Nexon,Empowered,Black,24,Available
BPSLVZ026PJSHKB0S,DLR_19,Nexon,Base,Black,14,Available
H48KCGYX7RZJU9PG5,DLR_13,Punch,Base,Grey,36,Available
PGES3X92X2ZZPK169,DLR_03,Nexon,Fearless,White,43,Available
V8MDKRS039RPJXU3Z,DLR_19,Harrier,Empowered,White,26,Available
G48T6YJ152U38K59R,DLR_04,Punch,Empowered,White,42,Available
4FSMEL4H25FT1BZZS,DLR_16,Tiago,Fearless,White,22,Available
42L32VJT89EFSTCRD,DLR_06,Harrier,Creative,Grey,1,Available
GD73MA7B6GF4DHC1W,DLR_05,Harrier,Empowered,Red,6,Available
L36T316X03PCTWY3E,DLR_08,Harrier,Creative,Black,36,Available
JYN6MS6R5K4JC906K,DLR_14,Nexon,Base,Black,44,Available
JAHDZLP4X57SZH730,DLR_17,Punch,Base,Blue,34,Available
DK07W9HW9YZSZPZ1V,DLR_18,Nexon,Fearless,White,4,Available
0GLCGTKX93L3ELR3T,DLR_05,Punch,Creative,Blue,25,Available
A3P37GGSXRAKP1PD7,DLR_06,Punch,Fearless,Blue,15,Available
7NSLV0V75C0URRD9U,DLR_03,Punch,Creative,Grey,35,Available
RK829D7Z53ZG64G4K,DLR_04,Safari,Base,Red,12,Available
5AA0K1NN2GPG5BE2Z,DLR_08,Tiago,Base,Grey,26,Available
A7H223BZ69EN6SEA3,DLR_16,Tiago,Fearless,Blue,8,Available
1JAVRLYT1DBKEMN6R,DLR_20,Safari,Empowered,Black,2,Available
AEA02J924GJKNV9KN,DLR_19,Nexon,Fearless,Black,12,Available
5UKUFUS74STD35C0V,DLR_07,Harrier,Empowered,Grey,24,Available
WENMT37J6A9PT2UNA,DLR_19,Harrier,Empowered,Grey,33,Available
03K1MZGR9WBFFAK8J,DLR_13,Tiago,Empowered,Red,45,Available
G73CTC8B7D2B098FP,DLR_15,Harrier,Base,Blue,31,Available
8YGEZ6LV2GMSPMVJ3,DLR_01,Safari,Creative,Grey,43,Available
U7VC0JUC4PHTZCPSB,DLR_03,Nexon,Creative,Grey,39,Available
G3GX8VWE7AUGRDSG1,DLR_18,Safari,Creative,Red,14,Available
65DK8K0JXD6VWYVHA,DLR_16,Punch,Fearless,Blue,38,Available
AHL7T4G10KPMV1XJ4,DLR_20,Safari,Base,White,43,Available
JYYBBF69XS2NMLSZ1,DLR_13,Tiago,Base,White,25,Available
XVFN8LEX0BS9FZ2SM,DLR_13,Punch,Base,Black,22,Available
ATXAR8KR7PUJWFV4T,DLR_10,Safari,Creative,Grey,26,Available
LCK8W1JC1FGBA83DX,DLR_08,Punch,Base,Black,6,Available
HSST73KW1YCCDUB45,DLR_08,Nexon,Base,Blue,18,Available
SX9KHLLW0D54XTLVH,DLR_12,Safari,Creative,Black,29,Available
EVNC7YML21EZD9KBS,DLR_02,Nexon,Fearless,Black,21,Available
SB1WJZYWXE4ZMVCET,DLR_20,Nexon,Empowered,Grey,37,Available
XHABXCX139U1EDKE3,DLR_10,Nexon,Creative,Blue,31,Available
GV7WAHPRXB1SAAK4R,DLR_20,Safari,Empowered,Blue,28,Available
FVV0MEE58N33ABPWB,DLR_11,Tiago,Empowered,Grey,27,Available
47A3TDZH8VXMGAM2K,DLR_15,Safari,Base,Black,25,Available
2JT963VP4XRVP06DD,DLR_15,Harrier,Empowered,Blue,27,Available
KW0AGL043Z6W5766X,DLR_07,Harrier,Base,White,25,Available
VF5Y64T13LLZ85C0Z,DLR_04,Tiago,Fearless,Grey,28,Available
PSY1T8T113SKG6S2J,DLR_10,Tiago,Creative,Black,45,Available
MS74PXVU4A32LYTCF,DLR_17,Punch,Base,Grey,25,Available
XXMGGHZBX4BWZGC54,DLR_14,Harrier,Empowered,Grey,22,Available
DNZJXG5J1K4S4HN84,DLR_03,Tiago,Creative,Blue,12,Available
JR6E85W36XMLSC9LS,DLR_07,Safari,Creative,Black,28,Available
MFEP72LA453J4H2BA,DLR_01,Safari,Empowered,Black,11,Available
Z0SWM3EV3SJJUFTB9,DLR_13,Tiago,Base,White,36,Available
YB9R3RBX6RFZWCVFR,DLR_03,Punch,Base,Black,9,Available
Y1TDUYU90LHXXBKN0,DLR_09,Harrier,Fearless,Black,3,Available
EA9P41NL5PNCRJ15B,DLR_11,Safari,Fearless,Black,8,Available
6WUDJ5FX2NGAGLUU7,DLR_19,Nexon,Creative,Black,36,Available
7Z1N4UU09VXJC5FJ4,DLR_20,Tiago,Empowered,White,33,Available
GHUA6V5YXNBYY33BK,DLR_04,Harrier,Base,Grey,21,Available
BD8UCM68XFM55W1HJ,DLR_13,Safari,Creative,Black,28,Available
RW5S3MBX9ZC8CPW41,DLR_04,Safari,Base,Red,37,Available
TJ4XBNXX5PUZNKE8T,DLR_12,Punch,Base,Red,5,Available
6JYYNCTG46J8K4WG6,DLR_01,Safari,Fearless,Black,42,Available
MEVZK0165ELPU9A1T,DLR_17,Nexon,Empowered,White,34,Available
71Z10WZ2XNYG3RVF1,DLR_16,Nexon,Base,Red,11,Available
B5BM10M3698USMG59,DLR_07,Nexon,Creative,White,10,Available
M6UKV90V4E6ZP4Z57,DLR_05,Harrier,Fearless,Red,40,Available
7CMXLKZS6FJPT1BY0,DLR_20,Tiago,Empowered,White,32,Available
HJ06AZBG2EMP5U6LH,DLR_15,Tiago,Empowered,White,30,Available
FKWKZNPZ7W6CK3XH2,DLR_20,Nexon,Base,Blue,45,Available
V206NXWL59687K5JR,DLR_14,Harrier,Creative,Black,1,Available
CW41531M4SZF3LN42,DLR_01,Harrier,Fearless,Blue,23,Available
UY2TW26590KC29W0G,DLR_02,Nexon,Base,Black,2,Available
J2FNS80N2YNT7JALZ,DLR_03,Harrier,Creative,Black,40,Available
5PX6W3V18U0VERKPB,DLR_14,Tiago,Empowered,White,21,Available
NAKY7H3894R1UJABP,DLR_08,Punch,Fearless,Blue,36,Available
MYGBLZX18C8WSXDG3,DLR_06,Safari,Base,Red,9,Available
KBJ38V995ARUTRMMT,DLR_19,Punch,Base,Grey,22,Available
A1MDCXGU8N4GFHLJD,DLR_16,Safari,Fearless,Grey,9,Available
TDCDRLDD1AR5Z1KKP,DLR_09,Punch,Empowered,Black,23,Available
3UJ8CBLR8ZXSUXTLY,DLR_01,Tiago,Creative,White,39,Available
B5BDA7TZ4Z0XW8BW4,DLR_05,Tiago,Creative,White,40,Available
BWTR0E8U6KSPWKUVC,DLR_13,Harrier,Empowered,Blue,34,Available
85V6RWD410T5WL1G6,DLR_18,Tiago,Empowered,White,38,Available
0UUK7AW66E3LTMHJD,DLR_06,Harrier,Fearless,Red,13,Available
3RUNGKM1501XAZ9FZ,DLR_15,Harrier,Fearless,Red,17,Available
A5T84YLR0WJX85M07,DLR_14,Safari,Creative,White,17,Available
9VM9E6XP3AVP0U87R,DLR_01,Tiago,Base,Grey,6,Available
P8CNG3E20PAYGEY5N,DLR_14,Punch,Fearless,Red,32,Available
6AJWLVK42UWR3G7NS,DLR_01,Harrier,Base,Grey,17,Available
Z9TYJ9JN62PZG2Y7Y,DLR_09,Safari,Empowered,Red,5,Available
YYM0Y2K46MX1JPUU4,DLR_06,Harrier,Creative,Black,29,Available
9SWP2W785ABGHWTDP,DLR_10,Nexon,Fearless,White,40,Available
N18MANDK6Z2M62XTV,DLR_18,Nexon,Creative,Grey,17,Available
FF2696ME9H1PN4UTW,DLR_16,Punch,Empowered,Blue,5,Available
HGLENLMB776F5PT8A,DLR_05,Punch,Fearless,Grey,38,Available
BA09REZ3450UBX96S,DLR_12,Tiago,Empowered,Blue,3,Available
9R5M0MHY5P2F8N80P,DLR_10,Tiago,Empowered,White,17,Available
UHHHKSP059W89K74R,DLR_20,Safari,Empowered,Grey,6,Available
LN2EG9DA2C9JYWYFL,DLR_01,Safari,Empowered,Grey,37,Available
WKC49YU06GDN4KVXZ,DLR_09,Tiago,Creative,White,26,Available
UBZ24Y2N0MGKN8R01,DLR_17,Harrier,Fearless,Red,32,Available
881W4M9W741T73UKM,DLR_12,Harrier,Creative,Red,21,Available
X705ZJ9H7YM0H3YBM,DLR_03,Tiago,Empowered,White,37,Available
PARNE6X71ADTUNEBR,DLR_12,Harrier,Fearless,Blue,17,Available
PHPWY0YF65VZCYPBJ,DLR_11,Punch,Empowered,Red,43,Available
FC9NEAY37GPD1VAMG,DLR_04,Nexon,Fearless,Black,10,Available
KXZVPAUD5U9JTBYK4,DLR_06,Tiago,Fearless,White,42,Available
WWZECVFA5NURWK3A2,DLR_19,Punch,Creative,Black,21,Available
LDVH57GS9YJZGN28N,DLR_18,Safari,Base,Blue,7,Available
0WHJB6KA4C6GMURT4,DLR_03,Safari,Creative,Red,44,Available
8EN16XFY85DL3W49V,DLR_08,Tiago,Empowered,Blue,13,Available
ETWXGYE0073BWAEDT,DLR_13,Punch,Empowered,Red,33,Available
W0BXH40398W131G2M,DLR_02,Nexon,Fearless,Black,39,Available
8NX4ADPSXJT764ZF7,DLR_07,Nexon,Base,Blue,17,Available
EEVK4TRV3DG2XLGWK,DLR_07,Harrier,Creative,White,45,Available
WYEVWBEC4KFGDB1D3,DLR_05,Harrier,Creative,Grey,39,Available
BVVHF2LY3AXZNF2C6,DLR_12,Tiago,Base,White,31,Available
5F0Z8LW307HLE0EZY,DLR_10,Punch,Creative,Red,24,Available
RAC4SE48490CL99D7,DLR_05,Tiago,Creative,Blue,15,Available
K8DXCRVN93JJJ9817,DLR_07,Punch,Base,Black,19,Available
AR5WM0BA0YA3SS8XB,DLR_02,Nexon,Empowered,Black,35,Available
W24KKEA88ZB2T31UN,DLR_10,Tiago,Creative,White,15,Available
00ZHD2EE9885DSWUV,DLR_01,Harrier,Fearless,Red,14,Available
U3ZPCKFD6WK6TKJZU,DLR_18,Punch,Fearless,Red,40,Available
GTS29HC806V8J2L6N,DLR_08,Harrier,Empowered,Grey,2,Available
90X15TAS1VFB6898L,DLR_02,Nexon,Empowered,White,19,Available
PY27RUZZ0KL7VZZ93,DLR_03,Tiago,Base,White,16,Available
C29YVY9D913UDSNHV,DLR_02,Safari,Empowered,Red,6,Available
S27UK3NL6H568YR6W,DLR_11,Punch,Empowered,Black,1,Available
3509JTE45603FKEKN,DLR_17,Safari,Fearless,Red,12,Available
XAJ6F1XA458DNJ6VT,DLR_14,Harrier,Empowered,Red,34,Available
VZT70PV21J8VUZZE3,DLR_17,Tiago,Base,White,9,Available
F2VVWJHS4T2TLAA49,DLR_17,Nexon,Fearless,White,4,Available
JJBU5UVB2RMRBY5BJ,DLR_20,Nexon,Creative,Black,42,Available
GR0398YU0UPNZNXFK,DLR_14,Harrier,Base,Red,11,Available
X1N3UUF81TENGG5S4,DLR_03,Safari,Base,Black,25,Available
BWS5X04V44T77HW02,DLR_18,Tiago,Fearless,Red,28,Available
00PWJW4W90UT8C56F,DLR_02,Punch,Fearless,White,22,Available
EW11F6G04MXU9PBH5,DLR_09,Nexon,Base,White,22,Available
MXXRZV227S389WEM6,DLR_04,Tiago,Fearless,Black,23,Available
WZ0X73C7XGW7YVEG8,DLR_08,Nexon,Base,Grey,22,Available
D7326HCP7YYRWJR6M,DLR_06,Safari,Base,White,32,Available
W5XYTGA54EVSK8NLX,DLR_20,Tiago,Base,Red,43,Available
4U0T5LRF7YUEAGJH1,DLR_06,Harrier,Creative,Blue,12,Available
LTJ5W0TX85723MP24,DLR_15,Safari,Fearless,Blue,42,Available
Y9CZYFYN9AHMSMUUS,DLR_01,Harrier,Empowered,Red,15,Available
YKSV39L81ZEEDDEG2,DLR_09,Nexon,Empowered,Grey,45,Available
44GZFC7T6H233YS4A,DLR_02,Harrier,Empowered,White,35,Available
N4SS8G398CEZ30RXB,DLR_09,Safari,Creative,Red,6,Available
PEEPJYNY65C6GND76,DLR_02,Harrier,Base,White,19,Available
ZXKWTH1U746VD7LY7,DLR_14,Tiago,Empowered,White,22,Available
X9DFK2G49MDVWUSH3,DLR_19,Harrier,Empowered,White,21,Available
5VK553ET2WTAUVEMR,DLR_10,Safari,Base,Black,23,Available
N2PWRF457PY50XBDP,DLR_18,Tiago,Fearless,Blue,4,Available
6Z1JFA6H0NC1AUEK8,DLR_11,Harrier,Empowered,Blue,41,Available
GH0G79WB55UH0UCH0,DLR_05,Nexon,Fearless,Grey,33,Available
MWEF20E16FW30YZM9,DLR_05,Tiago,Base,Black,39,Available
2H2GFJUM2P61PME64,DLR_04,Safari,Empowered,Blue,17,Available
AF8DUSXE1N0WFVDS6,DLR_16,Punch,Fearless,White,17,Available
6191FLYKX8R9XFWY3,DLR_17,Punch,Creative,Black,32,Available
HSBYF26L5C6M2P4LJ,DLR_20,Harrier,Base,Blue,21,Available
K6HEJUAV7RZREKCXG,DLR_11,Tiago,Empowered,Blue,24,Available
F515SL330K3ZZHK9C,DLR_10,Safari,Base,White,9,Available
X3Y7C4F954ASV23SV,DLR_15,Harrier,Base,Red,31,Available
XRVH22220ZNV9PHH0,DLR_02,Safari,Fearless,Red,31,Available
JMKPKCF1930F118TD,DLR_12,Nexon,Base,White,10,Available
KPW7VL5M5KX37SMLP,DLR_12,Punch,Fearless,Blue,19,Available
N1FAGZRU9MU2WF9RS,DLR_18,Nexon,Fearless,White,27,Available
92U3EA098MR7459TG,DLR_12,Harrier,Creative,Blue,39,Available
P2T9YKX91FX0T70BM,DLR_16,Nexon,Creative,Red,38,Available
GW5TYJN10YRNZ77E4,DLR_17,Punch,Creative,Red,18,Available
VDUF538Y8F7D739DJ,DLR_09,Safari,Creative,Blue,36,Available
1V5NL9NW91ZKFPYR3,DLR_18,Punch,Empowered,Black,39,Available
FJ0GSX2A6PPXRX16F,DLR_02,Harrier,Fearless,Blue,15,Available
M80LUSK34N4TU6AZ7,DLR_16,Harrier,Empowered,White,2,Available
T3HEZ6SV34CYAM9E1,DLR_06,Harrier,Base,Grey,27,Available
BKRXTVAZ0R5AF4XC7,DLR_05,Harrier,Base,Black,2,Available
LWG01YTB6VF0GTDWF,DLR_10,Harrier,Empowered,Blue,34,Available
3MZHAZMV2SC9L2X3K,DLR_15,Harrier,Fearless,Black,5,Available
ENFYLM4W0VC6HD1M1,DLR_14,Nexon,Base,Black,27,Available
2F22YJDP2K1ZTGE2S,DLR_07,Harrier,Empowered,White,12,Available
GXK07N605CCSTL21N,DLR_06,Harrier,Fearless,Blue,26,Available
NCFVXR9M25JSX3US3,DLR_16,Nexon,Fearless,Black,29,Available
67J6DZYN82UXEYC4A,DLR_17,Punch,Empowered,Red,9,Available
ZA92EFR03UYXAZDH2,DLR_19,Harrier,Base,Red,9,Available
09FNSBN05J70DDRFA,DLR_01,Nexon,Creative,Blue,20,Available
2SVN0GP79JD0FKPPA,DLR_09,Safari,Empowered,White,10,Available
10TUCYRU5FFWT0P11,DLR_05,Harrier,Fearless,White,28,Available
K99X986X73MCJL217,DLR_20,Nexon,Creative,Red,1,Available
05MZEX0A3L6C22YX9,DLR_01,Nexon,Creative,Black,42,Available
KLLP2DKX21J8VEAMK,DLR_11,Harrier,Base,Grey,11,Available
YSHU84L09116M8X6R,DLR_17,Safari,Empowered,Blue,31,Available
MNHUAJ8N3RTRK3PKL,DLR_08,Nexon,Base,Grey,39,Available
NMPACPHE08NG6UX55,DLR_13,Tiago,Fearless,Red,44,Available
ULE27M660LVFHCHJC,DLR_01,Punch,Fearless,Blue,20,Available
6UZJ9VXL79AHNRBNR,DLR_16,Nexon,Fearless,Black,2,Available
WYHDEG25XDP4MYGFM,DLR_08,Safari,Empowered,Red,36,Available
4TUGG90A8FN1RU53W,DLR_20,Safari,Creative,White,17,Available
XP7VE2BG5BEX4MP0H,DLR_17,Harrier,Base,Black,8,Available
05ZY1PFV8EJ83XPL0,DLR_20,Nexon,Fearless,White,19,Available
9CP9K5D568ZKAV86F,DLR_04,Harrier,Empowered,Black,8,Available
VL0KMZ3P0ZZW02S1F,DLR_06,Tiago,Fearless,Red,25,Available
4CH0WTWD76NUYK2GD,DLR_04,Punch,Fearless,Blue,5,Available
5EYA0TAA9FHG97RA8,DLR_17,Punch,Fearless,Blue,14,Available
08MD0V8N8EPWFKXK0,DLR_17,Harrier,Empowered,Red,30,Available
EYT58YN51WW9F3KWV,DLR_13,Safari,Fearless,White,43,Available
YGPRS47HXA363TKNY,DLR_17,Tiago,Creative,Grey,20,Available
8BCACCL97UWENLJUH,DLR_10,Punch,Base,Blue,20,Available
C8DN4AA823D0L96CJ,DLR_19,Nexon,Fearless,Red,34,Available
KG9NM82W74CCMC8SM,DLR_20,Safari,Creative,Red,11,Available
GXJ9WRFF04ZXXF5MV,DLR_07,Tiago,Base,Red,33,Available
C5C09N5K251G7PUEM,DLR_18,Punch,Creative,Black,45,Available
PF52CHUD0ZZM645DK,DLR_13,Tiago,Creative,Blue,14,Available
NGJC1GWW9A57MNVPV,DLR_05,Tiago,Base,Black,8,Available
MBS3C9WVXYRCUU77R,DLR_07,Nexon,Fearless,Grey,19,Available
GGEGWDU308ABZ64L2,DLR_10,Safari,Base,Grey,34,Available
8PGHY9FD21WJF93VD,DLR_20,Punch,Base,White,7,Available
B22ST6F353UV5RP24,DLR_04,Tiago,Empowered,Grey,28,Available
1M5698LU5BBWLFK8E,DLR_02,Harrier,Creative,Red,33,Available
RW5T8V6C3JNVMMA1H,DLR_11,Safari,Empowered,Blue,32,Available
KGVZLWYK3LG9JXLDB,DLR_13,Harrier,Fearless,Blue,16,Available
S6NPU0TT05AAY320J,DLR_07,Harrier,Creative,Grey,31,Available
MG4A7AJV4MPNFWA53,DLR_19,Tiago,Empowered,Red,16,Available
LP7Z8T4G439PWDW8F,DLR_01,Punch,Empowered,White,14,Available
KPJ92PTX5JKE49V9B,DLR_10,Nexon,Empowered,Black,1,Available
BWZ7T4XU1WSLKEU0L,DLR_17,Punch,Base,Grey,40,Available
ZNHNHYUE8H91154CJ,DLR_10,Punch,Creative,Red,24,Available
Y5DR9E1Z8JXGDWHF9,DLR_05,Nexon,Creative,Black,21,Available
ZXC9THNF5KBHZM17N,DLR_17,Tiago,Empowered,White,10,Available
Y9BTRD2XXAF78E1CB,DLR_20,Tiago,Creative,White,13,Available
7MD54WPVXZMTVJK1T,DLR_16,Harrier,Creative,White,5,Available
L36WZWKDX0X27W0TJ,DLR_15,Harrier,Creative,Black,44,Available
PAD955KJ0X9A1024X,DLR_04,Harrier,Fearless,Blue,40,Available
1TX61AML0DD3VUF8D,DLR_07,Punch,Empowered,Red,42,Available
R9NDA6ZP12M1M40S3,DLR_14,Harrier,Fearless,White,36,Available
JVTCYDN6X3SMEA62G,DLR_06,Punch,Base,Red,15,Available
2W82NDL41KD6BGS85,DLR_11,Punch,Fearless,Grey,21,Available
PDUMUMBB8CCP2W5M3,DLR_11,Tiago,Fearless,Black,1,Available
4U9SKVUG3SM4M5LFT,DLR_17,Punch,Fearless,Black,39,Available
48Y1CF9P60PZV7VBN,DLR_13,Punch,Empowered,White,6,Available
MAC4ZEDK5TMST1HUC,DLR_04,Punch,Base,Black,44,Available
2ZR8WL0H9T6ESJZMV,DLR_02,Nexon,Base,Black,10,Available
6F9K4MKV7XWE1YPKZ,DLR_04,Harrier,Fearless,Blue,40,Available
6HMHJEJN2SHJXFRH2,DLR_04,Harrier,Empowered,Blue,34,Available
3SPNR0NNXM7GALMSE,DLR_11,Punch,Fearless,Red,35,Available
5P9Y5FYV4J1LPJUW8,DLR_14,Tiago,Fearless,Grey,13,Available
EBW382Y07A486ENAD,DLR_08,Nexon,Creative,Black,40,Available
B17Y0CKV498M9CG4Y,DLR_01,Punch,Fearless,White,9,Available
H3W71MEP9BS4YSVPP,DLR_20,Harrier,Fearless,Blue,5,Available
4ZHFJGE45BPK1VHCS,DLR_09,Nexon,Fearless,Red,35,Available
31USMN3DXSZ4T10LK,DLR_02,Punch,Fearless,Grey,44,Available
S9W7TKBE8DDTPZLH7,DLR_18,Tiago,Base,Blue,20,Available
7H64VU28258DS11DE,DLR_17,Punch,Base,Grey,1,Available
PSNF6DXW4X0KMJ63E,DLR_16,Harrier,Fearless,Blue,2,Available
L3WX5S3K55PX3JTX8,DLR_03,Tiago,Empowered,Red,30,Available
HLHVC4BT2S5CFMR45,DLR_20,Nexon,Fearless,Grey,6,Available
M265MP3E8SPCS61W6,DLR_06,Punch,Base,Grey,11,Available
3MAGX1BVX0ELTLE1W,DLR_11,Punch,Base,Grey,4,Available
2WN4WP7T3R7EFK4S3,DLR_01,Harrier,Creative,Grey,42,Available
6BUFJUA19HLCTTJ83,DLR_03,Punch,Fearless,Red,41,Available
DDFM4MYA03CSKN4DD,DLR_11,Harrier,Base,Grey,42,Available
5B5X0TKD44TB9ZRRP,DLR_13,Harrier,Empowered,Grey,8,Available
RZ2AGZFN3PHK3VKZN,DLR_02,Nexon,Creative,Black,40,Available
46RGTSRAXSVJLDTB5,DLR_12,Harrier,Base,Red,12,Available
8GJLTB147VETWSPPD,DLR_11,Harrier,Fearless,Blue,29,Available
5HR2D5RTXR8X7CFZ4,DLR_18,Harrier,Empowered,Black,11,Available
SEPEVHWM890MCUVK3,DLR_12,Safari,Base,White,22,Available
WBVB0B8C6KKVCX4DV,DLR_06,Harrier,Base,Black,16,Available
PBYZLV9H0G92RNS16,DLR_09,Punch,Creative,Red,12,Available
W5PHY5876Z3C0THYT,DLR_02,Safari,Fearless,Black,17,Available
6E2W1BGD0ZEG0XG2W,DLR_06,Punch,Fearless,Blue,43,Available
YGWASKTG9AZULDF5U,DLR_08,Harrier,Base,Red,41,Available
JURWAEHK0L2L11JHD,DLR_09,Punch,Creative,White,6,Available
28ZA2PM12H5UW40D6,DLR_04,Safari,Base,Blue,29,Available
UGXR8XT421L8ZHA05,DLR_16,Nexon,Creative,Blue,15,Available
TBUS81WG8SV0Y5URD,DLR_20,Safari,Empowered,Blue,27,Available
W8T7FK540VWTHA58G,DLR_03,Nexon,Creative,Grey,8,Available
1FMHKENP155UJUKRC,DLR_11,Safari,Fearless,Grey,45,Available
RSE6J35H6AX8M4YW2,DLR_07,Tiago,Creative,Blue,16,Available
UW4U3CDY006K5S7HS,DLR_04,Tiago,Fearless,Blue,4,Available
A4B4CAUP6DBTWDSMK,DLR_12,Tiago,Base,Grey,12,Available
32RV7R886D5CU3FHH,DLR_14,Harrier,Base,Blue,5,Available
E0YFWYNZ94P5PUEKW,DLR_18,Harrier,Creative,Black,14,Available
ZR30CHZM6YY0YSYMH,DLR_12,Safari,Creative,Grey,14,Available
K74MG0SW89KGXAVP1,DLR_20,Harrier,Creative,Red,1,Available
AD47M2PS7RR1M2PDZ,DLR_12,Harrier,Creative,Grey,32,Available
S7V2KD5Z1NE2Y8UGG,DLR_13,Punch,Base,Blue,3,Available
D0FJZVCY6TNJC6VHS,DLR_17,Harrier,Creative,White,17,Available
WEDZJP7X9UAD0VUPV,DLR_07,Nexon,Empowered,Red,42,Available
5NVWCGVMXE7J5BVDM,DLR_13,Tiago,Fearless,Black,21,Available
BH6FANVB35F5RAH9V,DLR_19,Harrier,Fearless,White,45,Available
EERH0AC91KZL27CN5,DLR_18,Safari,Base,Red,31,Available
BFCW4XUM3ZFULE3BF,DLR_03,Tiago,Fearless,White,27,Available
78KUWCWJ9F5B0TL56,DLR_18,Safari,Base,Red,13,Available
2N3VX6M50HP3CYB2E,DLR_11,Safari,Empowered,Grey,45,Available
G758N5SF78HN7NC93,DLR_12,Tiago,Fearless,Grey,2,Available
89T34D905SSH3PRUS,DLR_10,Tiago,Empowered,Grey,34,Available
HR810YMH1CM2VJPS9,DLR_03,Tiago,Base,Black,12,Available
9X0VK5U11PVNST4MC,DLR_04,Harrier,Creative,Red,27,Available
LFM3995J41DC4GKH2,DLR_03,Harrier,Base,White,17,Available
J9GEZWGB110XD5KTP,DLR_10,Nexon,Fearless,Blue,44,Available
CUPXGNJH7GNT7WTUC,DLR_08,Harrier,Fearless,Grey,13,Available
YYEDGLD08SP4GBYVN,DLR_03,Punch,Creative,Blue,9,Available
FJFGG4S976PPK8GL8,DLR_15,Nexon,Empowered,Blue,22,Available
U5XE5T8K90NDKMXVU,DLR_06,Harrier,Base,Red,1,Available
KNPCTWXXXMBK8GWR3,DLR_07,Tiago,Creative,Black,14,Available
EJ0GDGNE6D7GPH98C,DLR_07,Harrier,Fearless,Grey,14,Available
53ZCSMCU0HUFACEJV,DLR_04,Nexon,Base,White,26,Available
6ZBZTABX5WBKW8DCX,DLR_17,Punch,Empowered,Blue,5,Available
EVG5XXPU4RPKU9WS2,DLR_15,Nexon,Creative,White,41,Available
YZP6XWUW36SUHY74P,DLR_19,Punch,Base,Grey,34,Available
TAKCJX8A68PVNSTE4,DLR_14,Tiago,Creative,Red,23,Available
54KMTAF44ZGUYYBHP,DLR_05,Safari,Fearless,Red,24,Available
F01SVDF99RYERYVY5,DLR_18,Tiago,Creative,Grey,17,Available
3JBZS0EJ7RA0UK4JJ,DLR_17,Harrier,Base,Blue,42,Available
EM4SGSUR3VT27PP8D,DLR_19,Safari,Fearless,White,20,Available
TESA1YXA74E5FXKCN,DLR_15,Punch,Creative,Blue,25,Available
EH144WEH1NHE34709,DLR_05,Safari,Empowered,Blue,13,Available
GPU42VHEXSG4MXYLE,DLR_04,Tiago,Base,Red,18,Available
M59WAMT998YCRGP14,DLR_05,Safari,Creative,White,42,Available
24AMAYV51ZHV8RBZU,DLR_08,Harrier,Creative,Blue,19,Available
DDNFBXN955DYTZX0Y,DLR_08,Nexon,Empowered,White,14,Available
GT6XFGCG37LMZ2XN9,DLR_04,Safari,Empowered,Grey,40,Available
CBAE6MUP64VVCKB7R,DLR_13,Nexon,Creative,Grey,2,Available
XG1XXZK22SA6DTVR4,DLR_02,Harrier,Fearless,Blue,45,Available
65CKZS049GPV7BWJW,DLR_05,Punch,Base,Grey,2,Available
ZTK45GB24WBL8XCFC,DLR_09,Safari,Empowered,Blue,1,Available
FWKASENB0P8YT464W,DLR_03,Safari,Fearless,Blue,24,Available
YG5ND6S22ECJ4G3KD,DLR_12,Punch,Creative,Grey,39,Available
ACJTET6E26G6Y1CPM,DLR_10,Tiago,Base,Black,39,Available
16BK22LZ0A7D9FP4D,DLR_02,Punch,Fearless,Blue,37,Available
E14JN60M2GHPVYUFM,DLR_14,Tiago,Creative,Grey,21,Available
5H9LHJ1T5KXA25CA7,DLR_19,Punch,Creative,Blue,42,Available
Y1AD605J54XJHBXU4,DLR_20,Tiago,Base,Blue,28,Available
D9PZBT7W7MNSNXCVP,DLR_09,Tiago,Fearless,Black,18,Available
Y605B5RP2EEC62VTD,DLR_15,Harrier,Creative,White,43,Available
63LSES8R5T8FSYMGY,DLR_03,Punch,Fearless,Black,20,Available
R1YVJJP620GS5LDZR,DLR_09,Nexon,Empowered,White,30,Available
CWR08NR02RTSKSSPE,DLR_05,Punch,Empowered,Grey,30,Available
R1Z23WB87EAKTK33D,DLR_01,Harrier,Creative,White,2,Available
0UZLPBD32KHNAC1RY,DLR_18,Safari,Creative,Grey,21,Available
U087EY2H58V147B2V,DLR_15,Punch,Fearless,Red,38,Available
C96GG50S4UEFRD2M0,DLR_17,Tiago,Empowered,Black,22,Available
ZAREAP0T68P6A7YYE,DLR_17,Punch,Creative,Blue,36,Available
H452LE4630TSEFZJA,DLR_09,Safari,Empowered,Grey,14,Available
M8TKH5MP2AP1HXW5Z,DLR_04,Harrier,Empowered,Black,2,Available
F50AMC545U62W62PF,DLR_02,Tiago,Base,Black,22,Available
NXXYDUVF38S2TWTNM,DLR_13,Safari,Empowered,Black,10,Available
PMEZJUX14FBJ5FNWS,DLR_07,Safari,Base,Blue,31,Available
JS0AY0CY8H8AHF8TD,DLR_01,Harrier,Creative,Black,13,Available
UBEYGCXR12G537JMC,DLR_13,Tiago,Creative,Red,3,Available
PWLYWFVP5X68KDZJ3,DLR_12,Tiago,Base,Black,2,Available
BKEA3ZXG455FB4CS1,DLR_07,Nexon,Fearless,Grey,7,Available
6R7TU2AVXXRW8LUDL,DLR_08,Tiago,Empowered,Black,30,Available
U45NMW9F8DBD44GLH,DLR_13,Nexon,Base,Grey,43,Available
MRR00V876H0W9T2GC,DLR_11,Safari,Empowered,Blue,38,Available
C7V76DNP90DJ0FYXZ,DLR_17,Tiago,Empowered,Red,13,Available
TZGG57LT112SFJNM0,DLR_14,Punch,Fearless,White,8,Available
7XP346K01N8W8PL3M,DLR_04,Harrier,Empowered,Grey,40,Available
WKSEEGZZ4FP8PNJW9,DLR_08,Nexon,Fearless,Blue,41,Available
X93AEDYV1HDG1BZZ1,DLR_19,Harrier,Empowered,Grey,9,Available
0GJJE6FL26H0NMAWJ,DLR_02,Safari,Empowered,Red,31,Available
1XR010RZ7GUSW09E3,DLR_04,Nexon,Empowered,White,2,Available
EG94K72E7K8GG8GG8,DLR_03,Punch,Creative,Blue,11,Available
YG2TRPAE08R4SL9D5,DLR_13,Punch,Fearless,Black,19,Available
LDGZVN6C15VDXD08K,DLR_18,Harrier,Base,Black,45,Available
VL7Z70N94JZ2E25XX,DLR_14,Safari,Empowered,Black,42,Available
0F1RL2SR0YLF7C1CY,DLR_02,Harrier,Creative,Black,44,Available
CNNFT08G1ZVAHYA3C,DLR_06,Punch,Fearless,Blue,20,Available
J0VE8NK75J3N2MD29,DLR_03,Safari,Fearless,Blue,8,Available
79VEWESPXLC5PHB6A,DLR_10,Harrier,Empowered,Grey,23,Available
VL6EX3FCXBTP1JRD0,DLR_06,Harrier,Creative,Red,44,Available
MRS705BV94TMFRVEF,DLR_02,Harrier,Creative,Black,24,Available
1HKH8YJK45B1KGZJU,DLR_12,Tiago,Base,Grey,12,Available
XW2JWAH269XTAPUT0,DLR_05,Punch,Fearless,Blue,32,Available
XVXY7ERT2XG9S64WM,DLR_15,Harrier,Base,Black,10,Available
CHKMYBXU16W4XY5M2,DLR_17,Tiago,Empowered,Black,26,Available
1Y19W4M19LRULBSX4,DLR_13,Safari,Base,Red,13,Available
ND1T9RJT8WKH54UTM,DLR_01,Harrier,Fearless,Red,15,Available
R6PD8XTJ55R6ZDD82,DLR_18,Harrier,Empowered,Black,9,Available
YEBX93H12876X0KS5,DLR_11,Safari,Base,Black,22,Available
ZGW8KLJ42BN09JPC5,DLR_09,Nexon,Fearless,White,16,Available
GPKLTPS34RMRGWJF4,DLR_03,Nexon,Empowered,Red,43,Available
ND9LWMKK8N8DZ180W,DLR_08,Safari,Creative,Black,25,Available
VUWESPVF32LT63U21,DLR_04,Nexon,Base,Grey,43,Available
YWBRDJ4A22JM6REAZ,DLR_18,Punch,Empowered,White,29,Available
VTRSGFZLXUKAW86JP,DLR_07,Nexon,Base,Black,26,Available
0RF2DSRV0FJJY4GJ9,DLR_09,Tiago,Fearless,Red,22,Available
ACENURV69H61VJ8KM,DLR_06,Tiago,Base,Black,37,Available
Y3328ZNC8JKKRUZSB,DLR_05,Nexon,Base,Blue,11,Available
3MTEY94133SNV64NG,DLR_05,Tiago,Base,Red,18,Available
SFE71YXW7X9D8564Y,DLR_14,Nexon,Base,Blue,11,Available
EW37YM3K3S4WVP4Z8,DLR_04,Tiago,Empowered,Grey,40,Available
RRYH0ZZ13NRVVKE8L,DLR_05,Nexon,Creative,White,28,Available
GF17EM9P6BJCRWJWW,DLR_14,Punch,Empowered,Blue,24,Available
UNC7BY3K8SB1788XT,DLR_14,Tiago,Base,Red,10,Available
G8G0F1XR3LSA8S1F3,DLR_04,Nexon,Empowered,Red,10,Available
U0B30Z998T1Z9YV4M,DLR_10,Safari,Creative,Grey,30,Available
03WFUCPS1NKH57PTN,DLR_20,Safari,Fearless,Black,15,Available
0G5EVGD342ZWRTXT6,DLR_01,Nexon,Fearless,Blue,37,Available
XKTVDYC138YMRRN77,DLR_20,Safari,Creative,Blue,17,Available
JMCMYA349A8A77K21,DLR_20,Punch,Base,Grey,21,Available
NBGNK9T43RXDUNU7F,DLR_07,Punch,Base,Grey,12,Available
9J2WHDN574G361AXE,DLR_06,Harrier,Base,Grey,12,Available
VJEJZMPX9K8054XM4,DLR_11,Tiago,Base,Grey,22,Available
FU23HKES1FN4MYF73,DLR_20,Punch,Creative,White,7,Available
ERM35F7P9WSYL5PP0,DLR_20,Tiago,Fearless,Grey,12,Available
E1RC74XK1FC5R7BFW,DLR_07,Safari,Empowered,White,27,Available
Y86VS9LL0L8EZ37G5,DLR_20,Tiago,Creative,Blue,33,Available
664VY0M58L8C77U72,DLR_10,Tiago,Base,Red,12,Available
SLG9W9SDX61033H8P,DLR_11,Nexon,Base,Blue,29,Available
K9NVPU0T7JJST91RM,DLR_11,Tiago,Fearless,Grey,9,Available
KMZADMWV0NZPMY9C8,DLR_02,Nexon,Creative,Red,34,Available
7PF5WM9M8YY17R85V,DLR_17,Harrier,Empowered,White,31,Available
4HVYM5CD657DN5XWP,DLR_05,Nexon,Fearless,Red,31,Available
CAE553A911H321SKV,DLR_04,Tiago,Base,White,20,Available
YCEVW8LXXPR375VZK,DLR_09,Harrier,Fearless,Blue,26,Available
NVLJFD8V3DBRJ21K7,DLR_03,Tiago,Base,Black,12,Available
2H7F4FMP7P7880FS2,DLR_07,Punch,Empowered,Black,45,Available
CAHJPDS723HGD0KMY,DLR_16,Tiago,Empowered,Black,29,Available
KAUESDT608DRPX49T,DLR_10,Safari,Empowered,White,36,Available
VN2V00TH1H20S08WY,DLR_10,Tiago,Empowered,Blue,31,Available
FRBGJYKT7TMHKDRDE,DLR_02,Harrier,Empowered,Blue,27,Available
7FSY0C4N25VPXUEB7,DLR_18,Harrier,Empowered,White,30,Available
JKWM8HWG649XCE2GW,DLR_04,Punch,Creative,Blue,35,Available
7KV7B9HC9BPH7SS1Z,DLR_08,Nexon,Creative,Blue,29,Available
G9KUTLNF0MZPEFGFW,DLR_20,Tiago,Base,Red,1,Available
852EK4Y03LMGR25WC,DLR_13,Nexon,Fearless,Red,20,Available
6VPBXLYA6CDP65V4G,DLR_17,Tiago,Creative,Grey,44,Available
HMWHBZH20WVTF9B3E,DLR_01,Harrier,Empowered,Red,28,Available
LJ5HBP2FXFGW1NMMW,DLR_06,Harrier,Empowered,White,41,Available
WUM31EEJ77HT8EFAW,DLR_12,Punch,Creative,White,33,Available
URWJJW5M7CPFJLRMF,DLR_07,Harrier,Base,Blue,30,Available
U79LVMC90K5X032TF,DLR_12,Harrier,Empowered,Grey,13,Available
75F4A2XV21P6A2U1J,DLR_02,Nexon,Creative,Black,29,Available
83M3YXSW1T2RLPAZE,DLR_07,Harrier,Empowered,White,14,Available
BL6HS6WK7DDXAND2R,DLR_05,Harrier,Creative,Blue,42,Available
JV9L6HEV1A3NXJ22K,DLR_07,Harrier,Empowered,Grey,39,Available
MEL3TV82XD3KK2EG9,DLR_03,Tiago,Fearless,White,27,Available
E0EMGFGS1174YD6Z2,DLR_09,Nexon,Fearless,Blue,35,Available
SXEZ0VYX51YMH0BDJ,DLR_18,Punch,Creative,Red,38,Available
LK4PYGUH54TGWES26,DLR_02,Harrier,Creative,Black,33,Available
A0P9H2498EWDTXCEH,DLR_20,Nexon,Creative,Black,14,Available
9GRJJT553S00UVBMK,DLR_20,Harrier,Creative,Blue,7,Available
C2HG62192N76ZV1UH,DLR_13,Punch,Creative,Red,29,Available
4VTEE6XF1JA55K2BP,DLR_13,Harrier,Creative,Grey,15,Available
LCAHMGJN5DZZGEXNT,DLR_16,Nexon,Empowered,Grey,22,Available
4FAZG0V37Z7YWB59W,DLR_13,Nexon,Base,Black,17,Available
LHRB6NNP7GZN72L1A,DLR_12,Safari,Empowered,Blue,21,Available
05N7SKPX7SB29YXGX,DLR_18,Safari,Fearless,White,8,Available
ELVYC43M59HDBC465,DLR_04,Tiago,Empowered,Red,24,Available
0TVWWNWM5G11GR5X6,DLR_04,Tiago,Creative,White,45,Available
JCUAX68P1EN0GUW6R,DLR_04,Tiago,Fearless,Red,5,Available
N4BLKHYM96KLG0541,DLR_10,Tiago,Creative,White,44,Available
7R7JEVE76M88ETGDF,DLR_16,Tiago,Fearless,White,17,Available
B7YD7KVBX0W7VY9L4,DLR_02,Nexon,Creative,Red,30,Available
BSTY0N1LXJ98F4SWM,DLR_04,Safari,Creative,White,42,Available
9HN8V00F0GG6NHE98,DLR_19,Harrier,Empowered,Grey,2,Available
0JE9LAC26PKHG7HRD,DLR_06,Safari,Base,Grey,10,Available
F6PNYTL6106PDRTRH,DLR_03,Tiago,Creative,Red,31,Available
NNHKXXC73BL1TZ1PS,DLR_06,Nexon,Creative,Red,22,Available
RBDWZYF862KF6C6BM,DLR_13,Harrier,Creative,Red,1,Available
EM9CNARM4YXPEDN85,DLR_05,Tiago,Base,White,39,Available
DLE1K8DX9J9V8F9SS,DLR_19,Tiago,Fearless,White,13,Available
1DP52UJW3E1JBTA1V,DLR_13,Punch,Base,Black,7,Available
M2WRGTC07ZMN3YLWD,DLR_03,Punch,Fearless,White,22,Available
3YF3L44SX39JM9PX5,DLR_11,Harrier,Empowered,Black,13,Available
CRWHL10P6GXWMUZ9R,DLR_03,Punch,Creative,Grey,15,Available
X606EYUD7GRZCGKZZ,DLR_08,Nexon,Creative,Red,6,Available
RA1P129J27ATJVRCT,DLR_11,Punch,Creative,White,38,Available
1GPCHKUS4VXNTBPS0,DLR_13,Nexon,Creative,Grey,25,Available
CS50C3SH1RFSAD48S,DLR_05,Safari,Empowered,Grey,17,Available
1465B5PB02VB60ZE3,DLR_20,Nexon,Fearless,Black,11,Available
PHE70B5E6KUAGJ2M1,DLR_09,Tiago,Creative,Grey,12,Available
N8TAVGZT01EDXPWR8,DLR_02,Punch,Fearless,Black,23,Available
AV3H2UBXXEVBKWLS4,DLR_03,Safari,Empowered,White,38,Available
2PCF628T0WEWXHTWX,DLR_11,Tiago,Fearless,White,18,Available
AE6UM68T36U9NV3XH,DLR_12,Nexon,Empowered,Blue,7,Available
163R45ADXUCSY0FU9,DLR_18,Tiago,Empowered,Blue,42,Available
PPVAHK1A4JUYPNJ9B,DLR_16,Safari,Base,Grey,44,Available
YPRK3NAL9ANKU0BRX,DLR_13,Safari,Empowered,Red,33,Available
0ZSLXCCW2XJNCMK9K,DLR_15,Punch,Creative,Black,28,Available
BEKFL3J667HP6HY5S,DLR_18,Safari,Creative,White,7,Available
2111JJ6E0NBTJPVXM,DLR_17,Punch,Base,White,8,Available
BE038LZC2DE511FXE,DLR_16,Safari,Creative,Grey,4,Available
55X43V8U9HM45MC0A,DLR_03,Nexon,Creative,White,43,Available
GJKNG4K5528M6G45C,DLR_17,Tiago,Base,Black,37,Available
S8DNA4L22USPMT0PU,DLR_06,Punch,Creative,White,7,Available
BDW7RCEG81HTG6WN7,DLR_17,Nexon,Creative,Grey,5,Available
NZCWF4PM0LS1JHFTB,DLR_13,Safari,Fearless,White,24,Available
XM0978MA7A15SJ153,DLR_15,Nexon,Base,Black,31,Available
C5CWWB2S6Z0JN6Y0C,DLR_18,Tiago,Empowered,Red,10,Available
XH4T9CX87MR0MG7LU,DLR_17,Punch,Base,Grey,24,Available
BDAKJ1H60NHRHXCU9,DLR_14,Punch,Empowered,Red,41,Available
7WCW9WTA0L5ZTPZM2,DLR_03,Safari,Empowered,Grey,12,Available
XZ2KC8146LXLGAPU7,DLR_17,Harrier,Fearless,Black,25,Available
XFZ42P0H3GYTYDJYT,DLR_15,Punch,Fearless,Black,9,Available
DXN659EY9LBBT1LC2,DLR_18,Nexon,Empowered,White,13,Available
1DZMN6EU15HCNEPHT,DLR_02,Tiago,Creative,White,37,Available
TJX1RD7KXP7D0F9Z3,DLR_11,Tiago,Base,Black,1,Available
VUKBKH3C53E9AB99W,DLR_20,Harrier,Creative,Grey,17,Available
3ZK00AAY154JH2ATP,DLR_18,Nexon,Empowered,Blue,4,Available
8NXMF4Z23BS5C70V8,DLR_19,Safari,Creative,Blue,38,Available
R0JFSN7P3RXD76KL9,DLR_02,Nexon,Empowered,Blue,19,Available
ZJU3KXEZ0BDC18DGC,DLR_19,Tiago,Fearless,White,27,Available
XT974FWN7ZUH5G7V9,DLR_12,Harrier,Empowered,White,3,Available
M0D5SKVCXZE2MUU9Y,DLR_07,Harrier,Base,Grey,39,Available
EBFJG68RXXGK95H3H,DLR_14,Tiago,Empowered,White,32,Available
MC9MTL4T7CA0SK5ZG,DLR_03,Tiago,Fearless,Black,18,Available
KDUF9X4KXS5M5C5MH,DLR_19,Nexon,Fearless,Grey,28,Available
0HTZYRFF537N6L09V,DLR_19,Nexon,Creative,White,9,Available
6LA5B9EH1PJWN1RHM,DLR_07,Tiago,Fearless,Red,35,Available
6U5FKZ933JUPST8E8,DLR_18,Nexon,Empowered,Blue,25,Available
L8TX6DFG11MEKRTTG,DLR_09,Punch,Empowered,Grey,19,Available
TMXGCXLXXACWZ60L0,DLR_19,Tiago,Empowered,Red,4,Available
EGZVRFGY5HCJGDR8G,DLR_19,Nexon,Base,Red,37,Available
B2MDB8D7XYNG7GRHW,DLR_12,Harrier,Creative,Black,44,Available
MUE1SE7W4GYMZPB6S,DLR_06,Tiago,Base,White,38,Available
27D5PPXX534Y30C1L,DLR_12,Punch,Base,Grey,16,Available
PMEZRETD60T6W0EU6,DLR_15,Harrier,Base,Blue,29,Available
UKXTD27PXS2RKUMU9,DLR_02,Tiago,Creative,Grey,30,Available
2CZ6FT1L8ZXTUDHS0,DLR_12,Safari,Creative,Blue,29,Available
5C620TZB40SKFG6SH,DLR_04,Nexon,Fearless,Red,9,Available
U5ULFFG74B7A9CV8Z,DLR_18,Tiago,Empowered,Grey,14,Available
N8BT02A417AJBX225,DLR_20,Safari,Fearless,White,45,Available
VXNL6KXN1E9NEYSS5,DLR_15,Punch,Fearless,Red,23,Available
9H6GCFXK7RCJXM41J,DLR_19,Punch,Empowered,Grey,15,Available
L3L1V9RDXV23PJTE0,DLR_07,Safari,Creative,White,17,Available
GKB7H1UD4ZC216Z75,DLR_03,Harrier,Empowered,White,10,Available
FUAWBENF25ZUZRGNY,DLR_06,Tiago,Fearless,White,3,Available
A90WUMG9XW9ED5LTU,DLR_03,Harrier,Empowered,White,40,Available
LDX3AXEX8S52CSKGT,DLR_04,Punch,Empowered,White,1,Available
SC1SYLN333JZEHX6Z,DLR_11,Tiago,Fearless,Black,15,Available
B4DD8XWE0A21N0UPC,DLR_17,Tiago,Fearless,Blue,45,Available
2DWF513572JHCHBKY,DLR_06,Safari,Empowered,Red,3,Available
TYZ5KZUH4VDMEU2A9,DLR_12,Nexon,Empowered,White,22,Available
AEWS19T35Y3AZ5ZG3,DLR_06,Punch,Fearless,Red,44,Available
V48WHRET4PYX089B9,DLR_14,Safari,Fearless,Grey,37,Available
1ZDL4SBR88C0TWHK9,DLR_06,Tiago,Base,Grey,4,Available
JGB28C2Z3R75M50ZX,DLR_03,Tiago,Empowered,Blue,43,Available
MERVWDW83115X673D,DLR_10,Harrier,Creative,Black,40,Available
AU1LYLL76NXRELJFD,DLR_06,Safari,Empowered,Blue,2,Available
AJD3WELK0NLBVTV0U,DLR_12,Tiago,Base,Grey,23,Available
K0ZXEDAZ3XWHSNN0F,DLR_08,Punch,Fearless,Red,8,Available
9B2YHH2L34JKK1PMW,DLR_18,Punch,Base,Red,9,Available
ZWKDS8756286RLGXT,DLR_10,Nexon,Creative,Black,35,Available
RB5D98A74S4RATSR9,DLR_14,Nexon,Empowered,Blue,44,Available
V4FU5U6H4F72SDJ38,DLR_15,Tiago,Base,White,24,Available
S4LN25W66URAJC2FP,DLR_02,Punch,Fearless,White,2,Available
APY64PFG7E68YDRZ6,DLR_17,Punch,Fearless,Red,38,Available
2GFBEEA872JF0UZRJ,DLR_11,Tiago,Creative,Blue,8,Available
HTU0YDA92UY4HS2LH,DLR_12,Tiago,Fearless,Black,26,Available
E6V6CJYWXW1K42Y30,DLR_19,Tiago,Creative,Blue,44,Available
XJFH3TMU4F7A50BDP,DLR_05,Safari,Empowered,White,18,Available
E8P53FGN5075EFVWE,DLR_15,Harrier,Empowered,White,25,Available
F0XMJDHS4K0CK3X54,DLR_20,Safari,Base,Red,41,Available
M5C1M3ESXMMD4MWY9,DLR_01,Punch,Base,Blue,28,Available
2YX70PLH8RDKNV8S8,DLR_01,Nexon,Fearless,White,38,Available
MD67PLUK8G3SUSL0L,DLR_18,Harrier,Empowered,Red,6,Available
ZAXU9GL8721PAC3KH,DLR_15,Harrier,Empowered,Black,33,Available
8D6WK55MXKT6H0CSP,DLR_20,Punch,Creative,Red,45,Available
259XXK958S1ECF9YB,DLR_15,Nexon,Base,White,38,Available
R7BNPF263L9JXR7AT,DLR_13,Tiago,Creative,Black,42,Available
S5LVAAFN6691NX9PL,DLR_10,Safari,Empowered,Black,44,Available
3VRGXKJ4019BTYD0X,DLR_14,Safari,Base,Black,44,Available
SC75BXC4XYJNSNSP1,DLR_12,Tiago,Fearless,White,23,Available
C20ZYFNE88X7FKAMY,DLR_19,Tiago,Creative,Red,29,Available
CJ77X41RX2GMRCF1W,DLR_06,Tiago,Base,Blue,27,Available
SARFWX5312LEF6JB4,DLR_08,Harrier,Creative,Blue,7,Available
VXNMD2EM9NET66WZS,DLR_16,Nexon,Empowered,White,37,Available
8AFWXTH88KN3LKNB6,DLR_01,Tiago,Base,Black,19,Available
A6NN88442KW7X1MDV,DLR_15,Safari,Base,Blue,32,Available
TP33GP1T9FTTHLV7K,DLR_04,Safari,Empowered,Black,43,Available
HSTC0NUF9H9LTDMUJ,DLR_16,Tiago,Empowered,White,35,Available
YN0BTFR89YT1ZBWHD,DLR_10,Harrier,Base,White,24,Available
S87X7B3Y121RH553G,DLR_12,Safari,Base,Grey,10,Available
M1F7R1NY31B3F368K,DLR_07,Harrier,Empowered,Blue,20,Available
X4BREEB96973BSMTS,DLR_03,Nexon,Creative,Blue,17,Available
YT7G36C2XD1DZD59T,DLR_12,Punch,Fearless,Red,42,Available
FFHL5PV5XNENYBT03,DLR_11,Harrier,Fearless,White,28,Available
7V3BBUD6XZWFKDKVT,DLR_07,Safari,Empowered,Blue,36,Available
T0T04ASB99VGS6JMK,DLR_18,Punch,Empowered,Black,21,Available
R797DZ1X4NBDSYMHS,DLR_06,Harrier,Base,White,19,Available
FUXKVV9B2YJ295BP3,DLR_20,Harrier,Creative,Grey,17,Available
2L06UYLD7J0UAM0PW,DLR_08,Punch,Fearless,Black,44,Available
U2MYYMLJ7AW8AHVRH,DLR_16,Nexon,Empowered,Grey,3,Available
GTWYMNRY9BNX3LX8U,DLR_10,Tiago,Fearless,Black,2,Available
WH4E04M20UPP6EZZB,DLR_14,Nexon,Fearless,White,7,Available
R6GKD9P028F8LM1B3,DLR_07,Safari,Empowered,Black,11,Available
RRZAJXX62CSADAM05,DLR_10,Safari,Empowered,Red,7,Available
JH3915509S0EWK7EM,DLR_08,Tiago,Creative,Blue,33,Available
W3PEZBKH9UMX1MBXK,DLR_19,Harrier,Base,Red,17,Available
4TF307A095E2K9AES,DLR_10,Harrier,Base,Blue,38,Available
5JC3T2ZR25X2E73JM,DLR_16,Punch,Creative,White,12,Available
BASPFGCK0TM8JL3VS,DLR_09,Safari,Fearless,Red,26,Available
CJWPJMED8U1HP59NR,DLR_14,Punch,Empowered,Red,43,Available
HWB3XPA36LFZ8S3GG,DLR_05,Nexon,Fearless,Red,4,Available
AAN9KPWD2RY5KZEP2,DLR_15,Nexon,Creative,White,8,Available
EEGP0SYH63XEWT0L7,DLR_14,Tiago,Fearless,Black,3,Available
RH49A7HV1V9CABSAV,DLR_07,Safari,Base,Black,25,Available
AMSNFBR15P704A6S2,DLR_03,Tiago,Empowered,White,32,Available
SL0GW2JB8061RMA3T,DLR_08,Tiago,Fearless,White,27,Available
MN0TM62T2TVYNKC9A,DLR_18,Punch,Fearless,Red,32,Available
FNVMF9DH1DKFDPSJ8,DLR_07,Safari,Creative,White,32,Available
2KD3PN001JEY9V306,DLR_05,Punch,Empowered,Black,8,Available
ZX6RNVV44PJJ6L8J2,DLR_19,Nexon,Base,Grey,6,Available
UPC15F2NXCEK5TS1Z,DLR_18,Punch,Creative,Blue,5,Available
FFH5H7DSXR1K08ZD2,DLR_15,Safari,Creative,Red,6,Available
9BZ6558E45A7GZLZ0,DLR_15,Safari,Creative,Grey,8,Available
WLL5JPD2X25JTM6ZV,DLR_12,Tiago,Creative,Blue,22,Available
XE7C9S9Y51TTWKJSP,DLR_18,Harrier,Fearless,Red,40,Available
BG2LSN274D8FFCEAL,DLR_02,Nexon,Empowered,White,10,Available
AH1UBC0214PKRPA73,DLR_09,Safari,Base,Grey,37,Available
26MBP3DC9C47PUAPE,DLR_02,Nexon,Creative,Grey,42,Available
5YMMSJ8B1EVAKK8FA,DLR_13,Harrier,Empowered,Red,43,Available
CSG4U2C99CKK0XFA1,DLR_12,Safari,Fearless,Black,37,Available
4U6MM6624468MN9E0,DLR_11,Tiago,Creative,Black,31,Available
009MCL4V3PURJ1PUK,DLR_18,Punch,Creative,Red,37,Available
XZB0KZAX43HMS88PB,DLR_10,Nexon,Empowered,Red,32,Available
HAUC7SZA7AHKVT5B9,DLR_11,Tiago,Empowered,Red,13,Available
8SG51J7P0LNHLXRB4,DLR_03,Nexon,Creative,Red,15,Available
J6VEJXBJ332U37ZBF,DLR_15,Nexon,Base,Black,37,Available
SPXLBMDWX5WXFG7C6,DLR_11,Nexon,Base,Grey,28,Available
CB61FYAG0T5WGLYHD,DLR_12,Tiago,Fearless,White,22,Available
3BDRRM1H5P6YCN2L7,DLR_20,Nexon,Empowered,Blue,1,Available
L5D0KMVJ8X685CWXA,DLR_19,Nexon,Fearless,Red,13,Available
JRYX82EE386RPH7SA,DLR_19,Punch,Creative,Grey,45,Available
GFE7YB3XXTSUMRX87,DLR_02,Safari,Base,White,30,Available
6YVC2MFTXPWACR97F,DLR_15,Punch,Creative,Grey,29,Available
AZTAG1NK5B0TLZC3A,DLR_19,Tiago,Creative,Black,13,Available
9R0W39684J1Y8T7M8,DLR_17,Tiago,Fearless,Black,25,Available
VH9LSKNY2TE021FLF,DLR_18,Tiago,Creative,Grey,22,Available
KSVPAGSE8N1D19G9V,DLR_09,Safari,Fearless,Blue,36,Available
4CRX7KLM6G9A5TCNV,DLR_10,Punch,Empowered,White,23,Available
94XY4ASG25P2B6D2N,DLR_19,Harrier,Base,Blue,39,Available
41198GVT46WNVTX4L,DLR_07,Punch,Empowered,Black,34,Available
B6B1EPF19S2X80SAK,DLR_04,Harrier,Base,Black,24,Available
Z3JVNTX61Z5TKWMV5,DLR_05,Punch,Empowered,Red,12,Available
NUVGUVBS8FDPPVBUH,DLR_16,Nexon,Empowered,Grey,36,Available
8DLT2BKPXK7GB2KK6,DLR_16,Harrier,Empowered,White,22,Available
5FM3A2JX502H2G8VV,DLR_14,Punch,Empowered,Red,3,Available
5RNK7V9F61P7546PL,DLR_12,Nexon,Creative,Grey,7,Available
03YFT4YX5TJTBF4GA,DLR_14,Punch,Fearless,Blue,27,Available
29NMH6CZ0CYK5ZSE3,DLR_20,Safari,Fearless,Blue,25,Available
82EEDMLF5F55YJWPA,DLR_06,Nexon,Base,Red,17,Available
EK6N741J26VFTR1PZ,DLR_03,Nexon,Base,Blue,17,Available
385ULUAR9KM7DWLH7,DLR_13,Tiago,Creative,Red,15,Available
MAT8WB363PNU0RWH2,DLR_13,Punch,Creative,White,17,Available
R2XMWSTP3AK9PNU0Z,DLR_06,Nexon,Fearless,Red,35,Available
H6GBDW104T9DEED8T,DLR_01,Safari,Creative,Blue,25,Available
AM4HP40W1FMSVRYST,DLR_13,Tiago,Creative,Black,30,Available
DB2XKYLJ5Z8UY1WFX,DLR_05,Tiago,Base,Red,21,Available
P9JCJAUR8X1SBTV5F,DLR_06,Tiago,Creative,Blue,6,Available
ZW0L3EFF7HN0NNUE5,DLR_11,Safari,Creative,Blue,31,Available
MHYJ2P6W0H7CMTS2R,DLR_04,Safari,Creative,Black,32,Available
YVX6Z87F0J6VT977M,DLR_02,Tiago,Empowered,Red,27,Available
46Y3700K77NPHKG6C,DLR_08,Punch,Base,White,7,Available
M5SHTK1158ZWENRHC,DLR_20,Tiago,Empowered,Blue,34,Available
XLSTPFA66PMBVW8UE,DLR_20,Harrier,Empowered,Grey,1,Available
PE1845A616JYSL7AJ,DLR_12,Tiago,Base,White,40,Available
HEUXHNVR4VXDGNNAU,DLR_08,Punch,Base,Red,26,Available
D5GHFRY62ZH2TCL9W,DLR_03,Tiago,Creative,Red,33,Available
YV0GFVUH68HDN3E1M,DLR_10,Punch,Fearless,Blue,17,Available
ZBYM6D095UAG6YVBX,DLR_03,Nexon,Fearless,Red,44,Available
0352VG568F5JE51N1,DLR_07,Harrier,Creative,White,32,Available
MM8703210W4E6AAE8,DLR_19,Nexon,Creative,Blue,26,Available
AU2V0MLZ5DJAA69GV,DLR_17,Nexon,Base,White,7,Available
NDFAHTVP2XUB8K1ES,DLR_11,Punch,Base,White,21,Available
PLNKKSEJ58WURUPKH,DLR_03,Tiago,Empowered,Red,26,Available
9444EZ0C8NHRLNK33,DLR_12,Nexon,Base,Red,44,Available
NUPGZZTC3DBPR4PH8,DLR_03,Punch,Base,Grey,19,Available
42N1VSF505T538BAN,DLR_07,Harrier,Creative,Black,9,Available
0GZ10GD488F7HN5UM,DLR_12,Punch,Creative,Black,44,Available
GJYPK87Z7ZZRUVLA3,DLR_08,Safari,Empowered,Blue,10,Available
89WGUMLK3J7LBK4W8,DLR_16,Safari,Fearless,Blue,7,Available
NCGW3BXN933PN15RM,DLR_08,Nexon,Empowered,Red,19,Available
Y8P7JJ5W0T34Z83VE,DLR_11,Nexon,Base,Grey,23,Available
Y5DS8NU700H2FNBL2,DLR_15,Tiago,Base,White,17,Available
5RDG45HZ2UYS1RD0C,DLR_14,Punch,Empowered,White,6,Available
5WE74U8S0B97Y13M1,DLR_01,Nexon,Fearless,Red,18,Available
BUP3X4WD85X6XPE8A,DLR_17,Punch,Base,Red,39,Available
L91A8YNC4J0CLJSR4,DLR_12,Punch,Creative,White,5,Available
XFTYDDFT250C2VXYL,DLR_10,Nexon,Empowered,Red,39,Available
L285PGJ18JAWLWAL1,DLR_10,Nexon,Base,Red,34,Available
4KTEC4D470WXC3MNK,DLR_10,Safari,Base,Black,43,Available
2F3ATAKJ7SMEG9FG5,DLR_15,Harrier,Fearless,Black,9,Available
3EPBC87A9KTXPZJ8T,DLR_15,Punch,Base,Grey,26,Available
R243U8J383T32PR66,DLR_11,Harrier,Base,Red,21,Available
3M2542V70XV8PUN3N,DLR_10,Punch,Creative,Red,23,Available
5MLPJRDV7WL62AZVY,DLR_08,Nexon,Creative,Black,42,Available
3ZLHGY6K4PUDELE7L,DLR_06,Tiago,Empowered,White,7,Available
JFKGTWK034AWR69M3,DLR_16,Punch,Fearless,Blue,22,Available
KGV3ZTV82YYZ7HB1K,DLR_03,Punch,Fearless,Grey,45,Available
MKYJEK2G78GP3RRBN,DLR_17,Punch,Empowered,Red,29,Available
98AU5E1D9YGM5YZXW,DLR_15,Tiago,Empowered,Blue,39,Available
DX75H2GS4LM321G76,DLR_05,Safari,Creative,Blue,29,Available
MC9UVGCN9B84JGN8M,DLR_03,Punch,Base,Red,43,Available
B84ZFPTD1LA3W58Y7,DLR_01,Harrier,Creative,Black,29,Available
P1GHVYRU7VM37ZAS8,DLR_07,Safari,Fearless,Black,28,Available
90SFEHAY3D5A85EVF,DLR_14,Harrier,Empowered,Black,36,Available
5HYDXFR659TD4SCME,DLR_13,Harrier,Fearless,Grey,17,Available
M51F0T2P1KYURYGHN,DLR_03,Safari,Creative,Red,44,Available
W3V25C2B2F15SZU9T,DLR_13,Nexon,Fearless,Red,2,Available
SJW28TYD7JUSY22FV,DLR_08,Nexon,Base,Black,6,Available
C55XAUJR3KY8RFP8G,DLR_13,Punch,Creative,Black,43,Available
4XKWW06Z45G1MWD7R,DLR_03,Harrier,Creative,Red,23,Available
T79WKRTJ6HEH15MV4,DLR_19,Harrier,Base,Blue,22,Available
ZBV7DHH16JRZ5R24W,DLR_18,Harrier,Base,Grey,18,Available
930S9XFS2UC0TBJG8,DLR_04,Harrier,Creative,Black,24,Available
CDU4CLMR50VCV1LED,DLR_09,Tiago,Empowered,White,15,Available
59C8Z1MS8RV58HEJU,DLR_04,Safari,Fearless,Grey,15,Available
39T3N3RM3CL6TCEWC,DLR_01,Safari,Fearless,Black,10,Available
V0DKX0EY4VGF9X4GY,DLR_10,Safari,Fearless,Blue,3,Available
FTU99EX499X4861N5,DLR_14,Safari,Creative,Grey,12,Available
U6UTSZR58NKDL2H7R,DLR_04,Harrier,Base,Blue,33,Available
B75S54BJ3ZVMDSFC5,DLR_20,Tiago,Fearless,White,31,Available
DKX5CX4B2DL63X2HS,DLR_09,Safari,Base,Red,15,Available
RVP1WE8F6692E4B3X,DLR_19,Tiago,Fearless,White,44,Available
NJYEMDXZ8RRXM19TM,DLR_08,Tiago,Base,Grey,9,Available
ZR89SWHS2HGZZL3L7,DLR_18,Punch,Fearless,White,34,Available
PWXFLN1F5YRXNPRXX,DLR_02,Safari,Base,Black,5,Available
5CWWW46Z2878S575W,DLR_20,Punch,Creative,Red,2,Available
9JRTAMLX9NSM8707H,DLR_19,Nexon,Fearless,White,21,Available
5JX85KS81Y21K8C5T,DLR_14,Tiago,Fearless,Black,13,Available
KLUEJZVS8NJD0SFVC,DLR_09,Punch,Base,Grey,37,Available
DH6SDMCC8RSX52F5X,DLR_10,Tiago,Creative,Red,33,Available
3DZAGD9C9W5CGG84G,DLR_01,Harrier,Base,Blue,44,Available
KWV9HFKH06PTT7MVA,DLR_03,Nexon,Base,White,9,Available
CUDAEJUR64E9X0TZA,DLR_12,Nexon,Base,Black,29,Available
0VWWHE8T97YENC17W,DLR_15,Nexon,Empowered,Black,35,Available
7WBEHWTF2KR8V82GW,DLR_13,Nexon,Empowered,Black,28,Available
V5RRH84K767VRH249,DLR_16,Nexon,Base,White,4,Available
JU69YU262WS7EG062,DLR_01,Safari,Creative,Black,7,Available
8UGR9B362UBFD9AH4,DLR_13,Punch,Fearless,Black,5,Available
62ZG587Y75U1GCMHE,DLR_14,Safari,Base,Blue,25,Available
ZAEBDGNF9UB839CHY,DLR_06,Safari,Creative,Black,31,Available
PPWJA9WY6F08PWV9P,DLR_20,Safari,Base,Red,4,Available
BAKHD60W39SBU1T23,DLR_15,Harrier,Fearless,Red,30,Available
3WWPT5ZL2T54KMLPB,DLR_12,Nexon,Fearless,White,41,Available
5D6J040W2UHEZHB4W,DLR_13,Safari,Base,Grey,9,Available
DJW8514A92YANUWPV,DLR_06,Harrier,Empowered,Blue,15,Available
1PRJST90XFJCKCN6M,DLR_17,Safari,Base,Blue,3,Available
7B2E2YZD84V40XAZK,DLR_14,Harrier,Fearless,Blue,9,Available
XZVT8LWV6XG43N0ZL,DLR_01,Harrier,Base,Red,22,Available
N8HTWMJ65G42TWBBT,DLR_11,Safari,Empowered,White,11,Available
TTL51F419GMHNM4KN,DLR_20,Harrier,Creative,Blue,12,Available
8KK41PM35UJ7FVJA6,DLR_09,Tiago,Empowered,White,29,Available
YDJVT65D2AYWEJW70,DLR_17,Tiago,Fearless,White,21,Available
YXCRRJVR62JUN6J32,DLR_16,Safari,Creative,Black,5,Available
N7SS4T6A5XBZGJPZE,DLR_05,Nexon,Empowered,White,21,Available
R300PKM345G850L2D,DLR_08,Punch,Empowered,Blue,15,Available
D8WM9RSKXWDTKAHVS,DLR_10,Harrier,Creative,Black,15,Available
VZ9183RT59SKVDA2W,DLR_20,Tiago,Empowered,Blue,20,Available
ZMHS7UVA5JWXTK459,DLR_16,Punch,Fearless,Red,25,Available
GVPV7DW53FGDFZXPG,DLR_18,Tiago,Base,Black,43,Available
12WH9ZU27XSZKDH6W,DLR_14,Harrier,Base,Red,16,Available
SVZYDT778913K3L5U,DLR_06,Harrier,Empowered,White,32,Available
V45DM6VPX68KT0LKL,DLR_01,Punch,Fearless,White,40,Available
7VZJY1UW2V09R98X3,DLR_09,Tiago,Fearless,White,34,Available
86FY6J7M9N7B4S1J4,DLR_05,Tiago,Creative,Red,4,Available
AU3NRFM5X4FB94W3V,DLR_05,Nexon,Fearless,White,21,Available
ETP9Z7DN07AG3ESNA,DLR_16,Punch,Empowered,White,35,Available
93YNAJ5D352MTV46V,DLR_03,Harrier,Empowered,Red,11,Available
YF6VEDDB84RGND0G2,DLR_17,Safari,Creative,Black,2,Available
JPF746NC8TLVWEW8R,DLR_20,Nexon,Empowered,Black,3,Available
58XT3KZ07YHLTEFWH,DLR_02,Safari,Fearless,White,5,Available
TLRZB26P9JM8XNLEZ,DLR_07,Harrier,Empowered,Blue,27,Available
TCH5SYWPXTM2JE77N,DLR_03,Nexon,Base,White,7,Available
4ETF394H8VJAJ2ZY2,DLR_10,Safari,Empowered,Grey,37,Available
MRZ8469X179A1BBAH,DLR_02,Safari,Creative,Red,28,Available
ZJZF5WGW68C66AA1R,DLR_09,Punch,Empowered,White,29,Available
TZU18XGD7VK5TCDJE,DLR_11,Tiago,Empowered,White,16,Available
N01K00YF7RPBHA796,DLR_01,Punch,Fearless,Grey,11,Available
JF6L3VCR8VNH0SC3D,DLR_10,Harrier,Base,Blue,30,Available
XYH4W06W25XL4V5UR,DLR_06,Harrier,Base,Black,8,Available
NZKCDYDXXLD90AD9V,DLR_16,Safari,Empowered,Blue,29,Available
3GMEN3BE3UC4GCCZV,DLR_06,Safari,Empowered,White,39,Available
NAFRPC9Z914SW6UJX,DLR_10,Tiago,Fearless,Red,22,Available
74SHSNNT0KX7LL30Z,DLR_04,Safari,Base,Blue,26,Available
XS2J00RL7VC53R1AT,DLR_08,Safari,Base,Blue,19,Available
649YNX4273VZMV51T,DLR_07,Nexon,Creative,Black,22,Available
VDWTAH852H2N5RDG8,DLR_17,Tiago,Empowered,Blue,25,Available
0XG1ZU5F52U9D9T81,DLR_08,Punch,Empowered,Black,21,Available
0GDL4SDY2SNXG8LSB,DLR_17,Punch,Creative,Red,34,Available
V476G4M78M6ZVG9CN,DLR_11,Nexon,Creative,Grey,20,Available
3XYVHLZPX4ZD0816N,DLR_08,Punch,Fearless,Grey,10,Available
R048K8H34P2VFD7LF,DLR_16,Harrier,Creative,White,6,Available
LTRKBF0R7K0RUYR8C,DLR_13,Nexon,Fearless,Grey,40,Available
67206LX944PV4527B,DLR_03,Nexon,Empowered,White,29,Available
NR7RUA214RX155PYX,DLR_05,Nexon,Creative,Red,3,Available
NR0BU55M5V3T3GDJ6,DLR_10,Harrier,Creative,Red,8,Available
THG07WBP51PNW6CXB,DLR_06,Tiago,Fearless,Blue,35,Available
ZTC90JE85C5PKBDDM,DLR_18,Safari,Empowered,Red,17,Available
T9G6Y9FF0XGXMBGTV,DLR_08,Tiago,Fearless,White,7,Available
3TPKVTV9XM06DJMB9,DLR_12,Nexon,Fearless,White,24,Available
A26JC5XYX1VL9EZC3,DLR_11,Harrier,Empowered,White,20,Available
EC3YFAVZ1XUP8J9JP,DLR_12,Punch,Base,Black,1,Available
Z11E45U37VGHYW1B6,DLR_07,Tiago,Base,White,16,Available
JZM0M3AB7ZG9FYLYK,DLR_07,Nexon,Creative,Red,3,Available
F6P65MJX0D7SXM8VG,DLR_18,Punch,Base,Blue,16,Available
5NJEXSWNX0ZGXV137,DLR_10,Nexon,Fearless,Grey,8,Available
0AN0C8DZ4XR5PMUPK,DLR_16,Safari,Fearless,White,43,Available
HKHWE6S86N9HMZ6XA,DLR_04,Harrier,Creative,Blue,16,Available
LJLGENBA00MSD1HCB,DLR_16,Safari,Base,Black,30,Available
XDJ1A61P3YJC7Y8Z6,DLR_20,Tiago,Base,Grey,25,Available
F461FALH7Y0HAXXWA,DLR_18,Tiago,Base,White,24,Available
TSTT2S405S5P9STRN,DLR_17,Safari,Empowered,Red,34,Available
AK6JYX1C4NUC2R996,DLR_17,Harrier,Base,Blue,5,Available
8Y1UAMVC2HR171D8A,DLR_17,Safari,Base,Black,24,Available
Z0EGSV6P3LPNS02EB,DLR_19,Nexon,Fearless,White,27,Available
H7S5SHL00GCMPRFLL,DLR_09,Tiago,Empowered,Black,31,Available
N2KZPKJ26RDDX3AJM,DLR_15,Punch,Empowered,Blue,37,Available
TKEFUPYP685DMEHH1,DLR_08,Nexon,Fearless,Blue,2,Available
K4TCH54PXM3UL42YA,DLR_02,Nexon,Base,Blue,41,Available
02AHNH24X17CMU2W7,DLR_10,Safari,Fearless,Red,9,Available
NULLVEHS4M2JF03PF,DLR_05,Harrier,Base,Grey,14,Available
Y9RRT2ZN2K9B6BX5X,DLR_17,Safari,Creative,White,27,Available
799AT4611CC9HCT0T,DLR_04,Tiago,Creative,Black,31,Available
H659MCAH1WH1KTP3D,DLR_02,Safari,Fearless,Blue,24,Available
4W4LBUX48MD9PB0HN,DLR_15,Nexon,Base,Blue,15,Available
CGAYZ8J89KF5HNT9D,DLR_11,Punch,Base,Black,40,Available
U9973REW4T7AFX703,DLR_17,Harrier,Fearless,Grey,13,Available
5WDE75VY467BKV0T5,DLR_02,Safari,Empowered,Grey,37,Available
CDHX1K8K5CMV4PEJ0,DLR_06,Punch,Creative,Black,36,Available
7AHMLWHT9L3U0MC8U,DLR_19,Nexon,Empowered,White,10,Available
TWWBUHTJ0FR885A3K,DLR_08,Nexon,Creative,Grey,35,Available
CTDMXTFR6XCBR6F30,DLR_20,Punch,Creative,White,36,Available
T4JL8LU2XJFZD98V3,DLR_13,Harrier,Empowered,White,37,Available
KS0ZP75R92HCFZ4KU,DLR_07,Safari,Creative,Black,24,Available
5KRVYAJAXAZ636WZ2,DLR_08,Nexon,Empowered,Red,11,Available
ZW66SC2V0YUZEM3ZE,DLR_17,Punch,Fearless,Black,32,Available
3EW1S1WA94EGXKHKJ,DLR_14,Tiago,Fearless,White,17,Available
S1GJ29TN982EL884M,DLR_13,Tiago,Fearless,Black,28,Available
MCTZ8J2R10TKB11CR,DLR_04,Nexon,Base,Red,22,Available
DN3GC3S847AG87GJR,DLR_11,Punch,Empowered,Black,37,Available
SGYECDMC9VXE8UF9H,DLR_15,Harrier,Base,Red,15,Available
TZNYUCKUXYCZ5WE7U,DLR_16,Tiago,Creative,Grey,43,Available
V98MCF235T0KUGF8R,DLR_03,Tiago,Base,Grey,26,Available
CK0KVBYF1ADMLBHKJ,DLR_05,Safari,Fearless,Red,35,Available
LFNBM4XLXGLCSBJPZ,DLR_04,Safari,Empowered,Red,2,Available
U83FTFHL5TLYXC3W3,DLR_07,Punch,Creative,Red,30,Available
ZN1SCM4Y1WV150187,DLR_02,Nexon,Creative,Grey,28,Available
6U969VWT9850ND0KL,DLR_07,Tiago,Creative,Black,7,Available
P0L97NNV02EHHRD17,DLR_13,Harrier,Fearless,Red,25,Available
UY3MYK0R7S4BB2WA7,DLR_07,Punch,Empowered,Blue,17,Available
R3CT28406HJ89DER6,DLR_09,Punch,Empowered,Red,17,Available
R7SBE3078HNSJMYUE,DLR_08,Nexon,Empowered,Grey,43,Available
55PG7RJP9GTZCT85T,DLR_13,Nexon,Empowered,Blue,19,Available
R2BFX8UDXPKFGN53H,DLR_01,Safari,Empowered,Black,35,Available
7R4E1XGB8LSWM6Y82,DLR_14,Safari,Creative,Red,42,Available
FMBZZFZHXGVXM30XM,DLR_02,Harrier,Creative,White,16,Available
5GLGPCZD596M87D12,DLR_09,Harrier,Base,Red,37,Available
CY0F27FV4121JAP26,DLR_17,Safari,Creative,Black,7,Available
K6W264L3XZJ7C1WY5,DLR_18,Nexon,Fearless,Grey,15,Available
PABSWAP94W4GSUPGF,DLR_05,Punch,Empowered,Red,18,Available
ZCPBVPMU0JD0TLDFN,DLR_14,Punch,Base,Black,28,Available
6K3AESZ144W72J9C0,DLR_20,Safari,Fearless,Red,2,Available
CH0UE5NH1GKJG2EGB,DLR_11,Safari,Fearless,Blue,39,Available
V1ZV1CUS2HVA7GFZT,DLR_07,Tiago,Fearless,White,23,Available
Z499CE6K9PNV9EUKR,DLR_01,Punch,Fearless,Grey,26,Available
ETEERMMP94AD5HZRJ,DLR_12,Tiago,Creative,Black,15,Available
KH966SRK6SJL4X72Y,DLR_15,Harrier,Fearless,Black,13,Available
NCU04MZ38YCANE9XT,DLR_02,Nexon,Base,White,20,Available
2P5L8U5H8KR0UF3H1,DLR_02,Harrier,Empowered,Grey,12,Available
RNX02AAH4EX4S682K,DLR_10,Tiago,Base,Black,42,Available
W5FEB82J3HK5MP90A,DLR_12,Safari,Base,Black,14,Available
ZD9HVPKG6SNDHA397,DLR_13,Tiago,Base,White,11,Available
766XC519511DT4DXS,DLR_12,Tiago,Empowered,Grey,36,Available
YJW7D5GH6L5FNLX5B,DLR_16,Tiago,Empowered,Red,5,Available
4UPA0JPZ1TFXNNKG4,DLR_19,Safari,Fearless,White,27,Available
LUNNWGSS8JH7HETRH,DLR_19,Harrier,Fearless,Black,7,Available
0BVUDUME19JEW1GEC,DLR_16,Punch,Empowered,Red,17,Available
1AXWSHEH4NX0JX28C,DLR_02,Punch,Empowered,Grey,33,Available
X652L3FV5MG2K4R0C,DLR_19,Tiago,Fearless,Grey,35,Available
64JBVBEM7DRBC0T3M,DLR_11,Safari,Fearless,Black,38,Available
LYCBBJAP7EVMWSB7A,DLR_04,Tiago,Creative,White,33,Available
MMH4K2DS9YG8ECRGS,DLR_19,Tiago,Fearless,Blue,30,Available
9A4PPXKD2YEU1RM1F,DLR_16,Harrier,Fearless,Black,21,Available
BYZZA5ZF40AVWVWAW,DLR_15,Harrier,Creative,White,34,Available
5PGX1JGW2GPWEEEXB,DLR_02,Nexon,Fearless,White,9,Available
97F47F5B1S7GCT8MV,DLR_13,Harrier,Base,Black,3,Available
MULUYERE38TFPNT6C,DLR_12,Safari,Empowered,White,24,Available
D25PB18X0UXEPSKCP,DLR_09,Tiago,Empowered,Grey,42,Available
9GWTM30870B8E6JNM,DLR_18,Harrier,Fearless,Red,4,Available
ZGUDSB951R4NCJELY,DLR_11,Tiago,Creative,White,2,Available
AL7V9ZK4X3XXJNC0T,DLR_02,Nexon,Creative,Blue,22,Available
FGUEB1ZA8BG36RPCL,DLR_20,Harrier,Base,Red,9,Available
8L0AFRD43Z599MC82,DLR_12,Nexon,Base,Red,12,Available
7B1NW94A6913TBB5Y,DLR_13,Safari,Fearless,Grey,38,Available
N5SMPL4Y8Z7M7CJW8,DLR_11,Nexon,Creative,Blue,45,Available
LTYXCHEVX6X6XLKKX,DLR_08,Punch,Base,Blue,2,Available
B2TXBDLRXT7MZRRTZ,DLR_19,Safari,Creative,White,33,Available
3MRKECLH5KVGLWWY0,DLR_20,Safari,Empowered,Blue,45,Available
1CETTC683G4SBC7A6,DLR_14,Tiago,Creative,White,28,Available
F589Y7WE4J5BNVSJA,DLR_03,Harrier,Empowered,Black,19,Available
D325B58G91ZZ94EGJ,DLR_06,Harrier,Base,Blue,18,Available
SR26VHWP7DDMV4EWY,DLR_05,Nexon,Fearless,Red,31,Available
2T0YAL1L0H7L1RSKY,DLR_11,Tiago,Empowered,Grey,7,Available
66M79TAE2MUP5W0JY,DLR_15,Punch,Base,Red,10,Available
AJCFDNRBXDYLCA1KN,DLR_08,Tiago,Creative,Grey,24,Available
AZV5WZ5A28MME988K,DLR_12,Safari,Empowered,White,17,Available
NM5R7FV25GYWBCAUP,DLR_02,Tiago,Creative,Red,19,Available
248ZXMJ66XJ5CN73N,DLR_09,Punch,Fearless,Grey,2,Available
ELSJKFDC00166NWR2,DLR_06,Harrier,Creative,White,21,Available
023D9E9W8M8T4V2HV,DLR_16,Harrier,Base,Red,4,Available
01BKGPPMX2RRDXZPH,DLR_07,Nexon,Creative,White,35,Available
FW1SU4K85BCHM7DT6,DLR_20,Tiago,Fearless,Black,26,Available
1A1LDRMZ5N94RJ4GH,DLR_03,Safari,Creative,White,20,Available
DJZ44FXK3EVWMALB0,DLR_11,Tiago,Empowered,Black,28,Available
J4PECWW44X09J4P29,DLR_12,Punch,Fearless,Grey,22,Available
U6R1C4UV50D08KCVG,DLR_06,Nexon,Creative,Red,20,Available
17U5P60B1368EJVG9,DLR_20,Punch,Creative,Grey,34,Available
3P0DYEBR9FZC1C2WV,DLR_10,Punch,Fearless,Black,10,Available
5JGZUYE2XBUVM7WF8,DLR_09,Tiago,Base,Blue,39,Available
LPAPPS038MMGUCTM1,DLR_17,Nexon,Empowered,Grey,5,Available
BXA537SG22RBA0DEE,DLR_05,Safari,Empowered,Grey,10,Available
UKNK99BP0TT6NVG8C,DLR_17,Punch,Empowered,Blue,32,Available
KNN7C6N317N4HLP62,DLR_15,Harrier,Base,White,26,Available
2KE7N6V87FPWK59ET,DLR_20,Punch,Fearless,Black,37,Available
E2SERZNS5FCG722VS,DLR_06,Punch,Empowered,White,42,Available
ZGAT1RYA8DLXGXR87,DLR_15,Tiago,Fearless,Black,34,Available
5W8LJH6M7SBB133C0,DLR_19,Nexon,Empowered,Blue,29,Available
U28J4K749LUUGP8FY,DLR_11,Harrier,Base,Red,8,Available
3CPZHWEU3ZZS7WRKZ,DLR_04,Safari,Creative,Red,13,Available
MSUUPLTS7H5MB0G8A,DLR_08,Harrier,Base,White,24,Available
KSUXCD5X92D1R83JA,DLR_16,Safari,Creative,Red,21,Available
6YWG9YZU8W15ARL65,DLR_15,Punch,Empowered,Red,39,Available
WA49RDST2ZNVHFZVC,DLR_01,Nexon,Base,Red,33,Available
G4HZUSAP85U3ZGHZD,DLR_18,Tiago,Fearless,Blue,33,Available
7AYV599879LEXYM42,DLR_06,Tiago,Fearless,Blue,4,Available
7MADFGFZ78F7PDUKP,DLR_07,Nexon,Base,Blue,2,Available
U5A2AUVJ73X1APG6D,DLR_19,Punch,Empowered,White,24,Available
WDZF3Z9W86XZYN8T8,DLR_13,Punch,Base,White,24,Available
TPAJMU1L6HEE6U9J8,DLR_18,Tiago,Creative,Red,19,Available
08X57AKS60X1SH795,DLR_03,Safari,Empowered,Red,27,Available
W2HDGYW92EL39V3RY,DLR_19,Harrier,Empowered,Grey,38,Available
3BPF3U3J2H08K6DYY,DLR_20,Harrier,Creative,Blue,32,Available
LRRU8JVX4V84F6EVR,DLR_12,Nexon,Fearless,Grey,41,Available
E9N13U583WJF1009V,DLR_08,Nexon,Fearless,Black,5,Available
Y4VL285A9K2ZXLUW3,DLR_17,Safari,Fearless,Red,40,Available
2CU8165C1PSRNCN90,DLR_15,Nexon,Creative,Grey,23,Available
KAK4JTTY49YMBKUB9,DLR_11,Safari,Fearless,Red,30,Available
JDE5ARNB3WD8PYLFS,DLR_08,Punch,Fearless,Grey,34,Available
10WK47X2443MX91FF,DLR_08,Punch,Fearless,Grey,6,Available
1KGX2Y651L0420XYD,DLR_05,Tiago,Creative,White,30,Available
ABM0DGAU6UE27J0MZ,DLR_08,Nexon,Creative,White,43,Available
52TF4BMAX9WU7364P,DLR_13,Tiago,Base,White,31,Available
WCKCFTD78VM92T0JH,DLR_20,Punch,Base,Blue,41,Available
UFJFWX345AMU3EH06,DLR_07,Harrier,Fearless,Red,7,Available
42JDSHJ74J5N9GCT4,DLR_02,Nexon,Empowered,Blue,30,Available
SW97AG3V6UTR7LUWK,DLR_20,Safari,Base,Red,2,Available
1Z27J5575WS8DR14L,DLR_08,Safari,Base,White,30,Available
AZFTSPVZ88VUXVDS6,DLR_20,Punch,Base,Grey,10,Available
JZ9W67KR417LMNDSS,DLR_11,Punch,Fearless,Black,4,Available
8BMKB5CM9H27SX8NS,DLR_02,Tiago,Fearless,White,21,Available
D7C7P94R5P1VRX59B,DLR_08,Safari,Creative,Red,28,Available
UHKVT6BV604CKS50E,DLR_05,Nexon,Fearless,Red,15,Available
4HGVDGPY8W3GB621B,DLR_18,Nexon,Base,Red,25,Available
YTTXUX1X6DMAUYN43,DLR_10,Harrier,Empowered,Red,28,Available
7LL60DMY7GSEJMNJS,DLR_09,Harrier,Fearless,Blue,24,Available
SP3RFKYS8YS41P1KV,DLR_18,Safari,Base,Black,37,Available
8VMN4R4T8GHAM6CYL,DLR_08,Tiago,Creative,Grey,21,Available
B672KN5H2F0V2XNVK,DLR_05,Punch,Base,Red,39,Available
ESESF6MC4L6UM2Z9B,DLR_07,Nexon,Empowered,Blue,41,Available
6LKJCFPN5GDU5J94K,DLR_14,Punch,Base,Red,10,Available
40AJDXW18CC1FUU1B,DLR_13,Harrier,Creative,Blue,36,Available
64488M032VWDK4TKJ,DLR_15,Safari,Fearless,Black,39,Available
KEC0DVZUXMKH2L217,DLR_19,Nexon,Creative,Blue,44,Available
9CAHA6HM6CJJYXN9J,DLR_18,Punch,Base,Blue,38,Available
XEHB9A9435K6NV3CR,DLR_19,Punch,Creative,Grey,21,Available
FNYYK3BL7XTY4ZYEN,DLR_11,Tiago,Creative,Blue,44,Available
3PXJXCVD0Z3SBC9H8,DLR_07,Punch,Fearless,Red,37,Available
GBWCV17M21195ZZKX,DLR_12,Harrier,Base,Grey,43,Available
C1WXH20V7BL8RSRJW,DLR_13,Harrier,Creative,Black,37,Available
3BYHANTU4WDB7LLRJ,DLR_08,Harrier,Fearless,Blue,35,Available
VZD7DZSK72SY18GFG,DLR_13,Tiago,Fearless,Black,6,Available
35BCTUYW6XP91J39T,DLR_01,Safari,Fearless,Red,26,Available
UZ3XMZEN0XNLSAWGX,DLR_01,Harrier,Base,Red,22,Available
M29PYN3E8YJ5X2TUU,DLR_02,Nexon,Fearless,Red,4,Available
SAVB6MFA6L3CH2J02,DLR_12,Punch,Base,Red,17,Available
20465LJG422TEULMF,DLR_07,Punch,Creative,Grey,41,Available
2LH56S5S277504HLA,DLR_05,Harrier,Creative,Black,6,Available
X6CU34GU4HJ8VXC20,DLR_05,Harrier,Empowered,Grey,18,Available
BG2LL72P8VAYK87Z0,DLR_14,Safari,Fearless,Black,39,Available
H12YSXRB44F951BZK,DLR_01,Safari,Fearless,Red,43,Available
Y7FKWLDW7NFUSPELW,DLR_13,Safari,Base,White,42,Available
TC1SZ2WX4PBMKL7BX,DLR_02,Harrier,Base,Blue,23,Available
W9HFSXZD925H23W3E,DLR_05,Safari,Empowered,Blue,30,Available
EMZZZN3Y09PFYDBX7,DLR_03,Punch,Creative,Grey,12,Available
MLCA82WR9SKP3LTJX,DLR_16,Punch,Fearless,Black,38,Available
D2P5Z8BP4G77AEKP1,DLR_20,Nexon,Empowered,Blue,18,Available
H7G28VZCX0W66UJ7D,DLR_11,Safari,Base,White,13,Available
SMSERJ0055XCTH0RU,DLR_05,Harrier,Creative,Black,18,Available
6ZLSXECA03MV8CH61,DLR_17,Tiago,Creative,Red,6,Available
BWETTXH99M6JV8VE0,DLR_17,Safari,Fearless,Red,32,Available
TUDZGN4U609NAGGMJ,DLR_01,Tiago,Base,Blue,9,Available
02YC474BXAG64MZ4E,DLR_04,Harrier,Empowered,Black,2,Available
7HANURKZ9L2D61JZK,DLR_19,Nexon,Base,White,39,Available
6PP0GMWY1UDB0445B,DLR_12,Safari,Empowered,Blue,14,Available
V9NF4Y6S6ZTWFPP1C,DLR_09,Punch,Base,Grey,8,Available
GX7VFSY67D5F2UM5E,DLR_15,Harrier,Empowered,White,13,Available
3CAP7N7C29JGMKLTN,DLR_08,Punch,Fearless,Red,43,Available
F1FCZJ85X4YJJACET,DLR_20,Nexon,Fearless,White,5,Available
S1VWWHER0NXJTYPFM,DLR_17,Harrier,Fearless,Black,4,Available
WBWAM90E5HHB7MZKT,DLR_14,Nexon,Creative,Black,33,Available
50Y8546HXR4GG5U9X,DLR_13,Punch,Creative,Grey,22,Available
7LX6X24J7W6HP6G9H,DLR_16,Punch,Creative,White,10,Available
TRYJG2F19AJ00UL8S,DLR_08,Punch,Fearless,Red,8,Available
HXZTB5ZU8M3KBMW4E,DLR_16,Safari,Base,Blue,44,Available
UBPV25TH2XB05VAJJ,DLR_10,Tiago,Empowered,Grey,13,Available
P3F7S1TC92DCS4R1A,DLR_16,Nexon,Fearless,Grey,15,Available
F9MA6XNV2LVX6CU8W,DLR_10,Safari,Fearless,Grey,38,Available
0PENBFF207ZV53XH0,DLR_18,Tiago,Creative,Blue,26,Available
P3FSKML59013LL8SR,DLR_12,Punch,Fearless,Black,19,Available
0LV0J80Z0RZE5SL27,DLR_02,Harrier,Creative,Red,13,Available
Y0YZDZXK39B1B3183,DLR_15,Punch,Empowered,Red,35,Available
6RN2LN3A5H9T8UGE4,DLR_03,Nexon,Empowered,Red,8,Available
PAT31VEJ5UZ298PD5,DLR_06,Harrier,Creative,Blue,32,Available
K99UUW52X16VBU3WJ,DLR_07,Harrier,Fearless,Black,8,Available
6NBHPBPL82NPH9YPS,DLR_10,Nexon,Fearless,Grey,39,Available
RDKWU5512WY021LD1,DLR_07,Punch,Creative,Blue,12,Available
9HUW9X9X58HAK9M0W,DLR_10,Nexon,Fearless,Red,43,Available
0N0MBCJ3251AYHEXL,DLR_18,Safari,Creative,White,30,Available
WJPU14M519AJBTHE7,DLR_19,Safari,Base,Black,30,Available
HCHHWY229TTB3SUUT,DLR_20,Harrier,Empowered,Red,7,Available
0E1B0XXY6734P9PTU,DLR_08,Nexon,Base,Grey,12,Available
L5W1YUJ8018GNACCG,DLR_10,Nexon,Base,White,37,Available
Y58WJB4M7SLU9P8W7,DLR_13,Harrier,Base,Blue,37,Available
61GR405N4T3P1LFAF,DLR_13,Safari,Fearless,White,44,Available
0EGJMUZG5DS50PNA7,DLR_20,Safari,Empowered,Blue,14,Available
YUZ4F4PS2WS6EG25C,DLR_13,Tiago,Base,White,37,Available
AAFMLF605GZZK5D50,DLR_04,Harrier,Fearless,Grey,22,Available
2VGKY75L7X4W3CYAA,DLR_02,Punch,Creative,White,11,Available
KKGU3AFB3AXDEFA81,DLR_16,Safari,Base,Grey,14,Available
8BLKECNX9W5DZ2AL1,DLR_17,Harrier,Base,Blue,33,Available
M3Y72VUJ5X76K0DW3,DLR_01,Tiago,Creative,White,43,Available
2R8AGXCT1D64XSP19,DLR_16,Tiago,Base,Grey,35,Available
ZV9T6GXM4HW3WKAT1,DLR_02,Punch,Creative,Blue,24,Available
MW3RVF1R6D9LKUK98,DLR_13,Nexon,Fearless,Blue,42,Available
86UEFBHBX99SWD27E,DLR_04,Nexon,Empowered,Grey,43,Available
MJ0ULK8J62PRR1CBD,DLR_16,Harrier,Empowered,Blue,24,Available
SHA95MZA52KKHR6D4,DLR_04,Tiago,Base,Grey,26,Available
45F72SLM7CY77J5FA,DLR_12,Harrier,Fearless,Red,33,Available
DBK9EK9R8M5XCLGPB,DLR_13,Nexon,Fearless,Grey,14,Available
RVXA7WEZ43FRTUMZJ,DLR_11,Punch,Creative,Black,16,Available
H32LDN5F2PHF0V5WD,DLR_12,Nexon,Empowered,White,36,Available
4331SBBL2YBU34VYN,DLR_10,Safari,Base,Red,18,Available
A4WWELJL3XSN5SDEZ,DLR_07,Safari,Empowered,Red,21,Available
2B02WDY97A0D0CGJL,DLR_09,Punch,Creative,Red,8,Available
899FS4861BJYBGXG0,DLR_11,Punch,Fearless,Grey,30,Available
3E4G81BH3LLTT66J2,DLR_15,Tiago,Empowered,Black,3,Available
G3SMU0P8XMX3H4TXL,DLR_08,Tiago,Fearless,Blue,3,Available
PMXM03B19TDYNL3NY,DLR_18,Punch,Empowered,Red,10,Available
KYLH2PGN1FEXH8TYL,DLR_09,Punch,Creative,Grey,18,Available
FP5C9BYM37PYAC2WX,DLR_08,Punch,Creative,Blue,2,Available
TE9G6WP30NBTWK6HM,DLR_05,Tiago,Empowered,Black,2,Available
HVVWLHYK3TTLGY2AG,DLR_16,Harrier,Empowered,White,41,Available
F93KHS19XFUCV7ZF5,DLR_02,Punch,Creative,Grey,8,Available
TCHCHPVS16190M30Y,DLR_14,Nexon,Empowered,Black,2,Available
KM6VAP7A9YNRL9JGE,DLR_18,Nexon,Base,Red,36,Available
9BY2AW5D4M5CW517F,DLR_06,Tiago,Creative,Black,23,Available
4N2TCD6L197D5XWPC,DLR_13,Nexon,Empowered,Black,22,Available
FJL30KL909AVDV2SD,DLR_04,Punch,Creative,Red,8,Available
U7JMDCES3PPGX75Y7,DLR_05,Safari,Base,Black,26,Available
PZGABDM66ZS57V00K,DLR_06,Harrier,Creative,Grey,45,Available
XH924LMJ5PX4NA3N3,DLR_02,Punch,Empowered,White,9,Available
H30T1E2D9V4U99AF8,DLR_16,Nexon,Empowered,Black,27,Available
6W8DBCTG7AS2SSE11,DLR_09,Nexon,Creative,Grey,2,Available
HES4ZX8Y3B6VWR4K5,DLR_17,Harrier,Base,Grey,36,Available
F2VENADFX16012PR2,DLR_15,Tiago,Empowered,White,27,Available
009UV4DB0DM15XTUN,DLR_10,Safari,Empowered,Black,11,Available
27VFX3CT277SCM1DJ,DLR_07,Punch,Fearless,White,45,Available
MBHJ8H1U9AMCJ9AVN,DLR_14,Safari,Creative,Grey,45,Available
MZXVJLV03UD0LR4P1,DLR_11,Safari,Base,Black,39,Available
NJ6A2RU94RAKRK510,DLR_17,Punch,Fearless,White,19,Available
SV9DS2YF9KASTCFCZ,DLR_05,Punch,Fearless,Black,21,Available
H3PXP18G650W7YEKH,DLR_07,Nexon,Empowered,Black,1,Available
0FD49U914C09HCWLM,DLR_08,Nexon,Empowered,Blue,6,Available
NSR6AJ2J5Z0V8735Y,DLR_02,Safari,Fearless,Black,32,Available
KLP9U92GXVSM6FHGW,DLR_20,Tiago,Base,Black,39,Available
963J389Y15PVBK3W2,DLR_09,Punch,Creative,Blue,14,Available
HRXNR2AZ56ACDA3E0,DLR_11,Safari,Base,Black,32,Available
417HT95B7L4DG985P,DLR_07,Punch,Empowered,Red,37,Available
9KCLC8FX3K5PG53KG,DLR_02,Tiago,Fearless,Grey,37,Available
Z5ZN6CE9XUXDUDUU8,DLR_02,Tiago,Empowered,Grey,1,Available
Z5J8PT4E7SM6F57NX,DLR_06,Tiago,Fearless,Blue,36,Available
CT1UNVTA043256C1S,DLR_15,Harrier,Creative,Red,18,Available
CJ65HXFX4HM2MMX4B,DLR_08,Punch,Creative,Black,10,Available
H2BK0VHM81MEX7HPH,DLR_05,Nexon,Empowered,Blue,27,Available
87PWCLRN3W3N8SBNM,DLR_07,Harrier,Base,White,18,Available
D2843W919LZD2BY97,DLR_08,Tiago,Empowered,Grey,37,Available
5FPUW2R8XSC2SF7EK,DLR_12,Safari,Empowered,Black,15,Available
N7SBDW7312Z4EFMUA,DLR_06,Punch,Creative,Blue,27,Available
W8395KEZ1DF7UWBHT,DLR_05,Safari,Base,Red,34,Available
JTEYAMHN3N362RY7U,DLR_13,Nexon,Fearless,Red,15,Available
2WG21FW825XFMGTH1,DLR_06,Punch,Fearless,Red,12,Available
M5KC34DJ8E7FZWJUX,DLR_03,Harrier,Base,Red,25,Available
03JJVUEL7C0KL6ZHR,DLR_16,Safari,Base,Black,33,Available
JTPY3PGM2L5FJHD7D,DLR_18,Harrier,Creative,White,25,Available
Z0X4F94T147EFD20Y,DLR_17,Safari,Creative,Blue,42,Available
B7VGUUVK8UV0KN9NU,DLR_17,Nexon,Fearless,Grey,33,Available
L601SB3L96AU76JM9,DLR_09,Safari,Creative,Grey,10,Available
FKTDUU634LXZEDZ92,DLR_12,Nexon,Fearless,White,10,Available
7SA2ASTW8GFPL5F0K,DLR_10,Tiago,Fearless,Grey,36,Available
ZTAUGMNL67MWZLY4D,DLR_16,Tiago,Fearless,Blue,1,Available
PRZVKP305CFC3HS82,DLR_17,Tiago,Fearless,Red,26,Available
Z9A1JAUB6181KHJRP,DLR_12,Punch,Fearless,Red,33,Available
PAZ1R04N8MBWHL593,DLR_12,Harrier,Fearless,Black,21,Available
KYLXNUB0XCG7B1PF3,DLR_08,Tiago,Fearless,White,11,Available
59S58TNS994HG59E3,DLR_20,Punch,Fearless,White,3,Available
0RLGTKE89U5EL4Z9J,DLR_02,Safari,Fearless,Black,37,Available
3K0AEKYP4NCD7J1SG,DLR_11,Nexon,Fearless,Black,5,Available
MHG3JHL045CR4RHC6,DLR_04,Punch,Base,Black,17,Available
YF2VCV6X3J0CJYT3L,DLR_08,Harrier,Empowered,White,28,Available
11ET95AB2B4N635AZ,DLR_15,Nexon,Base,Blue,9,Available
G02P38J796MZUXD86,DLR_06,Harrier,Creative,Blue,3,Available
5SPPR3DF0E21AJT48,DLR_05,Punch,Empowered,White,12,Available
YDRF3TLX0JBKVY0HW,DLR_20,Safari,Base,Red,10,Available
9FKHWCAF4MV1SUJE8,DLR_03,Nexon,Creative,Grey,44,Available
3JCA49M13KET4SKP5,DLR_12,Nexon,Fearless,Black,35,Available
L6ARBCCY2TWK4W3VD,DLR_15,Nexon,Empowered,Grey,14,Available
NV4W3LHD8WCL58MY0,DLR_11,Tiago,Empowered,Red,11,Available
B38TB8SL900WW9B58,DLR_14,Harrier,Creative,White,45,Available
X7LKUKGG41PG0UF86,DLR_12,Safari,Empowered,Red,34,Available
ANKM7WNJ8UWUUSWNW,DLR_04,Safari,Creative,Black,32,Available
EPDWCV9T6VBF57LA6,DLR_07,Harrier,Base,Black,21,Available
G1HWNPE69WC8YXBD2,DLR_14,Safari,Creative,Blue,35,Available
1L4XYJ3X4ED53MWG3,DLR_04,Harrier,Base,Black,7,Available
4SG0SFEL1R7Y1F6RZ,DLR_16,Safari,Creative,Blue,12,Available
25WM1N9W7JVLFF4NN,DLR_16,Safari,Base,Black,16,Available
CERPSZFS6FMX17VPG,DLR_16,Harrier,Empowered,Blue,33,Available
ZY4F97ZU4LKXG189S,DLR_10,Harrier,Creative,Black,44,Available
MAR8N6PM06R7FZAC6,DLR_05,Harrier,Base,Black,23,Available
VGRBFFC28RJMSJBHL,DLR_16,Tiago,Fearless,Red,18,Available
PCM3ZUJM4W26L33F4,DLR_18,Punch,Fearless,White,36,Available
50HRGKMMX8GPTP42H,DLR_14,Harrier,Creative,Grey,43,Available
1T2Y9LZR0JCAAZ6EV,DLR_04,Nexon,Base,White,30,Available
41NAEAF9X1AAMX02M,DLR_18,Harrier,Fearless,White,17,Available
KMV0ZPV76314U0EPD,DLR_11,Tiago,Base,Blue,33,Available
0DPWH5GF41RE8GKCR,DLR_19,Nexon,Creative,Blue,41,Available
7R05UHPK1MNRR25AM,DLR_06,Punch,Base,White,37,Available
J90CK27K4XPRHN6YZ,DLR_12,Tiago,Creative,Red,15,Available
5EBPDYC2XUFTY3JL2,DLR_06,Nexon,Creative,Black,40,Available
RYB7V2C76M52EVYA0,DLR_05,Punch,Creative,Red,33,Available
JF4FDNVB6BA1449GK,DLR_06,Tiago,Fearless,Blue,1,Available
ZLXZFABY6STZE0E9C,DLR_17,Safari,Empowered,Blue,23,Available
HF4LLL2P79W6FECD3,DLR_16,Punch,Empowered,Grey,10,Available
PTDLLV2T7N7SH2CLN,DLR_05,Nexon,Fearless,Red,13,Available
AFXD84366A9LWC62D,DLR_10,Safari,Base,Red,3,Available
7JWGHCZ6952PSVWU1,DLR_08,Tiago,Empowered,White,34,Available
9J8DXP310NY82AC2C,DLR_07,Safari,Creative,Blue,1,Available
XRH8ANFG0JFTC27RS,DLR_17,Tiago,Fearless,Red,29,Available
UM3MZB613TNCH08HW,DLR_18,Tiago,Creative,Red,30,Available
WU0KDSK17X7MT5LAV,DLR_01,Safari,Empowered,Blue,30,Available
C8ZKJSKP7HHJDPUH5,DLR_02,Harrier,Creative,Red,37,Available
GN8UHFRD1R1CWGFTK,DLR_03,Tiago,Empowered,Black,2,Available
YTWTLYKX9VHSHGT91,DLR_10,Nexon,Creative,Black,35,Available
Z34R8SYL1CK3LLJ0T,DLR_07,Tiago,Empowered,Grey,43,Available
CMBNTUAZ7CKDYEPLT,DLR_13,Tiago,Fearless,Red,33,Available
TR2JLYJN2KH7AK7ZB,DLR_20,Harrier,Creative,Black,32,Available
DH72DL983K7WMPMMV,DLR_19,Punch,Empowered,Black,11,Available
M11E42KZ2WYW3WNU8,DLR_06,Tiago,Empowered,White,24,Available
KXH1F8DK6J8ER2ALW,DLR_15,Safari,Base,Grey,25,Available
F0LPPC3K6J1RVZKR2,DLR_06,Harrier,Fearless,Blue,5,Available
W7X4UCLM8751HHWH8,DLR_08,Tiago,Fearless,Black,10,Available
CDY8DY2A093BT3XDN,DLR_08,Punch,Fearless,Black,30,Available
LBJG244AX2BDHP8XG,DLR_08,Tiago,Empowered,Grey,8,Available
KJP4Y5TY7HK9EUDYN,DLR_10,Punch,Base,Grey,31,Available
EYABAE298NHF73GWJ,DLR_01,Punch,Creative,Black,2,Available
5PH01WY4398UHV1WB,DLR_15,Nexon,Empowered,Black,33,Available
AA6T2ZC54S1X5K9FD,DLR_13,Harrier,Fearless,Black,16,Available
6MGUJ28XX32L40CNA,DLR_17,Harrier,Fearless,White,16,Available
5PJAD9J02NH5R9K01,DLR_03,Harrier,Fearless,Grey,26,Available
B62S418ZXERAJANMF,DLR_11,Harrier,Creative,Blue,27,Available
9ZRJG9L28S2A4XU1N,DLR_17,Punch,Empowered,Grey,22,Available
FKZ97F397GC4E0E5U,DLR_02,Nexon,Creative,Black,20,Available
Z1S031LK3YD0VDP1H,DLR_18,Harrier,Fearless,Grey,16,Available
3F82WUXT46VKK6V47,DLR_20,Punch,Base,Blue,40,Available
WWN8Z9463E3LZHJZP,DLR_04,Safari,Empowered,Red,32,Available
YTT6XCAE6VC63X3V0,DLR_04,Tiago,Empowered,Black,5,Available
N3UWM67F5TV3V05DC,DLR_06,Nexon,Fearless,Grey,25,Available
VGZX24BL0K94S9AYH,DLR_07,Tiago,Creative,Blue,21,Available
3P95V4AG8PBE5GW28,DLR_02,Harrier,Empowered,Grey,25,Available
TL1R0ZN68F0RLBDY2,DLR_09,Harrier,Fearless,Blue,38,Available
ZHNGY7BK0ZYCZNUZG,DLR_13,Punch,Fearless,Blue,34,Available
DDCLZ2222XGGT37FX,DLR_15,Safari,Creative,Black,29,Available
PG0CB9B35AVRCNJBP,DLR_20,Punch,Empowered,White,12,Available
KXY9BSAL8N3JT28Y9,DLR_02,Harrier,Creative,Grey,3,Available
J1R7Y88J73TAT3DB8,DLR_01,Tiago,Empowered,White,35,Available
C5SP5KMN82WWSYAHK,DLR_06,Nexon,Creative,Grey,15,Available
UMU2EZYS96737RUVW,DLR_10,Punch,Fearless,Grey,35,Available
CAV9SP6C84HUUVUH5,DLR_05,Harrier,Base,Black,11,Available
KF3N49RVX2LS6FBRK,DLR_07,Harrier,Base,Blue,8,Available
U0XDY1WP1G08TAEJV,DLR_03,Safari,Base,Red,42,Available
H88URBGF7R4JUDPWN,DLR_02,Safari,Empowered,Red,9,Available
29DYFH400D5KVAVBJ,DLR_08,Nexon,Empowered,Red,7,Available
C2NNTR0T9KNCSY40D,DLR_02,Tiago,Creative,Red,20,Available
2KFZM7BC8ZZRDFUTB,DLR_13,Punch,Empowered,Black,11,Available
YEKV49090NVJNY1H7,DLR_03,Harrier,Base,White,9,Available
SBVHRBBV9E8N35MGR,DLR_16,Punch,Fearless,Red,23,Available
3B10J80L87LYHG9VX,DLR_17,Punch,Fearless,Red,38,Available
DEZNNW7G55ZD3RWLJ,DLR_14,Harrier,Base,White,4,Available
TV1R6X3S09FEHZ15H,DLR_16,Nexon,Creative,White,16,Available
AR402JMB4LSUAETNH,DLR_19,Harrier,Fearless,Black,4,Available
K4B8NPBK2MEWV9CNC,DLR_15,Punch,Creative,Blue,9,Available
43NX3GRW2SKH63BFA,DLR_12,Safari,Empowered,Grey,43,Available
583B5R0E3PJ2GEZ6H,DLR_02,Safari,Creative,Black,26,Available
NERAZDHV83GRBD0CA,DLR_17,Safari,Creative,Red,32,Available
792LP7E773A6T4JHZ,DLR_15,Harrier,Empowered,Grey,40,Available
4EVFXBXHXCKZBLZ50,DLR_17,Punch,Fearless,Blue,26,Available
GKV843HE42FDHFMM1,DLR_02,Tiago,Empowered,White,45,Available
FE8ALTDB369ZZ8RU2,DLR_16,Harrier,Fearless,Blue,1,Available
7L5E701C7SAF4ZJC3,DLR_20,Safari,Creative,Grey,30,Available
TL5RKEFG0PXFNFDJD,DLR_09,Nexon,Empowered,Red,39,Available
0NAMN20J7U9JMPAVG,DLR_08,Safari,Base,Blue,15,Available
ZY4KL8EL6WP7NBKNM,DLR_12,Nexon,Empowered,Grey,12,Available
5V6CJL65XTYCHPZDC,DLR_03,Tiago,Empowered,Red,27,Available
1ZPNH4L57CKN5BPL5,DLR_03,Nexon,Fearless,Blue,19,Available
6CDBGDVN4VVL8FNC3,DLR_02,Tiago,Creative,Grey,1,Available
KP7JZT3V746EP55HK,DLR_03,Harrier,Creative,Black,34,Available
UNDFBZ3E7VCTN17G3,DLR_12,Harrier,Base,Red,17,Available
M9WSADM55LASJLSXV,DLR_03,Nexon,Creative,Blue,29,Available
S3DH3D1Y4J9U07ZDF,DLR_12,Harrier,Base,Blue,19,Available
AGW8D5DX52U9UTACH,DLR_02,Punch,Base,Blue,30,Available
XVZL6CXZ2UZDGL463,DLR_07,Nexon,Fearless,Black,20,Available
1FRL70ZG9S2BUXNBB,DLR_11,Nexon,Creative,Grey,24,Available
BKZ8D1T35PNGV4G0G,DLR_05,Punch,Empowered,White,31,Available
BYNX5D3R4CR6F2Z7W,DLR_08,Punch,Base,Blue,15,Available
81G4MTEA48AFZEDYX,DLR_05,Nexon,Creative,White,30,Available
NKJB70VW8APYY1MJV,DLR_06,Harrier,Fearless,White,16,Available
6U2GAA8E5FBMSY658,DLR_04,Punch,Creative,Grey,10,Available
CSSVHVXY3CFZ4UPG9,DLR_03,Safari,Fearless,White,38,Available
S23JLMEX4KJWUCPJT,DLR_20,Nexon,Base,Red,40,Available
9Y0S7HF91PA5FGLAF,DLR_18,Tiago,Empowered,White,42,Available
3ZYHWZXK0UYML3PFL,DLR_13,Tiago,Fearless,Blue,24,Available
XV2ZGSND6SZDZ3Z94,DLR_19,Punch,Base,Red,34,Available
JM2GH2TE3WYJAM123,DLR_08,Safari,Creative,Black,42,Available
DDVZWBP87S2W3MWFN,DLR_04,Punch,Creative,White,43,Available
XAF4AL193E5Y5SU59,DLR_16,Safari,Base,White,21,Available
ZU6TYKEC9KJZH267C,DLR_17,Nexon,Base,Grey,8,Available
6T92JFVH3YPRDXPF6,DLR_01,Safari,Base,Grey,34,Available
JCPXCGS76BY8YJFHH,DLR_20,Nexon,Empowered,Black,44,Available
UD3HR4C933BS5CFW2,DLR_09,Nexon,Fearless,Blue,44,Available
TUKB373T7EF5MTFKD,DLR_01,Tiago,Base,Black,36,Available
ET4P96VJ5N7CJE5WY,DLR_20,Harrier,Empowered,Red,35,Available
SSZWCLWT3P9BRDCXN,DLR_20,Nexon,Base,Red,17,Available
JV76K83D93XXE8H2H,DLR_06,Punch,Fearless,Black,10,Available
L6GZZD0S89X9J7UM1,DLR_20,Nexon,Creative,Grey,24,Available
CU9LGAWR05HNVZTZY,DLR_05,Tiago,Fearless,White,9,Available
SUFTX4PM0WZJS1N9V,DLR_10,Harrier,Creative,Red,44,Available
AY7WB8LW0DJMR2LTY,DLR_19,Safari,Creative,White,6,Available
289N310U8KZYERZVX,DLR_19,Safari,Empowered,White,5,Available
MN9B62J99TWXJ1HZ1,DLR_02,Nexon,Empowered,Black,2,Available
ARD195HD8C36RHRB6,DLR_05,Harrier,Base,Black,30,Available
ASZDJBYA2M11RCSJX,DLR_08,Nexon,Creative,Black,19,Available
MRUVGP507AS97VGYB,DLR_08,Harrier,Empowered,Blue,24,Available
4RDFTJ6Z0SFUM90W2,DLR_18,Harrier,Base,Grey,42,Available
RBNP0EXS33T1WK5AL,DLR_14,Nexon,Empowered,Black,38,Available
91GMH3VJ3TG4APYMF,DLR_02,Harrier,Fearless,White,36,Available
VDMG1LKH1K09F05FZ,DLR_01,Harrier,Empowered,Black,24,Available
J4G65XLC9DHMVZVMR,DLR_11,Nexon,Creative,White,15,Available
2BLGVW7P2B4PYX33F,DLR_05,Nexon,Fearless,Black,12,Available
2YG947F372B3U2MYP,DLR_10,Punch,Base,White,13,Available
PM71BJ2SXHCZGUSMN,DLR_07,Nexon,Base,Red,37,Available
P7GP42AF8V4MSEN8R,DLR_05,Nexon,Fearless,Grey,14,Available
ZHWN798B9E130KA33,DLR_07,Tiago,Creative,Black,14,Available
CTM1GUC04XZU2CWVZ,DLR_08,Nexon,Creative,Blue,3,Available
H60PT3EVX7UCN5MZG,DLR_10,Punch,Creative,Grey,36,Available
U4VFKALY590S53YXA,DLR_11,Nexon,Base,Grey,12,Available
1WS9MN679168S6A4X,DLR_11,Nexon,Fearless,Black,41,Available
H91KWRSP9NR3W75AK,DLR_16,Nexon,Creative,Grey,7,Available
D43TGJD01497MVUVT,DLR_13,Nexon,Base,Red,21,Available
GRNN5V577DE2L88JM,DLR_14,Nexon,Creative,Blue,29,Available
S64JDMJZ9CTWN717K,DLR_17,Punch,Creative,Black,29,Available
2E0W0C0D0A7NJLR8U,DLR_04,Harrier,Creative,Red,17,Available
2SJLK0MJ405P7RGT0,DLR_05,Harrier,Empowered,Blue,25,Available
7ZHLZCK737U0KKXFF,DLR_17,Tiago,Empowered,Red,19,Available
192KXJZV7Z6RT8U3J,DLR_13,Safari,Base,Black,24,Available
70XKG9S63691CBEC2,DLR_11,Harrier,Base,White,4,Available
50MY0VNX73F1K8C4A,DLR_10,Harrier,Empowered,White,29,Available
V17WPY0R8LY0S04D6,DLR_09,Harrier,Base,Red,28,Available
8MF6ZSBP1WYXCHAT3,DLR_07,Nexon,Creative,White,3,Available
N0HZPJYF89KA1N8HC,DLR_17,Harrier,Base,Blue,31,Available
DS9TRWKH70J2U6R2N,DLR_04,Harrier,Empowered,Red,27,Available
ACFUKS6B8N8CTMC4K,DLR_01,Nexon,Fearless,Black,2,Available
KJHW29LG8EYXNCYU0,DLR_01,Harrier,Empowered,Grey,15,Available
X07V0915286Z1NUG0,DLR_16,Punch,Empowered,White,11,Available
DS45DT522EDTLDDRP,DLR_01,Safari,Fearless,Black,22,Available
CHEGDRN99DNB608M1,DLR_06,Nexon,Base,Red,44,Available
0GP0B8J026SUUEZ3K,DLR_07,Tiago,Empowered,Black,38,Available
TD04XEVZ196SGSBZ9,DLR_04,Harrier,Fearless,White,15,Available
FSJZDX1XXMKKVMCFH,DLR_20,Harrier,Fearless,Red,38,Available
L34AJLHN4PCJA5ZMD,DLR_03,Harrier,Base,Red,1,Available
RKA0HVV23T0Y2EPYG,DLR_05,Safari,Base,Red,45,Available
28TANHFH1TND3RLUL,DLR_10,Nexon,Empowered,Grey,10,Available
3UKH5FUY40E0N94B0,DLR_18,Punch,Empowered,Red,9,Available
5L4MMF4Z3DHN9V1N3,DLR_01,Safari,Base,Blue,43,Available
NZ7JR159X6Y4VGBJ8,DLR_15,Nexon,Empowered,Red,33,Available
D9504DS35HEP3MG75,DLR_01,Safari,Creative,White,26,Available
4WKYLB5RXAMLXWTMS,DLR_14,Nexon,Creative,White,15,Available
UGAZZH2076YLUFRWB,DLR_09,Tiago,Empowered,White,34,Available
96XCA0AZ3R38TNNRJ,DLR_18,Punch,Creative,Red,25,Available
3JTZ32DU1P6J9X87V,DLR_10,Tiago,Fearless,White,36,Available
0H2WDK4A8VRREGF5K,DLR_13,Punch,Empowered,Blue,14,Available
R1SJGTZA5W7UGWF8S,DLR_06,Harrier,Fearless,Grey,14,Available
TSZLKA9R203ZECKVT,DLR_13,Nexon,Base,Red,9,Available
ZDTA18LC9ULT3M0BY,DLR_15,Tiago,Fearless,White,21,Available
5YWXZ0HT8WDTJH92K,DLR_15,Nexon,Fearless,Blue,15,Available
EAD5CHY32STG5F704,DLR_17,Harrier,Fearless,Black,4,Available
Z5BTXR1SXY5MKKEB9,DLR_17,Tiago,Fearless,Grey,14,Available
Y9CET1BW765KS0A83,DLR_20,Safari,Creative,Black,45,Available
RM21LNPT94NPA8T3X,DLR_11,Tiago,Base,Red,43,Available
MXU2SSDP9XH9U2HS1,DLR_12,Nexon,Base,Black,16,Available
N7W3TBAG9Y4YSCM4B,DLR_04,Tiago,Empowered,Blue,32,Available
25U43YKG4RKTGGXCZ,DLR_03,Safari,Creative,Blue,44,Available
PCVASZXB1WTY7PX6X,DLR_16,Punch,Creative,Grey,38,Available
RN5UVALEXPNSTKK7Z,DLR_10,Tiago,Creative,Black,21,Available
5ZPFG4PX4HMM2UVUS,DLR_06,Nexon,Empowered,Black,44,Available
ZN6K014U19EYJ7KKH,DLR_02,Safari,Base,Blue,36,Available
2758W9EY2STWFLZDH,DLR_08,Tiago,Base,Blue,5,Available
FM93DZSY39B2WRK0K,DLR_13,Punch,Empowered,Blue,12,Available
E3HL75WT7Y7ZT8PC9,DLR_16,Tiago,Fearless,Grey,37,Available
3C5L29YU8ZAZ57VEB,DLR_11,Punch,Creative,Blue,31,Available
NZDZU65445MF0TTDD,DLR_11,Harrier,Base,Blue,5,Available
KN9E45598P159S4ED,DLR_13,Safari,Base,Grey,19,Available
NRJF0X7U0T41AKSP8,DLR_10,Safari,Fearless,Grey,13,Available
0K5P4YVU3K7N4Z0WW,DLR_09,Harrier,Empowered,Black,31,Available
35FYU6763XFC53AL5,DLR_20,Nexon,Base,Grey,35,Available
5YDNN3YG5875ZBM8T,DLR_16,Punch,Fearless,Blue,7,Available
C614T7PP5JBN9XS7X,DLR_07,Punch,Base,Red,39,Available
DL7DUF2H3BB2YCDR6,DLR_16,Punch,Creative,Grey,41,Available
4EAPYERV5FHSGBZX7,DLR_07,Punch,Fearless,Red,37,Available
ZHK91U9B4X30VM4YC,DLR_17,Harrier,Creative,White,3,Available
V5FSD21G801JEUBA7,DLR_06,Nexon,Base,Grey,10,Available
MDU5YN8T60U1US7LA,DLR_17,Tiago,Fearless,Grey,16,Available
4FS0NMYA32SY48M5S,DLR_04,Harrier,Base,Blue,10,Available
Y8JCKWDEXLTP54SXA,DLR_14,Harrier,Base,White,41,Available
3UXWBB2B8X85YRL2A,DLR_02,Safari,Empowered,Black,42,Available
DB7278V73AMNRGT0G,DLR_04,Punch,Empowered,White,32,Available
5SJVMGSV45NF4C4JT,DLR_01,Nexon,Fearless,White,20,Available
GGKSJ41Y3YDPPZSC8,DLR_05,Punch,Empowered,Blue,18,Available
T7ZG4MZU707745VTY,DLR_01,Punch,Empowered,Black,9,Available
1CB1SPJ93TJRH90ES,DLR_02,Punch,Empowered,White,22,Available
EZ5ZTGAP3LRYGPDK8,DLR_01,Harrier,Fearless,Grey,39,Available
8HFM5TVS5ARSDYGFY,DLR_13,Nexon,Empowered,Black,16,Available
MC9RJKY02YHRFJ3FH,DLR_15,Punch,Empowered,White,22,Available
1GLTYGRX8TDGFSPR4,DLR_09,Punch,Creative,Grey,40,Available
0LJLEA7F2V3TAUPUS,DLR_07,Tiago,Creative,White,37,Available
5P8WFVPY38TM1672B,DLR_19,Punch,Base,White,27,Available
6BABUH9D1H3U86BP6,DLR_01,Nexon,Empowered,Blue,34,Available
AVFJNNKG5RBVFARET,DLR_17,Nexon,Base,Red,16,Available
P0FJDJXKXZCWCK95D,DLR_17,Harrier,Fearless,Blue,19,Available
2LLWMHTX8T6UN6SRH,DLR_18,Nexon,Fearless,Red,9,Available
J7XBZR8364V2HBNNW,DLR_13,Safari,Base,Grey,11,Available
9RFAD4DG6UY4H2ZTN,DLR_04,Safari,Creative,Red,15,Available
R473PLCY48BN45XK1,DLR_13,Punch,Fearless,Black,21,Available
WVAPUM1R5841Y2V06,DLR_04,Safari,Creative,Blue,37,Available
GTWM93428MR2VWA06,DLR_09,Safari,Empowered,White,11,Available
ERPJJN6Y14RDTBKMZ,DLR_04,Tiago,Fearless,Red,7,Available
PA4PFFB99D4WHAG45,DLR_19,Tiago,Fearless,Blue,44,Available
U8PDLN671K5KNVBDA,DLR_10,Harrier,Empowered,Black,41,Available
5WGVYTM97S8ACGXBY,DLR_12,Tiago,Fearless,Blue,12,Available
1JLMGY1254C4A2WSM,DLR_02,Safari,Creative,Blue,19,Available
AWGVK7JJ709ZHLWED,DLR_12,Harrier,Fearless,Blue,39,Available
W563PLUA04DUE9HMG,DLR_14,Punch,Creative,Blue,35,Available
59SMCMNT25X2RW580,DLR_04,Harrier,Base,Grey,32,Available
6PEXHS626Y7G8USU2,DLR_18,Punch,Fearless,White,35,Available
D3F637ED228LZ7S12,DLR_03,Harrier,Base,Blue,13,Available
DRG9VJMWX88S3CHAP,DLR_09,Harrier,Fearless,Red,31,Available
1VEXN9T9775T6RWMN,DLR_19,Harrier,Fearless,White,28,Available
7FCSNTCC8Y24DHVXP,DLR_05,Safari,Empowered,White,14,Available
7YKM6WG2184G67SP6,DLR_04,Punch,Empowered,Black,4,Available
F1C98P1E8C0381EG3,DLR_10,Safari,Creative,Red,6,Available
67D1FGPTXD5V8RS99,DLR_18,Tiago,Fearless,Black,44,Available
J5XRCRV79EWD4FF7A,DLR_13,Harrier,Base,Red,42,Available
F7H58K434BZJAFB94,DLR_20,Nexon,Base,Black,40,Available
U6FDAM1MXT5SRPJBH,DLR_02,Punch,Fearless,White,37,Available
SVPXRBY71ZUVN1628,DLR_13,Harrier,Base,Black,21,Available
2MEVGTD09CM09XSDH,DLR_15,Punch,Creative,Red,14,Available
3AFBYCD33M0UFT7B3,DLR_19,Nexon,Creative,Blue,17,Available
ZX7VCEXJ53GBM359F,DLR_20,Tiago,Fearless,Red,31,Available
UTBKWRU81HCA3D1R0,DLR_18,Punch,Fearless,Grey,4,Available
VHN05D6852T2WT689,DLR_14,Safari,Empowered,Red,32,Available
P2NZ8TFH5MKTW1N1M,DLR_12,Punch,Base,Grey,43,Available
PNK5AXT0X2FBDKD4C,DLR_05,Harrier,Fearless,White,4,Available
VA1AFLWU7HUTPFX2R,DLR_10,Punch,Empowered,Black,35,Available
79SKC18U9VUAC1J5F,DLR_19,Tiago,Fearless,Blue,24,Available
V6JKZ7LK0P8FWJPSS,DLR_05,Nexon,Creative,Grey,34,Available
ETW3EPS93JVAHKZ6L,DLR_15,Safari,Base,Red,8,Available
CS27A41Y6SEEFJ200,DLR_07,Punch,Empowered,Red,45,Available
868VDPUT7VZS34G4C,DLR_09,Tiago,Creative,Blue,36,Available
PCWV5C204104HCE98,DLR_17,Punch,Creative,White,22,Available
AM30YC0S51PNGWJG6,DLR_12,Safari,Base,Black,10,Available
WNJYC64T03TBW7V5C,DLR_19,Safari,Fearless,White,6,Available
981AGDS300RBVHG5C,DLR_20,Safari,Fearless,Blue,36,Available
SSH22ZVTX1BGN8U8K,DLR_11,Punch,Creative,Red,39,Available
V07NLWK19FTCSRJFV,DLR_19,Safari,Fearless,White,13,Available
HAEZY6M70P039BY3E,DLR_15,Harrier,Empowered,White,18,Available
LGLL5RBV406TCA1RS,DLR_01,Tiago,Creative,Black,28,Available
0J094PX4XHVBSWMZ4,DLR_08,Punch,Fearless,Blue,35,Available
MMKZKGZG6EYLA4WK2,DLR_07,Nexon,Fearless,Blue,15,Available
AS4B19MDXJAXT9N5D,DLR_17,Safari,Empowered,Grey,7,Available
AXC5NGK35BZFCDWY4,DLR_12,Harrier,Base,White,37,Available
JX9TXCLT08WDKHHWA,DLR_14,Nexon,Base,White,14,Available
XCXD77S9697733ML4,DLR_15,Harrier,Base,Red,9,Available
U0GADXCZ11HZSEUNG,DLR_18,Nexon,Creative,Blue,6,Available
HF3JKCUJ9ZHJ2PY53,DLR_04,Tiago,Empowered,Grey,2,Available
N6ZRP2GS0LTDESNEB,DLR_12,Safari,Creative,Black,35,Available
X1Z1E2W16X6JWHNDC,DLR_16,Nexon,Creative,Red,17,Available
2Y7UVABL1PS0T7FCU,DLR_05,Harrier,Creative,Grey,28,Available
6GP2UCZK2PPJC10DG,DLR_12,Nexon,Fearless,Grey,36,Available
LNV6SGR295W3MZ94V,DLR_17,Tiago,Fearless,Grey,15,Available
LX6EP5598SDDLMVSR,DLR_03,Punch,Base,Grey,36,Available
WZSETM9X563183G6A,DLR_11,Tiago,Empowered,Blue,36,Available
Y7BFHE354AR6MWJKE,DLR_19,Punch,Creative,Blue,16,Available
9MUWVH2R5ERXZ1PFX,DLR_14,Punch,Fearless,Black,4,Available
TBAZ9AWPXRY36A3FG,DLR_15,Punch,Creative,Grey,3,Available
N873ZSMG8VH5ATMXL,DLR_16,Harrier,Empowered,Red,43,Available
52GKMUW5XZ01UFDKJ,DLR_01,Nexon,Empowered,White,8,Available
8BCLE1U80MGM4B156,DLR_10,Harrier,Creative,Red,32,Available
H6L3DNZMX020Y16ES,DLR_08,Safari,Fearless,Black,19,Available
7AK358RN1MA5HCJBN,DLR_06,Punch,Creative,Red,38,Available
LP8RUA219LW2UZZ9Z,DLR_03,Punch,Creative,Black,35,Available
74RC0J4BXFF28AGB4,DLR_19,Punch,Empowered,Blue,42,Available
G6J5Z2J61JVPCYYZ2,DLR_04,Punch,Base,Red,7,Available
2687X6U20KH9B2FZR,DLR_20,Nexon,Empowered,Red,44,Available
PMKY2NA31MX1DSX2C,DLR_05,Nexon,Base,White,18,Available
02VGM61Z7XD53CR53,DLR_04,Tiago,Creative,Grey,32,Available
RHGBMLPVX41E86KJJ,DLR_01,Punch,Empowered,Grey,22,Available
PJRHYFCA97EL5FVAU,DLR_15,Tiago,Base,White,23,Available
60Y7D1A475ZHW0LYE,DLR_12,Punch,Creative,Red,36,Available
TZYLPAZ86N2DTS9XB,DLR_18,Safari,Creative,Blue,20,Available
WGPLTW0FX1FYPLZSH,DLR_10,Harrier,Fearless,Black,18,Available
RTKB0GCV3MV3UBBFL,DLR_18,Tiago,Empowered,Blue,37,Available
AV5TJ1MAXT592C145,DLR_11,Harrier,Base,White,36,Available
MASWRZ1K4ZVEP3AVJ,DLR_10,Harrier,Base,Grey,35,Available
H3C65YK409R0FL0RN,DLR_03,Punch,Empowered,White,13,Available
GGXL34R600AVL0GA9,DLR_04,Nexon,Base,Black,15,Available
BGYZEF8271SSVL59R,DLR_14,Harrier,Base,Red,3,Available
06MVCUN7XRGC32W99,DLR_14,Tiago,Creative,Red,40,Available
FTTWXCB6131DSYVNR,DLR_16,Harrier,Creative,White,7,Available
15EMJWRL60TL2M6M8,DLR_01,Nexon,Base,Grey,15,Available
FZDSPGTZ42U9GSF9S,DLR_20,Tiago,Empowered,Black,19,Available
KHCXWRYC7GGJ3UMFH,DLR_08,Safari,Base,Blue,6,Available
7WYWSPBU0KRVH6DBN,DLR_17,Safari,Fearless,Black,45,Available
A5N9CCKD17XHGNMPF,DLR_06,Safari,Creative,Red,4,Available
RKD0PH0C2WNNT00W4,DLR_04,Nexon,Creative,White,11,Available
3J74JVT01G099Y4SS,DLR_20,Punch,Empowered,Grey,25,Available
TKT2SEY5546MKFN7R,DLR_09,Nexon,Fearless,Blue,31,Available
45YLV7L72HX8LW5G5,DLR_10,Tiago,Empowered,White,22,Available
WYCGJBVM2BKP1X7Z1,DLR_16,Harrier,Creative,Blue,32,Available
JXDSGYP928WDU1HW6,DLR_07,Nexon,Fearless,Black,6,Available
EALA75DH9FG8PNSPM,DLR_12,Safari,Fearless,White,30,Available
S5N4TWYR6Z9CLTJ92,DLR_05,Tiago,Empowered,Black,33,Available
799PKD2T6A7XVWJEA,DLR_06,Tiago,Base,Grey,24,Available
Z29HC22H470TSZD8P,DLR_09,Safari,Base,Blue,16,Available
YEBWAU6R90KPGXF9U,DLR_20,Tiago,Creative,Black,7,Available
ZF83CV8KX7TBR7P6Z,DLR_01,Nexon,Creative,Red,16,Available
BNFNFZ2V6BWUNVP66,DLR_17,Tiago,Base,Black,42,Available
8M4T64UR9XA295G41,DLR_10,Harrier,Base,White,22,Available
F25M2XS776FGCAP1H,DLR_11,Harrier,Creative,Red,11,Available
T3AR7WY34RFWYFST6,DLR_15,Harrier,Base,Red,33,Available
TM7891Y324G9P5YTK,DLR_18,Nexon,Fearless,Black,22,Available
M2J1VFCY8JV46X1MB,DLR_04,Punch,Empowered,Blue,12,Available
DR4NGXE7X1ZA7FS9B,DLR_06,Nexon,Empowered,Black,22,Available
SD9LSKT11U14HU9S3,DLR_04,Nexon,Base,White,37,Available
72BEXT0K6RW2NF35U,DLR_06,Harrier,Base,White,36,Available
U5E4GHDM1M3LNSP9B,DLR_05,Punch,Base,Red,34,Available
VFP652061RNB8BSTJ,DLR_16,Punch,Creative,White,20,Available
FG5LUH980S8MBULWN,DLR_13,Harrier,Fearless,Black,20,Available
HWA1899320LT5ZZ8H,DLR_02,Safari,Creative,Black,35,Available
50X1WL0A0ENVC3JNC,DLR_20,Safari,Empowered,Red,38,Available
MJ3FDMMT53LKPK263,DLR_07,Harrier,Creative,Red,42,Available
XZGMWEZAXUSYRXKHC,DLR_10,Nexon,Creative,Grey,31,Available
TBE4S9RY8RRYGAV48,DLR_12,Tiago,Empowered,Red,29,Available
W9HAFSEH21TBK5F1G,DLR_06,Tiago,Creative,Grey,1,Available
A2FG101F69S9P27CY,DLR_07,Safari,Base,Grey,21,Available
5BJ68KC14W2MN524L,DLR_15,Punch,Creative,Red,34,Available
MDZBHPC5X4DKRZRX6,DLR_03,Harrier,Creative,Red,29,Available
B8X8F27L3MXRJKD0L,DLR_18,Safari,Base,White,2,Available
18T33ZZX2J7RDXU33,DLR_18,Nexon,Base,Grey,19,Available
334TCSVHXPEXLHLSU,DLR_07,Tiago,Creative,Blue,7,Available
4TA6D049XJKRPNJ4N,DLR_02,Safari,Creative,White,2,Available
ZNKCUFWR51NCHK6F8,DLR_01,Safari,Empowered,Black,38,Available
CYS1GGSM06AARB6Z0,DLR_09,Tiago,Empowered,Grey,16,Available
9DDVUD7S4VU77LNHL,DLR_04,Tiago,Fearless,Black,16,Available
8SWAEF14127ESPJYX,DLR_03,Safari,Creative,White,19,Available
32K4AG0732F229GP2,DLR_07,Tiago,Fearless,Blue,31,Available
LKCP35HR40JXDM12E,DLR_13,Safari,Empowered,Black,19,Available
GM6VRL319KS9R3U6V,DLR_07,Harrier,Fearless,Grey,24,Available
JRRGNJ4U13P8G28N8,DLR_10,Tiago,Empowered,Blue,43,Available
WVDM0W2Z78GCR4KA9,DLR_08,Safari,Base,Grey,37,Available
PK4PT38F0S1MWYKFG,DLR_02,Punch,Base,White,45,Available
BUP3VSXU9AX7UNLU2,DLR_12,Safari,Empowered,Black,4,Available
5VP0E57T1DXBPJNUY,DLR_15,Harrier,Empowered,White,38,Available
9CS01RHX5CWHUMC69,DLR_05,Safari,Base,Red,28,Available
FS59KT1D6KB9K6JZ7,DLR_04,Punch,Empowered,Black,16,Available
ZSW7LZ3Y77V8CVT51,DLR_15,Tiago,Base,Black,23,Available
BGUL43DV2MGZ5EGMY,DLR_17,Safari,Base,Grey,22,Available
MCZ02VYT8W76A8NHD,DLR_02,Tiago,Empowered,Red,1,Available
5Z2SYPJT7AF5A5Z99,DLR_13,Tiago,Fearless,Grey,15,Available
D2APJVDN53T6E6A7B,DLR_03,Safari,Base,Blue,27,Available
80RSU6AF9XYT51KZR,DLR_18,Tiago,Fearless,Blue,42,Available
FS988V7G63L1HZMYF,DLR_15,Nexon,Creative,Grey,7,Available
HLGEY6NZ4R3Y5XJGF,DLR_18,Nexon,Creative,Blue,22,Available
YX82GEJ9XHHKGZRDJ,DLR_02,Harrier,Fearless,White,1,Available
BYDBX0FT4LHXEK7XC,DLR_05,Nexon,Base,Black,38,Available
YJ0M6AGP9FEBXHNJF,DLR_14,Nexon,Fearless,Red,29,Available
UCEA9JLW31LKZ074N,DLR_14,Harrier,Creative,Blue,9,Available
9K00BPXAX8AJL44US,DLR_17,Harrier,Fearless,Black,15,Available
9B1YM3241186YT5RS,DLR_02,Tiago,Base,Red,17,Available
S46ST92D7JL3PN3H9,DLR_18,Nexon,Base,Red,5,Available
R7J96B7H4LCLMK2S3,DLR_16,Safari,Empowered,Black,2,Available
B1CPR2NK08DNCS2RJ,DLR_12,Harrier,Empowered,White,22,Available
CNZ6JGGB3DUF24YFY,DLR_04,Tiago,Fearless,Black,29,Available
GNP13B2423S8P5GE0,DLR_13,Tiago,Fearless,White,40,Available
0X6XYPZW6W9RHEGAW,DLR_18,Safari,Empowered,Blue,27,Available
A6N8H9XR5R0W56C4V,DLR_01,Harrier,Creative,Black,11,Available
AZP4MZUH14SRAPUGL,DLR_03,Safari,Base,White,24,Available
9E655V198SZB8DESV,DLR_15,Harrier,Creative,Grey,6,Available
UUX9FVXV8N2D7WHMS,DLR_02,Nexon,Fearless,Black,30,Available
7GBKRKVU1B2KB7S58,DLR_05,Harrier,Fearless,Blue,44,Available
0F9A36NZ0M4PSCDNW,DLR_15,Punch,Fearless,Blue,10,Available
A0LNBW7Y654N8NWFS,DLR_11,Nexon,Base,Red,39,Available
GRJLTS5Z34J72J8HM,DLR_12,Tiago,Creative,Blue,6,Available
ZLSK0GNA1HETGSHXP,DLR_18,Punch,Fearless,Black,16,Available
3Y7DB94Y26DMJ01U4,DLR_16,Punch,Empowered,Blue,6,Available
PFWZDLPG276C9NH2S,DLR_13,Tiago,Fearless,White,35,Available
AW3LAS4Y6KTE6ZJD7,DLR_14,Harrier,Base,Grey,26,Available
9BWJLGGZ6RLBPC7ZT,DLR_09,Nexon,Fearless,Red,30,Available
E7VNL1XG3PD6MHFU9,DLR_10,Safari,Empowered,Blue,43,Available
FWDB6C934S3B82L2D,DLR_12,Safari,Creative,Red,24,Available
ZG5JNNVP4W9DL90FS,DLR_13,Tiago,Creative,White,33,Available
T227AT0X1D86TVW7V,DLR_16,Safari,Base,Red,5,Available
YUHCYP1A8NA77NH4K,DLR_03,Nexon,Creative,Blue,30,Available
KBBLNSGP19B2W01FL,DLR_13,Harrier,Fearless,Red,14,Available
04U7MKDD1USFK9VN5,DLR_15,Safari,Base,Grey,13,Available
Z96VZR6V3HPA8XS3D,DLR_17,Punch,Creative,White,43,Available
G21DW5FN1RAW88HU7,DLR_06,Tiago,Fearless,Grey,1,Available
V4WPHZ2S4RGZXJLM3,DLR_04,Safari,Base,Grey,37,Available
GSP5JMSK23PGZAXW3,DLR_01,Punch,Creative,Grey,43,Available
977FXRSE1LX4NZVKS,DLR_18,Harrier,Empowered,Black,35,Available
1V53BGF70HNFLWHGD,DLR_01,Harrier,Creative,Black,37,Available
1LL7CZAE4T28MDD94,DLR_12,Nexon,Creative,Blue,42,Available
YBBCSDKL4B7EH0VDD,DLR_07,Tiago,Fearless,White,1,Available
F03MAF0V2FWC4H3EB,DLR_11,Punch,Base,Grey,10,Available
62XEEW0G2XUM63Y8D,DLR_04,Punch,Fearless,Blue,29,Available
NPVFV5ZY6XE9UGBK1,DLR_08,Harrier,Empowered,Red,18,Available
0TA7DPCL204F8LDA4,DLR_08,Nexon,Fearless,White,38,Available
8LCA0LSCX6EB1H3ZR,DLR_07,Harrier,Empowered,Red,34,Available
LKD0B3PB96G61SSPZ,DLR_06,Tiago,Empowered,Grey,26,Available
UB60WKUU3A1UUTSLL,DLR_01,Harrier,Creative,White,12,Available
RGBR5GGY0P2HCPGEL,DLR_10,Nexon,Creative,White,12,Available
R8CUXEST1U75WLW4L,DLR_04,Tiago,Base,Grey,1,Available
EJ29X3BT0T29AR8SB,DLR_05,Harrier,Fearless,White,39,Available
E72J4TS88RMBBBE6A,DLR_06,Harrier,Creative,Grey,17,Available
7LU0F2MG9PY2JUKA9,DLR_09,Safari,Fearless,Grey,39,Available
3KGCWPRV5DPDTC73P,DLR_03,Tiago,Creative,Blue,16,Available
YXA5VBG88HLJY8BJS,DLR_14,Tiago,Creative,White,33,Available
ZMYHMMRS9E7UEM59A,DLR_14,Nexon,Empowered,Red,32,Available
43X2N8AG7LJ88JMEZ,DLR_14,Harrier,Base,Grey,29,Available
HEB3FR7W1VDJBGM98,DLR_19,Punch,Fearless,Grey,9,Available
46WKY3P98VUAYEKDC,DLR_13,Safari,Empowered,Blue,22,Available
U2JTHXBD9PDWELWUW,DLR_13,Nexon,Empowered,Black,40,Available
D0X3XEFK9RZY0HVX3,DLR_05,Harrier,Base,Red,15,Available
N8RMDZ2R77JREFT5R,DLR_11,Tiago,Empowered,White,22,Available
L0TGGPHZXC3MFEMAK,DLR_18,Safari,Fearless,Grey,42,Available
EDG7RZUW3NDPP7JCT,DLR_03,Harrier,Fearless,Blue,5,Available
A5CRZXN96GALR7V6U,DLR_17,Nexon,Empowered,Blue,41,Available
KMKYTJZN4SEEWJUM2,DLR_16,Tiago,Base,Blue,33,Available
5EPU97TSXAWS39DL8,DLR_11,Nexon,Empowered,Blue,34,Available
4X65SADN7UVCLWDGN,DLR_19,Safari,Base,Red,8,Available
DNWJLLL9XXK0EGAE9,DLR_18,Punch,Base,Black,39,Available
4HDXUHTZ5BMNW3X4M,DLR_17,Nexon,Base,Black,3,Available
4Y1UV4DWX8JZY57CY,DLR_09,Safari,Base,Red,20,Available
VS84WCCJ8K07LAE15,DLR_09,Tiago,Empowered,Black,11,Available
XTHDV4H859C1EK965,DLR_01,Safari,Fearless,Black,44,Available
PHKXXA072TA8DP34D,DLR_19,Punch,Empowered,Black,23,Available
D72YB7P49BPSA86YZ,DLR_17,Harrier,Fearless,Black,4,Available
YGNSDS4E0GSWL9G6N,DLR_18,Punch,Creative,Blue,21,Available
YBYTG20Y39W7CJDL3,DLR_15,Harrier,Creative,Blue,24,Available
4P9FX3XP4R66S7C2E,DLR_01,Punch,Base,Black,22,Available
XDV5BZ8N3JF1AFLNN,DLR_20,Nexon,Fearless,Red,42,Available
J1B8F8SW5TNX8UHM8,DLR_11,Tiago,Fearless,White,24,Available
9VYBSCM66V5851JUS,DLR_04,Safari,Fearless,White,2,Available
SZJMP2CE0RZ38JK05,DLR_08,Nexon,Fearless,Black,40,Available
JEU9E1P02WDELJJ7P,DLR_13,Nexon,Creative,Blue,5,Available
TNE0N2KM0N2VXNL12,DLR_14,Nexon,Base,Red,39,Available
ZXE1PBBU2LTNNLK10,DLR_17,Nexon,Creative,Blue,37,Available
S0FJPRZ58NDWCK1UC,DLR_13,Harrier,Base,Red,29,Available
R05VE90LX7VEBH7RW,DLR_15,Safari,Fearless,Blue,15,Available
A3TLXWT085UF71UH9,DLR_20,Safari,Base,Black,13,Available
B99WE9EU8NFNCANS0,DLR_16,Safari,Empowered,White,28,Available
Y7JGZ73F4AV8L48CH,DLR_05,Harrier,Fearless,Grey,17,Available
R4ET9LFM01DCCA5KN,DLR_05,Harrier,Creative,Black,18,Available
WH178XCWX8TAKM723,DLR_04,Punch,Base,Grey,34,Available
WN4SYXW45MRY3A66Y,DLR_15,Punch,Base,Red,3,Available
AKUZCBRR0L0KCBRM9,DLR_20,Tiago,Creative,Blue,2,Available
RH0S5L3U81F12G2L4,DLR_05,Harrier,Fearless,Red,42,Available
4DYBLN3X0VSJ1HEES,DLR_16,Tiago,Empowered,White,30,Available
HJBKFXN65Y4KLSC9D,DLR_13,Safari,Fearless,Red,17,Available
975Y1URS1LXCT9LYB,DLR_09,Safari,Fearless,Blue,32,Available
XEU0592H83V5MS7P3,DLR_07,Punch,Empowered,Blue,43,Available
K28DUWFS61AH1K9PK,DLR_12,Tiago,Empowered,Black,20,Available
TDVPYV9L7K9DRGKZK,DLR_10,Safari,Fearless,Blue,18,Available
VR0JXG9Y3UXP6BXGZ,DLR_11,Nexon,Base,White,40,Available
2K571AP2X2CJ89DKZ,DLR_16,Nexon,Base,Grey,17,Available
3MC73R3012WXRH736,DLR_11,Nexon,Base,Black,17,Available
V163UC506KU7ZBPVU,DLR_02,Punch,Fearless,Black,37,Available
JTG6GXBSXE07Z5BK6,DLR_08,Nexon,Empowered,Red,22,Available
KHJGVKTU003MY00BL,DLR_09,Harrier,Fearless,White,2,Available
XDCA5C160CERHKNLG,DLR_02,Harrier,Fearless,White,26,Available
4E91SNDC7WCS9A8TA,DLR_16,Harrier,Empowered,Blue,19,Available
S8WRXS5T1ZYZSYZGZ,DLR_14,Tiago,Base,Black,9,Available
BDCNJ2PWX2V71FGH9,DLR_20,Tiago,Creative,Black,44,Available
G073ZT1A0WNUY5ZZW,DLR_11,Punch,Fearless,Grey,24,Available
SH9F58JH0TKZLANNY,DLR_09,Tiago,Base,Red,41,Available
NS6JLNMHXMDDE6CS0,DLR_08,Harrier,Base,Black,18,Available
G0H714RP4KW73PAZA,DLR_04,Tiago,Fearless,Red,9,Available
YW4WC85F1ZVBDXV25,DLR_06,Punch,Empowered,White,45,Available
9J0FCSXF5DGCBWL6B,DLR_05,Punch,Base,White,31,Available
S81WSDHBXR8KGDJJG,DLR_08,Nexon,Base,Black,23,Available
RD9UVH1G7FDVEEN25,DLR_08,Punch,Fearless,Black,34,Available
MN71SDRR2PR9YY4W6,DLR_01,Nexon,Creative,Grey,13,Available
689KSJJX2G03X4A5B,DLR_16,Harrier,Base,Black,13,Available
NUD998BU3EWNFWT7D,DLR_19,Nexon,Creative,Black,20,Available
6BPSDUF75PC45NMS9,DLR_11,Punch,Fearless,Grey,31,Available
97D81NHEX8X0G02UF,DLR_18,Harrier,Creative,Grey,36,Available
1TBM29Z34XBSZZCTV,DLR_19,Punch,Fearless,Grey,25,Available
DWR0WXB99NSA13KKJ,DLR_08,Harrier,Creative,Red,20,Available
WJD3WK921B716AL4F,DLR_15,Safari,Creative,Red,2,Available
M0XLJVMD7B6HYYHNF,DLR_10,Nexon,Fearless,Red,17,Available
XNYZTCTJ75B9PSY0R,DLR_06,Tiago,Base,White,23,Available
B6C2M3B07436RFSFE,DLR_07,Safari,Base,Black,2,Available
PSZ7FZ9Z8B8ZHPAWF,DLR_08,Harrier,Fearless,Blue,44,Available
CX71HT1H2453X6A81,DLR_19,Tiago,Creative,Grey,4,Available
7E2BMUYH2USRBWBPM,DLR_06,Safari,Creative,Red,22,Available
RZ08PVGX85FJM0823,DLR_06,Nexon,Fearless,White,12,Available
KV41G6HW6MGVNB4AP,DLR_01,Harrier,Creative,Grey,45,Available
VK7UT1FJXJ82M7HJL,DLR_16,Punch,Empowered,Red,25,Available
6AKLYC4Y2NNTUUDK2,DLR_03,Tiago,Creative,Grey,19,Available
DEMAG5DF6DXPSP0SF,DLR_19,Punch,Fearless,Black,1,Available
UB4L3H6D4EJYYEUXM,DLR_05,Nexon,Empowered,Black,23,Available
W4LDS7A9XJSV6YZYD,DLR_15,Safari,Base,Black,27,Available
DGUY0YU26Z61JHP8S,DLR_14,Punch,Creative,Blue,17,Available
UF6NL4DJ0MRJPF1E1,DLR_08,Nexon,Base,Black,43,Available
LK5Z0FYZ2GN2HBYT0,DLR_20,Safari,Base,White,41,Available
YMTKFH9898AR1V59C,DLR_03,Nexon,Fearless,Red,24,Available
HXAV9DS98H7PPMNF3,DLR_02,Punch,Fearless,White,32,Available
JYH2NR5Y6PLESJPGN,DLR_04,Tiago,Empowered,Red,44,Available
K80MD0SU53ZC8YJ3L,DLR_01,Harrier,Fearless,Blue,5,Available
56ZV7FN64P5X24KLE,DLR_04,Harrier,Fearless,Blue,8,Available
BZMMN2U68JA40Y27Z,DLR_01,Tiago,Creative,Red,44,Available
FBD195CE36MR08S0S,DLR_09,Punch,Empowered,Red,10,Available
6VW8X2GE4TH0YNM1K,DLR_11,Harrier,Empowered,Grey,8,Available
1BCYUDM320E8VWFP9,DLR_06,Punch,Base,Red,45,Available
VK4NNNDN3XK2YPS6W,DLR_08,Punch,Base,Blue,15,Available
Z94TJNWH5X9FL0GWZ,DLR_03,Nexon,Creative,Black,7,Available
0KHJ8A7J09F4S1RGL,DLR_06,Nexon,Fearless,Blue,23,Available
XD9JFHJV6X7T32G26,DLR_16,Harrier,Empowered,White,17,Available
0H9HXH5E0S26KU61N,DLR_07,Nexon,Fearless,Blue,11,Available
H2FHER3F02V2YW4UC,DLR_11,Safari,Base,Black,13,Available
XZKTXZCJ7SCME0X6R,DLR_01,Harrier,Fearless,Blue,43,Available
E7P4M48P0LHNTNFYA,DLR_18,Nexon,Creative,White,24,Available
C3A0SZFU4CAC7GS14,DLR_11,Tiago,Base,Grey,39,Available
AG4GUTRJ36UF6YMLF,DLR_08,Harrier,Base,Red,31,Available
YBSHZ1U08SPN11KLA,DLR_02,Harrier,Base,Blue,13,Available
VW676AM210FZ0WK7D,DLR_06,Safari,Creative,White,17,Available
SAAH111G41JWMBZ77,DLR_16,Punch,Base,Grey,15,Available
MKH5SBV38DBV3K96Z,DLR_03,Harrier,Empowered,Grey,14,Available
9HBN5LSJ4DD5D5R4G,DLR_14,Harrier,Base,Black,12,Available
CH3RD4RB5LSV4S3MF,DLR_13,Harrier,Empowered,Blue,17,Available
H900VS118EMT8UT9F,DLR_15,Safari,Base,White,39,Available
GX69E64F15GH7XK8B,DLR_17,Punch,Creative,White,4,Available
W3CLZH9C61510VPX9,DLR_09,Punch,Empowered,Blue,41,Available
NX1A3VNS0ESW53LXG,DLR_08,Safari,Base,Black,35,Available
2K169E819629ZFBUG,DLR_16,Safari,Creative,White,43,Available
NP9DTKXP4DAYN9BSF,DLR_06,Safari,Fearless,Grey,34,Available
XUDWKPTVXTHRH9XM3,DLR_15,Punch,Base,Grey,7,Available
5324VA481KT548XFC,DLR_17,Nexon,Empowered,White,13,Available
U55FXF3DXAT7XBA2N,DLR_18,Punch,Base,Red,30,Available
0G91888460M4Z6NJS,DLR_04,Tiago,Creative,White,18,Available
6MBC0M4H66W01ZVAW,DLR_07,Punch,Creative,Red,34,Available
J8P8LXD86S62JFU07,DLR_10,Nexon,Creative,Grey,26,Available
CTHHJB7L0AX15ASEA,DLR_05,Harrier,Empowered,Black,33,Available
TSJAWP6Y9HGRVFAAY,DLR_04,Nexon,Base,Grey,12,Available
7WHD08S54B7M71UU6,DLR_15,Harrier,Empowered,Blue,36,Available
3L4PJJDW1DYKLSCAL,DLR_13,Nexon,Empowered,Black,25,Available
VG7LK45D7HDBAPX1M,DLR_08,Nexon,Creative,Blue,17,Available
H8THGBB46SPT255XT,DLR_10,Harrier,Base,Red,17,Available
7V7SAP9X7Y4T2VTX9,DLR_12,Safari,Base,Blue,30,Available
9RPA45LA7L08SPB4A,DLR_02,Harrier,Creative,Red,45,Available
REJWU8W480GPFWNNZ,DLR_11,Tiago,Fearless,Blue,32,Available
BBB1PRW5XBH3RPNM9,DLR_06,Tiago,Creative,Blue,37,Available
Y2SAD8RZ6UUHNY1YP,DLR_18,Punch,Base,White,30,Available
VBW3LR0F06R2YN2RV,DLR_17,Punch,Base,White,3,Available
MU4HWNEC1N5DYP7U1,DLR_17,Harrier,Fearless,White,12,Available
G6G1MK8883CNAFPUW,DLR_07,Tiago,Fearless,Blue,32,Available
12AWX1M15KLDJMPB5,DLR_14,Punch,Creative,Blue,25,Available
UDZAUAT84YR7PL9PF,DLR_14,Safari,Base,Blue,27,Available
2AA61D9LX1VZP2WVX,DLR_13,Safari,Fearless,White,41,Available
FS9S29SC32LKU9UUZ,DLR_09,Nexon,Empowered,Red,43,Available
ZRZX1DNW5D9VV121W,DLR_09,Harrier,Base,Grey,40,Available
G9T1Y6X308J3BEJPU,DLR_15,Tiago,Base,Red,17,Available
PTNSG7C578Y2Z81FG,DLR_16,Harrier,Fearless,Black,17,Available
JDHCF87X4AUKUCE76,DLR_10,Punch,Empowered,White,20,Available
WWXSPESW91GBX7XY7,DLR_15,Punch,Fearless,Black,23,Available
2A57V1TL6JBP1PR4K,DLR_13,Nexon,Fearless,Grey,20,Available
SXYSYY3Z92PY4EW7H,DLR_18,Harrier,Creative,White,40,Available
Z7EUVZ3D12TG63ZN3,DLR_05,Harrier,Fearless,Grey,11,Available
Z15CXNXU96JWDGK77,DLR_07,Nexon,Creative,Red,5,Available
DGVFANJ90385CY98E,DLR_13,Nexon,Fearless,Grey,1,Available
ZSXWXL1Y0TKD2K16S,DLR_01,Safari,Empowered,Red,8,Available
L3H16PS287ADL8US7,DLR_18,Safari,Empowered,White,21,Available
XM81HY359B1H1G4LM,DLR_08,Safari,Empowered,White,6,Available
G375T8AEX01SVJK3W,DLR_17,Harrier,Empowered,Blue,13,Available
54SE20884YM53V6P4,DLR_15,Tiago,Creative,White,13,Available
9X3EADCYXRFLM2DP9,DLR_13,Safari,Fearless,White,7,Available
BGBEJ7TE06DM70T5U,DLR_17,Nexon,Base,Black,28,Available
EAUSGY4336TNLXSVL,DLR_16,Safari,Creative,Grey,41,Available
W54814A78H7VWK9FH,DLR_11,Punch,Base,Red,18,Available
2BXVMY1Z88NMLRYAX,DLR_08,Punch,Creative,Grey,8,Available
GYAW9M5A48H4CGTRH,DLR_04,Harrier,Base,Blue,13,Available
86KGUBFM3CB7AMY2Y,DLR_10,Nexon,Base,Grey,31,Available
MUETJ3HC4L3F89003,DLR_06,Tiago,Empowered,Black,24,Available
DL859YSX0455ZEJCV,DLR_17,Tiago,Creative,Grey,31,Available
5R2594BL7XDUGLY9D,DLR_19,Nexon,Creative,Red,16,Available
CFCC1M024SZ9UD49X,DLR_18,Safari,Fearless,Red,24,Available
BAYPVEFF63YAJ8V3Y,DLR_18,Tiago,Fearless,Red,33,Available
LM2E78025B95AUJ9X,DLR_05,Harrier,Creative,White,36,Available
CFYTKJS67BVFY9EE2,DLR_17,Tiago,Empowered,Black,24,Available
X6DTZD6J4VBB06YWY,DLR_20,Harrier,Creative,Grey,43,Available
3K8BR3K17B1HRM50C,DLR_20,Punch,Creative,Blue,23,Available
WXXYYTML4B6BA01AH,DLR_16,Safari,Empowered,Blue,44,Available
PPDHBRHA93HKV60BK,DLR_01,Tiago,Fearless,White,42,Available
F8AFY9SY2XK131TCZ,DLR_14,Harrier,Creative,Red,3,Available
332TJE1A2CUF65VWR,DLR_01,Harrier,Creative,Grey,4,Available
NX4KSRBB4NSHUGNCJ,DLR_06,Punch,Creative,White,45,Available
8XCBNCUA6XRJ5ZDVV,DLR_12,Punch,Base,White,41,Available
5UVLF8FL2W4E03SVG,DLR_09,Punch,Base,Grey,12,Available
601R81M87L6KSD41M,DLR_19,Tiago,Fearless,Black,42,Available
GAF36GAK6H2P8EU34,DLR_06,Harrier,Empowered,Black,5,Available
AKZ11VRL76DSW27L3,DLR_12,Punch,Creative,White,3,Available
L05ZB3FD3E5NGUHEJ,DLR_01,Punch,Fearless,Black,22,Available
977HA2PD5XMKPGZW2,DLR_01,Safari,Empowered,White,28,Available
H447NTKV166HF9YFT,DLR_01,Tiago,Empowered,White,10,Available
0Z84V45A5K70KT7T7,DLR_10,Tiago,Creative,Blue,10,Available
KF04B1B09FP74AR31,DLR_09,Harrier,Empowered,Blue,43,Available
E99LLJJU527DCMBTS,DLR_15,Punch,Base,White,15,Available
EW8W8MGS4XUUDV1WF,DLR_09,Nexon,Creative,Grey,30,Available
EFNDW6KA9GP6JD3JB,DLR_14,Safari,Creative,Grey,7,Available
1EXNHKT57804DDR6F,DLR_18,Safari,Empowered,White,42,Available
B9SAZ2463BMFUV2K8,DLR_14,Nexon,Creative,White,14,Available
UA8JU3YZ3XN7RX36S,DLR_08,Tiago,Creative,Red,42,Available
LN7K0C8L2KSJXHDYX,DLR_16,Safari,Base,Red,2,Available
7W1RNWCS8V1ZHEJ9K,DLR_17,Harrier,Empowered,Red,13,Available
WGSYEHNS4DTPU9K77,DLR_04,Nexon,Fearless,Red,32,Available
8PWSBD64370TGL2ES,DLR_04,Punch,Empowered,Black,14,Available
H7LXW2W87DV4DTN91,DLR_16,Safari,Creative,Red,19,Available
YPFARKH91N8YHZ2GC,DLR_19,Nexon,Base,White,21,Available
U80T9YD46SW4UP8GR,DLR_10,Nexon,Empowered,Black,17,Available
EYPSM5Z673SBYFMDY,DLR_12,Tiago,Fearless,Red,30,Available
DB1UVG1Y8B8UVDJS3,DLR_20,Punch,Base,White,45,Available
0EW1HJU776K2VF7HZ,DLR_08,Nexon,Fearless,Red,39,Available
R9WC0USZ7EVWYU968,DLR_04,Safari,Empowered,Black,38,Available
K8VK3D3R30HTBCJPD,DLR_17,Tiago,Creative,Black,32,Available
RGCZE08P52NURVBCC,DLR_12,Harrier,Base,Blue,21,Available
6WFY5FM287YZKX0LX,DLR_06,Tiago,Empowered,Black,26,Available
3LUF5XYT816YZP4KH,DLR_19,Nexon,Fearless,Black,32,Available
8UYXRWGG4S2AXHSWB,DLR_14,Safari,Fearless,Red,27,Available
SYLSLY7G1H00TVPST,DLR_13,Punch,Base,Red,35,Available
A86DALKB6RAR30XMA,DLR_09,Nexon,Fearless,White,30,Available
SL2JPP5M5F5T09BMJ,DLR_04,Safari,Empowered,Grey,33,Available
Z1F36HYY4725YEBZ7,DLR_20,Nexon,Base,Red,40,Available
YJG93GNR8N59MUW9J,DLR_09,Tiago,Fearless,Blue,1,Available
DLSAE7KD4C5YRCW2W,DLR_13,Tiago,Base,Grey,28,Available
WEZE2ZH46N9TNE1E7,DLR_16,Nexon,Fearless,Red,14,Available
4E9J19NX2GVP12HUB,DLR_09,Harrier,Base,Grey,27,Available
6NL7EZFZ2DCJXZRSY,DLR_12,Safari,Fearless,Grey,30,Available
L0GUBUHZ49V6NXC6R,DLR_08,Harrier,Creative,Blue,5,Available
LWK05W3K92A4FVXS2,DLR_16,Harrier,Base,Black,7,Available
ZAV22RPM6BL6YH06S,DLR_19,Punch,Fearless,Red,42,Available
65HEXTX90RFY0WP2B,DLR_03,Nexon,Empowered,Grey,11,Available
YZKVRE0D1P8YZVMZJ,DLR_12,Harrier,Base,Blue,34,Available
98KEZ8F9XTNU75UAD,DLR_02,Nexon,Base,Blue,39,Available
TH3KK0874UEZEXVSW,DLR_06,Punch,Fearless,Red,10,Available
GJUPGYZP9S95YP41K,DLR_13,Tiago,Base,White,4,Available
P0GV5PTG1VW48EGZZ,DLR_12,Tiago,Fearless,Blue,18,Available
EKE5K32E8H6RLNSGJ,DLR_07,Punch,Fearless,Grey,6,Available
FZL5P9B70MA82FG8Z,DLR_01,Tiago,Empowered,Red,22,Available
M49LTGNB0MGK3LZPM,DLR_20,Nexon,Creative,Black,32,Available
M08D65GJ7WVAN6T6Y,DLR_17,Safari,Base,Grey,40,Available
511Z7E7V60GJSH1FY,DLR_17,Harrier,Base,White,40,Available
E3GG5JV41CVSD0RCX,DLR_01,Punch,Creative,Red,28,Available
WYANV74U2KD7FUT2F,DLR_08,Tiago,Base,Red,27,Available
WCCU11RF74VUZZSCA,DLR_17,Harrier,Empowered,Black,2,Available
WENNMCSKX7XSDY6R2,DLR_14,Punch,Fearless,Red,3,Available
KKTHPM0V9ZM7U90AS,DLR_17,Punch,Empowered,White,9,Available
M2J5LKP87E4DJXVU7,DLR_18,Nexon,Creative,Black,18,Available
XS7BGHP30Y1HPB8Z4,DLR_07,Punch,Creative,Grey,7,Available
DMBR49L99RHEVJYHN,DLR_12,Safari,Empowered,Black,15,Available
T0AXWEPR0KALPXZ03,DLR_04,Nexon,Fearless,White,28,Available
RX475ZR44GZ9XJE8A,DLR_07,Harrier,Empowered,Black,22,Available
T428XDR619EVWPXR7,DLR_06,Tiago,Base,White,28,Available
RBLKV2G9X4F54PTJ1,DLR_05,Punch,Creative,White,7,Available
MFVDCK9Y6HZDP72A6,DLR_15,Nexon,Base,White,17,Available
XTEJKEFG253D41N46,DLR_05,Punch,Empowered,Blue,1,Available
2SGH606D4XFLJSB5U,DLR_15,Tiago,Creative,Grey,13,Available
VFMAHT4P728W9030H,DLR_04,Safari,Creative,White,40,Available
LWW04MXJ0B7AW0M19,DLR_18,Punch,Creative,Grey,30,Available
E4PB0D5U0ESZMUEPH,DLR_08,Harrier,Fearless,Blue,23,Available
38L0F7M472HJYGJHF,DLR_19,Tiago,Base,Blue,8,Available
AFE07DTG7AWRU1ZMN,DLR_07,Tiago,Base,White,41,Available
XM1YF2ZS521HF1C0A,DLR_17,Harrier,Fearless,Blue,24,Available
