Date,Dealer_ID,Inventory_Level,Total_Demand_Qty,Avg_Unit_Price,Total_Sales_Value,Stockout_Count
2025-01-01,DLR_001,Standard,51,1200,61200,2
2025-01-01,DLR_002,Standard,145,1200,174000,1
2025-01-01,DLR_003,Standard,125,1200,150000,0
2025-01-01,DLR_004,Standard,111,1200,133200,1
2025-01-01,DLR_005,Standard,45,1200,54000,0
2025-01-01,DLR_006,Standard,71,1200,85200,3
2025-01-01,DLR_007,Standard,249,1200,298800,3
2025-01-01,DLR_008,Standard,235,1200,282000,1
2025-01-01,DLR_009,Standard,219,1200,262800,0
2025-01-01,DLR_010,Standard,136,1200,163200,3
2025-01-01,DLR_011,Standard,69,1200,82800,2
2025-01-01,DLR_012,Standard,43,1200,51600,3
2025-01-01,DLR_013,Standard,175,1200,210000,2
2025-01-01,DLR_014,Standard,224,1200,268800,1
2025-01-01,DLR_015,Standard,24,1200,28800,3
2025-01-01,DLR_016,Standard,44,1200,52800,1
2025-01-01,DLR_017,Standard,185,1200,222000,2
2025-01-01,DLR_018,Standard,50,1200,60000,2
2025-01-01,DLR_019,Standard,68,1200,81600,2
2025-01-01,DLR_020,Standard,127,1200,152400,0
2025-01-01,DLR_021,Standard,234,1200,280800,0
2025-01-01,DLR_022,Standard,49,1200,58800,0
2025-01-01,DLR_023,Standard,37,1200,44400,2
2025-01-01,DLR_024,Standard,186,1200,223200,1
2025-01-01,DLR_025,Standard,247,1200,296400,1
2025-01-01,DLR_026,Standard,43,1200,51600,0
2025-01-01,DLR_027,Standard,115,1200,138000,1
2025-01-01,DLR_028,Standard,136,1200,163200,1
2025-01-01,DLR_029,Standard,174,1200,208800,2
2025-01-01,DLR_030,Standard,123,1200,147600,1
2025-01-02,DLR_001,Standard,64,1200,76800,2
2025-01-02,DLR_002,Standard,215,1200,258000,2
2025-01-02,DLR_003,Standard,197,1200,236400,0
2025-01-02,DLR_004,Standard,214,1200,256800,0
2025-01-02,DLR_005,Standard,185,1200,222000,1
2025-01-02,DLR_006,Standard,60,1200,72000,2
2025-01-02,DLR_007,Standard,163,1200,195600,3
2025-01-02,DLR_008,Standard,30,1200,36000,1
2025-01-02,DLR_009,Standard,33,1200,39600,3
2025-01-02,DLR_010,Standard,58,1200,69600,2
2025-01-02,DLR_011,Standard,36,1200,43200,3
2025-01-02,DLR_012,Standard,63,1200,75600,2
2025-01-02,DLR_013,Standard,41,1200,49200,1
2025-01-02,DLR_014,Standard,78,1200,93600,2
2025-01-02,DLR_015,Standard,194,1200,232800,3
2025-01-02,DLR_016,Standard,149,1200,178800,2
2025-01-02,DLR_017,Standard,170,1200,204000,1
2025-01-02,DLR_018,Standard,181,1200,217200,1
2025-01-02,DLR_019,Standard,253,1200,303600,0
2025-01-02,DLR_020,Standard,172,1200,206400,0
2025-01-02,DLR_021,Standard,145,1200,174000,0
2025-01-02,DLR_022,Standard,176,1200,211200,3
2025-01-02,DLR_023,Standard,177,1200,212400,0
2025-01-02,DLR_024,Standard,245,1200,294000,3
2025-01-02,DLR_025,Standard,71,1200,85200,3
2025-01-02,DLR_026,Standard,200,1200,240000,0
2025-01-02,DLR_027,Standard,166,1200,199200,1
2025-01-02,DLR_028,Standard,178,1200,213600,1
2025-01-02,DLR_029,Standard,93,1200,111600,0
2025-01-02,DLR_030,Standard,81,1200,97200,0
2025-01-03,DLR_001,Standard,257,1200,308400,3
2025-01-03,DLR_002,Standard,122,1200,146400,2
2025-01-03,DLR_003,Standard,69,1200,82800,2
2025-01-03,DLR_004,Standard,43,1200,51600,1
2025-01-03,DLR_005,Standard,183,1200,219600,0
2025-01-03,DLR_006,Standard,259,1200,310800,2
2025-01-03,DLR_007,Standard,70,1200,84000,1
2025-01-03,DLR_008,Standard,46,1200,55200,0
2025-01-03,DLR_009,Standard,77,1200,92400,1
2025-01-03,DLR_010,Standard,260,1200,312000,0
2025-01-03,DLR_011,Standard,134,1200,160800,0
2025-01-03,DLR_012,Standard,245,1200,294000,0
2025-01-03,DLR_013,Standard,220,1200,264000,2
2025-01-03,DLR_014,Standard,115,1200,138000,1
2025-01-03,DLR_015,Standard,233,1200,279600,0
2025-01-03,DLR_016,Standard,86,1200,103200,1
2025-01-03,DLR_017,Standard,203,1200,243600,1
2025-01-03,DLR_018,Standard,192,1200,230400,2
2025-01-03,DLR_019,Standard,37,1200,44400,0
2025-01-03,DLR_020,Standard,77,1200,92400,2
2025-01-03,DLR_021,Standard,256,1200,307200,0
2025-01-03,DLR_022,Standard,167,1200,200400,3
2025-01-03,DLR_023,Standard,31,1200,37200,3
2025-01-03,DLR_024,Standard,238,1200,285600,3
2025-01-03,DLR_025,Standard,84,1200,100800,0
2025-01-03,DLR_026,Standard,36,1200,43200,1
2025-01-03,DLR_027,Standard,159,1200,190800,3
2025-01-03,DLR_028,Standard,209,1200,250800,3
2025-01-03,DLR_029,Standard,222,1200,266400,2
2025-01-03,DLR_030,Standard,62,1200,74400,0
2025-01-04,DLR_001,Standard,220,1200,264000,3
2025-01-04,DLR_002,Standard,150,1200,180000,3
2025-01-04,DLR_003,Standard,44,1200,52800,2
2025-01-04,DLR_004,Standard,155,1200,186000,2
2025-01-04,DLR_005,Standard,241,1200,289200,2
2025-01-04,DLR_006,Standard,166,1200,199200,1
2025-01-04,DLR_007,Standard,52,1200,62400,1
2025-01-04,DLR_008,Standard,33,1200,39600,1
2025-01-04,DLR_009,Standard,172,1200,206400,1
2025-01-04,DLR_010,Standard,178,1200,213600,3
2025-01-04,DLR_011,Standard,212,1200,254400,0
2025-01-04,DLR_012,Standard,98,1200,117600,0
2025-01-04,DLR_013,Standard,124,1200,148800,3
2025-01-04,DLR_014,Standard,39,1200,46800,2
2025-01-04,DLR_015,Standard,71,1200,85200,1
2025-01-04,DLR_016,Standard,142,1200,170400,3
2025-01-04,DLR_017,Standard,47,1200,56400,2
2025-01-04,DLR_018,Standard,200,1200,240000,1
2025-01-04,DLR_019,Standard,242,1200,290400,2
2025-01-04,DLR_020,Standard,63,1200,75600,2
2025-01-04,DLR_021,Standard,44,1200,52800,2
2025-01-04,DLR_022,Standard,180,1200,216000,3
2025-01-04,DLR_023,Standard,174,1200,208800,3
2025-01-04,DLR_024,Standard,109,1200,130800,3
2025-01-04,DLR_025,Standard,256,1200,307200,1
2025-01-04,DLR_026,Standard,184,1200,220800,2
2025-01-04,DLR_027,Standard,240,1200,288000,3
2025-01-04,DLR_028,Standard,184,1200,220800,2
2025-01-04,DLR_029,Standard,109,1200,130800,2
2025-01-04,DLR_030,Standard,262,1200,314400,2
2025-01-05,DLR_001,Standard,148,1200,177600,2
2025-01-05,DLR_002,Standard,172,1200,206400,3
2025-01-05,DLR_003,Standard,181,1200,217200,2
2025-01-05,DLR_004,Standard,186,1200,223200,2
2025-01-05,DLR_005,Standard,72,1200,86400,2
2025-01-05,DLR_006,Standard,203,1200,243600,0
2025-01-05,DLR_007,Standard,220,1200,264000,0
2025-01-05,DLR_008,Standard,77,1200,92400,1
2025-01-05,DLR_009,Standard,38,1200,45600,1
2025-01-05,DLR_010,Standard,145,1200,174000,2
2025-01-05,DLR_011,Standard,221,1200,265200,0
2025-01-05,DLR_012,Standard,112,1200,134400,3
2025-01-05,DLR_013,Standard,24,1200,28800,2
2025-01-05,DLR_014,Standard,141,1200,169200,1
2025-01-05,DLR_015,Standard,112,1200,134400,1
2025-01-05,DLR_016,Standard,151,1200,181200,1
2025-01-05,DLR_017,Standard,59,1200,70800,3
2025-01-05,DLR_018,Standard,115,1200,138000,1
2025-01-05,DLR_019,Standard,83,1200,99600,1
2025-01-05,DLR_020,Standard,191,1200,229200,3
2025-01-05,DLR_021,Standard,217,1200,260400,2
2025-01-05,DLR_022,Standard,109,1200,130800,1
2025-01-05,DLR_023,Standard,190,1200,228000,3
2025-01-05,DLR_024,Standard,149,1200,178800,0
2025-01-05,DLR_025,Standard,60,1200,72000,3
2025-01-05,DLR_026,Standard,154,1200,184800,2
2025-01-05,DLR_027,Standard,202,1200,242400,0
2025-01-05,DLR_028,Standard,24,1200,28800,2
2025-01-05,DLR_029,Standard,155,1200,186000,1
2025-01-05,DLR_030,Standard,236,1200,283200,0
2025-01-06,DLR_001,Standard,241,1200,289200,0
2025-01-06,DLR_002,Standard,188,1200,225600,3
2025-01-06,DLR_003,Standard,188,1200,225600,0
2025-01-06,DLR_004,Standard,180,1200,216000,1
2025-01-06,DLR_005,Standard,175,1200,210000,1
2025-01-06,DLR_006,Standard,48,1200,57600,1
2025-01-06,DLR_007,Standard,95,1200,114000,0
2025-01-06,DLR_008,Standard,104,1200,124800,1
2025-01-06,DLR_009,Standard,28,1200,33600,2
2025-01-06,DLR_010,Standard,244,1200,292800,1
2025-01-06,DLR_011,Standard,218,1200,261600,3
2025-01-06,DLR_012,Standard,28,1200,33600,1
2025-01-06,DLR_013,Standard,234,1200,280800,3
2025-01-06,DLR_014,Standard,174,1200,208800,0
2025-01-06,DLR_015,Standard,238,1200,285600,0
2025-01-06,DLR_016,Standard,137,1200,164400,1
2025-01-06,DLR_017,Standard,226,1200,271200,1
2025-01-06,DLR_018,Standard,250,1200,300000,1
2025-01-06,DLR_019,Standard,138,1200,165600,3
2025-01-06,DLR_020,Standard,269,1200,322800,3
2025-01-06,DLR_021,Standard,84,1200,100800,2
2025-01-06,DLR_022,Standard,47,1200,56400,0
2025-01-06,DLR_023,Standard,179,1200,214800,1
2025-01-06,DLR_024,Standard,143,1200,171600,3
2025-01-06,DLR_025,Standard,90,1200,108000,0
2025-01-06,DLR_026,Standard,199,1200,238800,0
2025-01-06,DLR_027,Standard,24,1200,28800,1
2025-01-06,DLR_028,Standard,244,1200,292800,1
2025-01-06,DLR_029,Standard,40,1200,48000,1
2025-01-06,DLR_030,Standard,22,1200,26400,3
2025-01-07,DLR_001,Standard,78,1200,93600,3
2025-01-07,DLR_002,Standard,71,1200,85200,0
2025-01-07,DLR_003,Standard,207,1200,248400,1
2025-01-07,DLR_004,Standard,44,1200,52800,2
2025-01-07,DLR_005,Standard,99,1200,118800,3
2025-01-07,DLR_006,Standard,171,1200,205200,1
2025-01-07,DLR_007,Standard,244,1200,292800,1
2025-01-07,DLR_008,Standard,102,1200,122400,0
2025-01-07,DLR_009,Standard,232,1200,278400,1
2025-01-07,DLR_010,Standard,208,1200,249600,1
2025-01-07,DLR_011,Standard,115,1200,138000,1
2025-01-07,DLR_012,Standard,170,1200,204000,3
2025-01-07,DLR_013,Standard,66,1200,79200,3
2025-01-07,DLR_014,Standard,226,1200,271200,1
2025-01-07,DLR_015,Standard,141,1200,169200,3
2025-01-07,DLR_016,Standard,178,1200,213600,0
2025-01-07,DLR_017,Standard,71,1200,85200,2
2025-01-07,DLR_018,Standard,113,1200,135600,2
2025-01-07,DLR_019,Standard,182,1200,218400,2
2025-01-07,DLR_020,Standard,158,1200,189600,1
2025-01-07,DLR_021,Standard,106,1200,127200,0
2025-01-07,DLR_022,Standard,254,1200,304800,2
2025-01-07,DLR_023,Standard,224,1200,268800,0
2025-01-07,DLR_024,Standard,56,1200,67200,0
2025-01-07,DLR_025,Standard,175,1200,210000,3
2025-01-07,DLR_026,Standard,92,1200,110400,3
2025-01-07,DLR_027,Standard,175,1200,210000,3
2025-01-07,DLR_028,Standard,240,1200,288000,0
2025-01-07,DLR_029,Standard,205,1200,246000,0
2025-01-07,DLR_030,Standard,32,1200,38400,3
2025-01-08,DLR_001,Standard,128,1200,153600,2
2025-01-08,DLR_002,Standard,177,1200,212400,1
2025-01-08,DLR_003,Standard,112,1200,134400,2
2025-01-08,DLR_004,Standard,150,1200,180000,1
2025-01-08,DLR_005,Standard,212,1200,254400,3
2025-01-08,DLR_006,Standard,133,1200,159600,2
2025-01-08,DLR_007,Standard,204,1200,244800,2
2025-01-08,DLR_008,Standard,146,1200,175200,1
2025-01-08,DLR_009,Standard,260,1200,312000,3
2025-01-08,DLR_010,Standard,183,1200,219600,0
2025-01-08,DLR_011,Standard,152,1200,182400,3
2025-01-08,DLR_012,Standard,50,1200,60000,0
2025-01-08,DLR_013,Standard,76,1200,91200,0
2025-01-08,DLR_014,Standard,42,1200,50400,0
2025-01-08,DLR_015,Standard,138,1200,165600,0
2025-01-08,DLR_016,Standard,271,1200,325200,3
2025-01-08,DLR_017,Standard,68,1200,81600,1
2025-01-08,DLR_018,Standard,93,1200,111600,2
2025-01-08,DLR_019,Standard,119,1200,142800,1
2025-01-08,DLR_020,Standard,276,1200,331200,2
2025-01-08,DLR_021,Standard,107,1200,128400,0
2025-01-08,DLR_022,Standard,108,1200,129600,3
2025-01-08,DLR_023,Standard,225,1200,270000,1
2025-01-08,DLR_024,Standard,193,1200,231600,2
2025-01-08,DLR_025,Standard,41,1200,49200,0
2025-01-08,DLR_026,Standard,179,1200,214800,2
2025-01-08,DLR_027,Standard,188,1200,225600,1
2025-01-08,DLR_028,Standard,266,1200,319200,3
2025-01-08,DLR_029,Standard,214,1200,256800,2
2025-01-08,DLR_030,Standard,219,1200,262800,2
2025-01-09,DLR_001,Standard,168,1200,201600,1
2025-01-09,DLR_002,Standard,121,1200,145200,0
2025-01-09,DLR_003,Standard,217,1200,260400,3
2025-01-09,DLR_004,Standard,172,1200,206400,3
2025-01-09,DLR_005,Standard,112,1200,134400,0
2025-01-09,DLR_006,Standard,44,1200,52800,0
2025-01-09,DLR_007,Standard,117,1200,140400,3
2025-01-09,DLR_008,Standard,113,1200,135600,0
2025-01-09,DLR_009,Standard,56,1200,67200,2
2025-01-09,DLR_010,Standard,274,1200,328800,2
2025-01-09,DLR_011,Standard,27,1200,32400,1
2025-01-09,DLR_012,Standard,250,1200,300000,3
2025-01-09,DLR_013,Standard,37,1200,44400,0
2025-01-09,DLR_014,Standard,260,1200,312000,0
2025-01-09,DLR_015,Standard,96,1200,115200,2
2025-01-09,DLR_016,Standard,111,1200,133200,0
2025-01-09,DLR_017,Standard,59,1200,70800,1
2025-01-09,DLR_018,Standard,126,1200,151200,2
2025-01-09,DLR_019,Standard,57,1200,68400,3
2025-01-09,DLR_020,Standard,77,1200,92400,0
2025-01-09,DLR_021,Standard,213,1200,255600,1
2025-01-09,DLR_022,Standard,108,1200,129600,0
2025-01-09,DLR_023,Standard,69,1200,82800,1
2025-01-09,DLR_024,Standard,157,1200,188400,3
2025-01-09,DLR_025,Standard,77,1200,92400,3
2025-01-09,DLR_026,Standard,245,1200,294000,3
2025-01-09,DLR_027,Standard,59,1200,70800,0
2025-01-09,DLR_028,Standard,169,1200,202800,0
2025-01-09,DLR_029,Standard,154,1200,184800,1
2025-01-09,DLR_030,Standard,283,1200,339600,0
2025-01-10,DLR_001,Standard,122,1200,146400,2
2025-01-10,DLR_002,Standard,168,1200,201600,0
2025-01-10,DLR_003,Standard,50,1200,60000,0
2025-01-10,DLR_004,Standard,144,1200,172800,2
2025-01-10,DLR_005,Standard,201,1200,241200,1
2025-01-10,DLR_006,Standard,174,1200,208800,1
2025-01-10,DLR_007,Standard,169,1200,202800,1
2025-01-10,DLR_008,Standard,116,1200,139200,2
2025-01-10,DLR_009,Standard,45,1200,54000,1
2025-01-10,DLR_010,Standard,223,1200,267600,3
2025-01-10,DLR_011,Standard,118,1200,141600,1
2025-01-10,DLR_012,Standard,278,1200,333600,3
2025-01-10,DLR_013,Standard,276,1200,331200,0
2025-01-10,DLR_014,Standard,105,1200,126000,3
2025-01-10,DLR_015,Standard,218,1200,261600,2
2025-01-10,DLR_016,Standard,271,1200,325200,0
2025-01-10,DLR_017,Standard,109,1200,130800,1
2025-01-10,DLR_018,Standard,125,1200,150000,2
2025-01-10,DLR_019,Standard,47,1200,56400,1
2025-01-10,DLR_020,Standard,145,1200,174000,2
2025-01-10,DLR_021,Standard,122,1200,146400,1
2025-01-10,DLR_022,Standard,137,1200,164400,3
2025-01-10,DLR_023,Standard,237,1200,284400,0
2025-01-10,DLR_024,Standard,69,1200,82800,1
2025-01-10,DLR_025,Standard,55,1200,66000,1
2025-01-10,DLR_026,Standard,267,1200,320400,3
2025-01-10,DLR_027,Standard,59,1200,70800,3
2025-01-10,DLR_028,Standard,229,1200,274800,1
2025-01-10,DLR_029,Standard,121,1200,145200,0
2025-01-10,DLR_030,Standard,101,1200,121200,1
2025-01-11,DLR_001,Standard,54,1200,64800,0
2025-01-11,DLR_002,Standard,153,1200,183600,0
2025-01-11,DLR_003,Standard,133,1200,159600,2
2025-01-11,DLR_004,Standard,248,1200,297600,2
2025-01-11,DLR_005,Standard,262,1200,314400,3
2025-01-11,DLR_006,Standard,196,1200,235200,2
2025-01-11,DLR_007,Standard,47,1200,56400,0
2025-01-11,DLR_008,Standard,188,1200,225600,1
2025-01-11,DLR_009,Standard,156,1200,187200,2
2025-01-11,DLR_010,Standard,158,1200,189600,0
2025-01-11,DLR_011,Standard,275,1200,330000,1
2025-01-11,DLR_012,Standard,291,1200,349200,2
2025-01-11,DLR_013,Standard,125,1200,150000,2
2025-01-11,DLR_014,Standard,163,1200,195600,2
2025-01-11,DLR_015,Standard,99,1200,118800,1
2025-01-11,DLR_016,Standard,190,1200,228000,3
2025-01-11,DLR_017,Standard,209,1200,250800,1
2025-01-11,DLR_018,Standard,143,1200,171600,0
2025-01-11,DLR_019,Standard,107,1200,128400,0
2025-01-11,DLR_020,Standard,114,1200,136800,3
2025-01-11,DLR_021,Standard,76,1200,91200,2
2025-01-11,DLR_022,Standard,188,1200,225600,0
2025-01-11,DLR_023,Standard,175,1200,210000,0
2025-01-11,DLR_024,Standard,225,1200,270000,0
2025-01-11,DLR_025,Standard,285,1200,342000,0
2025-01-11,DLR_026,Standard,297,1200,356400,2
2025-01-11,DLR_027,Standard,101,1200,121200,1
2025-01-11,DLR_028,Standard,177,1200,212400,0
2025-01-11,DLR_029,Standard,47,1200,56400,1
2025-01-11,DLR_030,Standard,207,1200,248400,0
2025-01-12,DLR_001,Standard,157,1200,188400,1
2025-01-12,DLR_002,Standard,204,1200,244800,0
2025-01-12,DLR_003,Standard,254,1200,304800,2
2025-01-12,DLR_004,Standard,142,1200,170400,2
2025-01-12,DLR_005,Standard,107,1200,128400,0
2025-01-12,DLR_006,Standard,132,1200,158400,2
2025-01-12,DLR_007,Standard,85,1200,102000,2
2025-01-12,DLR_008,Standard,210,1200,252000,3
2025-01-12,DLR_009,Standard,252,1200,302400,3
2025-01-12,DLR_010,Standard,259,1200,310800,3
2025-01-12,DLR_011,Standard,114,1200,136800,1
2025-01-12,DLR_012,Standard,128,1200,153600,3
2025-01-12,DLR_013,Standard,91,1200,109200,1
2025-01-12,DLR_014,Standard,187,1200,224400,0
2025-01-12,DLR_015,Standard,165,1200,198000,0
2025-01-12,DLR_016,Standard,232,1200,278400,2
2025-01-12,DLR_017,Standard,194,1200,232800,2
2025-01-12,DLR_018,Standard,228,1200,273600,2
2025-01-12,DLR_019,Standard,200,1200,240000,2
2025-01-12,DLR_020,Standard,164,1200,196800,0
2025-01-12,DLR_021,Standard,101,1200,121200,0
2025-01-12,DLR_022,Standard,88,1200,105600,0
2025-01-12,DLR_023,Standard,161,1200,193200,0
2025-01-12,DLR_024,Standard,113,1200,135600,3
2025-01-12,DLR_025,Standard,282,1200,338400,1
2025-01-12,DLR_026,Standard,291,1200,349200,3
2025-01-12,DLR_027,Standard,245,1200,294000,2
2025-01-12,DLR_028,Standard,166,1200,199200,1
2025-01-12,DLR_029,Standard,223,1200,267600,1
2025-01-12,DLR_030,Standard,187,1200,224400,1
2025-01-13,DLR_001,Standard,102,1200,122400,0
2025-01-13,DLR_002,Standard,133,1200,159600,3
2025-01-13,DLR_003,Standard,124,1200,148800,0
2025-01-13,DLR_004,Standard,232,1200,278400,1
2025-01-13,DLR_005,Standard,34,1200,40800,3
2025-01-13,DLR_006,Standard,212,1200,254400,3
2025-01-13,DLR_007,Standard,218,1200,261600,2
2025-01-13,DLR_008,Standard,80,1200,96000,0
2025-01-13,DLR_009,Standard,281,1200,337200,2
2025-01-13,DLR_010,Standard,25,1200,30000,3
2025-01-13,DLR_011,Standard,155,1200,186000,2
2025-01-13,DLR_012,Standard,64,1200,76800,0
2025-01-13,DLR_013,Standard,62,1200,74400,3
2025-01-13,DLR_014,Standard,99,1200,118800,0
2025-01-13,DLR_015,Standard,173,1200,207600,1
2025-01-13,DLR_016,Standard,132,1200,158400,3
2025-01-13,DLR_017,Standard,269,1200,322800,0
2025-01-13,DLR_018,Standard,262,1200,314400,2
2025-01-13,DLR_019,Standard,259,1200,310800,0
2025-01-13,DLR_020,Standard,203,1200,243600,0
2025-01-13,DLR_021,Standard,113,1200,135600,0
2025-01-13,DLR_022,Standard,167,1200,200400,3
2025-01-13,DLR_023,Standard,123,1200,147600,2
2025-01-13,DLR_024,Standard,92,1200,110400,1
2025-01-13,DLR_025,Standard,232,1200,278400,1
2025-01-13,DLR_026,Standard,233,1200,279600,3
2025-01-13,DLR_027,Standard,194,1200,232800,2
2025-01-13,DLR_028,Standard,184,1200,220800,3
2025-01-13,DLR_029,Standard,221,1200,265200,3
2025-01-13,DLR_030,Standard,29,1200,34800,3
2025-01-14,DLR_001,Standard,249,1200,298800,3
2025-01-14,DLR_002,Standard,243,1200,291600,1
2025-01-14,DLR_003,Standard,74,1200,88800,1
2025-01-14,DLR_004,Standard,221,1200,265200,2
2025-01-14,DLR_005,Standard,29,1200,34800,3
2025-01-14,DLR_006,Standard,226,1200,271200,2
2025-01-14,DLR_007,Standard,153,1200,183600,2
2025-01-14,DLR_008,Standard,220,1200,264000,3
2025-01-14,DLR_009,Standard,201,1200,241200,3
2025-01-14,DLR_010,Standard,286,1200,343200,0
2025-01-14,DLR_011,Standard,250,1200,300000,2
2025-01-14,DLR_012,Standard,153,1200,183600,0
2025-01-14,DLR_013,Standard,180,1200,216000,1
2025-01-14,DLR_014,Standard,168,1200,201600,2
2025-01-14,DLR_015,Standard,113,1200,135600,3
2025-01-14,DLR_016,Standard,220,1200,264000,3
2025-01-14,DLR_017,Standard,140,1200,168000,0
2025-01-14,DLR_018,Standard,246,1200,295200,2
2025-01-14,DLR_019,Standard,226,1200,271200,3
2025-01-14,DLR_020,Standard,179,1200,214800,3
2025-01-14,DLR_021,Standard,217,1200,260400,2
2025-01-14,DLR_022,Standard,300,1200,360000,2
2025-01-14,DLR_023,Standard,65,1200,78000,3
2025-01-14,DLR_024,Standard,264,1200,316800,0
2025-01-14,DLR_025,Standard,226,1200,271200,2
2025-01-14,DLR_026,Standard,56,1200,67200,2
2025-01-14,DLR_027,Standard,122,1200,146400,2
2025-01-14,DLR_028,Standard,71,1200,85200,2
2025-01-14,DLR_029,Standard,200,1200,240000,2
2025-01-14,DLR_030,Standard,250,1200,300000,0
2025-01-15,DLR_001,Standard,243,1200,291600,1
2025-01-15,DLR_002,Standard,272,1200,326400,2
2025-01-15,DLR_003,Standard,101,1200,121200,2
2025-01-15,DLR_004,Standard,62,1200,74400,2
2025-01-15,DLR_005,Standard,92,1200,110400,2
2025-01-15,DLR_006,Standard,89,1200,106800,1
2025-01-15,DLR_007,Standard,142,1200,170400,3
2025-01-15,DLR_008,Standard,305,1200,366000,0
2025-01-15,DLR_009,Standard,176,1200,211200,3
2025-01-15,DLR_010,Standard,73,1200,87600,3
2025-01-15,DLR_011,Standard,297,1200,356400,3
2025-01-15,DLR_012,Standard,184,1200,220800,0
2025-01-15,DLR_013,Standard,109,1200,130800,2
2025-01-15,DLR_014,Standard,212,1200,254400,0
2025-01-15,DLR_015,Standard,267,1200,320400,1
2025-01-15,DLR_016,Standard,248,1200,297600,1
2025-01-15,DLR_017,Standard,39,1200,46800,0
2025-01-15,DLR_018,Standard,119,1200,142800,2
2025-01-15,DLR_019,Standard,36,1200,43200,0
2025-01-15,DLR_020,Standard,289,1200,346800,3
2025-01-15,DLR_021,Standard,208,1200,249600,0
2025-01-15,DLR_022,Standard,280,1200,336000,3
2025-01-15,DLR_023,Standard,144,1200,172800,1
2025-01-15,DLR_024,Standard,167,1200,200400,0
2025-01-15,DLR_025,Standard,247,1200,296400,2
2025-01-15,DLR_026,Standard,62,1200,74400,2
2025-01-15,DLR_027,Standard,26,1200,31200,1
2025-01-15,DLR_028,Standard,260,1200,312000,0
2025-01-15,DLR_029,Standard,164,1200,196800,3
2025-01-15,DLR_030,Standard,241,1200,289200,0
2025-01-16,DLR_001,Standard,154,1200,184800,3
2025-01-16,DLR_002,Standard,127,1200,152400,2
2025-01-16,DLR_003,Standard,229,1200,274800,0
2025-01-16,DLR_004,Standard,104,1200,124800,2
2025-01-16,DLR_005,Standard,110,1200,132000,2
2025-01-16,DLR_006,Standard,253,1200,303600,3
2025-01-16,DLR_007,Standard,134,1200,160800,1
2025-01-16,DLR_008,Standard,228,1200,273600,1
2025-01-16,DLR_009,Standard,241,1200,289200,1
2025-01-16,DLR_010,Standard,149,1200,178800,3
2025-01-16,DLR_011,Standard,264,1200,316800,2
2025-01-16,DLR_012,Standard,83,1200,99600,1
2025-01-16,DLR_013,Standard,143,1200,171600,3
2025-01-16,DLR_014,Standard,216,1200,259200,2
2025-01-16,DLR_015,Standard,152,1200,182400,3
2025-01-16,DLR_016,Standard,108,1200,129600,0
2025-01-16,DLR_017,Standard,176,1200,211200,1
2025-01-16,DLR_018,Standard,143,1200,171600,0
2025-01-16,DLR_019,Standard,278,1200,333600,3
2025-01-16,DLR_020,Standard,66,1200,79200,0
2025-01-16,DLR_021,Standard,168,1200,201600,0
2025-01-16,DLR_022,Standard,113,1200,135600,1
2025-01-16,DLR_023,Standard,124,1200,148800,3
2025-01-16,DLR_024,Standard,190,1200,228000,3
2025-01-16,DLR_025,Standard,158,1200,189600,2
2025-01-16,DLR_026,Standard,209,1200,250800,1
2025-01-16,DLR_027,Standard,66,1200,79200,3
2025-01-16,DLR_028,Standard,79,1200,94800,2
2025-01-16,DLR_029,Standard,236,1200,283200,0
2025-01-16,DLR_030,Standard,56,1200,67200,1
2025-01-17,DLR_001,Standard,177,1200,212400,2
2025-01-17,DLR_002,Standard,236,1200,283200,2
2025-01-17,DLR_003,Standard,200,1200,240000,3
2025-01-17,DLR_004,Standard,133,1200,159600,1
2025-01-17,DLR_005,Standard,130,1200,156000,1
2025-01-17,DLR_006,Standard,72,1200,86400,0
2025-01-17,DLR_007,Standard,172,1200,206400,3
2025-01-17,DLR_008,Standard,201,1200,241200,3
2025-01-17,DLR_009,Standard,241,1200,289200,1
2025-01-17,DLR_010,Standard,272,1200,326400,2
2025-01-17,DLR_011,Standard,246,1200,295200,0
2025-01-17,DLR_012,Standard,280,1200,336000,0
2025-01-17,DLR_013,Standard,26,1200,31200,1
2025-01-17,DLR_014,Standard,289,1200,346800,0
2025-01-17,DLR_015,Standard,50,1200,60000,3
2025-01-17,DLR_016,Standard,198,1200,237600,1
2025-01-17,DLR_017,Standard,88,1200,105600,1
2025-01-17,DLR_018,Standard,59,1200,70800,2
2025-01-17,DLR_019,Standard,312,1200,374400,0
2025-01-17,DLR_020,Standard,73,1200,87600,1
2025-01-17,DLR_021,Standard,69,1200,82800,0
2025-01-17,DLR_022,Standard,165,1200,198000,1
2025-01-17,DLR_023,Standard,275,1200,330000,3
2025-01-17,DLR_024,Standard,132,1200,158400,2
2025-01-17,DLR_025,Standard,66,1200,79200,3
2025-01-17,DLR_026,Standard,194,1200,232800,0
2025-01-17,DLR_027,Standard,260,1200,312000,2
2025-01-17,DLR_028,Standard,299,1200,358800,3
2025-01-17,DLR_029,Standard,192,1200,230400,0
2025-01-17,DLR_030,Standard,259,1200,310800,1
2025-01-18,DLR_001,Standard,232,1200,278400,1
2025-01-18,DLR_002,Standard,34,1200,40800,3
2025-01-18,DLR_003,Standard,228,1200,273600,0
2025-01-18,DLR_004,Standard,107,1200,128400,1
2025-01-18,DLR_005,Standard,274,1200,328800,3
2025-01-18,DLR_006,Standard,244,1200,292800,1
2025-01-18,DLR_007,Standard,269,1200,322800,0
2025-01-18,DLR_008,Standard,290,1200,348000,0
2025-01-18,DLR_009,Standard,31,1200,37200,2
2025-01-18,DLR_010,Standard,112,1200,134400,1
2025-01-18,DLR_011,Standard,184,1200,220800,0
2025-01-18,DLR_012,Standard,301,1200,361200,3
2025-01-18,DLR_013,Standard,302,1200,362400,3
2025-01-18,DLR_014,Standard,300,1200,360000,3
2025-01-18,DLR_015,Standard,117,1200,140400,3
2025-01-18,DLR_016,Standard,180,1200,216000,3
2025-01-18,DLR_017,Standard,304,1200,364800,3
2025-01-18,DLR_018,Standard,79,1200,94800,3
2025-01-18,DLR_019,Standard,310,1200,372000,3
2025-01-18,DLR_020,Standard,149,1200,178800,0
2025-01-18,DLR_021,Standard,65,1200,78000,3
2025-01-18,DLR_022,Standard,221,1200,265200,1
2025-01-18,DLR_023,Standard,245,1200,294000,0
2025-01-18,DLR_024,Standard,139,1200,166800,1
2025-01-18,DLR_025,Standard,236,1200,283200,3
2025-01-18,DLR_026,Standard,63,1200,75600,1
2025-01-18,DLR_027,Standard,306,1200,367200,1
2025-01-18,DLR_028,Standard,80,1200,96000,1
2025-01-18,DLR_029,Standard,33,1200,39600,1
2025-01-18,DLR_030,Standard,242,1200,290400,1
2025-01-19,DLR_001,Standard,277,1200,332400,1
2025-01-19,DLR_002,Standard,102,1200,122400,2
2025-01-19,DLR_003,Standard,159,1200,190800,3
2025-01-19,DLR_004,Standard,68,1200,81600,1
2025-01-19,DLR_005,Standard,134,1200,160800,2
2025-01-19,DLR_006,Standard,152,1200,182400,2
2025-01-19,DLR_007,Standard,169,1200,202800,1
2025-01-19,DLR_008,Standard,140,1200,168000,1
2025-01-19,DLR_009,Standard,209,1200,250800,0
2025-01-19,DLR_010,Standard,172,1200,206400,0
2025-01-19,DLR_011,Standard,128,1200,153600,2
2025-01-19,DLR_012,Standard,249,1200,298800,3
2025-01-19,DLR_013,Standard,53,1200,63600,3
2025-01-19,DLR_014,Standard,300,1200,360000,2
2025-01-19,DLR_015,Standard,65,1200,78000,0
2025-01-19,DLR_016,Standard,109,1200,130800,1
2025-01-19,DLR_017,Standard,269,1200,322800,2
2025-01-19,DLR_018,Standard,237,1200,284400,1
2025-01-19,DLR_019,Standard,33,1200,39600,1
2025-01-19,DLR_020,Standard,115,1200,138000,3
2025-01-19,DLR_021,Standard,269,1200,322800,3
2025-01-19,DLR_022,Standard,115,1200,138000,0
2025-01-19,DLR_023,Standard,219,1200,262800,0
2025-01-19,DLR_024,Standard,47,1200,56400,2
2025-01-19,DLR_025,Standard,287,1200,344400,2
2025-01-19,DLR_026,Standard,70,1200,84000,3
2025-01-19,DLR_027,Standard,160,1200,192000,1
2025-01-19,DLR_028,Standard,159,1200,190800,2
2025-01-19,DLR_029,Standard,275,1200,330000,1
2025-01-19,DLR_030,Standard,111,1200,133200,3
2025-01-20,DLR_001,Standard,229,1200,274800,2
2025-01-20,DLR_002,Standard,220,1200,264000,1
2025-01-20,DLR_003,Standard,138,1200,165600,1
2025-01-20,DLR_004,Standard,207,1200,248400,1
2025-01-20,DLR_005,Standard,56,1200,67200,3
2025-01-20,DLR_006,Standard,321,1200,385200,2
2025-01-20,DLR_007,Standard,184,1200,220800,1
2025-01-20,DLR_008,Standard,47,1200,56400,2
2025-01-20,DLR_009,Standard,134,1200,160800,0
2025-01-20,DLR_010,Standard,118,1200,141600,0
2025-01-20,DLR_011,Standard,263,1200,315600,3
2025-01-20,DLR_012,Standard,83,1200,99600,1
2025-01-20,DLR_013,Standard,275,1200,330000,2
2025-01-20,DLR_014,Standard,176,1200,211200,1
2025-01-20,DLR_015,Standard,322,1200,386400,1
2025-01-20,DLR_016,Standard,82,1200,98400,0
2025-01-20,DLR_017,Standard,318,1200,381600,2
2025-01-20,DLR_018,Standard,152,1200,182400,3
2025-01-20,DLR_019,Standard,189,1200,226800,2
2025-01-20,DLR_020,Standard,122,1200,146400,0
2025-01-20,DLR_021,Standard,107,1200,128400,2
2025-01-20,DLR_022,Standard,91,1200,109200,2
2025-01-20,DLR_023,Standard,167,1200,200400,2
2025-01-20,DLR_024,Standard,193,1200,231600,2
2025-01-20,DLR_025,Standard,259,1200,310800,1
2025-01-20,DLR_026,Standard,282,1200,338400,1
2025-01-20,DLR_027,Standard,52,1200,62400,3
2025-01-20,DLR_028,Standard,273,1200,327600,0
2025-01-20,DLR_029,Standard,113,1200,135600,3
2025-01-20,DLR_030,Standard,281,1200,337200,3
2025-01-21,DLR_001,Standard,240,1200,288000,3
2025-01-21,DLR_002,Standard,261,1200,313200,2
2025-01-21,DLR_003,Standard,247,1200,296400,0
2025-01-21,DLR_004,Standard,216,1200,259200,1
2025-01-21,DLR_005,Standard,86,1200,103200,2
2025-01-21,DLR_006,Standard,225,1200,270000,3
2025-01-21,DLR_007,Standard,60,1200,72000,1
2025-01-21,DLR_008,Standard,174,1200,208800,3
2025-01-21,DLR_009,Standard,60,1200,72000,1
2025-01-21,DLR_010,Standard,134,1200,160800,2
2025-01-21,DLR_011,Standard,238,1200,285600,1
2025-01-21,DLR_012,Standard,260,1200,312000,1
2025-01-21,DLR_013,Standard,238,1200,285600,1
2025-01-21,DLR_014,Standard,270,1200,324000,3
2025-01-21,DLR_015,Standard,102,1200,122400,0
2025-01-21,DLR_016,Standard,278,1200,333600,0
2025-01-21,DLR_017,Standard,32,1200,38400,1
2025-01-21,DLR_018,Standard,28,1200,33600,2
2025-01-21,DLR_019,Standard,195,1200,234000,1
2025-01-21,DLR_020,Standard,250,1200,300000,1
2025-01-21,DLR_021,Standard,322,1200,386400,1
2025-01-21,DLR_022,Standard,76,1200,91200,0
2025-01-21,DLR_023,Standard,312,1200,374400,2
2025-01-21,DLR_024,Standard,203,1200,243600,2
2025-01-21,DLR_025,Standard,275,1200,330000,3
2025-01-21,DLR_026,Standard,268,1200,321600,3
2025-01-21,DLR_027,Standard,196,1200,235200,3
2025-01-21,DLR_028,Standard,134,1200,160800,1
2025-01-21,DLR_029,Standard,286,1200,343200,3
2025-01-21,DLR_030,Standard,234,1200,280800,0
2025-01-22,DLR_001,Standard,125,1200,150000,1
2025-01-22,DLR_002,Standard,209,1200,250800,0
2025-01-22,DLR_003,Standard,112,1200,134400,1
2025-01-22,DLR_004,Standard,205,1200,246000,1
2025-01-22,DLR_005,Standard,159,1200,190800,1
2025-01-22,DLR_006,Standard,233,1200,279600,2
2025-01-22,DLR_007,Standard,283,1200,339600,0
2025-01-22,DLR_008,Standard,33,1200,39600,1
2025-01-22,DLR_009,Standard,85,1200,102000,2
2025-01-22,DLR_010,Standard,154,1200,184800,0
2025-01-22,DLR_011,Standard,190,1200,228000,3
2025-01-22,DLR_012,Standard,238,1200,285600,0
2025-01-22,DLR_013,Standard,268,1200,321600,3
2025-01-22,DLR_014,Standard,53,1200,63600,2
2025-01-22,DLR_015,Standard,301,1200,361200,3
2025-01-22,DLR_016,Standard,135,1200,162000,2
2025-01-22,DLR_017,Standard,154,1200,184800,0
2025-01-22,DLR_018,Standard,216,1200,259200,2
2025-01-22,DLR_019,Standard,260,1200,312000,3
2025-01-22,DLR_020,Standard,118,1200,141600,2
2025-01-22,DLR_021,Standard,236,1200,283200,2
2025-01-22,DLR_022,Standard,196,1200,235200,3
2025-01-22,DLR_023,Standard,209,1200,250800,1
2025-01-22,DLR_024,Standard,45,1200,54000,2
2025-01-22,DLR_025,Standard,206,1200,247200,2
2025-01-22,DLR_026,Standard,48,1200,57600,3
2025-01-22,DLR_027,Standard,120,1200,144000,1
2025-01-22,DLR_028,Standard,172,1200,206400,3
2025-01-22,DLR_029,Standard,63,1200,75600,3
2025-01-22,DLR_030,Standard,93,1200,111600,1
2025-01-23,DLR_001,Standard,179,1200,214800,2
2025-01-23,DLR_002,Standard,253,1200,303600,1
2025-01-23,DLR_003,Standard,224,1200,268800,3
2025-01-23,DLR_004,Standard,38,1200,45600,3
2025-01-23,DLR_005,Standard,309,1200,370800,1
2025-01-23,DLR_006,Standard,102,1200,122400,2
2025-01-23,DLR_007,Standard,293,1200,351600,0
2025-01-23,DLR_008,Standard,321,1200,385200,0
2025-01-23,DLR_009,Standard,64,1200,76800,1
2025-01-23,DLR_010,Standard,168,1200,201600,3
2025-01-23,DLR_011,Standard,137,1200,164400,0
2025-01-23,DLR_012,Standard,304,1200,364800,1
2025-01-23,DLR_013,Standard,166,1200,199200,1
2025-01-23,DLR_014,Standard,293,1200,351600,1
2025-01-23,DLR_015,Standard,258,1200,309600,0
2025-01-23,DLR_016,Standard,176,1200,211200,1
2025-01-23,DLR_017,Standard,181,1200,217200,3
2025-01-23,DLR_018,Standard,279,1200,334800,1
2025-01-23,DLR_019,Standard,206,1200,247200,0
2025-01-23,DLR_020,Standard,233,1200,279600,2
2025-01-23,DLR_021,Standard,48,1200,57600,3
2025-01-23,DLR_022,Standard,227,1200,272400,2
2025-01-23,DLR_023,Standard,246,1200,295200,0
2025-01-23,DLR_024,Standard,118,1200,141600,2
2025-01-23,DLR_025,Standard,285,1200,342000,3
2025-01-23,DLR_026,Standard,80,1200,96000,2
2025-01-23,DLR_027,Standard,62,1200,74400,0
2025-01-23,DLR_028,Standard,157,1200,188400,3
2025-01-23,DLR_029,Standard,274,1200,328800,3
2025-01-23,DLR_030,Standard,62,1200,74400,3
2025-01-24,DLR_001,Standard,159,1200,190800,2
2025-01-24,DLR_002,Standard,97,1200,116400,1
2025-01-24,DLR_003,Standard,304,1200,364800,2
2025-01-24,DLR_004,Standard,140,1200,168000,0
2025-01-24,DLR_005,Standard,51,1200,61200,0
2025-01-24,DLR_006,Standard,152,1200,182400,0
2025-01-24,DLR_007,Standard,94,1200,112800,3
2025-01-24,DLR_008,Standard,220,1200,264000,3
2025-01-24,DLR_009,Standard,142,1200,170400,2
2025-01-24,DLR_010,Standard,210,1200,252000,0
2025-01-24,DLR_011,Standard,271,1200,325200,0
2025-01-24,DLR_012,Standard,189,1200,226800,2
2025-01-24,DLR_013,Standard,113,1200,135600,0
2025-01-24,DLR_014,Standard,48,1200,57600,0
2025-01-24,DLR_015,Standard,314,1200,376800,2
2025-01-24,DLR_016,Standard,220,1200,264000,3
2025-01-24,DLR_017,Standard,250,1200,300000,2
2025-01-24,DLR_018,Standard,256,1200,307200,2
2025-01-24,DLR_019,Standard,61,1200,73200,1
2025-01-24,DLR_020,Standard,62,1200,74400,3
2025-01-24,DLR_021,Standard,211,1200,253200,1
2025-01-24,DLR_022,Standard,222,1200,266400,2
2025-01-24,DLR_023,Standard,280,1200,336000,2
2025-01-24,DLR_024,Standard,132,1200,158400,1
2025-01-24,DLR_025,Standard,79,1200,94800,2
2025-01-24,DLR_026,Standard,250,1200,300000,3
2025-01-24,DLR_027,Standard,309,1200,370800,3
2025-01-24,DLR_028,Standard,323,1200,387600,0
2025-01-24,DLR_029,Standard,256,1200,307200,2
2025-01-24,DLR_030,Standard,59,1200,70800,2
2025-01-25,DLR_001,Standard,166,1200,199200,2
2025-01-25,DLR_002,Standard,79,1200,94800,1
2025-01-25,DLR_003,Standard,50,1200,60000,3
2025-01-25,DLR_004,Standard,133,1200,159600,0
2025-01-25,DLR_005,Standard,61,1200,73200,0
2025-01-25,DLR_006,Standard,160,1200,192000,2
2025-01-25,DLR_007,Standard,314,1200,376800,0
2025-01-25,DLR_008,Standard,166,1200,199200,0
2025-01-25,DLR_009,Standard,66,1200,79200,3
2025-01-25,DLR_010,Standard,290,1200,348000,2
2025-01-25,DLR_011,Standard,171,1200,205200,0
2025-01-25,DLR_012,Standard,136,1200,163200,0
2025-01-25,DLR_013,Standard,123,1200,147600,1
2025-01-25,DLR_014,Standard,249,1200,298800,2
2025-01-25,DLR_015,Standard,125,1200,150000,1
2025-01-25,DLR_016,Standard,283,1200,339600,1
2025-01-25,DLR_017,Standard,68,1200,81600,2
2025-01-25,DLR_018,Standard,36,1200,43200,3
2025-01-25,DLR_019,Standard,42,1200,50400,0
2025-01-25,DLR_020,Standard,59,1200,70800,0
2025-01-25,DLR_021,Standard,102,1200,122400,1
2025-01-25,DLR_022,Standard,194,1200,232800,3
2025-01-25,DLR_023,Standard,259,1200,310800,3
2025-01-25,DLR_024,Standard,89,1200,106800,1
2025-01-25,DLR_025,Standard,124,1200,148800,2
2025-01-25,DLR_026,Standard,57,1200,68400,3
2025-01-25,DLR_027,Standard,112,1200,134400,3
2025-01-25,DLR_028,Standard,141,1200,169200,3
2025-01-25,DLR_029,Standard,38,1200,45600,1
2025-01-25,DLR_030,Standard,74,1200,88800,3
2025-01-26,DLR_001,Standard,53,1200,63600,0
2025-01-26,DLR_002,Standard,217,1200,260400,2
2025-01-26,DLR_003,Standard,196,1200,235200,0
2025-01-26,DLR_004,Standard,150,1200,180000,1
2025-01-26,DLR_005,Standard,90,1200,108000,0
2025-01-26,DLR_006,Standard,73,1200,87600,3
2025-01-26,DLR_007,Standard,180,1200,216000,1
2025-01-26,DLR_008,Standard,176,1200,211200,0
2025-01-26,DLR_009,Standard,211,1200,253200,1
2025-01-26,DLR_010,Standard,90,1200,108000,2
2025-01-26,DLR_011,Standard,264,1200,316800,1
2025-01-26,DLR_012,Standard,145,1200,174000,0
2025-01-26,DLR_013,Standard,79,1200,94800,3
2025-01-26,DLR_014,Standard,252,1200,302400,0
2025-01-26,DLR_015,Standard,239,1200,286800,1
2025-01-26,DLR_016,Standard,77,1200,92400,3
2025-01-26,DLR_017,Standard,296,1200,355200,2
2025-01-26,DLR_018,Standard,265,1200,318000,0
2025-01-26,DLR_019,Standard,195,1200,234000,2
2025-01-26,DLR_020,Standard,248,1200,297600,1
2025-01-26,DLR_021,Standard,244,1200,292800,0
2025-01-26,DLR_022,Standard,183,1200,219600,2
2025-01-26,DLR_023,Standard,316,1200,379200,1
2025-01-26,DLR_024,Standard,251,1200,301200,0
2025-01-26,DLR_025,Standard,152,1200,182400,2
2025-01-26,DLR_026,Standard,191,1200,229200,3
2025-01-26,DLR_027,Standard,174,1200,208800,0
2025-01-26,DLR_028,Standard,284,1200,340800,3
2025-01-26,DLR_029,Standard,269,1200,322800,0
2025-01-26,DLR_030,Standard,138,1200,165600,1
2025-01-27,DLR_001,Standard,29,1200,34800,3
2025-01-27,DLR_002,Standard,101,1200,121200,2
2025-01-27,DLR_003,Standard,173,1200,207600,0
2025-01-27,DLR_004,Standard,218,1200,261600,2
2025-01-27,DLR_005,Standard,188,1200,225600,0
2025-01-27,DLR_006,Standard,308,1200,369600,0
2025-01-27,DLR_007,Standard,244,1200,292800,3
2025-01-27,DLR_008,Standard,50,1200,60000,1
2025-01-27,DLR_009,Standard,209,1200,250800,3
2025-01-27,DLR_010,Standard,278,1200,333600,0
2025-01-27,DLR_011,Standard,268,1200,321600,1
2025-01-27,DLR_012,Standard,161,1200,193200,3
2025-01-27,DLR_013,Standard,50,1200,60000,1
2025-01-27,DLR_014,Standard,185,1200,222000,2
2025-01-27,DLR_015,Standard,160,1200,192000,0
2025-01-27,DLR_016,Standard,174,1200,208800,0
2025-01-27,DLR_017,Standard,28,1200,33600,2
2025-01-27,DLR_018,Standard,41,1200,49200,3
2025-01-27,DLR_019,Standard,258,1200,309600,2
2025-01-27,DLR_020,Standard,277,1200,332400,3
2025-01-27,DLR_021,Standard,58,1200,69600,2
2025-01-27,DLR_022,Standard,52,1200,62400,2
2025-01-27,DLR_023,Standard,215,1200,258000,2
2025-01-27,DLR_024,Standard,218,1200,261600,1
2025-01-27,DLR_025,Standard,309,1200,370800,1
2025-01-27,DLR_026,Standard,269,1200,322800,2
2025-01-27,DLR_027,Standard,139,1200,166800,3
2025-01-27,DLR_028,Standard,28,1200,33600,2
2025-01-27,DLR_029,Standard,196,1200,235200,1
2025-01-27,DLR_030,Standard,56,1200,67200,3
2025-01-28,DLR_001,Standard,92,1200,110400,1
2025-01-28,DLR_002,Standard,154,1200,184800,3
2025-01-28,DLR_003,Standard,239,1200,286800,0
2025-01-28,DLR_004,Standard,248,1200,297600,2
2025-01-28,DLR_005,Standard,192,1200,230400,3
2025-01-28,DLR_006,Standard,111,1200,133200,0
2025-01-28,DLR_007,Standard,264,1200,316800,2
2025-01-28,DLR_008,Standard,146,1200,175200,2
2025-01-28,DLR_009,Standard,304,1200,364800,3
2025-01-28,DLR_010,Standard,107,1200,128400,0
2025-01-28,DLR_011,Standard,77,1200,92400,2
2025-01-28,DLR_012,Standard,284,1200,340800,3
2025-01-28,DLR_013,Standard,285,1200,342000,0
2025-01-28,DLR_014,Standard,312,1200,374400,3
2025-01-28,DLR_015,Standard,91,1200,109200,0
2025-01-28,DLR_016,Standard,75,1200,90000,0
2025-01-28,DLR_017,Standard,312,1200,374400,3
2025-01-28,DLR_018,Standard,69,1200,82800,3
2025-01-28,DLR_019,Standard,251,1200,301200,3
2025-01-28,DLR_020,Standard,156,1200,187200,2
2025-01-28,DLR_021,Standard,257,1200,308400,2
2025-01-28,DLR_022,Standard,240,1200,288000,1
2025-01-28,DLR_023,Standard,251,1200,301200,2
2025-01-28,DLR_024,Standard,237,1200,284400,3
2025-01-28,DLR_025,Standard,80,1200,96000,2
2025-01-28,DLR_026,Standard,129,1200,154800,2
2025-01-28,DLR_027,Standard,107,1200,128400,0
2025-01-28,DLR_028,Standard,141,1200,169200,3
2025-01-28,DLR_029,Standard,224,1200,268800,1
2025-01-28,DLR_030,Standard,106,1200,127200,2
2025-01-29,DLR_001,Standard,39,1200,46800,2
2025-01-29,DLR_002,Standard,70,1200,84000,2
2025-01-29,DLR_003,Standard,102,1200,122400,1
2025-01-29,DLR_004,Standard,83,1200,99600,3
2025-01-29,DLR_005,Standard,26,1200,31200,2
2025-01-29,DLR_006,Standard,247,1200,296400,1
2025-01-29,DLR_007,Standard,161,1200,193200,1
2025-01-29,DLR_008,Standard,224,1200,268800,0
2025-01-29,DLR_009,Standard,190,1200,228000,0
2025-01-29,DLR_010,Standard,134,1200,160800,0
2025-01-29,DLR_011,Standard,72,1200,86400,1
2025-01-29,DLR_012,Standard,166,1200,199200,2
2025-01-29,DLR_013,Standard,187,1200,224400,3
2025-01-29,DLR_014,Standard,190,1200,228000,2
2025-01-29,DLR_015,Standard,231,1200,277200,3
2025-01-29,DLR_016,Standard,268,1200,321600,0
2025-01-29,DLR_017,Standard,117,1200,140400,0
2025-01-29,DLR_018,Standard,33,1200,39600,3
2025-01-29,DLR_019,Standard,117,1200,140400,1
2025-01-29,DLR_020,Standard,117,1200,140400,0
2025-01-29,DLR_021,Standard,297,1200,356400,2
2025-01-29,DLR_022,Standard,43,1200,51600,2
2025-01-29,DLR_023,Standard,58,1200,69600,2
2025-01-29,DLR_024,Standard,120,1200,144000,3
2025-01-29,DLR_025,Standard,270,1200,324000,1
2025-01-29,DLR_026,Standard,278,1200,333600,1
2025-01-29,DLR_027,Standard,285,1200,342000,1
2025-01-29,DLR_028,Standard,102,1200,122400,3
2025-01-29,DLR_029,Standard,288,1200,345600,3
2025-01-29,DLR_030,Standard,194,1200,232800,2
2025-01-30,DLR_001,Standard,106,1200,127200,0
2025-01-30,DLR_002,Standard,252,1200,302400,3
2025-01-30,DLR_003,Standard,194,1200,232800,1
2025-01-30,DLR_004,Standard,153,1200,183600,2
2025-01-30,DLR_005,Standard,27,1200,32400,1
2025-01-30,DLR_006,Standard,239,1200,286800,2
2025-01-30,DLR_007,Standard,304,1200,364800,2
2025-01-30,DLR_008,Standard,203,1200,243600,1
2025-01-30,DLR_009,Standard,85,1200,102000,3
2025-01-30,DLR_010,Standard,166,1200,199200,2
2025-01-30,DLR_011,Standard,204,1200,244800,2
2025-01-30,DLR_012,Standard,312,1200,374400,2
2025-01-30,DLR_013,Standard,30,1200,36000,2
2025-01-30,DLR_014,Standard,278,1200,333600,0
2025-01-30,DLR_015,Standard,304,1200,364800,3
2025-01-30,DLR_016,Standard,85,1200,102000,3
2025-01-30,DLR_017,Standard,40,1200,48000,3
2025-01-30,DLR_018,Standard,90,1200,108000,1
2025-01-30,DLR_019,Standard,156,1200,187200,3
2025-01-30,DLR_020,Standard,205,1200,246000,2
2025-01-30,DLR_021,Standard,215,1200,258000,2
2025-01-30,DLR_022,Standard,168,1200,201600,3
2025-01-30,DLR_023,Standard,25,1200,30000,0
2025-01-30,DLR_024,Standard,281,1200,337200,2
2025-01-30,DLR_025,Standard,41,1200,49200,1
2025-01-30,DLR_026,Standard,243,1200,291600,2
2025-01-30,DLR_027,Standard,41,1200,49200,1
2025-01-30,DLR_028,Standard,311,1200,373200,2
2025-01-30,DLR_029,Standard,147,1200,176400,0
2025-01-30,DLR_030,Standard,234,1200,280800,0
2025-01-31,DLR_001,Standard,148,1200,177600,0
2025-01-31,DLR_002,Standard,292,1200,350400,1
2025-01-31,DLR_003,Standard,231,1200,277200,2
2025-01-31,DLR_004,Standard,31,1200,37200,3
2025-01-31,DLR_005,Standard,158,1200,189600,2
2025-01-31,DLR_006,Standard,284,1200,340800,3
2025-01-31,DLR_007,Standard,107,1200,128400,3
2025-01-31,DLR_008,Standard,166,1200,199200,3
2025-01-31,DLR_009,Standard,51,1200,61200,0
2025-01-31,DLR_010,Standard,303,1200,363600,2
2025-01-31,DLR_011,Standard,142,1200,170400,3
2025-01-31,DLR_012,Standard,28,1200,33600,0
2025-01-31,DLR_013,Standard,66,1200,79200,0
2025-01-31,DLR_014,Standard,112,1200,134400,2
2025-01-31,DLR_015,Standard,103,1200,123600,3
2025-01-31,DLR_016,Standard,158,1200,189600,2
2025-01-31,DLR_017,Standard,54,1200,64800,3
2025-01-31,DLR_018,Standard,27,1200,32400,1
2025-01-31,DLR_019,Standard,79,1200,94800,1
2025-01-31,DLR_020,Standard,32,1200,38400,1
2025-01-31,DLR_021,Standard,280,1200,336000,2
2025-01-31,DLR_022,Standard,148,1200,177600,0
2025-01-31,DLR_023,Standard,146,1200,175200,3
2025-01-31,DLR_024,Standard,253,1200,303600,2
2025-01-31,DLR_025,Standard,70,1200,84000,3
2025-01-31,DLR_026,Standard,224,1200,268800,1
2025-01-31,DLR_027,Standard,301,1200,361200,0
2025-01-31,DLR_028,Standard,241,1200,289200,3
2025-01-31,DLR_029,Standard,104,1200,124800,1
2025-01-31,DLR_030,Standard,258,1200,309600,1
2025-02-01,DLR_001,Standard,264,1200,316800,0
2025-02-01,DLR_002,Standard,244,1200,292800,3
2025-02-01,DLR_003,Standard,186,1200,223200,2
2025-02-01,DLR_004,Standard,103,1200,123600,2
2025-02-01,DLR_005,Standard,232,1200,278400,1
2025-02-01,DLR_006,Standard,59,1200,70800,2
2025-02-01,DLR_007,Standard,208,1200,249600,0
2025-02-01,DLR_008,Standard,134,1200,160800,3
2025-02-01,DLR_009,Standard,113,1200,135600,2
2025-02-01,DLR_010,Standard,62,1200,74400,3
2025-02-01,DLR_011,Standard,198,1200,237600,1
2025-02-01,DLR_012,Standard,236,1200,283200,3
2025-02-01,DLR_013,Standard,231,1200,277200,3
2025-02-01,DLR_014,Standard,196,1200,235200,0
2025-02-01,DLR_015,Standard,143,1200,171600,0
2025-02-01,DLR_016,Standard,54,1200,64800,0
2025-02-01,DLR_017,Standard,209,1200,250800,1
2025-02-01,DLR_018,Standard,82,1200,98400,2
2025-02-01,DLR_019,Standard,245,1200,294000,0
2025-02-01,DLR_020,Standard,308,1200,369600,2
2025-02-01,DLR_021,Standard,171,1200,205200,0
2025-02-01,DLR_022,Standard,29,1200,34800,2
2025-02-01,DLR_023,Standard,169,1200,202800,1
2025-02-01,DLR_024,Standard,249,1200,298800,2
2025-02-01,DLR_025,Standard,309,1200,370800,1
2025-02-01,DLR_026,Standard,244,1200,292800,0
2025-02-01,DLR_027,Standard,283,1200,339600,2
2025-02-01,DLR_028,Standard,182,1200,218400,3
2025-02-01,DLR_029,Standard,302,1200,362400,1
2025-02-01,DLR_030,Standard,157,1200,188400,1
2025-02-02,DLR_001,Standard,242,1200,290400,2
2025-02-02,DLR_002,Standard,300,1200,360000,1
2025-02-02,DLR_003,Standard,165,1200,198000,1
2025-02-02,DLR_004,Standard,267,1200,320400,3
2025-02-02,DLR_005,Standard,286,1200,343200,2
2025-02-02,DLR_006,Standard,63,1200,75600,0
2025-02-02,DLR_007,Standard,295,1200,354000,3
2025-02-02,DLR_008,Standard,226,1200,271200,1
2025-02-02,DLR_009,Standard,164,1200,196800,2
2025-02-02,DLR_010,Standard,259,1200,310800,0
2025-02-02,DLR_011,Standard,294,1200,352800,0
2025-02-02,DLR_012,Standard,85,1200,102000,2
2025-02-02,DLR_013,Standard,174,1200,208800,3
2025-02-02,DLR_014,Standard,76,1200,91200,2
2025-02-02,DLR_015,Standard,216,1200,259200,0
2025-02-02,DLR_016,Standard,194,1200,232800,3
2025-02-02,DLR_017,Standard,128,1200,153600,1
2025-02-02,DLR_018,Standard,50,1200,60000,2
2025-02-02,DLR_019,Standard,275,1200,330000,0
2025-02-02,DLR_020,Standard,288,1200,345600,3
2025-02-02,DLR_021,Standard,134,1200,160800,1
2025-02-02,DLR_022,Standard,65,1200,78000,3
2025-02-02,DLR_023,Standard,80,1200,96000,3
2025-02-02,DLR_024,Standard,168,1200,201600,3
2025-02-02,DLR_025,Standard,238,1200,285600,3
2025-02-02,DLR_026,Standard,118,1200,141600,1
2025-02-02,DLR_027,Standard,262,1200,314400,3
2025-02-02,DLR_028,Standard,76,1200,91200,3
2025-02-02,DLR_029,Standard,306,1200,367200,3
2025-02-02,DLR_030,Standard,140,1200,168000,1
2025-02-03,DLR_001,Standard,243,1200,291600,2
2025-02-03,DLR_002,Standard,276,1200,331200,2
2025-02-03,DLR_003,Standard,185,1200,222000,2
2025-02-03,DLR_004,Standard,211,1200,253200,0
2025-02-03,DLR_005,Standard,232,1200,278400,0
2025-02-03,DLR_006,Standard,52,1200,62400,2
2025-02-03,DLR_007,Standard,266,1200,319200,1
2025-02-03,DLR_008,Standard,119,1200,142800,2
2025-02-03,DLR_009,Standard,44,1200,52800,2
2025-02-03,DLR_010,Standard,88,1200,105600,1
2025-02-03,DLR_011,Standard,204,1200,244800,1
2025-02-03,DLR_012,Standard,26,1200,31200,2
2025-02-03,DLR_013,Standard,29,1200,34800,3
2025-02-03,DLR_014,Standard,114,1200,136800,0
2025-02-03,DLR_015,Standard,284,1200,340800,3
2025-02-03,DLR_016,Standard,168,1200,201600,2
2025-02-03,DLR_017,Standard,184,1200,220800,3
2025-02-03,DLR_018,Standard,179,1200,214800,2
2025-02-03,DLR_019,Standard,160,1200,192000,3
2025-02-03,DLR_020,Standard,261,1200,313200,3
2025-02-03,DLR_021,Standard,52,1200,62400,1
2025-02-03,DLR_022,Standard,171,1200,205200,3
2025-02-03,DLR_023,Standard,211,1200,253200,3
2025-02-03,DLR_024,Standard,36,1200,43200,3
2025-02-03,DLR_025,Standard,283,1200,339600,1
2025-02-03,DLR_026,Standard,222,1200,266400,0
2025-02-03,DLR_027,Standard,261,1200,313200,3
2025-02-03,DLR_028,Standard,67,1200,80400,3
2025-02-03,DLR_029,Standard,47,1200,56400,2
2025-02-03,DLR_030,Standard,143,1200,171600,2
2025-02-04,DLR_001,Standard,95,1200,114000,1
2025-02-04,DLR_002,Standard,79,1200,94800,1
2025-02-04,DLR_003,Standard,224,1200,268800,1
2025-02-04,DLR_004,Standard,93,1200,111600,0
2025-02-04,DLR_005,Standard,122,1200,146400,1
2025-02-04,DLR_006,Standard,61,1200,73200,2
2025-02-04,DLR_007,Standard,44,1200,52800,3
2025-02-04,DLR_008,Standard,228,1200,273600,1
2025-02-04,DLR_009,Standard,122,1200,146400,0
2025-02-04,DLR_010,Standard,96,1200,115200,3
2025-02-04,DLR_011,Standard,47,1200,56400,2
2025-02-04,DLR_012,Standard,190,1200,228000,1
2025-02-04,DLR_013,Standard,188,1200,225600,2
2025-02-04,DLR_014,Standard,148,1200,177600,0
2025-02-04,DLR_015,Standard,140,1200,168000,0
2025-02-04,DLR_016,Standard,102,1200,122400,1
2025-02-04,DLR_017,Standard,282,1200,338400,0
2025-02-04,DLR_018,Standard,242,1200,290400,2
2025-02-04,DLR_019,Standard,155,1200,186000,0
2025-02-04,DLR_020,Standard,210,1200,252000,2
2025-02-04,DLR_021,Standard,51,1200,61200,0
2025-02-04,DLR_022,Standard,302,1200,362400,2
2025-02-04,DLR_023,Standard,216,1200,259200,2
2025-02-04,DLR_024,Standard,93,1200,111600,3
2025-02-04,DLR_025,Standard,130,1200,156000,1
2025-02-04,DLR_026,Standard,275,1200,330000,3
2025-02-04,DLR_027,Standard,302,1200,362400,3
2025-02-04,DLR_028,Standard,297,1200,356400,0
2025-02-04,DLR_029,Standard,218,1200,261600,2
2025-02-04,DLR_030,Standard,161,1200,193200,3
2025-02-05,DLR_001,Standard,285,1200,342000,2
2025-02-05,DLR_002,Standard,128,1200,153600,0
2025-02-05,DLR_003,Standard,231,1200,277200,3
2025-02-05,DLR_004,Standard,227,1200,272400,2
2025-02-05,DLR_005,Standard,233,1200,279600,0
2025-02-05,DLR_006,Standard,180,1200,216000,1
2025-02-05,DLR_007,Standard,102,1200,122400,1
2025-02-05,DLR_008,Standard,149,1200,178800,1
2025-02-05,DLR_009,Standard,118,1200,141600,3
2025-02-05,DLR_010,Standard,174,1200,208800,3
2025-02-05,DLR_011,Standard,170,1200,204000,0
2025-02-05,DLR_012,Standard,140,1200,168000,0
2025-02-05,DLR_013,Standard,54,1200,64800,3
2025-02-05,DLR_014,Standard,271,1200,325200,3
2025-02-05,DLR_015,Standard,63,1200,75600,2
2025-02-05,DLR_016,Standard,82,1200,98400,0
2025-02-05,DLR_017,Standard,51,1200,61200,3
2025-02-05,DLR_018,Standard,72,1200,86400,2
2025-02-05,DLR_019,Standard,103,1200,123600,1
2025-02-05,DLR_020,Standard,34,1200,40800,0
2025-02-05,DLR_021,Standard,48,1200,57600,0
2025-02-05,DLR_022,Standard,103,1200,123600,1
2025-02-05,DLR_023,Standard,169,1200,202800,0
2025-02-05,DLR_024,Standard,145,1200,174000,0
2025-02-05,DLR_025,Standard,181,1200,217200,0
2025-02-05,DLR_026,Standard,261,1200,313200,0
2025-02-05,DLR_027,Standard,187,1200,224400,2
2025-02-05,DLR_028,Standard,90,1200,108000,0
2025-02-05,DLR_029,Standard,81,1200,97200,1
2025-02-05,DLR_030,Standard,251,1200,301200,1
2025-02-06,DLR_001,Standard,88,1200,105600,0
2025-02-06,DLR_002,Standard,96,1200,115200,3
2025-02-06,DLR_003,Standard,74,1200,88800,2
2025-02-06,DLR_004,Standard,194,1200,232800,1
2025-02-06,DLR_005,Standard,171,1200,205200,0
2025-02-06,DLR_006,Standard,74,1200,88800,1
2025-02-06,DLR_007,Standard,252,1200,302400,2
2025-02-06,DLR_008,Standard,76,1200,91200,3
2025-02-06,DLR_009,Standard,128,1200,153600,1
2025-02-06,DLR_010,Standard,158,1200,189600,3
2025-02-06,DLR_011,Standard,225,1200,270000,2
2025-02-06,DLR_012,Standard,108,1200,129600,0
2025-02-06,DLR_013,Standard,235,1200,282000,0
2025-02-06,DLR_014,Standard,291,1200,349200,1
2025-02-06,DLR_015,Standard,121,1200,145200,0
2025-02-06,DLR_016,Standard,95,1200,114000,0
2025-02-06,DLR_017,Standard,232,1200,278400,0
2025-02-06,DLR_018,Standard,189,1200,226800,2
2025-02-06,DLR_019,Standard,38,1200,45600,2
2025-02-06,DLR_020,Standard,236,1200,283200,1
2025-02-06,DLR_021,Standard,267,1200,320400,0
2025-02-06,DLR_022,Standard,230,1200,276000,2
2025-02-06,DLR_023,Standard,156,1200,187200,2
2025-02-06,DLR_024,Standard,257,1200,308400,3
2025-02-06,DLR_025,Standard,258,1200,309600,2
2025-02-06,DLR_026,Standard,129,1200,154800,3
2025-02-06,DLR_027,Standard,104,1200,124800,2
2025-02-06,DLR_028,Standard,137,1200,164400,3
2025-02-06,DLR_029,Standard,91,1200,109200,2
2025-02-06,DLR_030,Standard,110,1200,132000,1
2025-02-07,DLR_001,Standard,156,1200,187200,2
2025-02-07,DLR_002,Standard,195,1200,234000,1
2025-02-07,DLR_003,Standard,276,1200,331200,3
2025-02-07,DLR_004,Standard,263,1200,315600,3
2025-02-07,DLR_005,Standard,46,1200,55200,0
2025-02-07,DLR_006,Standard,46,1200,55200,0
2025-02-07,DLR_007,Standard,159,1200,190800,2
2025-02-07,DLR_008,Standard,49,1200,58800,2
2025-02-07,DLR_009,Standard,265,1200,318000,3
2025-02-07,DLR_010,Standard,206,1200,247200,1
2025-02-07,DLR_011,Standard,198,1200,237600,0
2025-02-07,DLR_012,Standard,52,1200,62400,3
2025-02-07,DLR_013,Standard,56,1200,67200,3
2025-02-07,DLR_014,Standard,148,1200,177600,0
2025-02-07,DLR_015,Standard,214,1200,256800,0
2025-02-07,DLR_016,Standard,170,1200,204000,0
2025-02-07,DLR_017,Standard,99,1200,118800,3
2025-02-07,DLR_018,Standard,162,1200,194400,3
2025-02-07,DLR_019,Standard,144,1200,172800,2
2025-02-07,DLR_020,Standard,172,1200,206400,3
2025-02-07,DLR_021,Standard,231,1200,277200,0
2025-02-07,DLR_022,Standard,124,1200,148800,2
2025-02-07,DLR_023,Standard,261,1200,313200,1
2025-02-07,DLR_024,Standard,95,1200,114000,0
2025-02-07,DLR_025,Standard,185,1200,222000,1
2025-02-07,DLR_026,Standard,151,1200,181200,1
2025-02-07,DLR_027,Standard,248,1200,297600,3
2025-02-07,DLR_028,Standard,99,1200,118800,2
2025-02-07,DLR_029,Standard,60,1200,72000,0
2025-02-07,DLR_030,Standard,198,1200,237600,1
2025-02-08,DLR_001,Standard,143,1200,171600,2
2025-02-08,DLR_002,Standard,204,1200,244800,2
2025-02-08,DLR_003,Standard,36,1200,43200,1
2025-02-08,DLR_004,Standard,142,1200,170400,2
2025-02-08,DLR_005,Standard,104,1200,124800,0
2025-02-08,DLR_006,Standard,95,1200,114000,2
2025-02-08,DLR_007,Standard,284,1200,340800,0
2025-02-08,DLR_008,Standard,35,1200,42000,3
2025-02-08,DLR_009,Standard,235,1200,282000,0
2025-02-08,DLR_010,Standard,118,1200,141600,1
2025-02-08,DLR_011,Standard,126,1200,151200,0
2025-02-08,DLR_012,Standard,235,1200,282000,0
2025-02-08,DLR_013,Standard,223,1200,267600,3
2025-02-08,DLR_014,Standard,227,1200,272400,3
2025-02-08,DLR_015,Standard,279,1200,334800,3
2025-02-08,DLR_016,Standard,206,1200,247200,0
2025-02-08,DLR_017,Standard,135,1200,162000,1
2025-02-08,DLR_018,Standard,183,1200,219600,0
2025-02-08,DLR_019,Standard,27,1200,32400,2
2025-02-08,DLR_020,Standard,139,1200,166800,2
2025-02-08,DLR_021,Standard,206,1200,247200,0
2025-02-08,DLR_022,Standard,125,1200,150000,0
2025-02-08,DLR_023,Standard,168,1200,201600,2
2025-02-08,DLR_024,Standard,281,1200,337200,3
2025-02-08,DLR_025,Standard,99,1200,118800,2
2025-02-08,DLR_026,Standard,168,1200,201600,3
2025-02-08,DLR_027,Standard,179,1200,214800,2
2025-02-08,DLR_028,Standard,60,1200,72000,2
2025-02-08,DLR_029,Standard,232,1200,278400,0
2025-02-08,DLR_030,Standard,197,1200,236400,3
2025-02-09,DLR_001,Standard,163,1200,195600,2
2025-02-09,DLR_002,Standard,253,1200,303600,2
2025-02-09,DLR_003,Standard,28,1200,33600,2
2025-02-09,DLR_004,Standard,124,1200,148800,0
2025-02-09,DLR_005,Standard,230,1200,276000,3
2025-02-09,DLR_006,Standard,127,1200,152400,1
2025-02-09,DLR_007,Standard,182,1200,218400,3
2025-02-09,DLR_008,Standard,171,1200,205200,0
2025-02-09,DLR_009,Standard,84,1200,100800,1
2025-02-09,DLR_010,Standard,76,1200,91200,3
2025-02-09,DLR_011,Standard,164,1200,196800,2
2025-02-09,DLR_012,Standard,214,1200,256800,1
2025-02-09,DLR_013,Standard,240,1200,288000,0
2025-02-09,DLR_014,Standard,68,1200,81600,0
2025-02-09,DLR_015,Standard,98,1200,117600,0
2025-02-09,DLR_016,Standard,166,1200,199200,0
2025-02-09,DLR_017,Standard,131,1200,157200,3
2025-02-09,DLR_018,Standard,166,1200,199200,3
2025-02-09,DLR_019,Standard,277,1200,332400,0
2025-02-09,DLR_020,Standard,238,1200,285600,0
2025-02-09,DLR_021,Standard,191,1200,229200,0
2025-02-09,DLR_022,Standard,203,1200,243600,3
2025-02-09,DLR_023,Standard,139,1200,166800,2
2025-02-09,DLR_024,Standard,77,1200,92400,1
2025-02-09,DLR_025,Standard,118,1200,141600,2
2025-02-09,DLR_026,Standard,278,1200,333600,1
2025-02-09,DLR_027,Standard,231,1200,277200,1
2025-02-09,DLR_028,Standard,42,1200,50400,1
2025-02-09,DLR_029,Standard,261,1200,313200,2
2025-02-09,DLR_030,Standard,200,1200,240000,2
2025-02-10,DLR_001,Standard,187,1200,224400,3
2025-02-10,DLR_002,Standard,169,1200,202800,1
2025-02-10,DLR_003,Standard,235,1200,282000,1
2025-02-10,DLR_004,Standard,198,1200,237600,1
2025-02-10,DLR_005,Standard,267,1200,320400,2
2025-02-10,DLR_006,Standard,143,1200,171600,0
2025-02-10,DLR_007,Standard,108,1200,129600,1
2025-02-10,DLR_008,Standard,175,1200,210000,3
2025-02-10,DLR_009,Standard,202,1200,242400,0
2025-02-10,DLR_010,Standard,48,1200,57600,3
2025-02-10,DLR_011,Standard,51,1200,61200,1
2025-02-10,DLR_012,Standard,147,1200,176400,2
2025-02-10,DLR_013,Standard,33,1200,39600,2
2025-02-10,DLR_014,Standard,196,1200,235200,3
2025-02-10,DLR_015,Standard,116,1200,139200,1
2025-02-10,DLR_016,Standard,272,1200,326400,0
2025-02-10,DLR_017,Standard,35,1200,42000,3
2025-02-10,DLR_018,Standard,30,1200,36000,2
2025-02-10,DLR_019,Standard,28,1200,33600,2
2025-02-10,DLR_020,Standard,138,1200,165600,0
2025-02-10,DLR_021,Standard,99,1200,118800,0
2025-02-10,DLR_022,Standard,78,1200,93600,1
2025-02-10,DLR_023,Standard,219,1200,262800,0
2025-02-10,DLR_024,Standard,258,1200,309600,1
2025-02-10,DLR_025,Standard,157,1200,188400,3
2025-02-10,DLR_026,Standard,43,1200,51600,0
2025-02-10,DLR_027,Standard,127,1200,152400,0
2025-02-10,DLR_028,Standard,263,1200,315600,1
2025-02-10,DLR_029,Standard,163,1200,195600,1
2025-02-10,DLR_030,Standard,25,1200,30000,0
2025-02-11,DLR_001,Standard,96,1200,115200,3
2025-02-11,DLR_002,Standard,49,1200,58800,1
2025-02-11,DLR_003,Standard,193,1200,231600,0
2025-02-11,DLR_004,Standard,241,1200,289200,0
2025-02-11,DLR_005,Standard,105,1200,126000,2
2025-02-11,DLR_006,Standard,212,1200,254400,1
2025-02-11,DLR_007,Standard,102,1200,122400,2
2025-02-11,DLR_008,Standard,32,1200,38400,3
2025-02-11,DLR_009,Standard,147,1200,176400,0
2025-02-11,DLR_010,Standard,216,1200,259200,0
2025-02-11,DLR_011,Standard,23,1200,27600,3
2025-02-11,DLR_012,Standard,211,1200,253200,0
2025-02-11,DLR_013,Standard,133,1200,159600,0
2025-02-11,DLR_014,Standard,28,1200,33600,3
2025-02-11,DLR_015,Standard,103,1200,123600,1
2025-02-11,DLR_016,Standard,252,1200,302400,0
2025-02-11,DLR_017,Standard,115,1200,138000,1
2025-02-11,DLR_018,Standard,249,1200,298800,3
2025-02-11,DLR_019,Standard,138,1200,165600,2
2025-02-11,DLR_020,Standard,260,1200,312000,2
2025-02-11,DLR_021,Standard,113,1200,135600,3
2025-02-11,DLR_022,Standard,108,1200,129600,1
2025-02-11,DLR_023,Standard,29,1200,34800,1
2025-02-11,DLR_024,Standard,54,1200,64800,2
2025-02-11,DLR_025,Standard,56,1200,67200,1
2025-02-11,DLR_026,Standard,178,1200,213600,2
2025-02-11,DLR_027,Standard,58,1200,69600,0
2025-02-11,DLR_028,Standard,266,1200,319200,1
2025-02-11,DLR_029,Standard,48,1200,57600,2
2025-02-11,DLR_030,Standard,224,1200,268800,2
2025-02-12,DLR_001,Standard,57,1200,68400,3
2025-02-12,DLR_002,Standard,157,1200,188400,0
2025-02-12,DLR_003,Standard,70,1200,84000,2
2025-02-12,DLR_004,Standard,181,1200,217200,1
2025-02-12,DLR_005,Standard,245,1200,294000,3
2025-02-12,DLR_006,Standard,39,1200,46800,1
2025-02-12,DLR_007,Standard,112,1200,134400,0
2025-02-12,DLR_008,Standard,135,1200,162000,2
2025-02-12,DLR_009,Standard,185,1200,222000,2
2025-02-12,DLR_010,Standard,239,1200,286800,0
2025-02-12,DLR_011,Standard,163,1200,195600,0
2025-02-12,DLR_012,Standard,232,1200,278400,3
2025-02-12,DLR_013,Standard,182,1200,218400,1
2025-02-12,DLR_014,Standard,95,1200,114000,2
2025-02-12,DLR_015,Standard,47,1200,56400,2
2025-02-12,DLR_016,Standard,249,1200,298800,0
2025-02-12,DLR_017,Standard,32,1200,38400,3
2025-02-12,DLR_018,Standard,205,1200,246000,1
2025-02-12,DLR_019,Standard,224,1200,268800,3
2025-02-12,DLR_020,Standard,245,1200,294000,3
2025-02-12,DLR_021,Standard,251,1200,301200,0
2025-02-12,DLR_022,Standard,53,1200,63600,0
2025-02-12,DLR_023,Standard,161,1200,193200,2
2025-02-12,DLR_024,Standard,243,1200,291600,0
2025-02-12,DLR_025,Standard,150,1200,180000,2
2025-02-12,DLR_026,Standard,222,1200,266400,1
2025-02-12,DLR_027,Standard,130,1200,156000,3
2025-02-12,DLR_028,Standard,30,1200,36000,3
2025-02-12,DLR_029,Standard,124,1200,148800,3
2025-02-12,DLR_030,Standard,117,1200,140400,2
2025-02-13,DLR_001,Standard,210,1200,252000,0
2025-02-13,DLR_002,Standard,97,1200,116400,1
2025-02-13,DLR_003,Standard,142,1200,170400,1
2025-02-13,DLR_004,Standard,91,1200,109200,1
2025-02-13,DLR_005,Standard,133,1200,159600,3
2025-02-13,DLR_006,Standard,60,1200,72000,0
2025-02-13,DLR_007,Standard,130,1200,156000,3
2025-02-13,DLR_008,Standard,218,1200,261600,2
2025-02-13,DLR_009,Standard,25,1200,30000,0
2025-02-13,DLR_010,Standard,169,1200,202800,1
2025-02-13,DLR_011,Standard,157,1200,188400,3
2025-02-13,DLR_012,Standard,170,1200,204000,1
2025-02-13,DLR_013,Standard,129,1200,154800,1
2025-02-13,DLR_014,Standard,21,1200,25200,0
2025-02-13,DLR_015,Standard,164,1200,196800,2
2025-02-13,DLR_016,Standard,161,1200,193200,0
2025-02-13,DLR_017,Standard,42,1200,50400,0
2025-02-13,DLR_018,Standard,39,1200,46800,2
2025-02-13,DLR_019,Standard,193,1200,231600,2
2025-02-13,DLR_020,Standard,89,1200,106800,3
2025-02-13,DLR_021,Standard,205,1200,246000,1
2025-02-13,DLR_022,Standard,72,1200,86400,1
2025-02-13,DLR_023,Standard,256,1200,307200,1
2025-02-13,DLR_024,Standard,36,1200,43200,0
2025-02-13,DLR_025,Standard,248,1200,297600,1
2025-02-13,DLR_026,Standard,40,1200,48000,3
2025-02-13,DLR_027,Standard,116,1200,139200,0
2025-02-13,DLR_028,Standard,186,1200,223200,1
2025-02-13,DLR_029,Standard,192,1200,230400,0
2025-02-13,DLR_030,Standard,106,1200,127200,3
2025-02-14,DLR_001,Standard,235,1200,282000,0
2025-02-14,DLR_002,Standard,208,1200,249600,0
2025-02-14,DLR_003,Standard,160,1200,192000,0
2025-02-14,DLR_004,Standard,83,1200,99600,0
2025-02-14,DLR_005,Standard,202,1200,242400,1
2025-02-14,DLR_006,Standard,98,1200,117600,0
2025-02-14,DLR_007,Standard,225,1200,270000,2
2025-02-14,DLR_008,Standard,184,1200,220800,0
2025-02-14,DLR_009,Standard,37,1200,44400,3
2025-02-14,DLR_010,Standard,77,1200,92400,0
2025-02-14,DLR_011,Standard,204,1200,244800,1
2025-02-14,DLR_012,Standard,112,1200,134400,2
2025-02-14,DLR_013,Standard,51,1200,61200,1
2025-02-14,DLR_014,Standard,190,1200,228000,3
2025-02-14,DLR_015,Standard,66,1200,79200,2
2025-02-14,DLR_016,Standard,76,1200,91200,2
2025-02-14,DLR_017,Standard,184,1200,220800,3
2025-02-14,DLR_018,Standard,167,1200,200400,3
2025-02-14,DLR_019,Standard,71,1200,85200,1
2025-02-14,DLR_020,Standard,137,1200,164400,3
2025-02-14,DLR_021,Standard,227,1200,272400,0
2025-02-14,DLR_022,Standard,34,1200,40800,3
2025-02-14,DLR_023,Standard,161,1200,193200,2
2025-02-14,DLR_024,Standard,114,1200,136800,0
2025-02-14,DLR_025,Standard,210,1200,252000,2
2025-02-14,DLR_026,Standard,142,1200,170400,0
2025-02-14,DLR_027,Standard,155,1200,186000,0
2025-02-14,DLR_028,Standard,95,1200,114000,2
2025-02-14,DLR_029,Standard,89,1200,106800,1
2025-02-14,DLR_030,Standard,134,1200,160800,3
2025-02-15,DLR_001,Standard,133,1200,159600,3
2025-02-15,DLR_002,Standard,135,1200,162000,0
2025-02-15,DLR_003,Standard,132,1200,158400,0
2025-02-15,DLR_004,Standard,101,1200,121200,0
2025-02-15,DLR_005,Standard,188,1200,225600,0
2025-02-15,DLR_006,Standard,120,1200,144000,2
2025-02-15,DLR_007,Standard,60,1200,72000,1
2025-02-15,DLR_008,Standard,86,1200,103200,2
2025-02-15,DLR_009,Standard,199,1200,238800,3
2025-02-15,DLR_010,Standard,67,1200,80400,3
2025-02-15,DLR_011,Standard,248,1200,297600,2
2025-02-15,DLR_012,Standard,218,1200,261600,0
2025-02-15,DLR_013,Standard,148,1200,177600,3
2025-02-15,DLR_014,Standard,160,1200,192000,2
2025-02-15,DLR_015,Standard,222,1200,266400,2
2025-02-15,DLR_016,Standard,52,1200,62400,1
2025-02-15,DLR_017,Standard,162,1200,194400,1
2025-02-15,DLR_018,Standard,200,1200,240000,3
2025-02-15,DLR_019,Standard,177,1200,212400,3
2025-02-15,DLR_020,Standard,50,1200,60000,1
2025-02-15,DLR_021,Standard,46,1200,55200,2
2025-02-15,DLR_022,Standard,90,1200,108000,1
2025-02-15,DLR_023,Standard,207,1200,248400,0
2025-02-15,DLR_024,Standard,227,1200,272400,1
2025-02-15,DLR_025,Standard,165,1200,198000,2
2025-02-15,DLR_026,Standard,162,1200,194400,2
2025-02-15,DLR_027,Standard,238,1200,285600,0
2025-02-15,DLR_028,Standard,129,1200,154800,3
2025-02-15,DLR_029,Standard,87,1200,104400,1
2025-02-15,DLR_030,Standard,223,1200,267600,0
2025-02-16,DLR_001,Standard,172,1200,206400,3
2025-02-16,DLR_002,Standard,239,1200,286800,3
2025-02-16,DLR_003,Standard,106,1200,127200,3
2025-02-16,DLR_004,Standard,231,1200,277200,2
2025-02-16,DLR_005,Standard,195,1200,234000,3
2025-02-16,DLR_006,Standard,139,1200,166800,2
2025-02-16,DLR_007,Standard,144,1200,172800,0
2025-02-16,DLR_008,Standard,144,1200,172800,3
2025-02-16,DLR_009,Standard,153,1200,183600,1
2025-02-16,DLR_010,Standard,172,1200,206400,0
2025-02-16,DLR_011,Standard,122,1200,146400,1
2025-02-16,DLR_012,Standard,199,1200,238800,0
2025-02-16,DLR_013,Standard,166,1200,199200,3
2025-02-16,DLR_014,Standard,115,1200,138000,1
2025-02-16,DLR_015,Standard,172,1200,206400,3
2025-02-16,DLR_016,Standard,86,1200,103200,2
2025-02-16,DLR_017,Standard,24,1200,28800,1
2025-02-16,DLR_018,Standard,185,1200,222000,3
2025-02-16,DLR_019,Standard,81,1200,97200,2
2025-02-16,DLR_020,Standard,24,1200,28800,1
2025-02-16,DLR_021,Standard,51,1200,61200,3
2025-02-16,DLR_022,Standard,187,1200,224400,2
2025-02-16,DLR_023,Standard,143,1200,171600,1
2025-02-16,DLR_024,Standard,85,1200,102000,1
2025-02-16,DLR_025,Standard,152,1200,182400,0
2025-02-16,DLR_026,Standard,44,1200,52800,0
2025-02-16,DLR_027,Standard,183,1200,219600,3
2025-02-16,DLR_028,Standard,31,1200,37200,2
2025-02-16,DLR_029,Standard,65,1200,78000,3
2025-02-16,DLR_030,Standard,130,1200,156000,3
2025-02-17,DLR_001,Standard,183,1200,219600,1
2025-02-17,DLR_002,Standard,125,1200,150000,1
2025-02-17,DLR_003,Standard,20,1200,24000,0
2025-02-17,DLR_004,Standard,124,1200,148800,3
2025-02-17,DLR_005,Standard,99,1200,118800,1
2025-02-17,DLR_006,Standard,27,1200,32400,2
2025-02-17,DLR_007,Standard,77,1200,92400,2
2025-02-17,DLR_008,Standard,111,1200,133200,0
2025-02-17,DLR_009,Standard,20,1200,24000,2
2025-02-17,DLR_010,Standard,127,1200,152400,1
2025-02-17,DLR_011,Standard,173,1200,207600,0
2025-02-17,DLR_012,Standard,212,1200,254400,2
2025-02-17,DLR_013,Standard,52,1200,62400,1
2025-02-17,DLR_014,Standard,228,1200,273600,1
2025-02-17,DLR_015,Standard,99,1200,118800,2
2025-02-17,DLR_016,Standard,33,1200,39600,2
2025-02-17,DLR_017,Standard,73,1200,87600,3
2025-02-17,DLR_018,Standard,91,1200,109200,3
2025-02-17,DLR_019,Standard,68,1200,81600,2
2025-02-17,DLR_020,Standard,109,1200,130800,1
2025-02-17,DLR_021,Standard,232,1200,278400,2
2025-02-17,DLR_022,Standard,49,1200,58800,3
2025-02-17,DLR_023,Standard,26,1200,31200,0
2025-02-17,DLR_024,Standard,29,1200,34800,2
2025-02-17,DLR_025,Standard,177,1200,212400,1
2025-02-17,DLR_026,Standard,120,1200,144000,3
2025-02-17,DLR_027,Standard,117,1200,140400,1
2025-02-17,DLR_028,Standard,188,1200,225600,0
2025-02-17,DLR_029,Standard,64,1200,76800,2
2025-02-17,DLR_030,Standard,27,1200,32400,3
2025-02-18,DLR_001,Standard,135,1200,162000,3
2025-02-18,DLR_002,Standard,205,1200,246000,3
2025-02-18,DLR_003,Standard,178,1200,213600,3
2025-02-18,DLR_004,Standard,94,1200,112800,0
2025-02-18,DLR_005,Standard,195,1200,234000,3
2025-02-18,DLR_006,Standard,35,1200,42000,2
2025-02-18,DLR_007,Standard,186,1200,223200,0
2025-02-18,DLR_008,Standard,166,1200,199200,0
2025-02-18,DLR_009,Standard,30,1200,36000,2
2025-02-18,DLR_010,Standard,78,1200,93600,2
2025-02-18,DLR_011,Standard,150,1200,180000,2
2025-02-18,DLR_012,Standard,216,1200,259200,2
2025-02-18,DLR_013,Standard,62,1200,74400,2
2025-02-18,DLR_014,Standard,60,1200,72000,2
2025-02-18,DLR_015,Standard,151,1200,181200,1
2025-02-18,DLR_016,Standard,51,1200,61200,3
2025-02-18,DLR_017,Standard,127,1200,152400,2
2025-02-18,DLR_018,Standard,164,1200,196800,0
2025-02-18,DLR_019,Standard,77,1200,92400,2
2025-02-18,DLR_020,Standard,179,1200,214800,2
2025-02-18,DLR_021,Standard,104,1200,124800,1
2025-02-18,DLR_022,Standard,64,1200,76800,2
2025-02-18,DLR_023,Standard,105,1200,126000,2
2025-02-18,DLR_024,Standard,192,1200,230400,3
2025-02-18,DLR_025,Standard,73,1200,87600,2
2025-02-18,DLR_026,Standard,22,1200,26400,1
2025-02-18,DLR_027,Standard,29,1200,34800,1
2025-02-18,DLR_028,Standard,178,1200,213600,1
2025-02-18,DLR_029,Standard,131,1200,157200,3
2025-02-18,DLR_030,Standard,134,1200,160800,2
2025-02-19,DLR_001,Standard,52,1200,62400,2
2025-02-19,DLR_002,Standard,228,1200,273600,1
2025-02-19,DLR_003,Standard,198,1200,237600,0
2025-02-19,DLR_004,Standard,61,1200,73200,3
2025-02-19,DLR_005,Standard,103,1200,123600,3
2025-02-19,DLR_006,Standard,178,1200,213600,3
2025-02-19,DLR_007,Standard,107,1200,128400,3
2025-02-19,DLR_008,Standard,195,1200,234000,0
2025-02-19,DLR_009,Standard,64,1200,76800,0
2025-02-19,DLR_010,Standard,147,1200,176400,1
2025-02-19,DLR_011,Standard,56,1200,67200,0
2025-02-19,DLR_012,Standard,169,1200,202800,1
2025-02-19,DLR_013,Standard,190,1200,228000,1
2025-02-19,DLR_014,Standard,41,1200,49200,2
2025-02-19,DLR_015,Standard,43,1200,51600,0
2025-02-19,DLR_016,Standard,32,1200,38400,3
2025-02-19,DLR_017,Standard,86,1200,103200,2
2025-02-19,DLR_018,Standard,228,1200,273600,0
2025-02-19,DLR_019,Standard,212,1200,254400,2
2025-02-19,DLR_020,Standard,25,1200,30000,2
2025-02-19,DLR_021,Standard,119,1200,142800,1
2025-02-19,DLR_022,Standard,199,1200,238800,2
2025-02-19,DLR_023,Standard,219,1200,262800,0
2025-02-19,DLR_024,Standard,42,1200,50400,1
2025-02-19,DLR_025,Standard,208,1200,249600,1
2025-02-19,DLR_026,Standard,58,1200,69600,0
2025-02-19,DLR_027,Standard,221,1200,265200,3
2025-02-19,DLR_028,Standard,43,1200,51600,1
2025-02-19,DLR_029,Standard,189,1200,226800,3
2025-02-19,DLR_030,Standard,145,1200,174000,3
2025-02-20,DLR_001,Standard,178,1200,213600,2
2025-02-20,DLR_002,Standard,137,1200,164400,1
2025-02-20,DLR_003,Standard,116,1200,139200,0
2025-02-20,DLR_004,Standard,76,1200,91200,3
2025-02-20,DLR_005,Standard,207,1200,248400,0
2025-02-20,DLR_006,Standard,209,1200,250800,0
2025-02-20,DLR_007,Standard,192,1200,230400,0
2025-02-20,DLR_008,Standard,175,1200,210000,3
2025-02-20,DLR_009,Standard,108,1200,129600,3
2025-02-20,DLR_010,Standard,79,1200,94800,3
2025-02-20,DLR_011,Standard,158,1200,189600,0
2025-02-20,DLR_012,Standard,44,1200,52800,2
2025-02-20,DLR_013,Standard,28,1200,33600,0
2025-02-20,DLR_014,Standard,139,1200,166800,2
2025-02-20,DLR_015,Standard,104,1200,124800,2
2025-02-20,DLR_016,Standard,219,1200,262800,2
2025-02-20,DLR_017,Standard,170,1200,204000,0
2025-02-20,DLR_018,Standard,20,1200,24000,3
2025-02-20,DLR_019,Standard,157,1200,188400,0
2025-02-20,DLR_020,Standard,180,1200,216000,2
2025-02-20,DLR_021,Standard,139,1200,166800,2
2025-02-20,DLR_022,Standard,187,1200,224400,2
2025-02-20,DLR_023,Standard,93,1200,111600,0
2025-02-20,DLR_024,Standard,174,1200,208800,2
2025-02-20,DLR_025,Standard,85,1200,102000,3
2025-02-20,DLR_026,Standard,19,1200,22800,2
2025-02-20,DLR_027,Standard,50,1200,60000,2
2025-02-20,DLR_028,Standard,170,1200,204000,0
2025-02-20,DLR_029,Standard,201,1200,241200,1
2025-02-20,DLR_030,Standard,185,1200,222000,0
2025-02-21,DLR_001,Standard,136,1200,163200,1
2025-02-21,DLR_002,Standard,28,1200,33600,0
2025-02-21,DLR_003,Standard,180,1200,216000,0
2025-02-21,DLR_004,Standard,121,1200,145200,0
2025-02-21,DLR_005,Standard,87,1200,104400,3
2025-02-21,DLR_006,Standard,56,1200,67200,3
2025-02-21,DLR_007,Standard,163,1200,195600,0
2025-02-21,DLR_008,Standard,76,1200,91200,2
2025-02-21,DLR_009,Standard,190,1200,228000,0
2025-02-21,DLR_010,Standard,176,1200,211200,1
2025-02-21,DLR_011,Standard,26,1200,31200,3
2025-02-21,DLR_012,Standard,78,1200,93600,1
2025-02-21,DLR_013,Standard,120,1200,144000,2
2025-02-21,DLR_014,Standard,70,1200,84000,0
2025-02-21,DLR_015,Standard,62,1200,74400,2
2025-02-21,DLR_016,Standard,79,1200,94800,2
2025-02-21,DLR_017,Standard,62,1200,74400,1
2025-02-21,DLR_018,Standard,25,1200,30000,3
2025-02-21,DLR_019,Standard,30,1200,36000,0
2025-02-21,DLR_020,Standard,140,1200,168000,0
2025-02-21,DLR_021,Standard,47,1200,56400,2
2025-02-21,DLR_022,Standard,71,1200,85200,0
2025-02-21,DLR_023,Standard,27,1200,32400,1
2025-02-21,DLR_024,Standard,205,1200,246000,3
2025-02-21,DLR_025,Standard,82,1200,98400,2
2025-02-21,DLR_026,Standard,179,1200,214800,2
2025-02-21,DLR_027,Standard,36,1200,43200,2
2025-02-21,DLR_028,Standard,60,1200,72000,0
2025-02-21,DLR_029,Standard,191,1200,229200,1
2025-02-21,DLR_030,Standard,102,1200,122400,1
2025-02-22,DLR_001,Standard,205,1200,246000,3
2025-02-22,DLR_002,Standard,107,1200,128400,2
2025-02-22,DLR_003,Standard,199,1200,238800,1
2025-02-22,DLR_004,Standard,170,1200,204000,3
2025-02-22,DLR_005,Standard,30,1200,36000,0
2025-02-22,DLR_006,Standard,176,1200,211200,0
2025-02-22,DLR_007,Standard,164,1200,196800,1
2025-02-22,DLR_008,Standard,73,1200,87600,3
2025-02-22,DLR_009,Standard,198,1200,237600,2
2025-02-22,DLR_010,Standard,66,1200,79200,2
2025-02-22,DLR_011,Standard,37,1200,44400,2
2025-02-22,DLR_012,Standard,194,1200,232800,2
2025-02-22,DLR_013,Standard,61,1200,73200,0
2025-02-22,DLR_014,Standard,90,1200,108000,2
2025-02-22,DLR_015,Standard,168,1200,201600,2
2025-02-22,DLR_016,Standard,42,1200,50400,2
2025-02-22,DLR_017,Standard,119,1200,142800,3
2025-02-22,DLR_018,Standard,42,1200,50400,2
2025-02-22,DLR_019,Standard,53,1200,63600,0
2025-02-22,DLR_020,Standard,27,1200,32400,2
2025-02-22,DLR_021,Standard,209,1200,250800,1
2025-02-22,DLR_022,Standard,177,1200,212400,3
2025-02-22,DLR_023,Standard,31,1200,37200,3
2025-02-22,DLR_024,Standard,46,1200,55200,3
2025-02-22,DLR_025,Standard,41,1200,49200,1
2025-02-22,DLR_026,Standard,133,1200,159600,2
2025-02-22,DLR_027,Standard,36,1200,43200,0
2025-02-22,DLR_028,Standard,72,1200,86400,0
2025-02-22,DLR_029,Standard,104,1200,124800,2
2025-02-22,DLR_030,Standard,200,1200,240000,2
2025-02-23,DLR_001,Standard,155,1200,186000,2
2025-02-23,DLR_002,Standard,197,1200,236400,0
2025-02-23,DLR_003,Standard,42,1200,50400,0
2025-02-23,DLR_004,Standard,75,1200,90000,3
2025-02-23,DLR_005,Standard,116,1200,139200,1
2025-02-23,DLR_006,Standard,110,1200,132000,1
2025-02-23,DLR_007,Standard,45,1200,54000,0
2025-02-23,DLR_008,Standard,167,1200,200400,1
2025-02-23,DLR_009,Standard,67,1200,80400,2
2025-02-23,DLR_010,Standard,21,1200,25200,2
2025-02-23,DLR_011,Standard,33,1200,39600,0
2025-02-23,DLR_012,Standard,87,1200,104400,1
2025-02-23,DLR_013,Standard,68,1200,81600,1
2025-02-23,DLR_014,Standard,185,1200,222000,0
2025-02-23,DLR_015,Standard,114,1200,136800,1
2025-02-23,DLR_016,Standard,101,1200,121200,1
2025-02-23,DLR_017,Standard,51,1200,61200,2
2025-02-23,DLR_018,Standard,147,1200,176400,2
2025-02-23,DLR_019,Standard,76,1200,91200,2
2025-02-23,DLR_020,Standard,204,1200,244800,2
2025-02-23,DLR_021,Standard,170,1200,204000,2
2025-02-23,DLR_022,Standard,21,1200,25200,3
2025-02-23,DLR_023,Standard,95,1200,114000,0
2025-02-23,DLR_024,Standard,182,1200,218400,3
2025-02-23,DLR_025,Standard,143,1200,171600,1
2025-02-23,DLR_026,Standard,176,1200,211200,0
2025-02-23,DLR_027,Standard,35,1200,42000,2
2025-02-23,DLR_028,Standard,106,1200,127200,2
2025-02-23,DLR_029,Standard,169,1200,202800,0
2025-02-23,DLR_030,Standard,63,1200,75600,2
2025-02-24,DLR_001,Standard,187,1200,224400,1
2025-02-24,DLR_002,Standard,56,1200,67200,3
2025-02-24,DLR_003,Standard,170,1200,204000,1
2025-02-24,DLR_004,Standard,31,1200,37200,3
2025-02-24,DLR_005,Standard,107,1200,128400,0
2025-02-24,DLR_006,Standard,123,1200,147600,3
2025-02-24,DLR_007,Standard,130,1200,156000,3
2025-02-24,DLR_008,Standard,32,1200,38400,0
2025-02-24,DLR_009,Standard,158,1200,189600,3
2025-02-24,DLR_010,Standard,138,1200,165600,2
2025-02-24,DLR_011,Standard,174,1200,208800,1
2025-02-24,DLR_012,Standard,149,1200,178800,1
2025-02-24,DLR_013,Standard,57,1200,68400,0
2025-02-24,DLR_014,Standard,114,1200,136800,0
2025-02-24,DLR_015,Standard,77,1200,92400,2
2025-02-24,DLR_016,Standard,32,1200,38400,1
2025-02-24,DLR_017,Standard,46,1200,55200,2
2025-02-24,DLR_018,Standard,111,1200,133200,1
2025-02-24,DLR_019,Standard,50,1200,60000,2
2025-02-24,DLR_020,Standard,201,1200,241200,2
2025-02-24,DLR_021,Standard,97,1200,116400,0
2025-02-24,DLR_022,Standard,196,1200,235200,3
2025-02-24,DLR_023,Standard,28,1200,33600,2
2025-02-24,DLR_024,Standard,147,1200,176400,2
2025-02-24,DLR_025,Standard,182,1200,218400,2
2025-02-24,DLR_026,Standard,86,1200,103200,3
2025-02-24,DLR_027,Standard,42,1200,50400,0
2025-02-24,DLR_028,Standard,134,1200,160800,0
2025-02-24,DLR_029,Standard,53,1200,63600,0
2025-02-24,DLR_030,Standard,69,1200,82800,1
2025-02-25,DLR_001,Standard,151,1200,181200,3
2025-02-25,DLR_002,Standard,146,1200,175200,0
2025-02-25,DLR_003,Standard,142,1200,170400,0
2025-02-25,DLR_004,Standard,140,1200,168000,3
2025-02-25,DLR_005,Standard,125,1200,150000,3
2025-02-25,DLR_006,Standard,87,1200,104400,3
2025-02-25,DLR_007,Standard,22,1200,26400,3
2025-02-25,DLR_008,Standard,186,1200,223200,3
2025-02-25,DLR_009,Standard,119,1200,142800,2
2025-02-25,DLR_010,Standard,160,1200,192000,2
2025-02-25,DLR_011,Standard,164,1200,196800,1
2025-02-25,DLR_012,Standard,195,1200,234000,1
2025-02-25,DLR_013,Standard,165,1200,198000,3
2025-02-25,DLR_014,Standard,146,1200,175200,3
2025-02-25,DLR_015,Standard,135,1200,162000,2
2025-02-25,DLR_016,Standard,69,1200,82800,2
2025-02-25,DLR_017,Standard,36,1200,43200,2
2025-02-25,DLR_018,Standard,111,1200,133200,3
2025-02-25,DLR_019,Standard,156,1200,187200,0
2025-02-25,DLR_020,Standard,170,1200,204000,2
2025-02-25,DLR_021,Standard,69,1200,82800,1
2025-02-25,DLR_022,Standard,69,1200,82800,2
2025-02-25,DLR_023,Standard,55,1200,66000,0
2025-02-25,DLR_024,Standard,58,1200,69600,1
2025-02-25,DLR_025,Standard,121,1200,145200,1
2025-02-25,DLR_026,Standard,122,1200,146400,3
2025-02-25,DLR_027,Standard,47,1200,56400,0
2025-02-25,DLR_028,Standard,87,1200,104400,2
2025-02-25,DLR_029,Standard,114,1200,136800,2
2025-02-25,DLR_030,Standard,159,1200,190800,0
2025-02-26,DLR_001,Standard,108,1200,129600,0
2025-02-26,DLR_002,Standard,115,1200,138000,2
2025-02-26,DLR_003,Standard,112,1200,134400,2
2025-02-26,DLR_004,Standard,85,1200,102000,0
2025-02-26,DLR_005,Standard,160,1200,192000,1
2025-02-26,DLR_006,Standard,43,1200,51600,1
2025-02-26,DLR_007,Standard,172,1200,206400,3
2025-02-26,DLR_008,Standard,189,1200,226800,1
2025-02-26,DLR_009,Standard,74,1200,88800,0
2025-02-26,DLR_010,Standard,163,1200,195600,1
2025-02-26,DLR_011,Standard,175,1200,210000,2
2025-02-26,DLR_012,Standard,178,1200,213600,0
2025-02-26,DLR_013,Standard,32,1200,38400,0
2025-02-26,DLR_014,Standard,22,1200,26400,0
2025-02-26,DLR_015,Standard,49,1200,58800,1
2025-02-26,DLR_016,Standard,23,1200,27600,2
2025-02-26,DLR_017,Standard,98,1200,117600,2
2025-02-26,DLR_018,Standard,40,1200,48000,2
2025-02-26,DLR_019,Standard,194,1200,232800,0
2025-02-26,DLR_020,Standard,56,1200,67200,1
2025-02-26,DLR_021,Standard,148,1200,177600,0
2025-02-26,DLR_022,Standard,50,1200,60000,2
2025-02-26,DLR_023,Standard,105,1200,126000,3
2025-02-26,DLR_024,Standard,106,1200,127200,2
2025-02-26,DLR_025,Standard,155,1200,186000,2
2025-02-26,DLR_026,Standard,191,1200,229200,2
2025-02-26,DLR_027,Standard,145,1200,174000,3
2025-02-26,DLR_028,Standard,43,1200,51600,1
2025-02-26,DLR_029,Standard,162,1200,194400,2
2025-02-26,DLR_030,Standard,26,1200,31200,1
2025-02-27,DLR_001,Standard,34,1200,40800,3
2025-02-27,DLR_002,Standard,48,1200,57600,1
2025-02-27,DLR_003,Standard,136,1200,163200,1
2025-02-27,DLR_004,Standard,15,1200,18000,1
2025-02-27,DLR_005,Standard,97,1200,116400,2
2025-02-27,DLR_006,Standard,24,1200,28800,3
2025-02-27,DLR_007,Standard,62,1200,74400,0
2025-02-27,DLR_008,Standard,153,1200,183600,2
2025-02-27,DLR_009,Standard,165,1200,198000,3
2025-02-27,DLR_010,Standard,76,1200,91200,0
2025-02-27,DLR_011,Standard,64,1200,76800,1
2025-02-27,DLR_012,Standard,24,1200,28800,2
2025-02-27,DLR_013,Standard,169,1200,202800,1
2025-02-27,DLR_014,Standard,113,1200,135600,0
2025-02-27,DLR_015,Standard,163,1200,195600,1
2025-02-27,DLR_016,Standard,100,1200,120000,3
2025-02-27,DLR_017,Standard,167,1200,200400,2
2025-02-27,DLR_018,Standard,46,1200,55200,3
2025-02-27,DLR_019,Standard,165,1200,198000,0
2025-02-27,DLR_020,Standard,47,1200,56400,1
2025-02-27,DLR_021,Standard,59,1200,70800,3
2025-02-27,DLR_022,Standard,187,1200,224400,1
2025-02-27,DLR_023,Standard,58,1200,69600,1
2025-02-27,DLR_024,Standard,35,1200,42000,3
2025-02-27,DLR_025,Standard,179,1200,214800,0
2025-02-27,DLR_026,Standard,80,1200,96000,2
2025-02-27,DLR_027,Standard,90,1200,108000,2
2025-02-27,DLR_028,Standard,112,1200,134400,0
2025-02-27,DLR_029,Standard,29,1200,34800,0
2025-02-27,DLR_030,Standard,183,1200,219600,1
2025-02-28,DLR_001,Standard,182,1200,218400,1
2025-02-28,DLR_002,Standard,112,1200,134400,3
2025-02-28,DLR_003,Standard,30,1200,36000,3
2025-02-28,DLR_004,Standard,100,1200,120000,2
2025-02-28,DLR_005,Standard,109,1200,130800,0
2025-02-28,DLR_006,Standard,44,1200,52800,0
2025-02-28,DLR_007,Standard,157,1200,188400,3
2025-02-28,DLR_008,Standard,112,1200,134400,2
2025-02-28,DLR_009,Standard,118,1200,141600,0
2025-02-28,DLR_010,Standard,19,1200,22800,1
2025-02-28,DLR_011,Standard,21,1200,25200,3
2025-02-28,DLR_012,Standard,171,1200,205200,1
2025-02-28,DLR_013,Standard,53,1200,63600,2
2025-02-28,DLR_014,Standard,166,1200,199200,0
2025-02-28,DLR_015,Standard,112,1200,134400,2
2025-02-28,DLR_016,Standard,180,1200,216000,3
2025-02-28,DLR_017,Standard,140,1200,168000,0
2025-02-28,DLR_018,Standard,58,1200,69600,3
2025-02-28,DLR_019,Standard,168,1200,201600,3
2025-02-28,DLR_020,Standard,124,1200,148800,0
2025-02-28,DLR_021,Standard,64,1200,76800,1
2025-02-28,DLR_022,Standard,161,1200,193200,1
2025-02-28,DLR_023,Standard,28,1200,33600,2
2025-02-28,DLR_024,Standard,79,1200,94800,0
2025-02-28,DLR_025,Standard,131,1200,157200,2
2025-02-28,DLR_026,Standard,75,1200,90000,3
2025-02-28,DLR_027,Standard,67,1200,80400,3
2025-02-28,DLR_028,Standard,27,1200,32400,0
2025-02-28,DLR_029,Standard,138,1200,165600,0
2025-02-28,DLR_030,Standard,170,1200,204000,0
2025-03-01,DLR_001,Standard,106,1200,127200,2
2025-03-01,DLR_002,Standard,157,1200,188400,3
2025-03-01,DLR_003,Standard,172,1200,206400,2
2025-03-01,DLR_004,Standard,117,1200,140400,2
2025-03-01,DLR_005,Standard,155,1200,186000,0
2025-03-01,DLR_006,Standard,154,1200,184800,1
2025-03-01,DLR_007,Standard,157,1200,188400,1
2025-03-01,DLR_008,Standard,30,1200,36000,1
2025-03-01,DLR_009,Standard,100,1200,120000,2
2025-03-01,DLR_010,Standard,179,1200,214800,0
2025-03-01,DLR_011,Standard,163,1200,195600,3
2025-03-01,DLR_012,Standard,102,1200,122400,1
2025-03-01,DLR_013,Standard,63,1200,75600,2
2025-03-01,DLR_014,Standard,103,1200,123600,0
2025-03-01,DLR_015,Standard,110,1200,132000,3
2025-03-01,DLR_016,Standard,52,1200,62400,3
2025-03-01,DLR_017,Standard,64,1200,76800,1
2025-03-01,DLR_018,Standard,42,1200,50400,2
2025-03-01,DLR_019,Standard,61,1200,73200,0
2025-03-01,DLR_020,Standard,86,1200,103200,2
2025-03-01,DLR_021,Standard,170,1200,204000,1
2025-03-01,DLR_022,Standard,36,1200,43200,1
2025-03-01,DLR_023,Standard,186,1200,223200,1
2025-03-01,DLR_024,Standard,142,1200,170400,0
2025-03-01,DLR_025,Standard,82,1200,98400,1
2025-03-01,DLR_026,Standard,135,1200,162000,0
2025-03-01,DLR_027,Standard,58,1200,69600,1
2025-03-01,DLR_028,Standard,161,1200,193200,0
2025-03-01,DLR_029,Standard,62,1200,74400,1
2025-03-01,DLR_030,Standard,129,1200,154800,2
2025-03-02,DLR_001,Standard,109,1200,130800,1
2025-03-02,DLR_002,Standard,133,1200,159600,2
2025-03-02,DLR_003,Standard,174,1200,208800,0
2025-03-02,DLR_004,Standard,64,1200,76800,1
2025-03-02,DLR_005,Standard,78,1200,93600,2
2025-03-02,DLR_006,Standard,118,1200,141600,2
2025-03-02,DLR_007,Standard,178,1200,213600,1
2025-03-02,DLR_008,Standard,85,1200,102000,3
2025-03-02,DLR_009,Standard,176,1200,211200,1
2025-03-02,DLR_010,Standard,167,1200,200400,3
2025-03-02,DLR_011,Standard,129,1200,154800,0
2025-03-02,DLR_012,Standard,47,1200,56400,0
2025-03-02,DLR_013,Standard,23,1200,27600,3
2025-03-02,DLR_014,Standard,106,1200,127200,1
2025-03-02,DLR_015,Standard,58,1200,69600,3
2025-03-02,DLR_016,Standard,17,1200,20400,1
2025-03-02,DLR_017,Standard,64,1200,76800,2
2025-03-02,DLR_018,Standard,70,1200,84000,3
2025-03-02,DLR_019,Standard,88,1200,105600,2
2025-03-02,DLR_020,Standard,90,1200,108000,2
2025-03-02,DLR_021,Standard,142,1200,170400,1
2025-03-02,DLR_022,Standard,61,1200,73200,2
2025-03-02,DLR_023,Standard,39,1200,46800,0
2025-03-02,DLR_024,Standard,123,1200,147600,0
2025-03-02,DLR_025,Standard,90,1200,108000,3
2025-03-02,DLR_026,Standard,162,1200,194400,1
2025-03-02,DLR_027,Standard,68,1200,81600,2
2025-03-02,DLR_028,Standard,21,1200,25200,2
2025-03-02,DLR_029,Standard,31,1200,37200,3
2025-03-02,DLR_030,Standard,91,1200,109200,2
2025-03-03,DLR_001,Standard,132,1200,158400,3
2025-03-03,DLR_002,Standard,111,1200,133200,1
2025-03-03,DLR_003,Standard,157,1200,188400,0
2025-03-03,DLR_004,Standard,26,1200,31200,2
2025-03-03,DLR_005,Standard,16,1200,19200,2
2025-03-03,DLR_006,Standard,100,1200,120000,1
2025-03-03,DLR_007,Standard,143,1200,171600,2
2025-03-03,DLR_008,Standard,129,1200,154800,0
2025-03-03,DLR_009,Standard,67,1200,80400,1
2025-03-03,DLR_010,Standard,68,1200,81600,1
2025-03-03,DLR_011,Standard,23,1200,27600,1
2025-03-03,DLR_012,Standard,149,1200,178800,1
2025-03-03,DLR_013,Standard,142,1200,170400,3
2025-03-03,DLR_014,Standard,47,1200,56400,2
2025-03-03,DLR_015,Standard,83,1200,99600,0
2025-03-03,DLR_016,Standard,68,1200,81600,1
2025-03-03,DLR_017,Standard,179,1200,214800,3
2025-03-03,DLR_018,Standard,16,1200,19200,3
2025-03-03,DLR_019,Standard,82,1200,98400,1
2025-03-03,DLR_020,Standard,79,1200,94800,2
2025-03-03,DLR_021,Standard,35,1200,42000,1
2025-03-03,DLR_022,Standard,146,1200,175200,2
2025-03-03,DLR_023,Standard,123,1200,147600,0
2025-03-03,DLR_024,Standard,140,1200,168000,2
2025-03-03,DLR_025,Standard,87,1200,104400,3
2025-03-03,DLR_026,Standard,30,1200,36000,2
2025-03-03,DLR_027,Standard,124,1200,148800,2
2025-03-03,DLR_028,Standard,57,1200,68400,1
2025-03-03,DLR_029,Standard,35,1200,42000,0
2025-03-03,DLR_030,Standard,59,1200,70800,3
2025-03-04,DLR_001,Standard,46,1200,55200,1
2025-03-04,DLR_002,Standard,159,1200,190800,1
2025-03-04,DLR_003,Standard,83,1200,99600,2
2025-03-04,DLR_004,Standard,77,1200,92400,1
2025-03-04,DLR_005,Standard,75,1200,90000,1
2025-03-04,DLR_006,Standard,50,1200,60000,1
2025-03-04,DLR_007,Standard,38,1200,45600,1
2025-03-04,DLR_008,Standard,131,1200,157200,2
2025-03-04,DLR_009,Standard,138,1200,165600,1
2025-03-04,DLR_010,Standard,179,1200,214800,3
2025-03-04,DLR_011,Standard,98,1200,117600,1
2025-03-04,DLR_012,Standard,17,1200,20400,3
2025-03-04,DLR_013,Standard,31,1200,37200,0
2025-03-04,DLR_014,Standard,65,1200,78000,1
2025-03-04,DLR_015,Standard,24,1200,28800,3
2025-03-04,DLR_016,Standard,134,1200,160800,3
2025-03-04,DLR_017,Standard,176,1200,211200,1
2025-03-04,DLR_018,Standard,111,1200,133200,1
2025-03-04,DLR_019,Standard,128,1200,153600,1
2025-03-04,DLR_020,Standard,150,1200,180000,2
2025-03-04,DLR_021,Standard,74,1200,88800,1
2025-03-04,DLR_022,Standard,169,1200,202800,2
2025-03-04,DLR_023,Standard,87,1200,104400,0
2025-03-04,DLR_024,Standard,57,1200,68400,2
2025-03-04,DLR_025,Standard,127,1200,152400,3
2025-03-04,DLR_026,Standard,38,1200,45600,2
2025-03-04,DLR_027,Standard,76,1200,91200,1
2025-03-04,DLR_028,Standard,152,1200,182400,0
2025-03-04,DLR_029,Standard,98,1200,117600,3
2025-03-04,DLR_030,Standard,18,1200,21600,1
2025-03-05,DLR_001,Standard,68,1200,81600,0
2025-03-05,DLR_002,Standard,104,1200,124800,1
2025-03-05,DLR_003,Standard,67,1200,80400,0
2025-03-05,DLR_004,Standard,125,1200,150000,0
2025-03-05,DLR_005,Standard,112,1200,134400,1
2025-03-05,DLR_006,Standard,138,1200,165600,0
2025-03-05,DLR_007,Standard,105,1200,126000,3
2025-03-05,DLR_008,Standard,166,1200,199200,1
2025-03-05,DLR_009,Standard,109,1200,130800,2
2025-03-05,DLR_010,Standard,55,1200,66000,1
2025-03-05,DLR_011,Standard,83,1200,99600,2
2025-03-05,DLR_012,Standard,84,1200,100800,1
2025-03-05,DLR_013,Standard,51,1200,61200,2
2025-03-05,DLR_014,Standard,65,1200,78000,3
2025-03-05,DLR_015,Standard,152,1200,182400,2
2025-03-05,DLR_016,Standard,172,1200,206400,0
2025-03-05,DLR_017,Standard,127,1200,152400,3
2025-03-05,DLR_018,Standard,127,1200,152400,1
2025-03-05,DLR_019,Standard,32,1200,38400,2
2025-03-05,DLR_020,Standard,147,1200,176400,3
2025-03-05,DLR_021,Standard,122,1200,146400,3
2025-03-05,DLR_022,Standard,137,1200,164400,3
2025-03-05,DLR_023,Standard,39,1200,46800,1
2025-03-05,DLR_024,Standard,79,1200,94800,3
2025-03-05,DLR_025,Standard,56,1200,67200,3
2025-03-05,DLR_026,Standard,53,1200,63600,0
2025-03-05,DLR_027,Standard,42,1200,50400,0
2025-03-05,DLR_028,Standard,110,1200,132000,2
2025-03-05,DLR_029,Standard,40,1200,48000,3
2025-03-05,DLR_030,Standard,139,1200,166800,2
2025-03-06,DLR_001,Standard,126,1200,151200,2
2025-03-06,DLR_002,Standard,168,1200,201600,3
2025-03-06,DLR_003,Standard,108,1200,129600,1
2025-03-06,DLR_004,Standard,54,1200,64800,3
2025-03-06,DLR_005,Standard,146,1200,175200,0
2025-03-06,DLR_006,Standard,40,1200,48000,1
2025-03-06,DLR_007,Standard,164,1200,196800,1
2025-03-06,DLR_008,Standard,94,1200,112800,2
2025-03-06,DLR_009,Standard,82,1200,98400,0
2025-03-06,DLR_010,Standard,95,1200,114000,1
2025-03-06,DLR_011,Standard,68,1200,81600,1
2025-03-06,DLR_012,Standard,17,1200,20400,2
2025-03-06,DLR_013,Standard,67,1200,80400,1
2025-03-06,DLR_014,Standard,166,1200,199200,0
2025-03-06,DLR_015,Standard,38,1200,45600,3
2025-03-06,DLR_016,Standard,109,1200,130800,0
2025-03-06,DLR_017,Standard,87,1200,104400,3
2025-03-06,DLR_018,Standard,116,1200,139200,0
2025-03-06,DLR_019,Standard,116,1200,139200,1
2025-03-06,DLR_020,Standard,107,1200,128400,3
2025-03-06,DLR_021,Standard,74,1200,88800,3
2025-03-06,DLR_022,Standard,52,1200,62400,2
2025-03-06,DLR_023,Standard,16,1200,19200,0
2025-03-06,DLR_024,Standard,92,1200,110400,3
2025-03-06,DLR_025,Standard,104,1200,124800,2
2025-03-06,DLR_026,Standard,172,1200,206400,1
2025-03-06,DLR_027,Standard,31,1200,37200,2
2025-03-06,DLR_028,Standard,37,1200,44400,0
2025-03-06,DLR_029,Standard,130,1200,156000,0
2025-03-06,DLR_030,Standard,127,1200,152400,0
2025-03-07,DLR_001,Standard,74,1200,88800,1
2025-03-07,DLR_002,Standard,21,1200,25200,0
2025-03-07,DLR_003,Standard,100,1200,120000,1
2025-03-07,DLR_004,Standard,122,1200,146400,1
2025-03-07,DLR_005,Standard,51,1200,61200,2
2025-03-07,DLR_006,Standard,171,1200,205200,0
2025-03-07,DLR_007,Standard,59,1200,70800,0
2025-03-07,DLR_008,Standard,147,1200,176400,3
2025-03-07,DLR_009,Standard,155,1200,186000,0
2025-03-07,DLR_010,Standard,174,1200,208800,0
2025-03-07,DLR_011,Standard,53,1200,63600,2
2025-03-07,DLR_012,Standard,135,1200,162000,0
2025-03-07,DLR_013,Standard,121,1200,145200,1
2025-03-07,DLR_014,Standard,52,1200,62400,1
2025-03-07,DLR_015,Standard,48,1200,57600,0
2025-03-07,DLR_016,Standard,114,1200,136800,2
2025-03-07,DLR_017,Standard,171,1200,205200,2
2025-03-07,DLR_018,Standard,69,1200,82800,2
2025-03-07,DLR_019,Standard,111,1200,133200,3
2025-03-07,DLR_020,Standard,121,1200,145200,3
2025-03-07,DLR_021,Standard,128,1200,153600,1
2025-03-07,DLR_022,Standard,121,1200,145200,0
2025-03-07,DLR_023,Standard,156,1200,187200,0
2025-03-07,DLR_024,Standard,119,1200,142800,2
2025-03-07,DLR_025,Standard,115,1200,138000,3
2025-03-07,DLR_026,Standard,152,1200,182400,3
2025-03-07,DLR_027,Standard,163,1200,195600,0
2025-03-07,DLR_028,Standard,102,1200,122400,2
2025-03-07,DLR_029,Standard,126,1200,151200,2
2025-03-07,DLR_030,Standard,107,1200,128400,0
2025-03-08,DLR_001,Standard,89,1200,106800,2
2025-03-08,DLR_002,Standard,118,1200,141600,1
2025-03-08,DLR_003,Standard,25,1200,30000,2
2025-03-08,DLR_004,Standard,95,1200,114000,2
2025-03-08,DLR_005,Standard,48,1200,57600,2
2025-03-08,DLR_006,Standard,76,1200,91200,0
2025-03-08,DLR_007,Standard,149,1200,178800,3
2025-03-08,DLR_008,Standard,43,1200,51600,2
2025-03-08,DLR_009,Standard,134,1200,160800,2
2025-03-08,DLR_010,Standard,34,1200,40800,0
2025-03-08,DLR_011,Standard,117,1200,140400,2
2025-03-08,DLR_012,Standard,40,1200,48000,0
2025-03-08,DLR_013,Standard,154,1200,184800,1
2025-03-08,DLR_014,Standard,171,1200,205200,0
2025-03-08,DLR_015,Standard,168,1200,201600,2
2025-03-08,DLR_016,Standard,101,1200,121200,0
2025-03-08,DLR_017,Standard,80,1200,96000,3
2025-03-08,DLR_018,Standard,130,1200,156000,0
2025-03-08,DLR_019,Standard,88,1200,105600,3
2025-03-08,DLR_020,Standard,77,1200,92400,1
2025-03-08,DLR_021,Standard,97,1200,116400,1
2025-03-08,DLR_022,Standard,96,1200,115200,2
2025-03-08,DLR_023,Standard,152,1200,182400,0
2025-03-08,DLR_024,Standard,72,1200,86400,0
2025-03-08,DLR_025,Standard,37,1200,44400,1
2025-03-08,DLR_026,Standard,110,1200,132000,3
2025-03-08,DLR_027,Standard,79,1200,94800,0
2025-03-08,DLR_028,Standard,145,1200,174000,3
2025-03-08,DLR_029,Standard,152,1200,182400,3
2025-03-08,DLR_030,Standard,90,1200,108000,3
2025-03-09,DLR_001,Standard,104,1200,124800,3
2025-03-09,DLR_002,Standard,48,1200,57600,2
2025-03-09,DLR_003,Standard,36,1200,43200,3
2025-03-09,DLR_004,Standard,166,1200,199200,1
2025-03-09,DLR_005,Standard,170,1200,204000,0
2025-03-09,DLR_006,Standard,163,1200,195600,3
2025-03-09,DLR_007,Standard,91,1200,109200,1
2025-03-09,DLR_008,Standard,78,1200,93600,1
2025-03-09,DLR_009,Standard,168,1200,201600,0
2025-03-09,DLR_010,Standard,134,1200,160800,2
2025-03-09,DLR_011,Standard,45,1200,54000,1
2025-03-09,DLR_012,Standard,26,1200,31200,1
2025-03-09,DLR_013,Standard,132,1200,158400,0
2025-03-09,DLR_014,Standard,23,1200,27600,0
2025-03-09,DLR_015,Standard,53,1200,63600,0
2025-03-09,DLR_016,Standard,35,1200,42000,1
2025-03-09,DLR_017,Standard,16,1200,19200,0
2025-03-09,DLR_018,Standard,42,1200,50400,2
2025-03-09,DLR_019,Standard,25,1200,30000,2
2025-03-09,DLR_020,Standard,60,1200,72000,2
2025-03-09,DLR_021,Standard,137,1200,164400,1
2025-03-09,DLR_022,Standard,79,1200,94800,0
2025-03-09,DLR_023,Standard,30,1200,36000,2
2025-03-09,DLR_024,Standard,18,1200,21600,3
2025-03-09,DLR_025,Standard,56,1200,67200,2
2025-03-09,DLR_026,Standard,82,1200,98400,0
2025-03-09,DLR_027,Standard,103,1200,123600,1
2025-03-09,DLR_028,Standard,142,1200,170400,0
2025-03-09,DLR_029,Standard,21,1200,25200,1
2025-03-09,DLR_030,Standard,81,1200,97200,0
2025-03-10,DLR_001,Standard,42,1200,50400,2
2025-03-10,DLR_002,Standard,121,1200,145200,0
2025-03-10,DLR_003,Standard,126,1200,151200,1
2025-03-10,DLR_004,Standard,87,1200,104400,1
2025-03-10,DLR_005,Standard,95,1200,114000,0
2025-03-10,DLR_006,Standard,168,1200,201600,2
2025-03-10,DLR_007,Standard,37,1200,44400,3
2025-03-10,DLR_008,Standard,72,1200,86400,2
2025-03-10,DLR_009,Standard,70,1200,84000,0
2025-03-10,DLR_010,Standard,67,1200,80400,0
2025-03-10,DLR_011,Standard,161,1200,193200,3
2025-03-10,DLR_012,Standard,132,1200,158400,1
2025-03-10,DLR_013,Standard,42,1200,50400,1
2025-03-10,DLR_014,Standard,39,1200,46800,2
2025-03-10,DLR_015,Standard,60,1200,72000,0
2025-03-10,DLR_016,Standard,156,1200,187200,1
2025-03-10,DLR_017,Standard,65,1200,78000,1
2025-03-10,DLR_018,Standard,54,1200,64800,3
2025-03-10,DLR_019,Standard,166,1200,199200,2
2025-03-10,DLR_020,Standard,161,1200,193200,1
2025-03-10,DLR_021,Standard,58,1200,69600,1
2025-03-10,DLR_022,Standard,95,1200,114000,0
2025-03-10,DLR_023,Standard,92,1200,110400,2
2025-03-10,DLR_024,Standard,35,1200,42000,0
2025-03-10,DLR_025,Standard,149,1200,178800,3
2025-03-10,DLR_026,Standard,40,1200,48000,0
2025-03-10,DLR_027,Standard,28,1200,33600,1
2025-03-10,DLR_028,Standard,132,1200,158400,3
2025-03-10,DLR_029,Standard,156,1200,187200,3
2025-03-10,DLR_030,Standard,86,1200,103200,2
2025-03-11,DLR_001,Standard,20,1200,24000,0
2025-03-11,DLR_002,Standard,108,1200,129600,1
2025-03-11,DLR_003,Standard,86,1200,103200,0
2025-03-11,DLR_004,Standard,147,1200,176400,0
2025-03-11,DLR_005,Standard,40,1200,48000,2
2025-03-11,DLR_006,Standard,98,1200,117600,2
2025-03-11,DLR_007,Standard,84,1200,100800,3
2025-03-11,DLR_008,Standard,117,1200,140400,3
2025-03-11,DLR_009,Standard,21,1200,25200,3
2025-03-11,DLR_010,Standard,122,1200,146400,3
2025-03-11,DLR_011,Standard,15,1200,18000,0
2025-03-11,DLR_012,Standard,55,1200,66000,0
2025-03-11,DLR_013,Standard,100,1200,120000,3
2025-03-11,DLR_014,Standard,29,1200,34800,3
2025-03-11,DLR_015,Standard,162,1200,194400,1
2025-03-11,DLR_016,Standard,65,1200,78000,1
2025-03-11,DLR_017,Standard,95,1200,114000,2
2025-03-11,DLR_018,Standard,95,1200,114000,0
2025-03-11,DLR_019,Standard,145,1200,174000,0
2025-03-11,DLR_020,Standard,23,1200,27600,1
2025-03-11,DLR_021,Standard,157,1200,188400,1
2025-03-11,DLR_022,Standard,145,1200,174000,0
2025-03-11,DLR_023,Standard,108,1200,129600,1
2025-03-11,DLR_024,Standard,48,1200,57600,2
2025-03-11,DLR_025,Standard,61,1200,73200,0
2025-03-11,DLR_026,Standard,169,1200,202800,3
2025-03-11,DLR_027,Standard,73,1200,87600,2
2025-03-11,DLR_028,Standard,44,1200,52800,2
2025-03-11,DLR_029,Standard,174,1200,208800,2
2025-03-11,DLR_030,Standard,83,1200,99600,3
2025-03-12,DLR_001,Standard,119,1200,142800,2
2025-03-12,DLR_002,Standard,155,1200,186000,2
2025-03-12,DLR_003,Standard,146,1200,175200,2
2025-03-12,DLR_004,Standard,159,1200,190800,1
2025-03-12,DLR_005,Standard,20,1200,24000,0
2025-03-12,DLR_006,Standard,133,1200,159600,2
2025-03-12,DLR_007,Standard,120,1200,144000,3
2025-03-12,DLR_008,Standard,26,1200,31200,3
2025-03-12,DLR_009,Standard,100,1200,120000,2
2025-03-12,DLR_010,Standard,135,1200,162000,3
2025-03-12,DLR_011,Standard,151,1200,181200,3
2025-03-12,DLR_012,Standard,51,1200,61200,1
2025-03-12,DLR_013,Standard,44,1200,52800,2
2025-03-12,DLR_014,Standard,169,1200,202800,3
2025-03-12,DLR_015,Standard,50,1200,60000,3
2025-03-12,DLR_016,Standard,176,1200,211200,2
2025-03-12,DLR_017,Standard,94,1200,112800,1
2025-03-12,DLR_018,Standard,120,1200,144000,0
2025-03-12,DLR_019,Standard,144,1200,172800,1
2025-03-12,DLR_020,Standard,38,1200,45600,2
2025-03-12,DLR_021,Standard,104,1200,124800,3
2025-03-12,DLR_022,Standard,162,1200,194400,3
2025-03-12,DLR_023,Standard,50,1200,60000,0
2025-03-12,DLR_024,Standard,116,1200,139200,0
2025-03-12,DLR_025,Standard,99,1200,118800,2
2025-03-12,DLR_026,Standard,19,1200,22800,1
2025-03-12,DLR_027,Standard,164,1200,196800,3
2025-03-12,DLR_028,Standard,108,1200,129600,3
2025-03-12,DLR_029,Standard,133,1200,159600,1
2025-03-12,DLR_030,Standard,84,1200,100800,2
2025-03-13,DLR_001,Standard,15,1200,18000,3
2025-03-13,DLR_002,Standard,27,1200,32400,3
2025-03-13,DLR_003,Standard,153,1200,183600,0
2025-03-13,DLR_004,Standard,170,1200,204000,0
2025-03-13,DLR_005,Standard,36,1200,43200,0
2025-03-13,DLR_006,Standard,129,1200,154800,1
2025-03-13,DLR_007,Standard,129,1200,154800,2
2025-03-13,DLR_008,Standard,92,1200,110400,2
2025-03-13,DLR_009,Standard,152,1200,182400,1
2025-03-13,DLR_010,Standard,89,1200,106800,2
2025-03-13,DLR_011,Standard,48,1200,57600,3
2025-03-13,DLR_012,Standard,24,1200,28800,0
2025-03-13,DLR_013,Standard,129,1200,154800,0
2025-03-13,DLR_014,Standard,156,1200,187200,0
2025-03-13,DLR_015,Standard,126,1200,151200,2
2025-03-13,DLR_016,Standard,174,1200,208800,2
2025-03-13,DLR_017,Standard,138,1200,165600,1
2025-03-13,DLR_018,Standard,98,1200,117600,0
2025-03-13,DLR_019,Standard,29,1200,34800,1
2025-03-13,DLR_020,Standard,30,1200,36000,0
2025-03-13,DLR_021,Standard,116,1200,139200,0
2025-03-13,DLR_022,Standard,97,1200,116400,2
2025-03-13,DLR_023,Standard,85,1200,102000,3
2025-03-13,DLR_024,Standard,133,1200,159600,2
2025-03-13,DLR_025,Standard,138,1200,165600,1
2025-03-13,DLR_026,Standard,26,1200,31200,0
2025-03-13,DLR_027,Standard,113,1200,135600,3
2025-03-13,DLR_028,Standard,84,1200,100800,3
2025-03-13,DLR_029,Standard,112,1200,134400,3
2025-03-13,DLR_030,Standard,70,1200,84000,1
2025-03-14,DLR_001,Standard,52,1200,62400,1
2025-03-14,DLR_002,Standard,141,1200,169200,0
2025-03-14,DLR_003,Standard,54,1200,64800,1
2025-03-14,DLR_004,Standard,128,1200,153600,1
2025-03-14,DLR_005,Standard,40,1200,48000,0
2025-03-14,DLR_006,Standard,67,1200,80400,1
2025-03-14,DLR_007,Standard,66,1200,79200,1
2025-03-14,DLR_008,Standard,47,1200,56400,0
2025-03-14,DLR_009,Standard,165,1200,198000,0
2025-03-14,DLR_010,Standard,144,1200,172800,0
2025-03-14,DLR_011,Standard,45,1200,54000,0
2025-03-14,DLR_012,Standard,95,1200,114000,3
2025-03-14,DLR_013,Standard,59,1200,70800,1
2025-03-14,DLR_014,Standard,67,1200,80400,2
2025-03-14,DLR_015,Standard,62,1200,74400,2
2025-03-14,DLR_016,Standard,92,1200,110400,1
2025-03-14,DLR_017,Standard,45,1200,54000,0
2025-03-14,DLR_018,Standard,163,1200,195600,2
2025-03-14,DLR_019,Standard,60,1200,72000,3
2025-03-14,DLR_020,Standard,80,1200,96000,1
2025-03-14,DLR_021,Standard,105,1200,126000,0
2025-03-14,DLR_022,Standard,124,1200,148800,2
2025-03-14,DLR_023,Standard,43,1200,51600,0
2025-03-14,DLR_024,Standard,47,1200,56400,1
2025-03-14,DLR_025,Standard,177,1200,212400,0
2025-03-14,DLR_026,Standard,38,1200,45600,0
2025-03-14,DLR_027,Standard,168,1200,201600,2
2025-03-14,DLR_028,Standard,72,1200,86400,3
2025-03-14,DLR_029,Standard,133,1200,159600,0
2025-03-14,DLR_030,Standard,30,1200,36000,1
2025-03-15,DLR_001,Standard,133,1200,159600,0
2025-03-15,DLR_002,Standard,142,1200,170400,1
2025-03-15,DLR_003,Standard,101,1200,121200,2
2025-03-15,DLR_004,Standard,121,1200,145200,0
2025-03-15,DLR_005,Standard,34,1200,40800,3
2025-03-15,DLR_006,Standard,76,1200,91200,3
2025-03-15,DLR_007,Standard,119,1200,142800,2
2025-03-15,DLR_008,Standard,134,1200,160800,1
2025-03-15,DLR_009,Standard,155,1200,186000,2
2025-03-15,DLR_010,Standard,104,1200,124800,1
2025-03-15,DLR_011,Standard,149,1200,178800,3
2025-03-15,DLR_012,Standard,42,1200,50400,2
2025-03-15,DLR_013,Standard,121,1200,145200,3
2025-03-15,DLR_014,Standard,41,1200,49200,2
2025-03-15,DLR_015,Standard,29,1200,34800,3
2025-03-15,DLR_016,Standard,114,1200,136800,3
2025-03-15,DLR_017,Standard,98,1200,117600,2
2025-03-15,DLR_018,Standard,166,1200,199200,1
2025-03-15,DLR_019,Standard,62,1200,74400,3
2025-03-15,DLR_020,Standard,124,1200,148800,0
2025-03-15,DLR_021,Standard,41,1200,49200,0
2025-03-15,DLR_022,Standard,23,1200,27600,2
2025-03-15,DLR_023,Standard,165,1200,198000,2
2025-03-15,DLR_024,Standard,70,1200,84000,0
2025-03-15,DLR_025,Standard,103,1200,123600,3
2025-03-15,DLR_026,Standard,54,1200,64800,0
2025-03-15,DLR_027,Standard,65,1200,78000,2
2025-03-15,DLR_028,Standard,28,1200,33600,1
2025-03-15,DLR_029,Standard,17,1200,20400,0
2025-03-15,DLR_030,Standard,31,1200,37200,2
2025-03-16,DLR_001,Standard,47,1200,56400,2
2025-03-16,DLR_002,Standard,59,1200,70800,0
2025-03-16,DLR_003,Standard,70,1200,84000,3
2025-03-16,DLR_004,Standard,58,1200,69600,0
2025-03-16,DLR_005,Standard,53,1200,63600,3
2025-03-16,DLR_006,Standard,150,1200,180000,0
2025-03-16,DLR_007,Standard,150,1200,180000,2
2025-03-16,DLR_008,Standard,167,1200,200400,3
2025-03-16,DLR_009,Standard,36,1200,43200,0
2025-03-16,DLR_010,Standard,83,1200,99600,1
2025-03-16,DLR_011,Standard,78,1200,93600,1
2025-03-16,DLR_012,Standard,117,1200,140400,2
2025-03-16,DLR_013,Standard,165,1200,198000,3
2025-03-16,DLR_014,Standard,111,1200,133200,1
2025-03-16,DLR_015,Standard,148,1200,177600,2
2025-03-16,DLR_016,Standard,97,1200,116400,3
2025-03-16,DLR_017,Standard,152,1200,182400,3
2025-03-16,DLR_018,Standard,43,1200,51600,0
2025-03-16,DLR_019,Standard,135,1200,162000,1
2025-03-16,DLR_020,Standard,26,1200,31200,0
2025-03-16,DLR_021,Standard,181,1200,217200,0
2025-03-16,DLR_022,Standard,24,1200,28800,0
2025-03-16,DLR_023,Standard,159,1200,190800,1
2025-03-16,DLR_024,Standard,177,1200,212400,1
2025-03-16,DLR_025,Standard,108,1200,129600,0
2025-03-16,DLR_026,Standard,139,1200,166800,2
2025-03-16,DLR_027,Standard,127,1200,152400,0
2025-03-16,DLR_028,Standard,92,1200,110400,3
2025-03-16,DLR_029,Standard,150,1200,180000,0
2025-03-16,DLR_030,Standard,27,1200,32400,2
2025-03-17,DLR_001,Standard,177,1200,212400,1
2025-03-17,DLR_002,Standard,158,1200,189600,0
2025-03-17,DLR_003,Standard,102,1200,122400,2
2025-03-17,DLR_004,Standard,143,1200,171600,0
2025-03-17,DLR_005,Standard,96,1200,115200,1
2025-03-17,DLR_006,Standard,68,1200,81600,3
2025-03-17,DLR_007,Standard,51,1200,61200,3
2025-03-17,DLR_008,Standard,117,1200,140400,2
2025-03-17,DLR_009,Standard,116,1200,139200,3
2025-03-17,DLR_010,Standard,92,1200,110400,3
2025-03-17,DLR_011,Standard,156,1200,187200,3
2025-03-17,DLR_012,Standard,108,1200,129600,1
2025-03-17,DLR_013,Standard,51,1200,61200,3
2025-03-17,DLR_014,Standard,117,1200,140400,0
2025-03-17,DLR_015,Standard,67,1200,80400,2
2025-03-17,DLR_016,Standard,55,1200,66000,0
2025-03-17,DLR_017,Standard,49,1200,58800,0
2025-03-17,DLR_018,Standard,179,1200,214800,1
2025-03-17,DLR_019,Standard,182,1200,218400,0
2025-03-17,DLR_020,Standard,80,1200,96000,2
2025-03-17,DLR_021,Standard,65,1200,78000,0
2025-03-17,DLR_022,Standard,70,1200,84000,1
2025-03-17,DLR_023,Standard,100,1200,120000,2
2025-03-17,DLR_024,Standard,104,1200,124800,3
2025-03-17,DLR_025,Standard,113,1200,135600,1
2025-03-17,DLR_026,Standard,62,1200,74400,1
2025-03-17,DLR_027,Standard,22,1200,26400,3
2025-03-17,DLR_028,Standard,46,1200,55200,2
2025-03-17,DLR_029,Standard,16,1200,19200,1
2025-03-17,DLR_030,Standard,16,1200,19200,0
2025-03-18,DLR_001,Standard,158,1200,189600,0
2025-03-18,DLR_002,Standard,138,1200,165600,1
2025-03-18,DLR_003,Standard,84,1200,100800,0
2025-03-18,DLR_004,Standard,102,1200,122400,0
2025-03-18,DLR_005,Standard,32,1200,38400,3
2025-03-18,DLR_006,Standard,186,1200,223200,2
2025-03-18,DLR_007,Standard,36,1200,43200,2
2025-03-18,DLR_008,Standard,72,1200,86400,3
2025-03-18,DLR_009,Standard,76,1200,91200,1
2025-03-18,DLR_010,Standard,25,1200,30000,1
2025-03-18,DLR_011,Standard,66,1200,79200,3
2025-03-18,DLR_012,Standard,171,1200,205200,0
2025-03-18,DLR_013,Standard,29,1200,34800,1
2025-03-18,DLR_014,Standard,90,1200,108000,1
2025-03-18,DLR_015,Standard,155,1200,186000,1
2025-03-18,DLR_016,Standard,78,1200,93600,1
2025-03-18,DLR_017,Standard,117,1200,140400,1
2025-03-18,DLR_018,Standard,72,1200,86400,0
2025-03-18,DLR_019,Standard,100,1200,120000,1
2025-03-18,DLR_020,Standard,138,1200,165600,3
2025-03-18,DLR_021,Standard,126,1200,151200,2
2025-03-18,DLR_022,Standard,29,1200,34800,2
2025-03-18,DLR_023,Standard,173,1200,207600,1
2025-03-18,DLR_024,Standard,122,1200,146400,3
2025-03-18,DLR_025,Standard,25,1200,30000,0
2025-03-18,DLR_026,Standard,102,1200,122400,0
2025-03-18,DLR_027,Standard,90,1200,108000,3
2025-03-18,DLR_028,Standard,132,1200,158400,0
2025-03-18,DLR_029,Standard,99,1200,118800,1
2025-03-18,DLR_030,Standard,21,1200,25200,0
2025-03-19,DLR_001,Standard,124,1200,148800,1
2025-03-19,DLR_002,Standard,17,1200,20400,0
2025-03-19,DLR_003,Standard,183,1200,219600,0
2025-03-19,DLR_004,Standard,29,1200,34800,1
2025-03-19,DLR_005,Standard,51,1200,61200,3
2025-03-19,DLR_006,Standard,70,1200,84000,0
2025-03-19,DLR_007,Standard,122,1200,146400,1
2025-03-19,DLR_008,Standard,161,1200,193200,2
2025-03-19,DLR_009,Standard,151,1200,181200,3
2025-03-19,DLR_010,Standard,130,1200,156000,0
2025-03-19,DLR_011,Standard,71,1200,85200,0
2025-03-19,DLR_012,Standard,130,1200,156000,0
2025-03-19,DLR_013,Standard,94,1200,112800,1
2025-03-19,DLR_014,Standard,70,1200,84000,1
2025-03-19,DLR_015,Standard,100,1200,120000,2
2025-03-19,DLR_016,Standard,166,1200,199200,0
2025-03-19,DLR_017,Standard,19,1200,22800,0
2025-03-19,DLR_018,Standard,44,1200,52800,1
2025-03-19,DLR_019,Standard,67,1200,80400,1
2025-03-19,DLR_020,Standard,70,1200,84000,0
2025-03-19,DLR_021,Standard,38,1200,45600,1
2025-03-19,DLR_022,Standard,96,1200,115200,1
2025-03-19,DLR_023,Standard,100,1200,120000,3
2025-03-19,DLR_024,Standard,93,1200,111600,1
2025-03-19,DLR_025,Standard,35,1200,42000,0
2025-03-19,DLR_026,Standard,94,1200,112800,1
2025-03-19,DLR_027,Standard,162,1200,194400,0
2025-03-19,DLR_028,Standard,132,1200,158400,1
2025-03-19,DLR_029,Standard,73,1200,87600,1
2025-03-19,DLR_030,Standard,102,1200,122400,0
2025-03-20,DLR_001,Standard,66,1200,79200,2
2025-03-20,DLR_002,Standard,137,1200,164400,2
2025-03-20,DLR_003,Standard,150,1200,180000,2
2025-03-20,DLR_004,Standard,38,1200,45600,2
2025-03-20,DLR_005,Standard,178,1200,213600,1
2025-03-20,DLR_006,Standard,116,1200,139200,0
2025-03-20,DLR_007,Standard,56,1200,67200,1
2025-03-20,DLR_008,Standard,15,1200,18000,0
2025-03-20,DLR_009,Standard,59,1200,70800,2
2025-03-20,DLR_010,Standard,133,1200,159600,1
2025-03-20,DLR_011,Standard,53,1200,63600,2
2025-03-20,DLR_012,Standard,55,1200,66000,1
2025-03-20,DLR_013,Standard,114,1200,136800,3
2025-03-20,DLR_014,Standard,104,1200,124800,2
2025-03-20,DLR_015,Standard,174,1200,208800,2
2025-03-20,DLR_016,Standard,175,1200,210000,2
2025-03-20,DLR_017,Standard,142,1200,170400,3
2025-03-20,DLR_018,Standard,146,1200,175200,1
2025-03-20,DLR_019,Standard,70,1200,84000,2
2025-03-20,DLR_020,Standard,191,1200,229200,1
2025-03-20,DLR_021,Standard,104,1200,124800,0
2025-03-20,DLR_022,Standard,21,1200,25200,2
2025-03-20,DLR_023,Standard,167,1200,200400,2
2025-03-20,DLR_024,Standard,182,1200,218400,3
2025-03-20,DLR_025,Standard,118,1200,141600,1
2025-03-20,DLR_026,Standard,160,1200,192000,3
2025-03-20,DLR_027,Standard,69,1200,82800,3
2025-03-20,DLR_028,Standard,66,1200,79200,3
2025-03-20,DLR_029,Standard,166,1200,199200,2
2025-03-20,DLR_030,Standard,135,1200,162000,1
2025-03-21,DLR_001,Standard,22,1200,26400,0
2025-03-21,DLR_002,Standard,192,1200,230400,1
2025-03-21,DLR_003,Standard,185,1200,222000,0
2025-03-21,DLR_004,Standard,34,1200,40800,0
2025-03-21,DLR_005,Standard,39,1200,46800,3
2025-03-21,DLR_006,Standard,65,1200,78000,0
2025-03-21,DLR_007,Standard,41,1200,49200,3
2025-03-21,DLR_008,Standard,193,1200,231600,0
2025-03-21,DLR_009,Standard,79,1200,94800,0
2025-03-21,DLR_010,Standard,115,1200,138000,2
2025-03-21,DLR_011,Standard,112,1200,134400,3
2025-03-21,DLR_012,Standard,159,1200,190800,0
2025-03-21,DLR_013,Standard,140,1200,168000,1
2025-03-21,DLR_014,Standard,91,1200,109200,0
2025-03-21,DLR_015,Standard,15,1200,18000,1
2025-03-21,DLR_016,Standard,158,1200,189600,3
2025-03-21,DLR_017,Standard,196,1200,235200,2
2025-03-21,DLR_018,Standard,197,1200,236400,0
2025-03-21,DLR_019,Standard,55,1200,66000,1
2025-03-21,DLR_020,Standard,156,1200,187200,3
2025-03-21,DLR_021,Standard,113,1200,135600,3
2025-03-21,DLR_022,Standard,72,1200,86400,2
2025-03-21,DLR_023,Standard,166,1200,199200,1
2025-03-21,DLR_024,Standard,78,1200,93600,2
2025-03-21,DLR_025,Standard,125,1200,150000,3
2025-03-21,DLR_026,Standard,56,1200,67200,3
2025-03-21,DLR_027,Standard,140,1200,168000,0
2025-03-21,DLR_028,Standard,24,1200,28800,1
2025-03-21,DLR_029,Standard,178,1200,213600,0
2025-03-21,DLR_030,Standard,119,1200,142800,3
2025-03-22,DLR_001,Standard,184,1200,220800,3
2025-03-22,DLR_002,Standard,111,1200,133200,2
2025-03-22,DLR_003,Standard,23,1200,27600,0
2025-03-22,DLR_004,Standard,34,1200,40800,3
2025-03-22,DLR_005,Standard,55,1200,66000,0
2025-03-22,DLR_006,Standard,44,1200,52800,2
2025-03-22,DLR_007,Standard,76,1200,91200,3
2025-03-22,DLR_008,Standard,83,1200,99600,3
2025-03-22,DLR_009,Standard,51,1200,61200,0
2025-03-22,DLR_010,Standard,86,1200,103200,0
2025-03-22,DLR_011,Standard,151,1200,181200,2
2025-03-22,DLR_012,Standard,167,1200,200400,1
2025-03-22,DLR_013,Standard,18,1200,21600,1
2025-03-22,DLR_014,Standard,126,1200,151200,1
2025-03-22,DLR_015,Standard,71,1200,85200,0
2025-03-22,DLR_016,Standard,32,1200,38400,3
2025-03-22,DLR_017,Standard,53,1200,63600,0
2025-03-22,DLR_018,Standard,124,1200,148800,0
2025-03-22,DLR_019,Standard,188,1200,225600,3
2025-03-22,DLR_020,Standard,161,1200,193200,1
2025-03-22,DLR_021,Standard,129,1200,154800,1
2025-03-22,DLR_022,Standard,66,1200,79200,2
2025-03-22,DLR_023,Standard,36,1200,43200,1
2025-03-22,DLR_024,Standard,46,1200,55200,1
2025-03-22,DLR_025,Standard,85,1200,102000,2
2025-03-22,DLR_026,Standard,39,1200,46800,1
2025-03-22,DLR_027,Standard,72,1200,86400,0
2025-03-22,DLR_028,Standard,63,1200,75600,3
2025-03-22,DLR_029,Standard,17,1200,20400,2
2025-03-22,DLR_030,Standard,20,1200,24000,0
2025-03-23,DLR_001,Standard,200,1200,240000,2
2025-03-23,DLR_002,Standard,165,1200,198000,1
2025-03-23,DLR_003,Standard,22,1200,26400,3
2025-03-23,DLR_004,Standard,144,1200,172800,0
2025-03-23,DLR_005,Standard,32,1200,38400,1
2025-03-23,DLR_006,Standard,101,1200,121200,2
2025-03-23,DLR_007,Standard,91,1200,109200,2
2025-03-23,DLR_008,Standard,154,1200,184800,3
2025-03-23,DLR_009,Standard,197,1200,236400,1
2025-03-23,DLR_010,Standard,144,1200,172800,2
2025-03-23,DLR_011,Standard,35,1200,42000,1
2025-03-23,DLR_012,Standard,89,1200,106800,2
2025-03-23,DLR_013,Standard,144,1200,172800,2
2025-03-23,DLR_014,Standard,63,1200,75600,3
2025-03-23,DLR_015,Standard,176,1200,211200,2
2025-03-23,DLR_016,Standard,130,1200,156000,3
2025-03-23,DLR_017,Standard,127,1200,152400,2
2025-03-23,DLR_018,Standard,109,1200,130800,3
2025-03-23,DLR_019,Standard,132,1200,158400,0
2025-03-23,DLR_020,Standard,65,1200,78000,2
2025-03-23,DLR_021,Standard,46,1200,55200,1
2025-03-23,DLR_022,Standard,205,1200,246000,3
2025-03-23,DLR_023,Standard,200,1200,240000,2
2025-03-23,DLR_024,Standard,195,1200,234000,3
2025-03-23,DLR_025,Standard,107,1200,128400,0
2025-03-23,DLR_026,Standard,45,1200,54000,0
2025-03-23,DLR_027,Standard,96,1200,115200,0
2025-03-23,DLR_028,Standard,105,1200,126000,0
2025-03-23,DLR_029,Standard,162,1200,194400,3
2025-03-23,DLR_030,Standard,56,1200,67200,1
2025-03-24,DLR_001,Standard,149,1200,178800,1
2025-03-24,DLR_002,Standard,87,1200,104400,1
2025-03-24,DLR_003,Standard,190,1200,228000,2
2025-03-24,DLR_004,Standard,87,1200,104400,2
2025-03-24,DLR_005,Standard,179,1200,214800,0
2025-03-24,DLR_006,Standard,87,1200,104400,2
2025-03-24,DLR_007,Standard,126,1200,151200,3
2025-03-24,DLR_008,Standard,61,1200,73200,0
2025-03-24,DLR_009,Standard,206,1200,247200,3
2025-03-24,DLR_010,Standard,63,1200,75600,0
2025-03-24,DLR_011,Standard,103,1200,123600,1
2025-03-24,DLR_012,Standard,32,1200,38400,0
2025-03-24,DLR_013,Standard,24,1200,28800,0
2025-03-24,DLR_014,Standard,207,1200,248400,0
2025-03-24,DLR_015,Standard,84,1200,100800,2
2025-03-24,DLR_016,Standard,71,1200,85200,2
2025-03-24,DLR_017,Standard,172,1200,206400,0
2025-03-24,DLR_018,Standard,132,1200,158400,0
2025-03-24,DLR_019,Standard,60,1200,72000,0
2025-03-24,DLR_020,Standard,192,1200,230400,3
2025-03-24,DLR_021,Standard,202,1200,242400,1
2025-03-24,DLR_022,Standard,114,1200,136800,1
2025-03-24,DLR_023,Standard,55,1200,66000,0
2025-03-24,DLR_024,Standard,53,1200,63600,1
2025-03-24,DLR_025,Standard,26,1200,31200,0
2025-03-24,DLR_026,Standard,75,1200,90000,1
2025-03-24,DLR_027,Standard,71,1200,85200,2
2025-03-24,DLR_028,Standard,192,1200,230400,0
2025-03-24,DLR_029,Standard,186,1200,223200,0
2025-03-24,DLR_030,Standard,148,1200,177600,0
2025-03-25,DLR_001,Standard,67,1200,80400,1
2025-03-25,DLR_002,Standard,48,1200,57600,3
2025-03-25,DLR_003,Standard,212,1200,254400,2
2025-03-25,DLR_004,Standard,201,1200,241200,0
2025-03-25,DLR_005,Standard,204,1200,244800,1
2025-03-25,DLR_006,Standard,100,1200,120000,1
2025-03-25,DLR_007,Standard,32,1200,38400,2
2025-03-25,DLR_008,Standard,201,1200,241200,3
2025-03-25,DLR_009,Standard,78,1200,93600,0
2025-03-25,DLR_010,Standard,54,1200,64800,3
2025-03-25,DLR_011,Standard,79,1200,94800,2
2025-03-25,DLR_012,Standard,151,1200,181200,2
2025-03-25,DLR_013,Standard,44,1200,52800,1
2025-03-25,DLR_014,Standard,209,1200,250800,0
2025-03-25,DLR_015,Standard,213,1200,255600,3
2025-03-25,DLR_016,Standard,21,1200,25200,3
2025-03-25,DLR_017,Standard,74,1200,88800,0
2025-03-25,DLR_018,Standard,163,1200,195600,2
2025-03-25,DLR_019,Standard,40,1200,48000,1
2025-03-25,DLR_020,Standard,42,1200,50400,2
2025-03-25,DLR_021,Standard,183,1200,219600,2
2025-03-25,DLR_022,Standard,86,1200,103200,1
2025-03-25,DLR_023,Standard,137,1200,164400,3
2025-03-25,DLR_024,Standard,163,1200,195600,1
2025-03-25,DLR_025,Standard,115,1200,138000,2
2025-03-25,DLR_026,Standard,181,1200,217200,3
2025-03-25,DLR_027,Standard,126,1200,151200,2
2025-03-25,DLR_028,Standard,177,1200,212400,3
2025-03-25,DLR_029,Standard,185,1200,222000,2
2025-03-25,DLR_030,Standard,54,1200,64800,0
2025-03-26,DLR_001,Standard,27,1200,32400,2
2025-03-26,DLR_002,Standard,43,1200,51600,2
2025-03-26,DLR_003,Standard,186,1200,223200,1
2025-03-26,DLR_004,Standard,50,1200,60000,1
2025-03-26,DLR_005,Standard,100,1200,120000,1
2025-03-26,DLR_006,Standard,197,1200,236400,3
2025-03-26,DLR_007,Standard,147,1200,176400,3
2025-03-26,DLR_008,Standard,208,1200,249600,0
2025-03-26,DLR_009,Standard,81,1200,97200,3
2025-03-26,DLR_010,Standard,162,1200,194400,0
2025-03-26,DLR_011,Standard,126,1200,151200,2
2025-03-26,DLR_012,Standard,33,1200,39600,3
2025-03-26,DLR_013,Standard,54,1200,64800,1
2025-03-26,DLR_014,Standard,72,1200,86400,1
2025-03-26,DLR_015,Standard,211,1200,253200,1
2025-03-26,DLR_016,Standard,21,1200,25200,3
2025-03-26,DLR_017,Standard,202,1200,242400,0
2025-03-26,DLR_018,Standard,187,1200,224400,2
2025-03-26,DLR_019,Standard,131,1200,157200,3
2025-03-26,DLR_020,Standard,109,1200,130800,0
2025-03-26,DLR_021,Standard,64,1200,76800,0
2025-03-26,DLR_022,Standard,50,1200,60000,2
2025-03-26,DLR_023,Standard,217,1200,260400,2
2025-03-26,DLR_024,Standard,188,1200,225600,3
2025-03-26,DLR_025,Standard,194,1200,232800,0
2025-03-26,DLR_026,Standard,132,1200,158400,3
2025-03-26,DLR_027,Standard,95,1200,114000,2
2025-03-26,DLR_028,Standard,47,1200,56400,0
2025-03-26,DLR_029,Standard,56,1200,67200,3
2025-03-26,DLR_030,Standard,157,1200,188400,0
2025-03-27,DLR_001,Standard,166,1200,199200,2
2025-03-27,DLR_002,Standard,194,1200,232800,1
2025-03-27,DLR_003,Standard,160,1200,192000,1
2025-03-27,DLR_004,Standard,34,1200,40800,2
2025-03-27,DLR_005,Standard,100,1200,120000,2
2025-03-27,DLR_006,Standard,45,1200,54000,0
2025-03-27,DLR_007,Standard,131,1200,157200,0
2025-03-27,DLR_008,Standard,137,1200,164400,1
2025-03-27,DLR_009,Standard,22,1200,26400,0
2025-03-27,DLR_010,Standard,145,1200,174000,2
2025-03-27,DLR_011,Standard,184,1200,220800,3
2025-03-27,DLR_012,Standard,89,1200,106800,3
2025-03-27,DLR_013,Standard,126,1200,151200,0
2025-03-27,DLR_014,Standard,65,1200,78000,0
2025-03-27,DLR_015,Standard,86,1200,103200,2
2025-03-27,DLR_016,Standard,218,1200,261600,3
2025-03-27,DLR_017,Standard,73,1200,87600,1
2025-03-27,DLR_018,Standard,155,1200,186000,1
2025-03-27,DLR_019,Standard,202,1200,242400,1
2025-03-27,DLR_020,Standard,148,1200,177600,3
2025-03-27,DLR_021,Standard,97,1200,116400,1
2025-03-27,DLR_022,Standard,83,1200,99600,2
2025-03-27,DLR_023,Standard,118,1200,141600,1
2025-03-27,DLR_024,Standard,178,1200,213600,1
2025-03-27,DLR_025,Standard,27,1200,32400,3
2025-03-27,DLR_026,Standard,212,1200,254400,1
2025-03-27,DLR_027,Standard,159,1200,190800,0
2025-03-27,DLR_028,Standard,123,1200,147600,1
2025-03-27,DLR_029,Standard,206,1200,247200,2
2025-03-27,DLR_030,Standard,80,1200,96000,0
2025-03-28,DLR_001,Standard,228,1200,273600,3
2025-03-28,DLR_002,Standard,155,1200,186000,2
2025-03-28,DLR_003,Standard,19,1200,22800,1
2025-03-28,DLR_004,Standard,153,1200,183600,1
2025-03-28,DLR_005,Standard,171,1200,205200,2
2025-03-28,DLR_006,Standard,117,1200,140400,1
2025-03-28,DLR_007,Standard,102,1200,122400,2
2025-03-28,DLR_008,Standard,94,1200,112800,0
2025-03-28,DLR_009,Standard,200,1200,240000,3
2025-03-28,DLR_010,Standard,88,1200,105600,3
2025-03-28,DLR_011,Standard,49,1200,58800,1
2025-03-28,DLR_012,Standard,157,1200,188400,1
2025-03-28,DLR_013,Standard,208,1200,249600,0
2025-03-28,DLR_014,Standard,44,1200,52800,0
2025-03-28,DLR_015,Standard,20,1200,24000,2
2025-03-28,DLR_016,Standard,30,1200,36000,0
2025-03-28,DLR_017,Standard,165,1200,198000,3
2025-03-28,DLR_018,Standard,173,1200,207600,2
2025-03-28,DLR_019,Standard,55,1200,66000,3
2025-03-28,DLR_020,Standard,206,1200,247200,1
2025-03-28,DLR_021,Standard,189,1200,226800,0
2025-03-28,DLR_022,Standard,51,1200,61200,3
2025-03-28,DLR_023,Standard,125,1200,150000,3
2025-03-28,DLR_024,Standard,55,1200,66000,0
2025-03-28,DLR_025,Standard,113,1200,135600,3
2025-03-28,DLR_026,Standard,22,1200,26400,1
2025-03-28,DLR_027,Standard,188,1200,225600,1
2025-03-28,DLR_028,Standard,175,1200,210000,1
2025-03-28,DLR_029,Standard,146,1200,175200,0
2025-03-28,DLR_030,Standard,148,1200,177600,0
2025-03-29,DLR_001,Standard,155,1200,186000,0
2025-03-29,DLR_002,Standard,65,1200,78000,2
2025-03-29,DLR_003,Standard,223,1200,267600,1
2025-03-29,DLR_004,Standard,111,1200,133200,2
2025-03-29,DLR_005,Standard,181,1200,217200,3
2025-03-29,DLR_006,Standard,53,1200,63600,3
2025-03-29,DLR_007,Standard,74,1200,88800,3
2025-03-29,DLR_008,Standard,222,1200,266400,3
2025-03-29,DLR_009,Standard,107,1200,128400,3
2025-03-29,DLR_010,Standard,43,1200,51600,3
2025-03-29,DLR_011,Standard,63,1200,75600,1
2025-03-29,DLR_012,Standard,84,1200,100800,2
2025-03-29,DLR_013,Standard,205,1200,246000,0
2025-03-29,DLR_014,Standard,52,1200,62400,3
2025-03-29,DLR_015,Standard,21,1200,25200,2
2025-03-29,DLR_016,Standard,128,1200,153600,1
2025-03-29,DLR_017,Standard,30,1200,36000,0
2025-03-29,DLR_018,Standard,67,1200,80400,0
2025-03-29,DLR_019,Standard,184,1200,220800,1
2025-03-29,DLR_020,Standard,24,1200,28800,1
2025-03-29,DLR_021,Standard,45,1200,54000,1
2025-03-29,DLR_022,Standard,143,1200,171600,2
2025-03-29,DLR_023,Standard,162,1200,194400,2
2025-03-29,DLR_024,Standard,213,1200,255600,0
2025-03-29,DLR_025,Standard,77,1200,92400,2
2025-03-29,DLR_026,Standard,124,1200,148800,0
2025-03-29,DLR_027,Standard,57,1200,68400,0
2025-03-29,DLR_028,Standard,180,1200,216000,2
2025-03-29,DLR_029,Standard,89,1200,106800,1
2025-03-29,DLR_030,Standard,218,1200,261600,0
2025-03-30,DLR_001,Standard,22,1200,26400,2
2025-03-30,DLR_002,Standard,215,1200,258000,0
2025-03-30,DLR_003,Standard,52,1200,62400,3
2025-03-30,DLR_004,Standard,123,1200,147600,3
2025-03-30,DLR_005,Standard,119,1200,142800,3
2025-03-30,DLR_006,Standard,156,1200,187200,0
2025-03-30,DLR_007,Standard,136,1200,163200,0
2025-03-30,DLR_008,Standard,133,1200,159600,3
2025-03-30,DLR_009,Standard,60,1200,72000,3
2025-03-30,DLR_010,Standard,52,1200,62400,3
2025-03-30,DLR_011,Standard,19,1200,22800,2
2025-03-30,DLR_012,Standard,191,1200,229200,0
2025-03-30,DLR_013,Standard,38,1200,45600,0
2025-03-30,DLR_014,Standard,217,1200,260400,2
2025-03-30,DLR_015,Standard,160,1200,192000,1
2025-03-30,DLR_016,Standard,95,1200,114000,2
2025-03-30,DLR_017,Standard,84,1200,100800,1
2025-03-30,DLR_018,Standard,176,1200,211200,1
2025-03-30,DLR_019,Standard,115,1200,138000,1
2025-03-30,DLR_020,Standard,238,1200,285600,2
2025-03-30,DLR_021,Standard,37,1200,44400,0
2025-03-30,DLR_022,Standard,191,1200,229200,0
2025-03-30,DLR_023,Standard,22,1200,26400,2
2025-03-30,DLR_024,Standard,62,1200,74400,2
2025-03-30,DLR_025,Standard,179,1200,214800,3
2025-03-30,DLR_026,Standard,22,1200,26400,1
2025-03-30,DLR_027,Standard,39,1200,46800,0
2025-03-30,DLR_028,Standard,39,1200,46800,2
2025-03-30,DLR_029,Standard,198,1200,237600,0
2025-03-30,DLR_030,Standard,232,1200,278400,2
2025-03-31,DLR_001,Standard,145,1200,174000,1
2025-03-31,DLR_002,Standard,203,1200,243600,3
2025-03-31,DLR_003,Standard,90,1200,108000,2
2025-03-31,DLR_004,Standard,199,1200,238800,2
2025-03-31,DLR_005,Standard,197,1200,236400,2
2025-03-31,DLR_006,Standard,135,1200,162000,2
2025-03-31,DLR_007,Standard,131,1200,157200,3
2025-03-31,DLR_008,Standard,221,1200,265200,0
2025-03-31,DLR_009,Standard,44,1200,52800,1
2025-03-31,DLR_010,Standard,60,1200,72000,3
2025-03-31,DLR_011,Standard,171,1200,205200,3
2025-03-31,DLR_012,Standard,42,1200,50400,2
2025-03-31,DLR_013,Standard,130,1200,156000,2
2025-03-31,DLR_014,Standard,77,1200,92400,0
2025-03-31,DLR_015,Standard,86,1200,103200,0
2025-03-31,DLR_016,Standard,106,1200,127200,2
2025-03-31,DLR_017,Standard,104,1200,124800,3
2025-03-31,DLR_018,Standard,148,1200,177600,2
2025-03-31,DLR_019,Standard,104,1200,124800,3
2025-03-31,DLR_020,Standard,65,1200,78000,1
2025-03-31,DLR_021,Standard,127,1200,152400,3
2025-03-31,DLR_022,Standard,239,1200,286800,3
2025-03-31,DLR_023,Standard,140,1200,168000,0
2025-03-31,DLR_024,Standard,78,1200,93600,1
2025-03-31,DLR_025,Standard,65,1200,78000,3
2025-03-31,DLR_026,Standard,43,1200,51600,0
2025-03-31,DLR_027,Standard,164,1200,196800,2
2025-03-31,DLR_028,Standard,176,1200,211200,0
2025-03-31,DLR_029,Standard,236,1200,283200,1
2025-03-31,DLR_030,Standard,161,1200,193200,1
