sale_id,chassis_number,dealer_id,customer_id,sale_date,month,quarter,year,final_sale_price_inr,days_to_sell,discount_given_inr,finance_taken,exchange_vehicle,model_code,variant_id
SAL000000,VIN0000001,DLR008,CUST23904,2025-06-06,6,1,2025,636660,34,35300,1,1,Dzire,MT
SAL000001,VIN0000002,DLR010,CUST01142,2025-04-08,4,1,2025,1432680,48,5484,1,0,Baleno,Delta
SAL000002,VIN0000003,DLR028,CUST09486,2025-11-21,11,1,2025,1334638,5,42456,0,0,Brezza,AGS
SAL000003,VIN0000004,DLR025,CUST14166,2025-12-09,12,1,2025,1033652,33,34925,0,0,Swift,Alpha
SAL000004,VIN0000005,DLR019,CUST08086,2025-04-23,4,1,2025,594840,22,35437,1,1,Brezza,ZXI
SAL000005,VIN0000006,DLR012,CUST07949,2025-11-03,11,1,2025,1188093,47,5806,1,0,Baleno,MT
SAL000006,VIN0000007,DLR027,CUST05759,2025-04-26,4,1,2025,581502,29,21002,1,0,Ertiga,Delta
SAL000007,VIN0000008,DLR010,CUST19601,2025-10-20,10,1,2025,880958,58,7942,1,0,Ertiga,ZXI
SAL000008,VIN0000009,DLR001,CUST18453,2025-02-01,2,1,2025,585279,56,36656,1,1,Ertiga,Sigma
SAL000009,VIN0000010,DLR026,CUST14507,2025-04-09,4,1,2025,1003544,7,20090,1,0,Grand Vitara,Sigma
SAL000010,VIN0000011,DLR016,CUST05436,2025-05-25,5,1,2025,846289,51,22017,0,0,Ertiga,VXI
SAL000011,VIN0000012,DLR017,CUST07649,2025-01-03,1,1,2025,803992,33,24936,1,0,Swift,Alpha
SAL000012,VIN0000013,DLR001,CUST02841,2025-08-06,8,1,2025,1007038,50,39821,0,0,Swift,Sigma
SAL000013,VIN0000014,DLR001,CUST18898,2025-05-25,5,1,2025,1249492,25,40036,1,1,Brezza,ZXI
SAL000014,VIN0000015,DLR013,CUST05985,2025-06-07,6,1,2025,900051,32,31848,0,0,Swift,Sigma
SAL000015,VIN0000016,DLR012,CUST20103,2025-07-17,7,1,2025,1319646,50,18823,1,0,Swift,Alpha
SAL000016,VIN0000017,DLR021,CUST10674,2025-10-18,10,1,2025,1425121,52,7907,1,0,Swift,AT
SAL000017,VIN0000018,DLR026,CUST21485,2025-08-03,8,1,2025,1361239,27,39109,0,0,Brezza,AGS
SAL000018,VIN0000019,DLR028,CUST21273,2025-02-28,2,1,2025,1102443,42,27351,1,0,Baleno,ZXI
SAL000019,VIN0000020,DLR019,CUST21073,2025-04-06,4,1,2025,1282400,72,30970,1,0,Alto,Sigma
SAL000020,VIN0000021,DLR029,CUST17115,2025-12-05,12,1,2025,1315389,36,11583,0,1,Baleno,VXI
SAL000021,VIN0000022,DLR024,CUST14375,2025-03-11,3,1,2025,1238819,69,23429,0,0,Celerio,LXI
SAL000022,VIN0000023,DLR012,CUST18475,2025-04-06,4,1,2025,1197449,42,24863,1,0,Swift,AGS
SAL000023,VIN0000024,DLR015,CUST17178,2025-01-03,1,1,2025,1062245,11,29743,1,1,Brezza,ZXI
SAL000024,VIN0000025,DLR011,CUST16331,2025-08-22,8,1,2025,1217587,41,9266,1,0,Ertiga,AT
SAL000025,VIN0000026,DLR002,CUST03306,2025-10-24,10,1,2025,924854,22,35403,1,0,Brezza,VXI
SAL000026,VIN0000027,DLR019,CUST14046,2025-10-19,10,1,2025,1124831,32,38846,0,0,Ertiga,AT
SAL000027,VIN0000028,DLR014,CUST13862,2025-05-05,5,1,2025,1309061,27,24857,1,1,Swift,LXI
SAL000028,VIN0000029,DLR007,CUST05862,2025-07-23,7,1,2025,1225842,27,16451,1,0,Brezza,ZXI
SAL000029,VIN0000030,DLR008,CUST00783,2025-10-03,10,1,2025,1342785,33,26089,0,0,Baleno,Delta
SAL000030,VIN0000031,DLR010,CUST04452,2025-09-23,9,1,2025,737599,62,23640,1,1,Swift,AT
SAL000031,VIN0000032,DLR018,CUST13382,2025-09-04,9,1,2025,877581,66,5267,0,0,Swift,Delta
SAL000032,VIN0000033,DLR029,CUST06311,2025-05-05,5,1,2025,726202,59,15094,1,0,Ignis,VXI
SAL000033,VIN0000034,DLR008,CUST13171,2025-04-26,4,1,2025,738878,64,7211,1,1,Alto,Alpha
SAL000034,VIN0000035,DLR015,CUST17526,2025-07-16,7,1,2025,522414,23,21372,1,0,Dzire,Alpha
SAL000035,VIN0000036,DLR028,CUST13741,2025-08-09,8,1,2025,1097726,63,42683,1,0,Dzire,AT
SAL000036,VIN0000037,DLR003,CUST16519,2025-05-11,5,1,2025,986116,36,30039,1,1,Ertiga,MT
SAL000037,VIN0000038,DLR009,CUST21486,2025-09-26,9,1,2025,1445790,41,24207,1,0,Celerio,Alpha
SAL000038,VIN0000039,DLR002,CUST21430,2025-07-02,7,1,2025,661263,70,13545,1,1,Celerio,MT
SAL000039,VIN0000040,DLR019,CUST00066,2025-09-10,9,1,2025,808113,28,43043,1,0,Brezza,MT
SAL000040,VIN0000041,DLR029,CUST06818,2025-07-19,7,1,2025,1488192,30,10520,0,1,Swift,ZXI
SAL000041,VIN0000042,DLR020,CUST06516,2025-01-04,1,1,2025,1375180,44,25167,1,0,Swift,AGS
SAL000042,VIN0000043,DLR024,CUST10020,2025-05-28,5,1,2025,1178073,52,15935,1,1,Swift,LXI
SAL000043,VIN0000044,DLR013,CUST13159,2025-04-27,4,1,2025,844693,21,9584,0,0,Baleno,Alpha
SAL000044,VIN0000045,DLR030,CUST23090,2025-08-04,8,1,2025,916140,19,26259,1,0,Brezza,MT
SAL000045,VIN0000046,DLR019,CUST16385,2025-01-22,1,1,2025,1246092,12,21997,1,0,Brezza,VXI
SAL000046,VIN0000047,DLR025,CUST13827,2025-03-13,3,1,2025,1030077,51,7384,0,0,Dzire,Sigma
SAL000047,VIN0000048,DLR006,CUST20626,2025-07-21,7,1,2025,1095102,59,26342,0,1,Baleno,MT
SAL000048,VIN0000049,DLR028,CUST23833,2025-06-16,6,1,2025,813195,42,12758,0,1,Grand Vitara,Alpha
SAL000049,VIN0000050,DLR015,CUST02136,2025-11-07,11,1,2025,968062,34,8736,0,0,Swift,Sigma
SAL000050,VIN0000051,DLR025,CUST11796,2025-06-25,6,1,2025,1030755,61,33048,1,0,Swift,Sigma
SAL000051,VIN0000052,DLR019,CUST01295,2025-03-13,3,1,2025,1089184,67,6788,1,0,Baleno,Sigma
SAL000052,VIN0000053,DLR010,CUST02396,2025-03-16,3,1,2025,1094845,51,9804,1,0,Swift,Alpha
SAL000053,VIN0000054,DLR022,CUST19184,2025-07-13,7,1,2025,544503,22,30243,0,1,Swift,LXI
SAL000054,VIN0000055,DLR026,CUST01611,2025-02-22,2,1,2025,1138430,39,15279,0,1,Swift,Sigma
SAL000055,VIN0000056,DLR002,CUST09198,2025-05-19,5,1,2025,882043,32,41108,1,0,Swift,AT
SAL000056,VIN0000057,DLR016,CUST01152,2025-08-08,8,1,2025,1146510,51,30391,1,0,Dzire,ZXI
SAL000057,VIN0000058,DLR014,CUST08441,2025-03-06,3,1,2025,564703,29,21946,1,0,Swift,ZXI
SAL000058,VIN0000059,DLR016,CUST00540,2025-05-28,5,1,2025,1006809,69,40689,1,0,Dzire,Alpha
SAL000059,VIN0000060,DLR009,CUST14165,2025-03-27,3,1,2025,1337323,20,21060,1,1,Baleno,VXI
SAL000060,VIN0000061,DLR028,CUST20532,2025-12-21,12,1,2025,1110840,42,6565,1,0,Baleno,VXI
SAL000061,VIN0000062,DLR028,CUST20427,2025-03-20,3,1,2025,545271,22,10569,1,0,Brezza,AGS
SAL000062,VIN0000063,DLR002,CUST23285,2025-01-13,1,1,2025,933050,68,10802,0,0,Dzire,Delta
SAL000063,VIN0000064,DLR021,CUST14541,2025-05-18,5,1,2025,1155037,58,8807,0,0,Ertiga,AGS
SAL000064,VIN0000065,DLR020,CUST02432,2025-04-10,4,1,2025,700435,34,44668,1,0,Baleno,ZXI
SAL000065,VIN0000066,DLR019,CUST10992,2025-03-09,3,1,2025,1499824,33,35978,1,1,Ertiga,Delta
SAL000066,VIN0000067,DLR023,CUST10304,2025-05-28,5,1,2025,1485034,29,14218,0,1,Swift,ZXI
SAL000067,VIN0000068,DLR019,CUST16066,2025-03-22,3,1,2025,1164538,59,16328,1,0,Dzire,ZXI
SAL000068,VIN0000069,DLR008,CUST18754,2025-07-12,7,1,2025,579720,53,28585,0,1,Alto,AGS
SAL000069,VIN0000070,DLR009,CUST20927,2025-06-05,6,1,2025,618089,69,10139,1,0,Baleno,MT
SAL000070,VIN0000071,DLR009,CUST19923,2025-03-26,3,1,2025,1496681,85,13847,1,0,Celerio,LXI
SAL000071,VIN0000072,DLR006,CUST07802,2025-04-11,4,1,2025,1199984,53,37944,1,0,Alto,AGS
SAL000072,VIN0000073,DLR028,CUST23573,2025-10-15,10,1,2025,857032,42,37055,1,0,Baleno,VXI
SAL000073,VIN0000074,DLR011,CUST16519,2025-04-22,4,1,2025,808476,62,8366,0,0,Ertiga,Alpha
SAL000074,VIN0000075,DLR003,CUST12665,2025-10-09,10,1,2025,661510,62,35928,0,0,Swift,Sigma
SAL000075,VIN0000076,DLR014,CUST08283,2025-04-15,4,1,2025,1261692,58,39156,0,1,Alto,Delta
SAL000076,VIN0000077,DLR008,CUST16719,2025-07-26,7,1,2025,1335293,45,11103,1,0,Brezza,MT
SAL000077,VIN0000078,DLR019,CUST23560,2025-12-26,12,1,2025,937539,35,37268,0,1,Ertiga,Alpha
SAL000078,VIN0000079,DLR017,CUST04846,2025-09-21,9,1,2025,964602,34,28744,1,0,Brezza,Delta
SAL000079,VIN0000080,DLR021,CUST10901,2025-03-19,3,1,2025,1065457,29,16878,1,0,Brezza,Delta
SAL000080,VIN0000081,DLR008,CUST14985,2025-04-01,4,1,2025,593404,63,34382,1,0,Ertiga,AT
SAL000081,VIN0000082,DLR026,CUST02318,2025-10-09,10,1,2025,1080750,42,17912,1,0,Brezza,LXI
SAL000082,VIN0000083,DLR027,CUST22432,2025-08-17,8,1,2025,824683,41,5579,1,0,Swift,Alpha
SAL000083,VIN0000084,DLR021,CUST09686,2025-09-19,9,1,2025,1088699,43,22075,0,0,Baleno,Alpha
SAL000084,VIN0000085,DLR002,CUST05401,2025-10-06,10,1,2025,735372,42,5382,1,0,Brezza,Sigma
SAL000085,VIN0000086,DLR005,CUST23901,2025-07-19,7,1,2025,1155930,53,24825,0,1,Ertiga,MT
SAL000086,VIN0000087,DLR015,CUST04223,2025-10-17,10,1,2025,1146221,32,37352,1,0,Baleno,MT
SAL000087,VIN0000088,DLR016,CUST12747,2025-04-22,4,1,2025,797557,48,22709,0,0,Ertiga,MT
SAL000088,VIN0000089,DLR002,CUST24123,2025-05-06,5,1,2025,578107,60,41103,0,0,Swift,VXI
SAL000089,VIN0000090,DLR005,CUST04046,2025-11-11,11,1,2025,1437485,35,39516,0,1,Brezza,Alpha
SAL000090,VIN0000091,DLR019,CUST00343,2025-08-18,8,1,2025,769930,56,41843,0,0,Baleno,Sigma
SAL000091,VIN0000092,DLR028,CUST00141,2025-04-06,4,1,2025,986157,38,17071,1,1,Brezza,AT
SAL000092,VIN0000093,DLR018,CUST14332,2025-09-05,9,1,2025,1402849,86,26943,1,0,Alto,Delta
SAL000093,VIN0000094,DLR016,CUST22494,2025-05-17,5,1,2025,503855,45,36236,1,0,Swift,LXI
SAL000094,VIN0000095,DLR012,CUST15043,2025-01-06,1,1,2025,856735,24,35791,1,1,Brezza,MT
SAL000095,VIN0000096,DLR001,CUST12208,2025-07-08,7,1,2025,874319,64,25366,1,1,Baleno,Delta
SAL000096,VIN0000097,DLR023,CUST18530,2025-09-02,9,1,2025,528397,6,21262,0,0,Brezza,Sigma
SAL000097,VIN0000098,DLR018,CUST17792,2025-09-28,9,1,2025,1497905,17,22052,0,1,Brezza,Delta
SAL000098,VIN0000099,DLR030,CUST02041,2025-11-25,11,1,2025,1453280,39,43370,0,0,Swift,MT
SAL000099,VIN0000100,DLR020,CUST03293,2025-05-10,5,1,2025,750754,29,11686,1,0,Swift,AGS
SAL000100,VIN0000101,DLR013,CUST15014,2025-07-22,7,1,2025,869079,67,12850,1,1,Swift,Sigma
SAL000101,VIN0000102,DLR002,CUST03497,2025-02-02,2,1,2025,796066,36,12665,1,1,Baleno,MT
SAL000102,VIN0000103,DLR019,CUST04640,2025-07-23,7,1,2025,1417715,17,31800,1,1,Brezza,AT
SAL000103,VIN0000104,DLR030,CUST02128,2025-05-20,5,1,2025,1417998,54,23536,0,0,Celerio,MT
SAL000104,VIN0000105,DLR006,CUST18678,2025-03-09,3,1,2025,1430845,26,43839,0,0,Brezza,MT
SAL000105,VIN0000106,DLR005,CUST23106,2025-05-08,5,1,2025,1273168,26,18178,0,0,Grand Vitara,ZXI
SAL000106,VIN0000107,DLR007,CUST01116,2025-05-23,5,1,2025,1496389,66,19036,1,0,Celerio,MT
SAL000107,VIN0000108,DLR014,CUST21971,2025-01-16,1,1,2025,1071139,47,34723,1,0,Swift,VXI
SAL000108,VIN0000109,DLR006,CUST06374,2025-09-23,9,1,2025,1070850,22,16291,1,0,Swift,Sigma
SAL000109,VIN0000110,DLR021,CUST15874,2025-06-05,6,1,2025,967339,27,31876,1,0,Ertiga,AGS
SAL000110,VIN0000111,DLR003,CUST11732,2025-03-18,3,1,2025,1056098,40,14117,0,0,Celerio,AT
SAL000111,VIN0000112,DLR025,CUST01978,2025-11-03,11,1,2025,718728,57,11671,1,0,Ertiga,AGS
SAL000112,VIN0000113,DLR027,CUST09491,2025-05-06,5,1,2025,598131,25,29177,1,0,Swift,AT
SAL000113,VIN0000114,DLR023,CUST07430,2025-08-27,8,1,2025,850616,57,35494,1,0,Swift,ZXI
SAL000114,VIN0000115,DLR015,CUST16549,2025-10-21,10,1,2025,1009411,83,32450,1,1,Celerio,MT
SAL000115,VIN0000116,DLR015,CUST03938,2025-03-13,3,1,2025,1244177,66,32762,0,0,Swift,VXI
SAL000116,VIN0000117,DLR029,CUST06836,2025-02-13,2,1,2025,505940,49,20448,0,0,Swift,Delta
SAL000117,VIN0000118,DLR011,CUST24327,2025-07-28,7,1,2025,1413792,27,5915,1,1,Dzire,ZXI
SAL000118,VIN0000119,DLR029,CUST18085,2025-09-22,9,1,2025,895778,88,30073,1,0,Alto,LXI
SAL000119,VIN0000120,DLR012,CUST11133,2025-11-08,11,1,2025,511215,58,7145,0,0,Baleno,MT
SAL000120,VIN0000121,DLR021,CUST04701,2025-04-27,4,1,2025,578192,50,6817,1,0,Celerio,AT
SAL000121,VIN0000122,DLR002,CUST19220,2025-04-13,4,1,2025,1146835,46,27703,1,1,Alto,Delta
SAL000122,VIN0000123,DLR011,CUST00535,2025-03-02,3,1,2025,741634,39,23637,1,1,Baleno,Alpha
SAL000123,VIN0000124,DLR009,CUST09955,2025-01-27,1,1,2025,866511,60,28217,0,0,Swift,Delta
SAL000124,VIN0000125,DLR009,CUST19016,2025-06-18,6,1,2025,581307,67,6375,1,0,Swift,AGS
SAL000125,VIN0000126,DLR002,CUST15428,2025-07-02,7,1,2025,1482524,14,12314,1,0,Brezza,AT
SAL000126,VIN0000127,DLR005,CUST01892,2025-01-26,1,1,2025,864240,75,30763,1,0,Alto,AGS
SAL000127,VIN0000128,DLR015,CUST10930,2025-10-10,10,1,2025,1244074,22,41230,1,0,Brezza,AGS
SAL000128,VIN0000129,DLR006,CUST06516,2025-06-12,6,1,2025,1026997,61,22572,1,0,Dzire,Alpha
SAL000129,VIN0000130,DLR020,CUST00841,2025-04-13,4,1,2025,1332420,48,38367,1,1,Alto,AT
SAL000130,VIN0000131,DLR014,CUST23564,2025-11-12,11,1,2025,1208622,63,5847,1,1,Baleno,Sigma
SAL000131,VIN0000132,DLR016,CUST13600,2025-07-18,7,1,2025,967036,53,30126,0,0,Celerio,MT
SAL000132,VIN0000133,DLR023,CUST19854,2025-08-19,8,1,2025,971874,43,13581,0,0,Alto,Alpha
SAL000133,VIN0000134,DLR005,CUST09797,2025-07-15,7,1,2025,1285378,31,14065,0,0,Baleno,Alpha
SAL000134,VIN0000135,DLR012,CUST01502,2025-09-07,9,1,2025,705398,30,8708,1,1,Swift,MT
SAL000135,VIN0000136,DLR013,CUST04804,2025-11-11,11,1,2025,590428,59,27592,1,1,Alto,MT
SAL000136,VIN0000137,DLR020,CUST03101,2025-12-17,12,1,2025,977570,51,32052,1,0,Swift,AT
SAL000137,VIN0000138,DLR024,CUST14045,2025-06-17,6,1,2025,1082925,66,27956,1,0,Baleno,AT
SAL000138,VIN0000139,DLR010,CUST01655,2025-08-12,8,1,2025,1208442,48,12932,0,0,Swift,Delta
SAL000139,VIN0000140,DLR028,CUST09175,2025-02-22,2,1,2025,1439954,21,7445,1,0,Brezza,Sigma
SAL000140,VIN0000141,DLR004,CUST02627,2025-10-09,10,1,2025,1331861,55,25590,1,0,Swift,AGS
SAL000141,VIN0000142,DLR029,CUST18960,2025-12-08,12,1,2025,633042,30,29453,1,0,Swift,Alpha
SAL000142,VIN0000143,DLR018,CUST11335,2025-03-27,3,1,2025,1238513,53,34667,0,1,Baleno,LXI
SAL000143,VIN0000144,DLR002,CUST22281,2025-10-18,10,1,2025,1090039,58,16670,1,0,Baleno,VXI
SAL000144,VIN0000145,DLR022,CUST24966,2025-09-26,9,1,2025,1333163,63,20789,0,0,Ertiga,Alpha
SAL000145,VIN0000146,DLR012,CUST07873,2025-05-16,5,1,2025,1397732,21,36746,0,1,Baleno,ZXI
SAL000146,VIN0000147,DLR010,CUST17229,2025-08-26,8,1,2025,862238,63,12217,0,0,Alto,AGS
SAL000147,VIN0000148,DLR009,CUST23820,2025-12-12,12,1,2025,706047,64,18093,1,1,Baleno,AGS
SAL000148,VIN0000149,DLR010,CUST21632,2025-12-01,12,1,2025,570434,64,5268,1,0,Swift,ZXI
SAL000149,VIN0000150,DLR003,CUST06435,2025-03-10,3,1,2025,1156290,63,25758,1,0,Alto,LXI
SAL000150,VIN0000151,DLR016,CUST14527,2025-08-07,8,1,2025,1034873,55,20597,0,0,Baleno,Sigma
SAL000151,VIN0000152,DLR020,CUST18204,2025-09-26,9,1,2025,1374185,28,13368,0,1,Brezza,Delta
SAL000152,VIN0000153,DLR015,CUST01622,2025-12-22,12,1,2025,1306053,50,42172,1,1,Baleno,MT
SAL000153,VIN0000154,DLR028,CUST19718,2025-05-12,5,1,2025,1104185,41,38031,0,0,Baleno,Sigma
SAL000154,VIN0000155,DLR019,CUST15160,2025-10-06,10,1,2025,1225428,55,20924,0,0,Swift,Alpha
SAL000155,VIN0000156,DLR018,CUST06614,2025-07-06,7,1,2025,1360830,48,11276,1,1,Ertiga,Sigma
SAL000156,VIN0000157,DLR002,CUST19233,2025-12-13,12,1,2025,1222763,59,20327,1,1,Ignis,MT
SAL000157,VIN0000158,DLR016,CUST05475,2025-11-16,11,1,2025,1037292,36,29490,1,0,Swift,Delta
SAL000158,VIN0000159,DLR024,CUST20893,2025-06-05,6,1,2025,1023212,90,8629,1,0,Alto,AT
SAL000159,VIN0000160,DLR010,CUST14751,2025-10-19,10,1,2025,841963,53,13853,1,0,Ertiga,MT
SAL000160,VIN0000161,DLR019,CUST14998,2025-06-07,6,1,2025,600763,43,5991,1,0,Alto,MT
SAL000161,VIN0000162,DLR025,CUST06695,2025-06-20,6,1,2025,1413877,27,31599,1,0,Grand Vitara,Alpha
SAL000162,VIN0000163,DLR020,CUST15209,2025-09-17,9,1,2025,1066587,38,19301,1,0,Brezza,Delta
SAL000163,VIN0000164,DLR028,CUST23286,2025-05-04,5,1,2025,1390347,40,8929,1,0,Brezza,AT
SAL000164,VIN0000165,DLR001,CUST23911,2025-12-21,12,1,2025,1486305,13,32977,1,0,Brezza,MT
SAL000165,VIN0000166,DLR030,CUST18258,2025-11-09,11,1,2025,653205,22,27581,1,0,Brezza,Alpha
SAL000166,VIN0000167,DLR012,CUST03103,2025-04-11,4,1,2025,1187177,47,41797,0,0,Swift,ZXI
SAL000167,VIN0000168,DLR026,CUST13180,2025-09-04,9,1,2025,525472,69,31785,1,0,Ertiga,LXI
SAL000168,VIN0000169,DLR006,CUST13478,2025-05-12,5,1,2025,714176,85,43371,0,0,Alto,VXI
SAL000169,VIN0000170,DLR002,CUST21003,2025-07-02,7,1,2025,1015274,87,43129,0,0,Celerio,AT
SAL000170,VIN0000171,DLR022,CUST06824,2025-03-13,3,1,2025,1102283,81,29669,1,0,Celerio,VXI
SAL000171,VIN0000172,DLR027,CUST10688,2025-03-16,3,1,2025,774568,48,34770,1,0,Swift,Sigma
SAL000172,VIN0000173,DLR021,CUST00616,2025-01-13,1,1,2025,1353474,78,21912,0,1,Alto,MT
SAL000173,VIN0000174,DLR011,CUST18107,2025-10-18,10,1,2025,996076,51,24348,0,0,Ignis,LXI
SAL000174,VIN0000175,DLR029,CUST07147,2025-01-28,1,1,2025,1355138,33,16242,0,1,Brezza,LXI
SAL000175,VIN0000176,DLR025,CUST24114,2025-04-11,4,1,2025,817426,52,16223,1,0,Swift,LXI
SAL000176,VIN0000177,DLR018,CUST00833,2025-04-10,4,1,2025,1032037,51,6066,1,0,Baleno,Delta
SAL000177,VIN0000178,DLR018,CUST08776,2025-06-15,6,1,2025,660952,36,19542,1,0,Swift,MT
SAL000178,VIN0000179,DLR009,CUST09565,2025-07-21,7,1,2025,911030,52,18037,1,0,Celerio,VXI
SAL000179,VIN0000180,DLR027,CUST06395,2025-09-18,9,1,2025,1356539,63,25454,1,0,Baleno,Alpha
SAL000180,VIN0000181,DLR013,CUST07546,2025-04-26,4,1,2025,1438345,39,7920,1,0,Swift,MT
SAL000181,VIN0000182,DLR023,CUST24468,2025-07-05,7,1,2025,1357880,36,42292,1,0,Brezza,LXI
SAL000182,VIN0000183,DLR024,CUST00102,2025-01-27,1,1,2025,945091,56,21781,0,0,Alto,ZXI
SAL000183,VIN0000184,DLR028,CUST19705,2025-06-01,6,1,2025,518520,26,40258,1,0,Baleno,Alpha
SAL000184,VIN0000185,DLR025,CUST06092,2025-05-22,5,1,2025,844965,40,39086,1,0,Dzire,Alpha
SAL000185,VIN0000186,DLR007,CUST24244,2025-06-17,6,1,2025,746728,66,28953,1,1,Swift,AGS
SAL000186,VIN0000187,DLR021,CUST15263,2025-04-23,4,1,2025,981079,36,38464,1,0,Ertiga,AT
SAL000187,VIN0000188,DLR019,CUST10975,2025-11-04,11,1,2025,672704,43,42868,0,0,Baleno,LXI
SAL000188,VIN0000189,DLR006,CUST24649,2025-01-15,1,1,2025,898489,27,24829,0,0,Grand Vitara,MT
SAL000189,VIN0000190,DLR013,CUST10055,2025-07-09,7,1,2025,1123699,61,9733,1,0,Celerio,Delta
SAL000190,VIN0000191,DLR009,CUST13219,2025-08-25,8,1,2025,1421587,22,38360,1,0,Ertiga,MT
SAL000191,VIN0000192,DLR011,CUST10715,2025-09-15,9,1,2025,1134560,75,15900,0,1,Alto,Delta
SAL000192,VIN0000193,DLR024,CUST21215,2025-08-09,8,1,2025,1102553,53,28586,1,0,Ertiga,ZXI
SAL000193,VIN0000194,DLR028,CUST19704,2025-12-13,12,1,2025,994356,21,6948,1,0,Swift,AGS
SAL000194,VIN0000195,DLR001,CUST07437,2025-06-08,6,1,2025,1128853,62,16795,1,0,Baleno,Sigma
SAL000195,VIN0000196,DLR015,CUST07029,2025-03-10,3,1,2025,624970,58,18558,1,0,Baleno,Alpha
SAL000196,VIN0000197,DLR004,CUST05013,2025-10-23,10,1,2025,838863,29,22846,1,1,Swift,Alpha
SAL000197,VIN0000198,DLR026,CUST01107,2025-04-10,4,1,2025,531153,28,44553,1,0,Ignis,LXI
SAL000198,VIN0000199,DLR022,CUST04131,2025-06-07,6,1,2025,991310,64,22046,1,1,Ertiga,ZXI
SAL000199,VIN0000200,DLR019,CUST07807,2025-12-22,12,1,2025,784324,32,40998,1,1,Swift,Delta
SAL000200,VIN0000201,DLR028,CUST24438,2025-07-24,7,1,2025,938458,44,44923,0,1,Alto,ZXI
SAL000201,VIN0000202,DLR023,CUST09781,2025-10-01,10,1,2025,1176015,76,31104,1,1,Celerio,AGS
SAL000202,VIN0000203,DLR026,CUST16548,2025-03-22,3,1,2025,1452309,44,33411,0,0,Swift,VXI
SAL000203,VIN0000204,DLR005,CUST09451,2025-11-10,11,1,2025,882010,6,26424,1,0,Brezza,ZXI
SAL000204,VIN0000205,DLR024,CUST23617,2025-09-23,9,1,2025,1045014,22,35357,0,1,Ertiga,Alpha
SAL000205,VIN0000206,DLR021,CUST02503,2025-12-20,12,1,2025,1124729,22,6101,1,1,Brezza,Sigma
SAL000206,VIN0000207,DLR002,CUST22652,2025-10-14,10,1,2025,526178,21,31784,0,1,Brezza,MT
SAL000207,VIN0000208,DLR013,CUST08607,2025-05-15,5,1,2025,625514,70,44351,1,0,Baleno,ZXI
SAL000208,VIN0000209,DLR005,CUST20597,2025-02-08,2,1,2025,625311,54,23483,1,0,Dzire,MT
SAL000209,VIN0000210,DLR026,CUST04296,2025-11-01,11,1,2025,1174361,22,13936,1,0,Baleno,ZXI
SAL000210,VIN0000211,DLR012,CUST04251,2025-12-07,12,1,2025,571034,49,9205,0,0,Swift,MT
SAL000211,VIN0000212,DLR008,CUST11098,2025-08-27,8,1,2025,1205718,30,6959,1,0,Swift,ZXI
SAL000212,VIN0000213,DLR020,CUST14101,2025-10-18,10,1,2025,963306,26,38015,1,0,Swift,VXI
SAL000213,VIN0000214,DLR001,CUST00942,2025-06-25,6,1,2025,1010686,38,7714,1,0,Ignis,Delta
SAL000214,VIN0000215,DLR029,CUST24034,2025-07-20,7,1,2025,1480945,28,44896,1,0,Baleno,VXI
SAL000215,VIN0000216,DLR019,CUST00141,2025-04-16,4,1,2025,768982,41,23622,0,0,Ertiga,Alpha
SAL000216,VIN0000217,DLR010,CUST04113,2025-05-24,5,1,2025,1450473,15,20975,0,0,Brezza,Delta
SAL000217,VIN0000218,DLR004,CUST06327,2025-03-20,3,1,2025,1108802,26,16825,0,0,Baleno,Alpha
SAL000218,VIN0000219,DLR019,CUST01088,2025-06-05,6,1,2025,547268,21,6709,1,0,Baleno,ZXI
SAL000219,VIN0000220,DLR026,CUST20696,2025-12-17,12,1,2025,1421459,21,35307,1,0,Grand Vitara,VXI
SAL000220,VIN0000221,DLR026,CUST17730,2025-03-02,3,1,2025,1081405,52,6145,1,0,Alto,LXI
SAL000221,VIN0000222,DLR005,CUST19465,2025-09-03,9,1,2025,768477,6,44298,1,0,Brezza,MT
SAL000222,VIN0000223,DLR021,CUST07694,2025-02-09,2,1,2025,640181,83,20832,0,1,Alto,AGS
SAL000223,VIN0000224,DLR009,CUST15646,2025-04-11,4,1,2025,666069,50,33899,1,0,Alto,ZXI
SAL000224,VIN0000225,DLR017,CUST24823,2025-07-24,7,1,2025,776378,46,41053,0,0,Ignis,AGS
SAL000225,VIN0000226,DLR010,CUST16793,2025-10-18,10,1,2025,1049069,85,11120,1,0,Celerio,LXI
SAL000226,VIN0000227,DLR013,CUST05553,2025-07-19,7,1,2025,1018787,16,18680,0,0,Brezza,Alpha
SAL000227,VIN0000228,DLR011,CUST23044,2025-10-28,10,1,2025,591859,71,8313,1,0,Celerio,AT
SAL000228,VIN0000229,DLR029,CUST05577,2025-07-12,7,1,2025,861938,50,42652,1,0,Celerio,AT
SAL000229,VIN0000230,DLR013,CUST02678,2025-11-11,11,1,2025,628221,48,18203,1,0,Ertiga,Delta
SAL000230,VIN0000231,DLR024,CUST24186,2025-05-21,5,1,2025,1344297,40,9979,1,0,Baleno,VXI
SAL000231,VIN0000232,DLR009,CUST06129,2025-04-27,4,1,2025,681528,35,13794,1,0,Swift,Alpha
SAL000232,VIN0000233,DLR011,CUST07752,2025-06-10,6,1,2025,1042776,68,22422,0,1,Ignis,Delta
SAL000233,VIN0000234,DLR018,CUST03326,2025-06-10,6,1,2025,1214769,46,44272,1,1,Celerio,AT
SAL000234,VIN0000235,DLR020,CUST18636,2025-01-10,1,1,2025,1167563,28,14058,1,1,Brezza,Alpha
SAL000235,VIN0000236,DLR024,CUST18854,2025-06-02,6,1,2025,556020,63,44248,0,0,Swift,MT
SAL000236,VIN0000237,DLR030,CUST13654,2025-12-01,12,1,2025,1345937,58,30368,0,0,Ertiga,AGS
SAL000237,VIN0000238,DLR016,CUST05471,2025-08-11,8,1,2025,671922,16,23543,0,0,Brezza,ZXI
SAL000238,VIN0000239,DLR028,CUST15239,2025-05-07,5,1,2025,1213958,24,31944,1,0,Swift,MT
SAL000239,VIN0000240,DLR019,CUST14429,2025-03-24,3,1,2025,992251,46,11421,0,1,Alto,VXI
SAL000240,VIN0000241,DLR025,CUST16732,2025-06-27,6,1,2025,659251,40,31310,1,0,Alto,MT
SAL000241,VIN0000242,DLR016,CUST24283,2025-04-01,4,1,2025,1148254,47,30672,0,1,Dzire,AGS
SAL000242,VIN0000243,DLR001,CUST13674,2025-07-02,7,1,2025,1142638,58,26959,1,0,Swift,Delta
SAL000243,VIN0000244,DLR012,CUST10246,2025-02-10,2,1,2025,608607,26,43940,1,1,Brezza,LXI
SAL000244,VIN0000245,DLR019,CUST14266,2025-02-12,2,1,2025,767221,45,33319,1,0,Dzire,AGS
SAL000245,VIN0000246,DLR004,CUST23218,2025-03-11,3,1,2025,872458,26,32478,1,0,Baleno,Alpha
SAL000246,VIN0000247,DLR005,CUST05687,2025-02-21,2,1,2025,838250,45,22094,1,0,Swift,Alpha
SAL000247,VIN0000248,DLR022,CUST00371,2025-10-11,10,1,2025,929589,45,18276,1,0,Baleno,ZXI
SAL000248,VIN0000249,DLR003,CUST04966,2025-10-26,10,1,2025,513673,35,44494,1,1,Brezza,LXI
SAL000249,VIN0000250,DLR005,CUST08734,2025-11-24,11,1,2025,739016,23,42617,0,1,Ertiga,VXI
SAL000250,VIN0000251,DLR015,CUST17487,2025-01-02,1,1,2025,791801,88,5930,1,0,Celerio,MT
SAL000251,VIN0000252,DLR016,CUST07082,2025-02-21,2,1,2025,807933,41,15018,1,0,Grand Vitara,MT
SAL000252,VIN0000253,DLR005,CUST11648,2025-07-25,7,1,2025,1288222,44,13839,1,0,Dzire,Delta
SAL000253,VIN0000254,DLR023,CUST18472,2025-10-24,10,1,2025,1141333,50,32719,0,0,Swift,AT
SAL000254,VIN0000255,DLR008,CUST20426,2025-10-14,10,1,2025,1386898,46,9876,0,0,Swift,MT
SAL000255,VIN0000256,DLR025,CUST21989,2025-11-28,11,1,2025,848724,37,27354,0,0,Ertiga,Delta
SAL000256,VIN0000257,DLR029,CUST02673,2025-12-17,12,1,2025,622182,41,29855,1,1,Swift,LXI
SAL000257,VIN0000258,DLR019,CUST03563,2025-07-28,7,1,2025,802858,39,31439,0,0,Swift,LXI
SAL000258,VIN0000259,DLR021,CUST16832,2025-08-17,8,1,2025,1175594,68,41895,1,0,Ertiga,ZXI
SAL000259,VIN0000260,DLR010,CUST19906,2025-10-15,10,1,2025,1201515,51,10798,1,0,Ignis,VXI
SAL000260,VIN0000261,DLR025,CUST20434,2025-02-27,2,1,2025,791001,25,26059,1,0,Baleno,ZXI
SAL000261,VIN0000262,DLR029,CUST11595,2025-06-03,6,1,2025,597633,45,38965,1,0,Baleno,LXI
SAL000262,VIN0000263,DLR022,CUST06836,2025-04-04,4,1,2025,1342628,26,33924,1,1,Baleno,Delta
SAL000263,VIN0000264,DLR030,CUST01005,2025-01-27,1,1,2025,693180,44,31759,1,1,Alto,LXI
SAL000264,VIN0000265,DLR008,CUST11826,2025-08-23,8,1,2025,757040,45,18202,1,1,Brezza,MT
SAL000265,VIN0000266,DLR006,CUST15429,2025-08-16,8,1,2025,1191683,40,26417,0,0,Brezza,ZXI
SAL000266,VIN0000267,DLR019,CUST03451,2025-12-02,12,1,2025,694842,21,15013,1,0,Grand Vitara,ZXI
SAL000267,VIN0000268,DLR004,CUST06768,2025-06-16,6,1,2025,677035,74,5352,1,1,Celerio,AT
SAL000268,VIN0000269,DLR009,CUST24597,2025-08-21,8,1,2025,709831,54,5498,1,0,Alto,Alpha
SAL000269,VIN0000270,DLR017,CUST17855,2025-10-20,10,1,2025,1076457,41,12361,1,0,Swift,ZXI
SAL000270,VIN0000271,DLR015,CUST24423,2025-01-19,1,1,2025,952463,21,23315,1,0,Baleno,Alpha
SAL000271,VIN0000272,DLR026,CUST01403,2025-04-27,4,1,2025,665263,47,9255,0,0,Celerio,Alpha
SAL000272,VIN0000273,DLR001,CUST05431,2025-06-14,6,1,2025,1368847,16,40381,0,0,Brezza,Sigma
SAL000273,VIN0000274,DLR015,CUST09276,2025-06-24,6,1,2025,514013,60,14874,0,0,Swift,ZXI
SAL000274,VIN0000275,DLR027,CUST14877,2025-03-04,3,1,2025,628217,28,22596,1,1,Ertiga,ZXI
SAL000275,VIN0000276,DLR025,CUST19574,2025-04-23,4,1,2025,1497157,79,43794,1,1,Alto,LXI
SAL000276,VIN0000277,DLR023,CUST04559,2025-08-11,8,1,2025,1286939,66,27992,1,0,Baleno,VXI
SAL000277,VIN0000278,DLR007,CUST24388,2025-07-07,7,1,2025,551284,32,41941,1,0,Ertiga,MT
SAL000278,VIN0000279,DLR003,CUST22618,2025-11-22,11,1,2025,793010,25,39974,0,0,Brezza,Delta
SAL000279,VIN0000280,DLR011,CUST02664,2025-05-02,5,1,2025,847278,70,29382,1,1,Alto,AT
SAL000280,VIN0000281,DLR028,CUST20622,2025-01-11,1,1,2025,1173273,56,8600,0,0,Ignis,LXI
SAL000281,VIN0000282,DLR024,CUST07719,2025-02-09,2,1,2025,1089560,44,22245,1,1,Brezza,VXI
SAL000282,VIN0000283,DLR018,CUST13682,2025-02-13,2,1,2025,533356,46,41993,1,0,Ignis,VXI
SAL000283,VIN0000284,DLR004,CUST23621,2025-02-23,2,1,2025,889536,21,36556,1,1,Ignis,MT
SAL000284,VIN0000285,DLR002,CUST22949,2025-07-17,7,1,2025,1155690,40,13635,1,0,Brezza,VXI
SAL000285,VIN0000286,DLR002,CUST00842,2025-03-23,3,1,2025,1456780,57,6857,1,0,Baleno,VXI
SAL000286,VIN0000287,DLR021,CUST04516,2025-11-15,11,1,2025,823275,42,16330,0,1,Brezza,MT
SAL000287,VIN0000288,DLR006,CUST05946,2025-06-12,6,1,2025,616777,43,37471,0,1,Dzire,AT
SAL000288,VIN0000289,DLR022,CUST00942,2025-12-04,12,1,2025,696000,25,20642,1,1,Dzire,Delta
SAL000289,VIN0000290,DLR017,CUST16988,2025-03-15,3,1,2025,660235,56,38240,1,0,Alto,MT
SAL000290,VIN0000291,DLR028,CUST20223,2025-03-26,3,1,2025,1286298,80,9510,1,0,Alto,LXI
SAL000291,VIN0000292,DLR014,CUST05231,2025-01-02,1,1,2025,1146624,61,12815,1,0,Ertiga,LXI
SAL000292,VIN0000293,DLR021,CUST06126,2025-09-05,9,1,2025,1158580,62,20656,1,0,Dzire,ZXI
SAL000293,VIN0000294,DLR006,CUST06810,2025-11-17,11,1,2025,1255025,57,17094,1,0,Baleno,Delta
SAL000294,VIN0000295,DLR002,CUST09184,2025-05-14,5,1,2025,924949,63,11634,1,0,Swift,Sigma
SAL000295,VIN0000296,DLR009,CUST15324,2025-01-01,1,1,2025,1041442,57,39677,0,0,Swift,AT
SAL000296,VIN0000297,DLR008,CUST08923,2025-06-12,6,1,2025,1007445,36,34122,1,0,Ertiga,VXI
SAL000297,VIN0000298,DLR012,CUST21678,2025-06-27,6,1,2025,667046,72,38807,1,0,Celerio,AGS
SAL000298,VIN0000299,DLR022,CUST06854,2025-08-14,8,1,2025,1065619,5,40755,0,1,Brezza,AGS
SAL000299,VIN0000300,DLR030,CUST19782,2025-01-13,1,1,2025,1196350,38,14686,1,1,Baleno,AT
SAL000300,VIN0000301,DLR028,CUST15479,2025-06-02,6,1,2025,1468343,20,35828,1,0,Brezza,Delta
SAL000301,VIN0000302,DLR026,CUST04269,2025-10-08,10,1,2025,1387488,85,28014,0,0,Alto,MT
SAL000302,VIN0000303,DLR023,CUST16512,2025-02-04,2,1,2025,1426610,14,5053,0,0,Brezza,Delta
SAL000303,VIN0000304,DLR030,CUST13611,2025-03-14,3,1,2025,663504,27,8233,0,1,Ertiga,AGS
SAL000304,VIN0000305,DLR019,CUST13455,2025-08-11,8,1,2025,615007,40,25145,1,0,Baleno,ZXI
SAL000305,VIN0000306,DLR022,CUST10027,2025-03-04,3,1,2025,618897,74,37696,0,0,Alto,AT
SAL000306,VIN0000307,DLR026,CUST17137,2025-02-07,2,1,2025,641031,40,21955,1,0,Brezza,Sigma
SAL000307,VIN0000308,DLR003,CUST21240,2025-05-02,5,1,2025,1149741,34,33969,0,1,Brezza,AGS
SAL000308,VIN0000309,DLR001,CUST02066,2025-03-11,3,1,2025,1301250,44,35924,0,0,Baleno,AT
SAL000309,VIN0000310,DLR016,CUST14038,2025-03-13,3,1,2025,1265064,20,41885,0,0,Brezza,VXI
SAL000310,VIN0000311,DLR002,CUST09173,2025-02-28,2,1,2025,1409524,62,27732,1,0,Swift,Alpha
SAL000311,VIN0000312,DLR008,CUST16405,2025-03-17,3,1,2025,825823,25,41487,1,0,Baleno,ZXI
SAL000312,VIN0000313,DLR020,CUST19288,2025-09-24,9,1,2025,747397,64,18772,0,0,Swift,MT
SAL000313,VIN0000314,DLR027,CUST00936,2025-07-03,7,1,2025,634136,22,44302,1,0,Ertiga,AT
SAL000314,VIN0000315,DLR021,CUST14380,2025-09-12,9,1,2025,572051,87,20095,1,0,Alto,Delta
SAL000315,VIN0000316,DLR013,CUST01565,2025-05-23,5,1,2025,827890,48,34464,0,0,Baleno,VXI
SAL000316,VIN0000317,DLR021,CUST10931,2025-07-28,7,1,2025,912680,66,12938,1,1,Alto,AT
SAL000317,VIN0000318,DLR021,CUST03570,2025-12-25,12,1,2025,955690,67,24795,1,0,Ignis,Sigma
SAL000318,VIN0000319,DLR017,CUST21917,2025-05-03,5,1,2025,1473576,11,12430,1,0,Brezza,LXI
SAL000319,VIN0000320,DLR014,CUST08145,2025-09-11,9,1,2025,1495449,35,36617,1,1,Baleno,Delta
SAL000320,VIN0000321,DLR021,CUST01159,2025-01-02,1,1,2025,609695,41,26718,1,0,Ignis,AGS
SAL000321,VIN0000322,DLR008,CUST07199,2025-08-05,8,1,2025,1242979,50,12492,1,0,Alto,AGS
SAL000322,VIN0000323,DLR022,CUST17964,2025-10-09,10,1,2025,505280,69,32962,1,0,Swift,Alpha
SAL000323,VIN0000324,DLR004,CUST04240,2025-11-25,11,1,2025,702183,87,6275,0,0,Alto,MT
SAL000324,VIN0000325,DLR004,CUST15991,2025-08-24,8,1,2025,1264640,21,28137,0,0,Baleno,AGS
SAL000325,VIN0000326,DLR001,CUST23880,2025-08-05,8,1,2025,1164507,64,13911,1,1,Alto,Sigma
SAL000326,VIN0000327,DLR010,CUST02778,2025-07-03,7,1,2025,1227802,70,42275,1,0,Ignis,Sigma
SAL000327,VIN0000328,DLR024,CUST20848,2025-10-20,10,1,2025,1352201,22,38199,0,1,Grand Vitara,Sigma
SAL000328,VIN0000329,DLR016,CUST19272,2025-02-27,2,1,2025,1200667,53,13832,0,1,Baleno,AGS
SAL000329,VIN0000330,DLR012,CUST03446,2025-08-22,8,1,2025,836124,25,34466,0,0,Ertiga,AGS
SAL000330,VIN0000331,DLR003,CUST06085,2025-10-03,10,1,2025,943422,23,30983,1,0,Brezza,AT
SAL000331,VIN0000332,DLR025,CUST21298,2025-10-08,10,1,2025,802033,81,25470,1,0,Alto,Delta
SAL000332,VIN0000333,DLR009,CUST09645,2025-08-14,8,1,2025,719941,30,22191,0,0,Baleno,AGS
SAL000333,VIN0000334,DLR010,CUST03097,2025-01-18,1,1,2025,1297375,69,27481,1,0,Celerio,MT
SAL000334,VIN0000335,DLR017,CUST10246,2025-01-20,1,1,2025,751080,29,37003,0,0,Baleno,MT
SAL000335,VIN0000336,DLR010,CUST19745,2025-05-12,5,1,2025,1145119,22,14436,1,0,Swift,AGS
SAL000336,VIN0000337,DLR007,CUST07220,2025-01-25,1,1,2025,988272,61,28081,0,1,Dzire,Sigma
SAL000337,VIN0000338,DLR001,CUST18968,2025-03-20,3,1,2025,544622,35,41262,1,1,Brezza,AGS
SAL000338,VIN0000339,DLR022,CUST10414,2025-04-06,4,1,2025,630032,65,39912,1,0,Baleno,ZXI
SAL000339,VIN0000340,DLR013,CUST12113,2025-10-23,10,1,2025,634347,77,17330,0,0,Alto,Alpha
SAL000340,VIN0000341,DLR018,CUST23813,2025-10-20,10,1,2025,508173,15,22303,1,1,Brezza,LXI
SAL000341,VIN0000342,DLR003,CUST01680,2025-06-24,6,1,2025,503541,53,13775,0,0,Ertiga,AGS
SAL000342,VIN0000343,DLR011,CUST04736,2025-04-17,4,1,2025,1449982,49,27694,0,0,Ignis,LXI
SAL000343,VIN0000344,DLR005,CUST24074,2025-09-19,9,1,2025,500160,43,9618,1,0,Baleno,LXI
SAL000344,VIN0000345,DLR025,CUST06807,2025-05-10,5,1,2025,1465419,6,21725,1,1,Brezza,AGS
SAL000345,VIN0000346,DLR029,CUST09037,2025-09-20,9,1,2025,529408,24,23812,1,0,Brezza,Sigma
SAL000346,VIN0000347,DLR021,CUST11006,2025-05-19,5,1,2025,1068593,26,23235,1,0,Ertiga,Delta
SAL000347,VIN0000348,DLR008,CUST10892,2025-12-17,12,1,2025,834109,67,25338,0,0,Swift,Sigma
SAL000348,VIN0000349,DLR028,CUST11352,2025-06-04,6,1,2025,1097437,66,37091,0,1,Baleno,ZXI
SAL000349,VIN0000350,DLR015,CUST17785,2025-04-26,4,1,2025,897065,39,27042,1,0,Baleno,AGS
SAL000350,VIN0000351,DLR006,CUST23758,2025-08-25,8,1,2025,1439876,39,13920,1,0,Baleno,MT
SAL000351,VIN0000352,DLR016,CUST03832,2025-12-22,12,1,2025,1163956,27,36440,0,1,Ertiga,Delta
SAL000352,VIN0000353,DLR026,CUST22678,2025-03-19,3,1,2025,570116,5,14636,0,0,Grand Vitara,LXI
SAL000353,VIN0000354,DLR014,CUST14570,2025-08-22,8,1,2025,1435476,47,15595,0,1,Dzire,AT
SAL000354,VIN0000355,DLR013,CUST22950,2025-04-18,4,1,2025,645541,53,36145,1,0,Swift,LXI
SAL000355,VIN0000356,DLR027,CUST10863,2025-09-10,9,1,2025,998745,33,31341,1,0,Brezza,LXI
SAL000356,VIN0000357,DLR021,CUST07958,2025-02-26,2,1,2025,1400019,51,29861,0,0,Baleno,AGS
SAL000357,VIN0000358,DLR030,CUST02918,2025-10-15,10,1,2025,792296,27,16014,1,0,Baleno,AT
SAL000358,VIN0000359,DLR004,CUST10243,2025-09-16,9,1,2025,1087787,38,5283,1,0,Grand Vitara,Delta
SAL000359,VIN0000360,DLR012,CUST19704,2025-05-18,5,1,2025,728718,24,34952,0,1,Swift,Alpha
SAL000360,VIN0000361,DLR013,CUST18847,2025-11-17,11,1,2025,521158,69,38887,1,1,Baleno,Alpha
SAL000361,VIN0000362,DLR008,CUST04835,2025-01-26,1,1,2025,616400,50,40218,1,1,Baleno,AT
SAL000362,VIN0000363,DLR012,CUST24707,2025-01-08,1,1,2025,1472395,27,34058,1,0,Swift,LXI
SAL000363,VIN0000364,DLR022,CUST09034,2025-07-01,7,1,2025,1359116,38,17596,0,0,Grand Vitara,Sigma
SAL000364,VIN0000365,DLR009,CUST00427,2025-08-05,8,1,2025,1326323,74,41247,1,0,Celerio,Sigma
SAL000365,VIN0000366,DLR016,CUST09137,2025-11-06,11,1,2025,1119487,33,36804,1,0,Dzire,Alpha
SAL000366,VIN0000367,DLR017,CUST16018,2025-09-21,9,1,2025,1257379,41,31516,1,0,Brezza,Delta
SAL000367,VIN0000368,DLR019,CUST15827,2025-09-16,9,1,2025,1224109,67,9866,0,0,Swift,Sigma
SAL000368,VIN0000369,DLR023,CUST23431,2025-04-17,4,1,2025,1053081,41,44426,1,0,Brezza,VXI
SAL000369,VIN0000370,DLR029,CUST18987,2025-04-21,4,1,2025,640926,41,33716,0,0,Brezza,ZXI
SAL000370,VIN0000371,DLR001,CUST18441,2025-12-16,12,1,2025,1287327,43,5096,0,1,Baleno,Alpha
SAL000371,VIN0000372,DLR023,CUST13485,2025-05-24,5,1,2025,1411857,5,32420,0,1,Brezza,AGS
SAL000372,VIN0000373,DLR009,CUST22597,2025-02-28,2,1,2025,759522,32,29131,1,0,Dzire,Delta
SAL000373,VIN0000374,DLR026,CUST08488,2025-08-08,8,1,2025,714921,28,38265,1,0,Baleno,ZXI
SAL000374,VIN0000375,DLR006,CUST14459,2025-07-17,7,1,2025,936610,39,10476,1,0,Brezza,AGS
SAL000375,VIN0000376,DLR030,CUST06150,2025-11-27,11,1,2025,1035917,23,38011,1,0,Baleno,Delta
SAL000376,VIN0000377,DLR024,CUST16451,2025-10-05,10,1,2025,564499,20,11785,0,1,Swift,Delta
SAL000377,VIN0000378,DLR014,CUST03971,2025-12-27,12,1,2025,714326,51,36088,0,0,Ignis,ZXI
SAL000378,VIN0000379,DLR021,CUST23814,2025-05-01,5,1,2025,1206241,59,16699,1,0,Baleno,Alpha
SAL000379,VIN0000380,DLR001,CUST02566,2025-08-09,8,1,2025,1325111,84,41549,1,0,Alto,AT
SAL000380,VIN0000381,DLR011,CUST23515,2025-02-26,2,1,2025,1441086,63,33313,1,0,Celerio,VXI
SAL000381,VIN0000382,DLR016,CUST22054,2025-07-10,7,1,2025,851694,29,12528,0,0,Baleno,Alpha
SAL000382,VIN0000383,DLR014,CUST24266,2025-03-08,3,1,2025,573143,71,18768,1,1,Alto,ZXI
SAL000383,VIN0000384,DLR011,CUST03452,2025-05-19,5,1,2025,976754,32,42323,1,0,Dzire,Alpha
SAL000384,VIN0000385,DLR017,CUST17998,2025-03-22,3,1,2025,1311433,41,30411,0,0,Brezza,Sigma
SAL000385,VIN0000386,DLR022,CUST23242,2025-11-11,11,1,2025,592517,21,20131,0,0,Ertiga,Alpha
SAL000386,VIN0000387,DLR009,CUST11107,2025-12-21,12,1,2025,1045852,22,6810,1,0,Brezza,Delta
SAL000387,VIN0000388,DLR006,CUST07660,2025-12-27,12,1,2025,841954,60,7824,0,0,Ertiga,ZXI
SAL000388,VIN0000389,DLR001,CUST20885,2025-04-28,4,1,2025,1456077,11,20925,0,0,Brezza,LXI
SAL000389,VIN0000390,DLR019,CUST02386,2025-01-23,1,1,2025,563186,41,37614,1,0,Swift,ZXI
SAL000390,VIN0000391,DLR010,CUST02082,2025-10-17,10,1,2025,1049940,85,27114,1,0,Alto,LXI
SAL000391,VIN0000392,DLR009,CUST20454,2025-04-23,4,1,2025,1185541,41,28368,0,0,Baleno,Alpha
SAL000392,VIN0000393,DLR007,CUST13887,2025-03-16,3,1,2025,1365121,63,10032,0,0,Baleno,Delta
SAL000393,VIN0000394,DLR013,CUST09150,2025-08-17,8,1,2025,1012455,49,30053,1,1,Swift,LXI
SAL000394,VIN0000395,DLR018,CUST05798,2025-04-11,4,1,2025,578586,49,14242,1,1,Dzire,VXI
SAL000395,VIN0000396,DLR018,CUST23421,2025-04-14,4,1,2025,1069381,22,15268,0,0,Baleno,Alpha
SAL000396,VIN0000397,DLR001,CUST08528,2025-10-18,10,1,2025,790198,33,17993,1,1,Brezza,Sigma
SAL000397,VIN0000398,DLR012,CUST22140,2025-08-19,8,1,2025,1228772,31,35481,1,0,Baleno,ZXI
SAL000398,VIN0000399,DLR030,CUST18210,2025-02-25,2,1,2025,1476429,21,34435,1,0,Brezza,Alpha
SAL000399,VIN0000400,DLR004,CUST16386,2025-04-01,4,1,2025,1088881,28,44552,0,0,Swift,Alpha
SAL000400,VIN0000401,DLR014,CUST17564,2025-11-15,11,1,2025,1400980,78,14253,0,1,Alto,Delta
SAL000401,VIN0000402,DLR002,CUST00808,2025-07-24,7,1,2025,1270010,34,35403,1,1,Brezza,Delta
SAL000402,VIN0000403,DLR008,CUST09849,2025-05-19,5,1,2025,1294406,64,25633,1,0,Swift,MT
SAL000403,VIN0000404,DLR027,CUST00764,2025-08-23,8,1,2025,654193,54,33194,1,1,Baleno,Alpha
SAL000404,VIN0000405,DLR006,CUST23189,2025-08-14,8,1,2025,756097,22,31711,1,1,Brezza,AGS
SAL000405,VIN0000406,DLR030,CUST12843,2025-01-28,1,1,2025,987629,64,14302,1,0,Swift,AGS
SAL000406,VIN0000407,DLR011,CUST22517,2025-03-02,3,1,2025,584362,21,35865,0,0,Swift,Delta
SAL000407,VIN0000408,DLR027,CUST21893,2025-10-15,10,1,2025,967884,27,24555,0,0,Dzire,Sigma
SAL000408,VIN0000409,DLR020,CUST24955,2025-01-16,1,1,2025,1163419,15,24058,1,1,Brezza,Delta
SAL000409,VIN0000410,DLR002,CUST21466,2025-03-02,3,1,2025,1028542,27,38993,1,0,Brezza,Alpha
SAL000410,VIN0000411,DLR024,CUST19960,2025-09-25,9,1,2025,1300345,20,34239,1,0,Swift,AT
SAL000411,VIN0000412,DLR024,CUST04947,2025-04-11,4,1,2025,715658,67,12614,1,1,Ignis,ZXI
SAL000412,VIN0000413,DLR009,CUST22543,2025-12-17,12,1,2025,628531,16,12677,1,1,Brezza,Sigma
SAL000413,VIN0000414,DLR002,CUST12662,2025-01-06,1,1,2025,1059710,49,43190,1,0,Alto,VXI
SAL000414,VIN0000415,DLR004,CUST11187,2025-11-25,11,1,2025,1309443,17,34736,1,1,Brezza,ZXI
SAL000415,VIN0000416,DLR029,CUST08401,2025-09-19,9,1,2025,1231157,53,22853,1,0,Swift,MT
SAL000416,VIN0000417,DLR002,CUST03556,2025-10-20,10,1,2025,753418,68,32597,1,0,Baleno,Alpha
SAL000417,VIN0000418,DLR025,CUST23590,2025-01-07,1,1,2025,916172,35,42842,0,0,Ertiga,MT
SAL000418,VIN0000419,DLR021,CUST05347,2025-12-22,12,1,2025,1198522,62,30289,0,1,Swift,AT
SAL000419,VIN0000420,DLR006,CUST11200,2025-01-28,1,1,2025,1306541,35,12752,0,0,Ignis,AT
SAL000420,VIN0000421,DLR007,CUST18497,2025-12-24,12,1,2025,1448516,65,35455,0,0,Swift,LXI
SAL000421,VIN0000422,DLR028,CUST19153,2025-04-25,4,1,2025,1396290,28,30531,0,0,Brezza,LXI
SAL000422,VIN0000423,DLR006,CUST14858,2025-01-22,1,1,2025,1346424,81,44668,0,0,Celerio,Delta
SAL000423,VIN0000424,DLR025,CUST21634,2025-11-01,11,1,2025,1047992,31,20164,1,0,Ertiga,Delta
SAL000424,VIN0000425,DLR005,CUST03844,2025-09-11,9,1,2025,1096183,56,40561,1,1,Dzire,Sigma
SAL000425,VIN0000426,DLR010,CUST13071,2025-10-12,10,1,2025,1253229,21,10569,1,0,Brezza,ZXI
SAL000426,VIN0000427,DLR027,CUST17320,2025-04-28,4,1,2025,1074636,36,43815,1,0,Baleno,Sigma
SAL000427,VIN0000428,DLR002,CUST03623,2025-12-20,12,1,2025,1164391,15,19504,1,1,Brezza,Sigma
SAL000428,VIN0000429,DLR017,CUST21940,2025-03-24,3,1,2025,1263081,58,12507,1,1,Dzire,LXI
SAL000429,VIN0000430,DLR021,CUST14327,2025-08-19,8,1,2025,1494344,19,27473,1,0,Brezza,Delta
SAL000430,VIN0000431,DLR018,CUST20802,2025-05-08,5,1,2025,727094,35,40622,1,0,Swift,ZXI
SAL000431,VIN0000432,DLR007,CUST16928,2025-03-23,3,1,2025,1437793,28,8950,0,1,Swift,ZXI
SAL000432,VIN0000433,DLR017,CUST12201,2025-08-07,8,1,2025,899364,7,29457,0,0,Brezza,LXI
SAL000433,VIN0000434,DLR024,CUST17407,2025-10-22,10,1,2025,639140,41,8905,0,1,Brezza,Delta
SAL000434,VIN0000435,DLR023,CUST06581,2025-04-22,4,1,2025,718507,6,41749,0,0,Grand Vitara,Sigma
SAL000435,VIN0000436,DLR023,CUST16348,2025-06-05,6,1,2025,1317050,30,14127,1,0,Brezza,ZXI
SAL000436,VIN0000437,DLR005,CUST16962,2025-07-14,7,1,2025,754153,69,30934,0,0,Baleno,MT
SAL000437,VIN0000438,DLR014,CUST21818,2025-02-06,2,1,2025,765552,29,24691,0,0,Baleno,Sigma
SAL000438,VIN0000439,DLR007,CUST02732,2025-08-24,8,1,2025,682160,64,28153,1,0,Ertiga,Delta
SAL000439,VIN0000440,DLR029,CUST11462,2025-11-07,11,1,2025,525630,64,15506,0,0,Swift,Delta
SAL000440,VIN0000441,DLR029,CUST02858,2025-05-27,5,1,2025,1438453,23,40054,1,1,Grand Vitara,Delta
SAL000441,VIN0000442,DLR011,CUST19481,2025-03-15,3,1,2025,1459909,62,6180,0,1,Ertiga,LXI
SAL000442,VIN0000443,DLR003,CUST05547,2025-06-21,6,1,2025,534121,20,9673,0,0,Baleno,VXI
SAL000443,VIN0000444,DLR013,CUST24931,2025-09-16,9,1,2025,1116272,56,40354,1,0,Swift,AT
SAL000444,VIN0000445,DLR029,CUST10674,2025-01-13,1,1,2025,811443,8,20314,0,0,Brezza,Sigma
SAL000445,VIN0000446,DLR004,CUST02066,2025-02-20,2,1,2025,886574,54,26138,1,1,Swift,VXI
SAL000446,VIN0000447,DLR011,CUST10420,2025-10-16,10,1,2025,860763,31,9444,1,0,Baleno,AT
SAL000447,VIN0000448,DLR025,CUST02582,2025-06-06,6,1,2025,1381871,19,19571,1,1,Brezza,MT
SAL000448,VIN0000449,DLR024,CUST05000,2025-10-03,10,1,2025,633995,63,28586,1,0,Dzire,AT
SAL000449,VIN0000450,DLR019,CUST03512,2025-01-22,1,1,2025,1353955,29,40354,1,0,Baleno,VXI
SAL000450,VIN0000451,DLR007,CUST01399,2025-06-04,6,1,2025,1195551,45,38783,0,1,Brezza,Sigma
SAL000451,VIN0000452,DLR003,CUST06059,2025-08-11,8,1,2025,1428154,64,26589,1,0,Ertiga,Sigma
SAL000452,VIN0000453,DLR023,CUST24838,2025-11-19,11,1,2025,1087615,36,17995,0,0,Brezza,MT
SAL000453,VIN0000454,DLR028,CUST13631,2025-12-13,12,1,2025,1370582,48,33127,1,0,Ignis,Sigma
SAL000454,VIN0000455,DLR009,CUST12077,2025-07-23,7,1,2025,622659,60,35849,0,0,Ertiga,VXI
SAL000455,VIN0000456,DLR008,CUST07240,2025-07-11,7,1,2025,724365,47,44131,1,0,Celerio,LXI
SAL000456,VIN0000457,DLR008,CUST22715,2025-03-21,3,1,2025,737527,39,29442,0,0,Swift,VXI
SAL000457,VIN0000458,DLR002,CUST02559,2025-07-05,7,1,2025,567849,26,14987,0,1,Ignis,Alpha
SAL000458,VIN0000459,DLR009,CUST11276,2025-12-23,12,1,2025,1028709,45,23735,0,0,Brezza,Sigma
SAL000459,VIN0000460,DLR009,CUST15852,2025-07-17,7,1,2025,606781,37,16185,1,0,Brezza,Sigma
SAL000460,VIN0000461,DLR023,CUST24565,2025-03-24,3,1,2025,886619,31,30953,1,0,Swift,MT
SAL000461,VIN0000462,DLR010,CUST12917,2025-07-08,7,1,2025,1249262,23,7123,1,0,Ertiga,MT
SAL000462,VIN0000463,DLR017,CUST09752,2025-03-24,3,1,2025,1458914,10,19992,1,0,Brezza,MT
SAL000463,VIN0000464,DLR025,CUST20355,2025-06-17,6,1,2025,1111732,67,19950,0,1,Baleno,Sigma
SAL000464,VIN0000465,DLR005,CUST08776,2025-11-26,11,1,2025,576378,29,24954,1,0,Swift,MT
SAL000465,VIN0000466,DLR009,CUST02523,2025-11-24,11,1,2025,772121,46,12936,0,1,Ignis,Delta
SAL000466,VIN0000467,DLR019,CUST18201,2025-01-18,1,1,2025,977421,22,34992,1,0,Brezza,Delta
SAL000467,VIN0000468,DLR006,CUST19785,2025-10-10,10,1,2025,996347,76,16754,1,1,Alto,ZXI
SAL000468,VIN0000469,DLR013,CUST16002,2025-03-26,3,1,2025,1213007,62,11236,1,0,Swift,LXI
SAL000469,VIN0000470,DLR030,CUST13151,2025-03-17,3,1,2025,847036,46,28052,0,0,Baleno,Delta
SAL000470,VIN0000471,DLR012,CUST14322,2025-04-06,4,1,2025,1366231,56,14895,1,0,Dzire,AT
SAL000471,VIN0000472,DLR007,CUST05351,2025-08-23,8,1,2025,764275,25,44001,1,0,Brezza,ZXI
SAL000472,VIN0000473,DLR022,CUST22320,2025-12-08,12,1,2025,705384,9,32382,0,0,Grand Vitara,LXI
SAL000473,VIN0000474,DLR023,CUST18656,2025-03-26,3,1,2025,1154143,47,5421,1,1,Baleno,AGS
SAL000474,VIN0000475,DLR006,CUST21104,2025-12-27,12,1,2025,949855,36,12660,1,1,Swift,Sigma
SAL000475,VIN0000476,DLR005,CUST09594,2025-03-07,3,1,2025,918438,35,17247,1,1,Brezza,MT
SAL000476,VIN0000477,DLR020,CUST04961,2025-08-26,8,1,2025,1161857,57,13864,1,0,Baleno,LXI
SAL000477,VIN0000478,DLR021,CUST23974,2025-09-09,9,1,2025,965091,35,35010,0,0,Ignis,MT
SAL000478,VIN0000479,DLR025,CUST12315,2025-01-20,1,1,2025,567744,67,43905,1,0,Alto,Delta
SAL000479,VIN0000480,DLR006,CUST10332,2025-03-11,3,1,2025,1487130,28,43966,1,1,Baleno,AGS
SAL000480,VIN0000481,DLR011,CUST14879,2025-02-23,2,1,2025,1381889,67,11072,1,0,Ertiga,Alpha
SAL000481,VIN0000482,DLR019,CUST03993,2025-10-23,10,1,2025,984297,39,27987,1,0,Dzire,Alpha
SAL000482,VIN0000483,DLR014,CUST23739,2025-03-26,3,1,2025,888584,31,34044,1,0,Dzire,AGS
SAL000483,VIN0000484,DLR028,CUST16652,2025-07-11,7,1,2025,767209,57,42604,1,1,Alto,LXI
SAL000484,VIN0000485,DLR018,CUST04173,2025-07-14,7,1,2025,945397,43,39658,0,1,Celerio,Alpha
SAL000485,VIN0000486,DLR023,CUST04251,2025-03-22,3,1,2025,1256489,60,15858,1,1,Ertiga,Sigma
SAL000486,VIN0000487,DLR027,CUST23657,2025-07-25,7,1,2025,604246,5,26157,0,0,Brezza,LXI
SAL000487,VIN0000488,DLR022,CUST14764,2025-09-24,9,1,2025,1134489,40,41904,1,0,Alto,Delta
SAL000488,VIN0000489,DLR030,CUST15523,2025-04-20,4,1,2025,1499624,79,38599,0,0,Celerio,AT
SAL000489,VIN0000490,DLR017,CUST10919,2025-12-12,12,1,2025,1250298,38,26427,1,0,Ignis,AGS
SAL000490,VIN0000491,DLR018,CUST22772,2025-07-26,7,1,2025,531109,39,42539,1,0,Dzire,Delta
SAL000491,VIN0000492,DLR030,CUST22259,2025-04-10,4,1,2025,832313,35,39296,1,0,Swift,AGS
SAL000492,VIN0000493,DLR015,CUST11508,2025-01-25,1,1,2025,701747,35,11718,1,0,Brezza,AT
SAL000493,VIN0000494,DLR018,CUST04164,2025-07-03,7,1,2025,1259353,40,29115,1,0,Ertiga,MT
SAL000494,VIN0000495,DLR010,CUST09726,2025-05-16,5,1,2025,1458230,25,22943,1,0,Baleno,ZXI
SAL000495,VIN0000496,DLR024,CUST02912,2025-11-18,11,1,2025,985515,37,25615,0,1,Swift,AGS
SAL000496,VIN0000497,DLR027,CUST08857,2025-01-09,1,1,2025,1315815,17,19036,0,0,Brezza,Sigma
SAL000497,VIN0000498,DLR029,CUST04395,2025-05-26,5,1,2025,830095,31,33167,0,0,Ignis,MT
SAL000498,VIN0000499,DLR025,CUST21117,2025-12-05,12,1,2025,824741,33,41046,1,0,Ertiga,MT
SAL000499,VIN0000500,DLR025,CUST08633,2025-06-14,6,1,2025,1453701,65,44388,1,0,Dzire,Delta
SAL000500,VIN0000501,DLR022,CUST03165,2025-08-12,8,1,2025,777741,33,7502,1,1,Brezza,Delta
SAL000501,VIN0000502,DLR012,CUST08608,2025-05-19,5,1,2025,1014184,32,42357,0,1,Baleno,LXI
SAL000502,VIN0000503,DLR014,CUST20049,2025-03-05,3,1,2025,1008508,14,35027,1,0,Brezza,VXI
SAL000503,VIN0000504,DLR028,CUST19439,2025-11-19,11,1,2025,1157815,24,32879,1,0,Brezza,MT
SAL000504,VIN0000505,DLR010,CUST17370,2025-06-03,6,1,2025,557201,37,42202,0,1,Dzire,VXI
SAL000505,VIN0000506,DLR004,CUST24883,2025-12-12,12,1,2025,1184059,60,37547,1,0,Swift,LXI
SAL000506,VIN0000507,DLR029,CUST24445,2025-02-28,2,1,2025,991659,35,29310,0,0,Brezza,AT
SAL000507,VIN0000508,DLR018,CUST06041,2025-01-13,1,1,2025,1014120,68,33978,1,0,Celerio,MT
SAL000508,VIN0000509,DLR015,CUST07984,2025-01-22,1,1,2025,876393,62,29741,1,1,Baleno,Alpha
SAL000509,VIN0000510,DLR021,CUST20096,2025-04-21,4,1,2025,714730,42,42751,1,1,Baleno,AT
SAL000510,VIN0000511,DLR027,CUST15863,2025-01-02,1,1,2025,1265924,44,10993,1,1,Brezza,LXI
SAL000511,VIN0000512,DLR004,CUST15953,2025-06-24,6,1,2025,1259806,35,25491,0,1,Baleno,MT
SAL000512,VIN0000513,DLR023,CUST17747,2025-01-23,1,1,2025,1097294,62,31715,1,1,Ignis,AT
SAL000513,VIN0000514,DLR014,CUST10301,2025-01-13,1,1,2025,1388247,72,25733,1,0,Alto,Sigma
SAL000514,VIN0000515,DLR002,CUST19442,2025-05-06,5,1,2025,742219,53,40844,1,0,Ignis,Delta
SAL000515,VIN0000516,DLR030,CUST14013,2025-05-03,5,1,2025,594837,33,33088,0,0,Swift,LXI
SAL000516,VIN0000517,DLR001,CUST11535,2025-03-12,3,1,2025,1147582,63,38984,1,1,Dzire,MT
SAL000517,VIN0000518,DLR019,CUST18655,2025-09-27,9,1,2025,1135469,37,33908,1,0,Baleno,MT
SAL000518,VIN0000519,DLR009,CUST11088,2025-10-03,10,1,2025,1336330,24,5861,0,0,Baleno,AT
SAL000519,VIN0000520,DLR006,CUST10480,2025-07-16,7,1,2025,530924,35,18235,1,0,Brezza,AGS
SAL000520,VIN0000521,DLR014,CUST05714,2025-07-08,7,1,2025,1483529,29,7086,0,1,Baleno,MT
SAL000521,VIN0000522,DLR014,CUST11557,2025-02-14,2,1,2025,1201235,5,36192,1,1,Brezza,LXI
SAL000522,VIN0000523,DLR021,CUST18525,2025-10-10,10,1,2025,856600,40,25040,1,0,Baleno,AT
SAL000523,VIN0000524,DLR030,CUST07243,2025-03-27,3,1,2025,934751,87,30898,1,0,Alto,AT
SAL000524,VIN0000525,DLR003,CUST12812,2025-05-16,5,1,2025,1064249,80,13953,1,0,Alto,ZXI
SAL000525,VIN0000526,DLR006,CUST21439,2025-11-25,11,1,2025,1439605,51,44466,0,0,Baleno,Alpha
SAL000526,VIN0000527,DLR026,CUST19079,2025-12-23,12,1,2025,1316758,38,44593,0,0,Swift,LXI
SAL000527,VIN0000528,DLR018,CUST20138,2025-07-14,7,1,2025,1325610,30,12767,1,0,Brezza,Delta
SAL000528,VIN0000529,DLR018,CUST10503,2025-04-13,4,1,2025,1116718,32,30662,1,0,Dzire,VXI
SAL000529,VIN0000530,DLR026,CUST10967,2025-06-18,6,1,2025,1336982,66,7714,1,0,Swift,LXI
SAL000530,VIN0000531,DLR015,CUST20910,2025-10-15,10,1,2025,644600,39,6527,0,0,Ignis,Alpha
SAL000531,VIN0000532,DLR018,CUST17809,2025-08-25,8,1,2025,1158639,69,15957,0,0,Alto,MT
SAL000532,VIN0000533,DLR023,CUST02455,2025-03-24,3,1,2025,1049809,29,13226,1,0,Ignis,AT
SAL000533,VIN0000534,DLR025,CUST15718,2025-07-09,7,1,2025,1203606,22,39480,0,1,Brezza,VXI
SAL000534,VIN0000535,DLR020,CUST17762,2025-04-26,4,1,2025,1102699,81,23312,0,1,Alto,Alpha
SAL000535,VIN0000536,DLR010,CUST24163,2025-05-16,5,1,2025,652913,44,28630,1,1,Baleno,Alpha
SAL000536,VIN0000537,DLR016,CUST05121,2025-02-21,2,1,2025,590652,59,25582,0,0,Ertiga,ZXI
SAL000537,VIN0000538,DLR004,CUST18194,2025-06-28,6,1,2025,620013,48,37722,1,0,Baleno,AGS
SAL000538,VIN0000539,DLR024,CUST13662,2025-10-05,10,1,2025,822185,49,27819,1,0,Swift,ZXI
SAL000539,VIN0000540,DLR023,CUST07660,2025-06-07,6,1,2025,670672,22,33093,1,0,Brezza,Sigma
SAL000540,VIN0000541,DLR027,CUST06878,2025-12-08,12,1,2025,1178523,73,19772,0,0,Celerio,ZXI
SAL000541,VIN0000542,DLR019,CUST07915,2025-09-09,9,1,2025,824332,47,20922,1,0,Swift,ZXI
SAL000542,VIN0000543,DLR022,CUST01930,2025-07-07,7,1,2025,717825,37,44740,1,0,Dzire,ZXI
SAL000543,VIN0000544,DLR001,CUST09830,2025-03-13,3,1,2025,1211568,7,35741,0,0,Grand Vitara,VXI
SAL000544,VIN0000545,DLR023,CUST20874,2025-02-16,2,1,2025,1155754,34,22640,1,1,Swift,Alpha
SAL000545,VIN0000546,DLR025,CUST21104,2025-12-10,12,1,2025,1247586,43,7722,1,0,Baleno,AT
SAL000546,VIN0000547,DLR024,CUST00955,2025-12-02,12,1,2025,711240,43,21810,0,0,Brezza,VXI
SAL000547,VIN0000548,DLR007,CUST07591,2025-11-16,11,1,2025,677925,43,14814,0,1,Ertiga,VXI
SAL000548,VIN0000549,DLR025,CUST05092,2025-06-15,6,1,2025,1178247,53,20009,1,0,Swift,LXI
SAL000549,VIN0000550,DLR008,CUST11052,2025-09-15,9,1,2025,1489043,23,24566,1,1,Brezza,ZXI
SAL000550,VIN0000551,DLR008,CUST14098,2025-08-24,8,1,2025,818522,44,34241,0,0,Brezza,ZXI
SAL000551,VIN0000552,DLR014,CUST11356,2025-06-01,6,1,2025,1093104,57,5809,0,1,Alto,MT
SAL000552,VIN0000553,DLR022,CUST13883,2025-11-15,11,1,2025,1024535,82,22379,0,0,Celerio,ZXI
SAL000553,VIN0000554,DLR021,CUST00400,2025-03-03,3,1,2025,1216441,40,35936,1,0,Baleno,Alpha
SAL000554,VIN0000555,DLR004,CUST00325,2025-08-07,8,1,2025,923358,45,17921,1,0,Celerio,AT
SAL000555,VIN0000556,DLR003,CUST22208,2025-02-25,2,1,2025,597646,10,43222,0,1,Brezza,Alpha
SAL000556,VIN0000557,DLR025,CUST23782,2025-12-04,12,1,2025,903937,59,32630,1,0,Alto,VXI
SAL000557,VIN0000558,DLR020,CUST04643,2025-06-23,6,1,2025,1327513,66,39029,0,0,Baleno,Sigma
SAL000558,VIN0000559,DLR028,CUST05269,2025-04-04,4,1,2025,1012291,31,44311,1,0,Baleno,VXI
SAL000559,VIN0000560,DLR023,CUST07958,2025-12-04,12,1,2025,1247198,33,13808,0,1,Baleno,Alpha
SAL000560,VIN0000561,DLR029,CUST16218,2025-05-06,5,1,2025,575408,46,13792,1,0,Swift,Alpha
SAL000561,VIN0000562,DLR017,CUST19969,2025-11-08,11,1,2025,578210,50,15070,1,0,Swift,AGS
SAL000562,VIN0000563,DLR001,CUST09903,2025-04-24,4,1,2025,1267893,69,33749,1,0,Dzire,Alpha
SAL000563,VIN0000564,DLR015,CUST05247,2025-05-26,5,1,2025,1259144,66,37042,0,0,Baleno,ZXI
SAL000564,VIN0000565,DLR005,CUST08708,2025-11-11,11,1,2025,1011788,39,29648,1,1,Dzire,VXI
SAL000565,VIN0000566,DLR025,CUST13542,2025-12-04,12,1,2025,539353,25,27669,1,0,Brezza,LXI
SAL000566,VIN0000567,DLR020,CUST04776,2025-11-27,11,1,2025,1480540,65,40226,1,1,Swift,Alpha
SAL000567,VIN0000568,DLR002,CUST17581,2025-01-10,1,1,2025,1204625,47,19590,1,0,Ignis,VXI
SAL000568,VIN0000569,DLR020,CUST20839,2025-01-04,1,1,2025,1175194,61,39330,1,0,Ertiga,Sigma
SAL000569,VIN0000570,DLR006,CUST20043,2025-01-12,1,1,2025,1322427,40,20518,1,0,Brezza,Alpha
SAL000570,VIN0000571,DLR021,CUST22979,2025-04-13,4,1,2025,1348822,53,7504,1,1,Celerio,LXI
SAL000571,VIN0000572,DLR025,CUST07511,2025-04-19,4,1,2025,1301721,32,44629,1,0,Swift,Delta
SAL000572,VIN0000573,DLR015,CUST19153,2025-09-15,9,1,2025,1268194,21,30803,1,0,Dzire,Sigma
SAL000573,VIN0000574,DLR002,CUST17536,2025-08-14,8,1,2025,1356183,66,28162,0,0,Ertiga,VXI
SAL000574,VIN0000575,DLR024,CUST14788,2025-04-16,4,1,2025,1463891,57,11403,1,0,Baleno,MT
SAL000575,VIN0000576,DLR001,CUST00189,2025-04-02,4,1,2025,882568,63,27660,1,0,Dzire,MT
SAL000576,VIN0000577,DLR010,CUST13133,2025-06-16,6,1,2025,1042687,23,7209,0,0,Brezza,Delta
SAL000577,VIN0000578,DLR016,CUST05068,2025-06-06,6,1,2025,581630,68,27810,1,0,Celerio,LXI
SAL000578,VIN0000579,DLR001,CUST13247,2025-07-22,7,1,2025,1317984,51,23561,0,1,Celerio,LXI
SAL000579,VIN0000580,DLR028,CUST23486,2025-12-01,12,1,2025,819818,27,11996,0,0,Dzire,VXI
SAL000580,VIN0000581,DLR001,CUST13941,2025-01-15,1,1,2025,733859,53,24548,1,0,Alto,Delta
SAL000581,VIN0000582,DLR023,CUST22938,2025-10-05,10,1,2025,1061187,20,22698,0,0,Brezza,MT
SAL000582,VIN0000583,DLR006,CUST16512,2025-10-10,10,1,2025,608293,9,16266,0,0,Brezza,Sigma
SAL000583,VIN0000584,DLR007,CUST02332,2025-08-18,8,1,2025,750515,79,42096,0,1,Alto,MT
SAL000584,VIN0000585,DLR023,CUST08055,2025-09-23,9,1,2025,689557,65,31053,0,1,Baleno,ZXI
SAL000585,VIN0000586,DLR018,CUST04887,2025-12-21,12,1,2025,1298101,31,38612,1,1,Ignis,MT
SAL000586,VIN0000587,DLR006,CUST12128,2025-11-26,11,1,2025,647498,54,8677,1,0,Baleno,ZXI
SAL000587,VIN0000588,DLR024,CUST07495,2025-07-14,7,1,2025,1469314,27,21765,0,1,Brezza,Alpha
SAL000588,VIN0000589,DLR017,CUST05334,2025-12-17,12,1,2025,1390264,44,19011,0,0,Ertiga,VXI
SAL000589,VIN0000590,DLR010,CUST10741,2025-03-11,3,1,2025,1347704,9,34385,1,1,Brezza,LXI
SAL000590,VIN0000591,DLR025,CUST22090,2025-10-09,10,1,2025,799990,36,6026,0,0,Baleno,Delta
SAL000591,VIN0000592,DLR001,CUST13971,2025-08-07,8,1,2025,554957,36,5396,1,0,Ertiga,Delta
SAL000592,VIN0000593,DLR020,CUST12965,2025-04-16,4,1,2025,1215726,83,32950,0,0,Alto,AGS
SAL000593,VIN0000594,DLR017,CUST23822,2025-06-19,6,1,2025,1416571,56,40525,0,0,Baleno,LXI
SAL000594,VIN0000595,DLR004,CUST19793,2025-06-01,6,1,2025,1345680,25,13233,1,0,Swift,LXI
SAL000595,VIN0000596,DLR022,CUST09032,2025-08-13,8,1,2025,708588,62,25675,0,1,Dzire,AGS
SAL000596,VIN0000597,DLR002,CUST20248,2025-10-14,10,1,2025,1249496,66,15882,1,0,Baleno,VXI
SAL000597,VIN0000598,DLR024,CUST04803,2025-03-15,3,1,2025,1223666,34,42269,0,1,Brezza,MT
SAL000598,VIN0000599,DLR025,CUST13531,2025-07-13,7,1,2025,929176,29,14565,1,0,Swift,AT
SAL000599,VIN0000600,DLR014,CUST17876,2025-01-27,1,1,2025,1310650,32,35809,0,1,Ertiga,VXI
SAL000600,VIN0000601,DLR012,CUST17920,2025-12-20,12,1,2025,1040816,81,37726,0,0,Alto,LXI
SAL000601,VIN0000602,DLR023,CUST06979,2025-04-10,4,1,2025,588085,24,18220,1,0,Swift,Delta
SAL000602,VIN0000603,DLR015,CUST24935,2025-04-16,4,1,2025,888881,32,42530,1,0,Baleno,VXI
SAL000603,VIN0000604,DLR027,CUST19845,2025-12-16,12,1,2025,984175,21,36110,1,0,Brezza,Alpha
SAL000604,VIN0000605,DLR003,CUST21867,2025-10-24,10,1,2025,1220999,29,27186,0,1,Baleno,LXI
SAL000605,VIN0000606,DLR016,CUST22543,2025-06-24,6,1,2025,652108,83,31600,1,0,Alto,LXI
SAL000606,VIN0000607,DLR003,CUST18121,2025-09-13,9,1,2025,775908,39,35244,0,0,Baleno,LXI
SAL000607,VIN0000608,DLR011,CUST15313,2025-12-17,12,1,2025,1006023,27,23021,0,1,Brezza,ZXI
SAL000608,VIN0000609,DLR014,CUST14995,2025-05-13,5,1,2025,578231,7,40195,1,1,Brezza,LXI
SAL000609,VIN0000610,DLR023,CUST16756,2025-10-22,10,1,2025,779362,49,6057,1,0,Ignis,Delta
SAL000610,VIN0000611,DLR028,CUST12126,2025-03-21,3,1,2025,847301,10,10354,0,0,Brezza,Alpha
SAL000611,VIN0000612,DLR010,CUST08987,2025-09-28,9,1,2025,670213,68,39365,1,0,Swift,MT
SAL000612,VIN0000613,DLR025,CUST11022,2025-10-06,10,1,2025,1150569,65,14941,1,0,Swift,LXI
SAL000613,VIN0000614,DLR004,CUST02986,2025-01-14,1,1,2025,611402,5,22601,0,0,Brezza,ZXI
SAL000614,VIN0000615,DLR017,CUST24281,2025-09-17,9,1,2025,1251977,30,29501,0,0,Brezza,Alpha
SAL000615,VIN0000616,DLR019,CUST18230,2025-02-04,2,1,2025,844031,23,9469,1,0,Dzire,VXI
SAL000616,VIN0000617,DLR022,CUST01854,2025-03-23,3,1,2025,607094,44,35442,1,0,Brezza,Delta
SAL000617,VIN0000618,DLR002,CUST23397,2025-03-11,3,1,2025,830232,36,37567,1,0,Ertiga,LXI
SAL000618,VIN0000619,DLR027,CUST04389,2025-11-18,11,1,2025,603632,17,25111,1,0,Grand Vitara,MT
SAL000619,VIN0000620,DLR008,CUST17151,2025-10-23,10,1,2025,1317303,5,27367,0,0,Brezza,AGS
SAL000620,VIN0000621,DLR005,CUST21516,2025-06-04,6,1,2025,1345029,64,26783,0,1,Baleno,VXI
SAL000621,VIN0000622,DLR018,CUST00320,2025-02-25,2,1,2025,1209608,16,34407,1,0,Grand Vitara,MT
SAL000622,VIN0000623,DLR023,CUST15803,2025-07-23,7,1,2025,873144,59,17062,0,1,Dzire,AT
SAL000623,VIN0000624,DLR022,CUST21029,2025-02-14,2,1,2025,1112529,67,26690,0,1,Celerio,MT
SAL000624,VIN0000625,DLR028,CUST15621,2025-05-01,5,1,2025,818891,13,30147,0,0,Brezza,LXI
SAL000625,VIN0000626,DLR017,CUST11720,2025-07-13,7,1,2025,1219913,42,35006,1,0,Brezza,LXI
SAL000626,VIN0000627,DLR028,CUST09861,2025-05-12,5,1,2025,1264568,43,37116,1,0,Dzire,LXI
SAL000627,VIN0000628,DLR003,CUST10358,2025-11-12,11,1,2025,518677,9,35549,1,0,Grand Vitara,Delta
SAL000628,VIN0000629,DLR022,CUST13008,2025-09-12,9,1,2025,997465,59,5420,0,1,Swift,AT
SAL000629,VIN0000630,DLR015,CUST16768,2025-10-09,10,1,2025,1261846,27,10286,1,0,Swift,Alpha
SAL000630,VIN0000631,DLR015,CUST01927,2025-07-19,7,1,2025,923712,44,34022,1,1,Celerio,AT
SAL000631,VIN0000632,DLR020,CUST08736,2025-12-10,12,1,2025,661857,23,9836,1,1,Swift,Delta
SAL000632,VIN0000633,DLR023,CUST18807,2025-10-28,10,1,2025,1014498,12,29713,1,0,Brezza,Sigma
SAL000633,VIN0000634,DLR024,CUST06938,2025-07-05,7,1,2025,981648,48,34637,1,0,Celerio,AGS
SAL000634,VIN0000635,DLR018,CUST05237,2025-01-26,1,1,2025,1477564,30,42564,1,0,Ertiga,ZXI
SAL000635,VIN0000636,DLR028,CUST24421,2025-12-08,12,1,2025,892229,84,20296,1,1,Celerio,VXI
SAL000636,VIN0000637,DLR030,CUST01036,2025-04-07,4,1,2025,836674,69,9119,1,1,Ertiga,ZXI
SAL000637,VIN0000638,DLR020,CUST24052,2025-08-22,8,1,2025,1299774,69,26494,1,0,Swift,AGS
SAL000638,VIN0000639,DLR030,CUST06704,2025-02-04,2,1,2025,926501,37,6580,0,0,Ignis,Delta
SAL000639,VIN0000640,DLR017,CUST04744,2025-07-08,7,1,2025,849682,14,6572,1,0,Brezza,LXI
SAL000640,VIN0000641,DLR003,CUST10690,2025-09-05,9,1,2025,892413,10,35957,0,1,Brezza,MT
SAL000641,VIN0000642,DLR028,CUST21205,2025-10-18,10,1,2025,1190055,11,28372,1,1,Grand Vitara,Sigma
SAL000642,VIN0000643,DLR018,CUST24041,2025-01-06,1,1,2025,986151,50,34342,0,0,Baleno,MT
SAL000643,VIN0000644,DLR007,CUST16008,2025-01-22,1,1,2025,939720,48,38609,0,0,Alto,Sigma
SAL000644,VIN0000645,DLR025,CUST21985,2025-10-12,10,1,2025,1000111,68,43305,1,0,Baleno,ZXI
SAL000645,VIN0000646,DLR002,CUST16786,2025-04-06,4,1,2025,691094,67,34165,1,0,Dzire,AGS
SAL000646,VIN0000647,DLR012,CUST02569,2025-02-05,2,1,2025,932985,64,44758,0,0,Ertiga,LXI
SAL000647,VIN0000648,DLR011,CUST09611,2025-02-02,2,1,2025,1062340,12,44224,0,1,Brezza,Alpha
SAL000648,VIN0000649,DLR002,CUST01526,2025-04-22,4,1,2025,684850,48,10427,1,0,Dzire,MT
SAL000649,VIN0000650,DLR012,CUST13756,2025-01-21,1,1,2025,1215912,33,24425,1,0,Dzire,MT
SAL000650,VIN0000651,DLR009,CUST18971,2025-09-02,9,1,2025,621898,39,22201,1,1,Baleno,Delta
SAL000651,VIN0000652,DLR009,CUST21559,2025-07-21,7,1,2025,630025,35,8966,1,0,Brezza,MT
SAL000652,VIN0000653,DLR019,CUST15887,2025-10-08,10,1,2025,569607,62,19653,0,1,Ignis,Sigma
SAL000653,VIN0000654,DLR019,CUST17645,2025-11-25,11,1,2025,927073,38,26436,1,1,Baleno,Delta
SAL000654,VIN0000655,DLR011,CUST19950,2025-01-08,1,1,2025,1282733,57,21533,0,0,Swift,AT
SAL000655,VIN0000656,DLR017,CUST10565,2025-12-10,12,1,2025,1170803,11,5422,1,0,Brezza,MT
SAL000656,VIN0000657,DLR007,CUST20232,2025-10-15,10,1,2025,675323,29,42703,1,0,Baleno,VXI
SAL000657,VIN0000658,DLR030,CUST07162,2025-06-08,6,1,2025,840861,26,33136,0,0,Brezza,Alpha
SAL000658,VIN0000659,DLR023,CUST07722,2025-02-15,2,1,2025,573310,40,8990,0,0,Brezza,Sigma
SAL000659,VIN0000660,DLR027,CUST13020,2025-08-17,8,1,2025,1430324,69,12874,0,1,Ignis,AGS
SAL000660,VIN0000661,DLR017,CUST08521,2025-04-19,4,1,2025,1257093,34,31278,0,0,Brezza,MT
SAL000661,VIN0000662,DLR004,CUST15610,2025-04-21,4,1,2025,1118834,57,18969,1,0,Alto,ZXI
SAL000662,VIN0000663,DLR024,CUST21058,2025-04-11,4,1,2025,982544,79,20776,1,0,Alto,VXI
SAL000663,VIN0000664,DLR002,CUST23643,2025-10-26,10,1,2025,718608,48,24223,1,0,Swift,LXI
SAL000664,VIN0000665,DLR016,CUST13583,2025-11-15,11,1,2025,1285927,44,40114,0,0,Ertiga,MT
SAL000665,VIN0000666,DLR006,CUST20567,2025-12-12,12,1,2025,650600,20,20590,0,0,Ignis,VXI
SAL000666,VIN0000667,DLR018,CUST08085,2025-10-25,10,1,2025,791074,27,28839,1,0,Swift,Delta
SAL000667,VIN0000668,DLR030,CUST15127,2025-03-05,3,1,2025,1300575,84,7729,0,1,Alto,Sigma
SAL000668,VIN0000669,DLR011,CUST11756,2025-05-09,5,1,2025,559948,55,16756,1,0,Ertiga,VXI
SAL000669,VIN0000670,DLR021,CUST17430,2025-12-16,12,1,2025,590369,44,16508,0,0,Brezza,VXI
SAL000670,VIN0000671,DLR027,CUST00635,2025-03-26,3,1,2025,720648,7,12138,1,0,Brezza,AGS
SAL000671,VIN0000672,DLR028,CUST11785,2025-08-27,8,1,2025,577957,7,13814,1,0,Brezza,Sigma
SAL000672,VIN0000673,DLR012,CUST03912,2025-07-25,7,1,2025,1030431,23,15415,1,0,Baleno,AT
SAL000673,VIN0000674,DLR022,CUST01094,2025-06-24,6,1,2025,761793,32,16955,0,0,Swift,Sigma
SAL000674,VIN0000675,DLR027,CUST06827,2025-03-20,3,1,2025,1132182,35,41176,1,0,Brezza,Sigma
SAL000675,VIN0000676,DLR004,CUST08292,2025-04-10,4,1,2025,664234,33,28313,1,1,Dzire,AGS
SAL000676,VIN0000677,DLR026,CUST07016,2025-06-13,6,1,2025,1487359,26,27892,0,0,Dzire,ZXI
SAL000677,VIN0000678,DLR019,CUST02439,2025-08-23,8,1,2025,697035,38,38680,1,0,Brezza,MT
SAL000678,VIN0000679,DLR009,CUST24932,2025-12-08,12,1,2025,1453669,23,18338,1,0,Brezza,Sigma
SAL000679,VIN0000680,DLR029,CUST17707,2025-03-21,3,1,2025,537979,33,34149,1,1,Swift,AT
SAL000680,VIN0000681,DLR011,CUST08359,2025-07-19,7,1,2025,887515,63,37362,1,0,Alto,AT
SAL000681,VIN0000682,DLR027,CUST06228,2025-08-09,8,1,2025,1220330,56,42233,0,0,Swift,Sigma
SAL000682,VIN0000683,DLR028,CUST01777,2025-04-18,4,1,2025,1001872,50,27239,0,0,Alto,AT
SAL000683,VIN0000684,DLR007,CUST11346,2025-02-08,2,1,2025,1183704,45,10617,0,0,Brezza,Delta
SAL000684,VIN0000685,DLR020,CUST22353,2025-01-11,1,1,2025,672838,75,29623,1,0,Alto,Sigma
SAL000685,VIN0000686,DLR003,CUST14974,2025-07-25,7,1,2025,1349564,44,18826,0,0,Brezza,AT
SAL000686,VIN0000687,DLR012,CUST20253,2025-05-23,5,1,2025,1487905,42,34888,0,1,Swift,MT
SAL000687,VIN0000688,DLR015,CUST02048,2025-02-14,2,1,2025,1171825,65,19442,1,0,Alto,Alpha
SAL000688,VIN0000689,DLR027,CUST04678,2025-08-17,8,1,2025,512815,8,27655,1,0,Brezza,ZXI
SAL000689,VIN0000690,DLR026,CUST23160,2025-09-17,9,1,2025,973195,37,11145,0,0,Swift,Alpha
SAL000690,VIN0000691,DLR001,CUST24956,2025-07-14,7,1,2025,970705,11,10344,1,0,Brezza,Alpha
SAL000691,VIN0000692,DLR003,CUST04471,2025-12-23,12,1,2025,945837,14,33874,1,0,Grand Vitara,AT
SAL000692,VIN0000693,DLR019,CUST18420,2025-02-08,2,1,2025,1263543,44,17848,1,0,Brezza,Sigma
SAL000693,VIN0000694,DLR005,CUST16269,2025-03-28,3,1,2025,571888,9,42690,0,1,Brezza,MT
SAL000694,VIN0000695,DLR030,CUST09076,2025-12-14,12,1,2025,996947,55,29595,0,0,Baleno,Alpha
SAL000695,VIN0000696,DLR005,CUST03461,2025-11-02,11,1,2025,1042880,25,42482,1,0,Brezza,LXI
SAL000696,VIN0000697,DLR001,CUST21744,2025-09-12,9,1,2025,1064328,45,29810,1,1,Dzire,Sigma
SAL000697,VIN0000698,DLR011,CUST12022,2025-08-14,8,1,2025,724536,53,7775,1,0,Swift,ZXI
SAL000698,VIN0000699,DLR008,CUST07401,2025-05-03,5,1,2025,738105,75,5580,0,1,Alto,VXI
SAL000699,VIN0000700,DLR019,CUST19677,2025-04-15,4,1,2025,1193148,37,8150,1,0,Grand Vitara,Alpha
SAL000700,VIN0000701,DLR028,CUST08737,2025-11-09,11,1,2025,1277916,45,40639,0,0,Brezza,Delta
SAL000701,VIN0000702,DLR015,CUST19571,2025-04-24,4,1,2025,790903,57,6010,0,1,Baleno,LXI
SAL000702,VIN0000703,DLR028,CUST04775,2025-02-27,2,1,2025,1270927,29,8817,0,1,Brezza,Sigma
SAL000703,VIN0000704,DLR023,CUST11056,2025-01-20,1,1,2025,1460973,57,32243,1,1,Ignis,MT
SAL000704,VIN0000705,DLR019,CUST16333,2025-05-07,5,1,2025,503379,52,27965,1,0,Dzire,Delta
SAL000705,VIN0000706,DLR011,CUST02288,2025-06-08,6,1,2025,1053231,43,24399,0,0,Swift,Alpha
SAL000706,VIN0000707,DLR005,CUST01414,2025-03-13,3,1,2025,682428,45,33330,1,0,Baleno,Alpha
SAL000707,VIN0000708,DLR023,CUST19165,2025-10-21,10,1,2025,798243,30,30005,0,0,Swift,MT
SAL000708,VIN0000709,DLR006,CUST13977,2025-05-04,5,1,2025,1164479,5,41233,1,1,Brezza,Sigma
SAL000709,VIN0000710,DLR023,CUST23284,2025-07-06,7,1,2025,1021084,25,29130,1,1,Swift,MT
SAL000710,VIN0000711,DLR017,CUST02743,2025-05-28,5,1,2025,704096,38,35808,1,1,Baleno,Alpha
SAL000711,VIN0000712,DLR012,CUST10919,2025-05-09,5,1,2025,1155468,39,31312,0,0,Baleno,LXI
SAL000712,VIN0000713,DLR008,CUST20866,2025-10-18,10,1,2025,1161286,28,15446,1,1,Ertiga,Sigma
SAL000713,VIN0000714,DLR025,CUST22219,2025-05-10,5,1,2025,961588,39,12336,1,0,Baleno,MT
SAL000714,VIN0000715,DLR019,CUST05997,2025-03-27,3,1,2025,1155454,76,5630,1,1,Celerio,Delta
SAL000715,VIN0000716,DLR017,CUST02450,2025-08-23,8,1,2025,1029989,20,35153,0,1,Ertiga,Delta
SAL000716,VIN0000717,DLR010,CUST11264,2025-10-23,10,1,2025,1454312,40,6830,1,0,Alto,VXI
SAL000717,VIN0000718,DLR006,CUST24471,2025-01-05,1,1,2025,673005,38,44016,1,0,Swift,Alpha
SAL000718,VIN0000719,DLR030,CUST01269,2025-06-19,6,1,2025,533336,27,38097,1,0,Swift,AGS
SAL000719,VIN0000720,DLR017,CUST21221,2025-07-09,7,1,2025,1030385,31,38608,1,1,Grand Vitara,VXI
SAL000720,VIN0000721,DLR007,CUST09272,2025-09-17,9,1,2025,704104,36,43459,1,0,Ertiga,VXI
SAL000721,VIN0000722,DLR029,CUST10536,2025-12-24,12,1,2025,925886,48,13412,1,0,Dzire,AGS
SAL000722,VIN0000723,DLR008,CUST00475,2025-02-21,2,1,2025,630671,33,44575,1,0,Grand Vitara,Alpha
SAL000723,VIN0000724,DLR021,CUST22952,2025-02-03,2,1,2025,1442364,71,40551,1,0,Alto,LXI
SAL000724,VIN0000725,DLR030,CUST13420,2025-07-19,7,1,2025,1258031,54,5144,1,1,Celerio,VXI
SAL000725,VIN0000726,DLR006,CUST22900,2025-02-05,2,1,2025,1368537,48,13616,0,0,Ertiga,Alpha
SAL000726,VIN0000727,DLR027,CUST22116,2025-10-06,10,1,2025,604212,63,12239,1,0,Ertiga,MT
SAL000727,VIN0000728,DLR016,CUST16493,2025-03-07,3,1,2025,1105692,9,22464,1,0,Brezza,Delta
SAL000728,VIN0000729,DLR028,CUST09887,2025-04-24,4,1,2025,1077091,75,38066,0,0,Alto,MT
SAL000729,VIN0000730,DLR006,CUST10525,2025-05-19,5,1,2025,594311,33,22265,0,0,Brezza,Sigma
SAL000730,VIN0000731,DLR010,CUST14919,2025-08-07,8,1,2025,1078777,42,44108,0,1,Baleno,VXI
SAL000731,VIN0000732,DLR006,CUST18472,2025-01-09,1,1,2025,1200897,38,5104,1,0,Baleno,ZXI
SAL000732,VIN0000733,DLR015,CUST04192,2025-06-20,6,1,2025,1387247,70,12976,0,0,Swift,Delta
SAL000733,VIN0000734,DLR025,CUST20074,2025-08-13,8,1,2025,1057883,59,23437,1,0,Alto,MT
SAL000734,VIN0000735,DLR009,CUST23214,2025-05-20,5,1,2025,1361786,57,13892,1,0,Swift,Sigma
SAL000735,VIN0000736,DLR013,CUST10859,2025-10-03,10,1,2025,1008258,5,29968,1,1,Brezza,MT
SAL000736,VIN0000737,DLR001,CUST07660,2025-01-28,1,1,2025,689537,57,12852,1,1,Swift,VXI
SAL000737,VIN0000738,DLR001,CUST24008,2025-09-01,9,1,2025,883086,52,42990,0,0,Baleno,AGS
SAL000738,VIN0000739,DLR011,CUST03460,2025-04-11,4,1,2025,839745,56,38031,0,1,Swift,Delta
SAL000739,VIN0000740,DLR014,CUST05710,2025-05-24,5,1,2025,867706,51,34233,0,0,Swift,AGS
SAL000740,VIN0000741,DLR018,CUST00690,2025-12-03,12,1,2025,853250,43,12678,1,1,Alto,AGS
SAL000741,VIN0000742,DLR020,CUST02524,2025-11-09,11,1,2025,861021,50,24768,1,1,Baleno,ZXI
SAL000742,VIN0000743,DLR020,CUST15639,2025-12-16,12,1,2025,1173433,45,19651,1,0,Swift,ZXI
SAL000743,VIN0000744,DLR003,CUST05680,2025-01-24,1,1,2025,632298,42,20548,0,1,Swift,VXI
SAL000744,VIN0000745,DLR008,CUST04082,2025-02-18,2,1,2025,1452851,29,6122,1,1,Brezza,Alpha
SAL000745,VIN0000746,DLR013,CUST22689,2025-02-16,2,1,2025,557599,30,40389,1,0,Ertiga,ZXI
SAL000746,VIN0000747,DLR018,CUST23747,2025-01-18,1,1,2025,631533,66,37651,1,1,Alto,Alpha
SAL000747,VIN0000748,DLR001,CUST21877,2025-09-27,9,1,2025,1357943,38,23010,1,0,Brezza,VXI
SAL000748,VIN0000749,DLR018,CUST02672,2025-05-13,5,1,2025,830718,43,27367,1,0,Brezza,Sigma
SAL000749,VIN0000750,DLR003,CUST00789,2025-01-18,1,1,2025,955316,5,10861,0,0,Brezza,Alpha
SAL000750,VIN0000751,DLR025,CUST15781,2025-04-14,4,1,2025,674603,6,27480,1,0,Brezza,Sigma
SAL000751,VIN0000752,DLR029,CUST06898,2025-03-26,3,1,2025,1282750,20,17707,0,1,Baleno,Sigma
SAL000752,VIN0000753,DLR009,CUST09854,2025-09-13,9,1,2025,1490836,63,21084,0,0,Swift,Delta
SAL000753,VIN0000754,DLR027,CUST08253,2025-08-21,8,1,2025,1408594,53,19525,1,0,Baleno,AGS
SAL000754,VIN0000755,DLR005,CUST23954,2025-06-08,6,1,2025,1295817,46,6069,0,0,Swift,AT
SAL000755,VIN0000756,DLR009,CUST15032,2025-01-28,1,1,2025,594688,63,21743,0,0,Baleno,Sigma
SAL000756,VIN0000757,DLR028,CUST01202,2025-02-09,2,1,2025,815740,17,19707,1,1,Grand Vitara,VXI
SAL000757,VIN0000758,DLR001,CUST12792,2025-05-14,5,1,2025,1111950,31,33245,1,1,Dzire,MT
SAL000758,VIN0000759,DLR009,CUST18841,2025-03-24,3,1,2025,1029780,89,25750,1,0,Celerio,LXI
SAL000759,VIN0000760,DLR006,CUST05872,2025-06-01,6,1,2025,1289830,16,15362,0,0,Grand Vitara,Delta
SAL000760,VIN0000761,DLR006,CUST01206,2025-08-27,8,1,2025,1387689,35,37213,1,0,Dzire,Alpha
SAL000761,VIN0000762,DLR008,CUST12599,2025-08-23,8,1,2025,526366,46,6298,0,0,Swift,Alpha
SAL000762,VIN0000763,DLR020,CUST04326,2025-07-23,7,1,2025,608629,36,14595,1,0,Swift,VXI
SAL000763,VIN0000764,DLR012,CUST11937,2025-07-02,7,1,2025,1202396,31,24563,0,1,Baleno,ZXI
SAL000764,VIN0000765,DLR020,CUST12440,2025-01-14,1,1,2025,1276747,22,22332,1,1,Ignis,Sigma
SAL000765,VIN0000766,DLR004,CUST24782,2025-10-15,10,1,2025,622590,39,12792,1,0,Brezza,LXI
SAL000766,VIN0000767,DLR007,CUST19251,2025-06-27,6,1,2025,1476196,63,44583,1,1,Swift,Alpha
SAL000767,VIN0000768,DLR006,CUST09658,2025-06-15,6,1,2025,1060468,28,28024,1,0,Dzire,AT
SAL000768,VIN0000769,DLR011,CUST12893,2025-11-27,11,1,2025,1455538,42,33420,1,0,Brezza,Delta
SAL000769,VIN0000770,DLR005,CUST04557,2025-06-05,6,1,2025,777589,42,38368,1,0,Swift,MT
SAL000770,VIN0000771,DLR028,CUST24625,2025-05-05,5,1,2025,756682,22,33675,1,0,Brezza,Sigma
SAL000771,VIN0000772,DLR021,CUST14449,2025-07-25,7,1,2025,1063900,80,21978,1,0,Celerio,AGS
SAL000772,VIN0000773,DLR026,CUST02881,2025-04-15,4,1,2025,928642,17,34867,1,0,Brezza,AT
SAL000773,VIN0000774,DLR002,CUST08891,2025-07-06,7,1,2025,1335497,28,15616,1,0,Brezza,Delta
SAL000774,VIN0000775,DLR007,CUST16592,2025-07-03,7,1,2025,674656,48,30605,0,0,Alto,AT
SAL000775,VIN0000776,DLR008,CUST09785,2025-10-28,10,1,2025,1235321,25,31601,1,0,Ertiga,Delta
SAL000776,VIN0000777,DLR030,CUST16493,2025-10-01,10,1,2025,792232,12,42233,1,1,Brezza,ZXI
SAL000777,VIN0000778,DLR028,CUST20068,2025-02-26,2,1,2025,864615,42,19637,1,0,Brezza,MT
SAL000778,VIN0000779,DLR006,CUST07700,2025-02-22,2,1,2025,1365359,26,22529,1,0,Ertiga,Sigma
SAL000779,VIN0000780,DLR026,CUST11923,2025-05-28,5,1,2025,655689,53,24409,0,1,Baleno,MT
SAL000780,VIN0000781,DLR012,CUST12421,2025-10-12,10,1,2025,663718,24,25823,1,1,Grand Vitara,ZXI
SAL000781,VIN0000782,DLR002,CUST16488,2025-04-02,4,1,2025,680835,58,14695,0,0,Ertiga,MT
SAL000782,VIN0000783,DLR018,CUST05329,2025-02-10,2,1,2025,1314533,26,5659,0,0,Grand Vitara,AT
SAL000783,VIN0000784,DLR030,CUST02910,2025-07-06,7,1,2025,1093697,65,9649,0,0,Ertiga,MT
SAL000784,VIN0000785,DLR013,CUST21279,2025-07-24,7,1,2025,1427802,38,14715,1,0,Grand Vitara,AGS
SAL000785,VIN0000786,DLR021,CUST24304,2025-12-07,12,1,2025,1210534,50,40993,0,1,Dzire,Sigma
SAL000786,VIN0000787,DLR013,CUST15193,2025-10-08,10,1,2025,1267998,57,8506,1,1,Dzire,VXI
SAL000787,VIN0000788,DLR022,CUST02939,2025-02-14,2,1,2025,809157,46,20186,0,0,Ignis,Sigma
SAL000788,VIN0000789,DLR016,CUST11952,2025-07-20,7,1,2025,1429872,31,34897,1,0,Swift,Delta
SAL000789,VIN0000790,DLR001,CUST10214,2025-06-24,6,1,2025,1386808,50,38070,1,0,Ertiga,VXI
SAL000790,VIN0000791,DLR020,CUST15894,2025-06-02,6,1,2025,646360,37,44325,1,0,Swift,ZXI
SAL000791,VIN0000792,DLR029,CUST01033,2025-03-24,3,1,2025,1017630,26,19914,1,1,Swift,AT
SAL000792,VIN0000793,DLR014,CUST02654,2025-09-13,9,1,2025,813208,29,23120,1,0,Brezza,AT
SAL000793,VIN0000794,DLR003,CUST12783,2025-07-11,7,1,2025,1265176,21,30924,0,0,Grand Vitara,MT
SAL000794,VIN0000795,DLR025,CUST00798,2025-09-17,9,1,2025,1442803,76,18262,0,0,Celerio,LXI
SAL000795,VIN0000796,DLR013,CUST08849,2025-02-04,2,1,2025,661231,52,23499,1,1,Alto,VXI
SAL000796,VIN0000797,DLR001,CUST07198,2025-09-05,9,1,2025,1152125,43,41016,1,1,Ertiga,MT
SAL000797,VIN0000798,DLR004,CUST01259,2025-05-01,5,1,2025,899752,15,11246,1,1,Brezza,Delta
SAL000798,VIN0000799,DLR014,CUST13437,2025-08-08,8,1,2025,552580,56,28095,1,0,Baleno,AT
SAL000799,VIN0000800,DLR019,CUST04655,2025-03-15,3,1,2025,1006182,49,25817,0,1,Swift,ZXI
SAL000800,VIN0000801,DLR018,CUST07794,2025-07-14,7,1,2025,1261984,25,27447,0,0,Brezza,AGS
SAL000801,VIN0000802,DLR009,CUST08919,2025-10-23,10,1,2025,963767,54,43541,1,0,Ignis,Alpha
SAL000802,VIN0000803,DLR007,CUST09480,2025-01-17,1,1,2025,1378097,72,8375,1,0,Celerio,ZXI
SAL000803,VIN0000804,DLR025,CUST11666,2025-06-08,6,1,2025,587786,27,21003,1,0,Ertiga,VXI
SAL000804,VIN0000805,DLR018,CUST09690,2025-05-06,5,1,2025,1170448,44,27827,1,0,Brezza,ZXI
SAL000805,VIN0000806,DLR016,CUST14922,2025-03-20,3,1,2025,820636,35,8835,1,0,Brezza,MT
SAL000806,VIN0000807,DLR024,CUST10791,2025-06-05,6,1,2025,984212,55,8212,1,0,Baleno,VXI
SAL000807,VIN0000808,DLR016,CUST09792,2025-02-06,2,1,2025,568133,58,26305,1,1,Ignis,Sigma
SAL000808,VIN0000809,DLR003,CUST10080,2025-03-04,3,1,2025,796752,40,35554,0,0,Brezza,VXI
SAL000809,VIN0000810,DLR015,CUST01293,2025-07-07,7,1,2025,1375914,20,34668,1,1,Grand Vitara,MT
SAL000810,VIN0000811,DLR003,CUST19235,2025-05-16,5,1,2025,655931,41,20300,1,0,Ignis,Delta
SAL000811,VIN0000812,DLR027,CUST02753,2025-05-09,5,1,2025,1171630,42,35373,0,0,Dzire,LXI
SAL000812,VIN0000813,DLR023,CUST20693,2025-01-25,1,1,2025,887627,70,30475,0,0,Swift,LXI
SAL000813,VIN0000814,DLR006,CUST24974,2025-05-08,5,1,2025,577179,36,31357,0,0,Ertiga,MT
SAL000814,VIN0000815,DLR026,CUST12185,2025-09-21,9,1,2025,1124842,37,8270,1,1,Baleno,AT
SAL000815,VIN0000816,DLR004,CUST19744,2025-03-25,3,1,2025,905205,42,34049,1,0,Dzire,MT
SAL000816,VIN0000817,DLR015,CUST04616,2025-02-10,2,1,2025,795385,41,22361,1,0,Baleno,AGS
SAL000817,VIN0000818,DLR003,CUST14111,2025-01-15,1,1,2025,1482255,39,21584,0,1,Ertiga,ZXI
SAL000818,VIN0000819,DLR028,CUST15514,2025-01-11,1,1,2025,1023499,68,40179,0,1,Baleno,LXI
SAL000819,VIN0000820,DLR029,CUST24334,2025-03-04,3,1,2025,894681,69,15152,1,0,Swift,ZXI
SAL000820,VIN0000821,DLR021,CUST11340,2025-10-04,10,1,2025,1153162,40,34498,0,0,Brezza,Sigma
SAL000821,VIN0000822,DLR025,CUST11918,2025-04-10,4,1,2025,1355526,51,25565,1,0,Baleno,Alpha
SAL000822,VIN0000823,DLR024,CUST23628,2025-09-19,9,1,2025,868684,19,20824,1,0,Brezza,Alpha
SAL000823,VIN0000824,DLR024,CUST22462,2025-04-18,4,1,2025,611437,22,24462,1,0,Grand Vitara,Sigma
SAL000824,VIN0000825,DLR020,CUST22414,2025-01-13,1,1,2025,939291,60,5598,1,1,Swift,LXI
SAL000825,VIN0000826,DLR014,CUST17489,2025-08-05,8,1,2025,1107007,18,26255,1,0,Brezza,VXI
SAL000826,VIN0000827,DLR025,CUST18554,2025-05-19,5,1,2025,854459,38,36570,1,0,Baleno,Sigma
SAL000827,VIN0000828,DLR002,CUST15817,2025-05-18,5,1,2025,711230,44,11869,1,0,Grand Vitara,AGS
SAL000828,VIN0000829,DLR009,CUST04343,2025-04-28,4,1,2025,1208048,48,14258,0,0,Baleno,LXI
SAL000829,VIN0000830,DLR030,CUST05779,2025-11-15,11,1,2025,534650,68,24765,1,0,Ertiga,ZXI
SAL000830,VIN0000831,DLR011,CUST03817,2025-05-11,5,1,2025,663700,29,37487,0,1,Brezza,Delta
SAL000831,VIN0000832,DLR027,CUST23854,2025-06-04,6,1,2025,1393863,29,24226,1,0,Swift,ZXI
SAL000832,VIN0000833,DLR008,CUST20089,2025-02-04,2,1,2025,1382711,49,28955,1,1,Dzire,Sigma
SAL000833,VIN0000834,DLR002,CUST21603,2025-01-02,1,1,2025,753395,27,5433,1,0,Ertiga,ZXI
SAL000834,VIN0000835,DLR013,CUST04883,2025-07-03,7,1,2025,1427410,54,38860,0,0,Ertiga,AT
SAL000835,VIN0000836,DLR015,CUST08228,2025-03-10,3,1,2025,927012,44,39595,1,0,Dzire,Delta
SAL000836,VIN0000837,DLR024,CUST15824,2025-02-04,2,1,2025,689573,23,28832,1,0,Baleno,Alpha
SAL000837,VIN0000838,DLR021,CUST02994,2025-11-03,11,1,2025,1434659,32,30619,0,0,Brezza,VXI
SAL000838,VIN0000839,DLR010,CUST23587,2025-02-10,2,1,2025,1039045,26,40857,1,1,Brezza,LXI
SAL000839,VIN0000840,DLR006,CUST03654,2025-05-12,5,1,2025,840692,68,8082,0,0,Dzire,VXI
SAL000840,VIN0000841,DLR008,CUST24671,2025-12-09,12,1,2025,733532,36,32917,1,1,Brezza,ZXI
SAL000841,VIN0000842,DLR013,CUST14140,2025-10-18,10,1,2025,665050,81,44335,1,0,Alto,AGS
SAL000842,VIN0000843,DLR002,CUST15419,2025-07-21,7,1,2025,1124285,44,7770,1,0,Brezza,VXI
SAL000843,VIN0000844,DLR014,CUST11544,2025-01-05,1,1,2025,936170,58,19897,1,1,Baleno,VXI
SAL000844,VIN0000845,DLR016,CUST17762,2025-06-17,6,1,2025,1189371,69,23081,1,0,Alto,Alpha
SAL000845,VIN0000846,DLR028,CUST01536,2025-09-07,9,1,2025,846183,33,17419,0,0,Brezza,VXI
SAL000846,VIN0000847,DLR016,CUST20709,2025-11-14,11,1,2025,1168074,46,7556,1,0,Baleno,VXI
SAL000847,VIN0000848,DLR015,CUST02719,2025-09-02,9,1,2025,1256851,22,18213,1,0,Grand Vitara,AGS
SAL000848,VIN0000849,DLR013,CUST17415,2025-03-18,3,1,2025,535286,21,28440,1,1,Grand Vitara,Sigma
SAL000849,VIN0000850,DLR003,CUST15897,2025-09-21,9,1,2025,1422330,55,15825,1,0,Baleno,ZXI
SAL000850,VIN0000851,DLR029,CUST05970,2025-05-23,5,1,2025,1394253,38,36896,1,0,Baleno,MT
SAL000851,VIN0000852,DLR025,CUST13281,2025-04-27,4,1,2025,1480307,10,32030,1,1,Brezza,VXI
SAL000852,VIN0000853,DLR001,CUST06739,2025-02-03,2,1,2025,715376,30,13178,0,0,Brezza,AT
SAL000853,VIN0000854,DLR011,CUST08893,2025-10-14,10,1,2025,1283535,51,31460,1,0,Alto,LXI
SAL000854,VIN0000855,DLR029,CUST24817,2025-07-27,7,1,2025,1472542,52,34042,1,0,Swift,LXI
SAL000855,VIN0000856,DLR028,CUST11134,2025-07-18,7,1,2025,940699,81,7960,0,1,Alto,AT
SAL000856,VIN0000857,DLR028,CUST19333,2025-01-10,1,1,2025,885310,25,13612,0,0,Brezza,VXI
SAL000857,VIN0000858,DLR016,CUST06668,2025-12-21,12,1,2025,860434,88,24847,0,0,Alto,AGS
SAL000858,VIN0000859,DLR019,CUST00496,2025-03-26,3,1,2025,844941,39,27316,0,0,Swift,AGS
SAL000859,VIN0000860,DLR023,CUST20792,2025-06-25,6,1,2025,519961,35,30942,0,0,Ignis,Delta
SAL000860,VIN0000861,DLR011,CUST04468,2025-02-19,2,1,2025,874815,48,19535,1,0,Dzire,Alpha
SAL000861,VIN0000862,DLR007,CUST04137,2025-09-08,9,1,2025,863937,43,8474,0,0,Ignis,AGS
SAL000862,VIN0000863,DLR005,CUST09593,2025-08-19,8,1,2025,734992,57,43872,0,0,Baleno,AGS
SAL000863,VIN0000864,DLR010,CUST22221,2025-12-20,12,1,2025,1160033,33,36944,1,1,Ertiga,MT
SAL000864,VIN0000865,DLR008,CUST00022,2025-09-15,9,1,2025,890622,31,18482,1,0,Ertiga,Sigma
SAL000865,VIN0000866,DLR025,CUST18888,2025-05-02,5,1,2025,1294453,73,30214,0,0,Alto,Sigma
SAL000866,VIN0000867,DLR008,CUST20154,2025-10-05,10,1,2025,950716,24,13590,1,1,Ignis,Delta
SAL000867,VIN0000868,DLR006,CUST02521,2025-12-12,12,1,2025,521968,63,10682,1,1,Celerio,AGS
SAL000868,VIN0000869,DLR029,CUST05815,2025-06-26,6,1,2025,802005,18,10897,1,0,Brezza,AT
SAL000869,VIN0000870,DLR026,CUST05242,2025-12-26,12,1,2025,943270,22,41211,1,0,Dzire,AT
SAL000870,VIN0000871,DLR004,CUST24637,2025-08-02,8,1,2025,962325,23,21035,1,0,Swift,VXI
SAL000871,VIN0000872,DLR016,CUST11021,2025-09-08,9,1,2025,1244229,5,18557,1,0,Brezza,LXI
SAL000872,VIN0000873,DLR023,CUST04228,2025-08-03,8,1,2025,1109955,70,44443,0,0,Swift,ZXI
SAL000873,VIN0000874,DLR029,CUST09824,2025-08-27,8,1,2025,1445986,24,43692,0,1,Baleno,Sigma
SAL000874,VIN0000875,DLR002,CUST02706,2025-06-18,6,1,2025,1397785,34,10079,0,1,Baleno,Sigma
SAL000875,VIN0000876,DLR013,CUST02294,2025-05-20,5,1,2025,1026087,32,39997,1,0,Swift,Alpha
SAL000876,VIN0000877,DLR028,CUST19747,2025-02-14,2,1,2025,902607,26,29744,0,1,Ertiga,Delta
SAL000877,VIN0000878,DLR016,CUST02356,2025-04-13,4,1,2025,1356366,35,9605,1,0,Ertiga,VXI
SAL000878,VIN0000879,DLR020,CUST06766,2025-09-08,9,1,2025,564072,15,33551,0,0,Brezza,LXI
SAL000879,VIN0000880,DLR003,CUST01674,2025-06-20,6,1,2025,819155,27,17716,1,0,Swift,Alpha
SAL000880,VIN0000881,DLR026,CUST16461,2025-08-12,8,1,2025,542319,25,31371,1,1,Brezza,Alpha
SAL000881,VIN0000882,DLR027,CUST04859,2025-08-24,8,1,2025,857358,63,41884,1,0,Baleno,LXI
SAL000882,VIN0000883,DLR001,CUST24091,2025-08-08,8,1,2025,1476667,45,30028,0,1,Brezza,AGS
SAL000883,VIN0000884,DLR028,CUST12922,2025-10-12,10,1,2025,651841,62,38695,1,0,Baleno,AGS
SAL000884,VIN0000885,DLR012,CUST15378,2025-02-23,2,1,2025,1093557,14,14215,0,1,Brezza,ZXI
SAL000885,VIN0000886,DLR021,CUST06040,2025-06-22,6,1,2025,663874,26,11809,1,1,Ignis,Delta
SAL000886,VIN0000887,DLR012,CUST23041,2025-06-28,6,1,2025,828505,29,17661,1,0,Baleno,LXI
SAL000887,VIN0000888,DLR006,CUST18228,2025-12-17,12,1,2025,569269,53,9505,0,0,Ertiga,AGS
SAL000888,VIN0000889,DLR009,CUST07675,2025-03-18,3,1,2025,1048225,40,7005,1,1,Brezza,LXI
SAL000889,VIN0000890,DLR019,CUST03460,2025-09-13,9,1,2025,732697,62,22494,0,1,Baleno,Alpha
SAL000890,VIN0000891,DLR023,CUST24489,2025-10-21,10,1,2025,1090336,89,43846,0,0,Alto,Sigma
SAL000891,VIN0000892,DLR011,CUST14819,2025-12-03,12,1,2025,1311112,31,15617,1,1,Brezza,AGS
SAL000892,VIN0000893,DLR022,CUST06342,2025-03-13,3,1,2025,1263775,11,30103,0,0,Brezza,AT
SAL000893,VIN0000894,DLR006,CUST14835,2025-08-28,8,1,2025,950698,27,18200,0,0,Baleno,ZXI
SAL000894,VIN0000895,DLR024,CUST07719,2025-02-11,2,1,2025,1317787,43,37509,1,1,Baleno,VXI
SAL000895,VIN0000896,DLR024,CUST07901,2025-09-28,9,1,2025,1291334,21,23083,0,0,Baleno,MT
SAL000896,VIN0000897,DLR012,CUST04535,2025-07-12,7,1,2025,1076146,22,29524,1,0,Brezza,VXI
SAL000897,VIN0000898,DLR005,CUST14540,2025-06-23,6,1,2025,531151,21,18075,0,0,Swift,Delta
SAL000898,VIN0000899,DLR019,CUST02755,2025-08-17,8,1,2025,949747,32,31640,1,0,Swift,Alpha
SAL000899,VIN0000900,DLR017,CUST16999,2025-05-02,5,1,2025,1373245,48,6457,0,1,Ertiga,ZXI
SAL000900,VIN0000901,DLR002,CUST04561,2025-09-26,9,1,2025,706358,34,29080,1,0,Ertiga,AT
SAL000901,VIN0000902,DLR001,CUST22063,2025-02-20,2,1,2025,1473318,22,10803,0,1,Brezza,VXI
SAL000902,VIN0000903,DLR023,CUST23341,2025-07-21,7,1,2025,555667,67,10445,1,1,Dzire,AGS
SAL000903,VIN0000904,DLR005,CUST11904,2025-11-12,11,1,2025,1138213,41,20810,1,1,Baleno,ZXI
SAL000904,VIN0000905,DLR020,CUST11700,2025-04-07,4,1,2025,1325217,20,11549,1,1,Baleno,AGS
SAL000905,VIN0000906,DLR020,CUST23817,2025-04-13,4,1,2025,1182562,45,14870,1,0,Ignis,AGS
SAL000906,VIN0000907,DLR025,CUST04639,2025-08-28,8,1,2025,718325,34,38271,1,1,Dzire,Alpha
SAL000907,VIN0000908,DLR028,CUST23112,2025-09-03,9,1,2025,1454517,43,11121,1,1,Brezza,LXI
SAL000908,VIN0000909,DLR003,CUST09324,2025-07-28,7,1,2025,825644,15,11834,1,0,Brezza,VXI
SAL000909,VIN0000910,DLR010,CUST12429,2025-04-03,4,1,2025,1347346,39,33516,1,1,Swift,Alpha
SAL000910,VIN0000911,DLR026,CUST11624,2025-08-15,8,1,2025,662852,50,19023,1,0,Ertiga,VXI
SAL000911,VIN0000912,DLR028,CUST04029,2025-11-02,11,1,2025,888345,25,28526,0,1,Swift,Delta
SAL000912,VIN0000913,DLR006,CUST04584,2025-10-14,10,1,2025,620152,7,32748,0,0,Brezza,LXI
SAL000913,VIN0000914,DLR003,CUST19746,2025-02-16,2,1,2025,873419,35,32860,1,1,Baleno,MT
SAL000914,VIN0000915,DLR017,CUST08674,2025-09-08,9,1,2025,1443211,48,33030,1,0,Ertiga,AT
SAL000915,VIN0000916,DLR012,CUST03499,2025-03-03,3,1,2025,1209049,26,24395,1,0,Brezza,AGS
SAL000916,VIN0000917,DLR012,CUST03256,2025-05-04,5,1,2025,650551,45,10276,1,0,Brezza,Alpha
SAL000917,VIN0000918,DLR022,CUST07952,2025-03-04,3,1,2025,1378638,54,12072,1,0,Ertiga,LXI
SAL000918,VIN0000919,DLR030,CUST22547,2025-01-19,1,1,2025,906750,22,42868,1,1,Brezza,VXI
SAL000919,VIN0000920,DLR011,CUST01252,2025-02-17,2,1,2025,690640,26,28272,0,0,Baleno,VXI
SAL000920,VIN0000921,DLR020,CUST22134,2025-12-18,12,1,2025,506879,77,6408,1,0,Celerio,LXI
SAL000921,VIN0000922,DLR022,CUST21865,2025-07-21,7,1,2025,1032285,28,12649,1,1,Brezza,ZXI
SAL000922,VIN0000923,DLR027,CUST15680,2025-02-08,2,1,2025,1474457,41,27689,0,0,Baleno,AT
SAL000923,VIN0000924,DLR018,CUST11208,2025-02-26,2,1,2025,1283269,55,17728,1,0,Ertiga,Alpha
SAL000924,VIN0000925,DLR017,CUST20047,2025-02-15,2,1,2025,1196235,43,12858,1,1,Alto,LXI
SAL000925,VIN0000926,DLR006,CUST04125,2025-07-27,7,1,2025,543734,35,17230,0,0,Ertiga,VXI
SAL000926,VIN0000927,DLR011,CUST00700,2025-10-02,10,1,2025,530044,58,8504,0,0,Ertiga,Delta
SAL000927,VIN0000928,DLR020,CUST14954,2025-05-24,5,1,2025,607225,64,5329,1,0,Swift,Delta
SAL000928,VIN0000929,DLR012,CUST21982,2025-04-16,4,1,2025,1499404,42,18371,1,1,Ertiga,Alpha
SAL000929,VIN0000930,DLR008,CUST22757,2025-03-03,3,1,2025,649382,66,5235,1,0,Baleno,Alpha
SAL000930,VIN0000931,DLR029,CUST09843,2025-05-16,5,1,2025,1460359,51,21987,1,0,Ertiga,VXI
SAL000931,VIN0000932,DLR023,CUST04850,2025-10-05,10,1,2025,736351,24,30354,1,0,Brezza,Delta
SAL000932,VIN0000933,DLR030,CUST05735,2025-08-20,8,1,2025,715615,65,34365,1,0,Ignis,MT
SAL000933,VIN0000934,DLR025,CUST11352,2025-05-02,5,1,2025,1337322,58,38902,0,1,Baleno,VXI
SAL000934,VIN0000935,DLR026,CUST06956,2025-06-01,6,1,2025,1351281,55,21602,1,0,Ertiga,Sigma
SAL000935,VIN0000936,DLR019,CUST14263,2025-01-22,1,1,2025,797003,65,8962,0,0,Alto,Alpha
SAL000936,VIN0000937,DLR002,CUST19971,2025-08-19,8,1,2025,1171513,40,10408,0,1,Baleno,VXI
SAL000937,VIN0000938,DLR004,CUST00491,2025-04-19,4,1,2025,525140,59,20939,0,0,Swift,Sigma
SAL000938,VIN0000939,DLR026,CUST11138,2025-04-11,4,1,2025,511125,27,7936,1,0,Brezza,MT
SAL000939,VIN0000940,DLR030,CUST07916,2025-03-28,3,1,2025,582671,40,38091,0,0,Brezza,MT
SAL000940,VIN0000941,DLR008,CUST05636,2025-12-25,12,1,2025,1458321,43,26925,1,1,Ignis,MT
SAL000941,VIN0000942,DLR017,CUST22633,2025-01-28,1,1,2025,1417849,72,11978,1,0,Celerio,VXI
SAL000942,VIN0000943,DLR028,CUST09359,2025-04-04,4,1,2025,1443712,54,44518,1,1,Celerio,MT
SAL000943,VIN0000944,DLR018,CUST21103,2025-01-20,1,1,2025,1251180,29,20177,1,0,Baleno,VXI
SAL000944,VIN0000945,DLR009,CUST05177,2025-02-14,2,1,2025,1496486,48,43246,1,0,Celerio,VXI
SAL000945,VIN0000946,DLR010,CUST13894,2025-04-25,4,1,2025,1046581,19,12412,0,0,Brezza,VXI
SAL000946,VIN0000947,DLR015,CUST05462,2025-06-12,6,1,2025,677795,50,11287,1,0,Dzire,Sigma
SAL000947,VIN0000948,DLR022,CUST13653,2025-04-02,4,1,2025,757521,49,20174,0,0,Celerio,LXI
SAL000948,VIN0000949,DLR005,CUST23839,2025-06-17,6,1,2025,1112553,27,17875,0,1,Ertiga,Delta
SAL000949,VIN0000950,DLR026,CUST15087,2025-07-14,7,1,2025,1060118,65,28039,1,0,Ertiga,Delta
SAL000950,VIN0000951,DLR010,CUST13085,2025-01-26,1,1,2025,1372912,22,21639,1,1,Brezza,Sigma
SAL000951,VIN0000952,DLR019,CUST21140,2025-02-09,2,1,2025,1452958,63,5280,1,1,Alto,Delta
SAL000952,VIN0000953,DLR016,CUST13173,2025-04-17,4,1,2025,695544,37,27967,1,1,Ertiga,Delta
SAL000953,VIN0000954,DLR005,CUST17761,2025-07-28,7,1,2025,559729,89,8778,1,0,Alto,MT
SAL000954,VIN0000955,DLR013,CUST17229,2025-04-09,4,1,2025,1102390,58,34984,1,0,Swift,ZXI
SAL000955,VIN0000956,DLR002,CUST13346,2025-09-24,9,1,2025,557484,46,38121,1,1,Celerio,MT
SAL000956,VIN0000957,DLR001,CUST00174,2025-06-24,6,1,2025,912695,45,21541,0,1,Swift,MT
SAL000957,VIN0000958,DLR003,CUST12401,2025-11-12,11,1,2025,786371,32,22570,1,1,Ertiga,MT
SAL000958,VIN0000959,DLR023,CUST22526,2025-11-07,11,1,2025,917120,53,12010,1,0,Celerio,AGS
SAL000959,VIN0000960,DLR026,CUST01301,2025-06-11,6,1,2025,1120791,73,5107,1,0,Alto,AGS
SAL000960,VIN0000961,DLR024,CUST06700,2025-05-09,5,1,2025,899544,20,40133,0,0,Swift,ZXI
SAL000961,VIN0000962,DLR025,CUST18382,2025-01-25,1,1,2025,615978,5,20800,0,0,Grand Vitara,AT
SAL000962,VIN0000963,DLR015,CUST04137,2025-10-17,10,1,2025,1466278,34,37084,1,0,Ignis,Alpha
SAL000963,VIN0000964,DLR024,CUST11701,2025-09-02,9,1,2025,1113906,11,31740,0,1,Brezza,LXI
SAL000964,VIN0000965,DLR013,CUST05267,2025-09-25,9,1,2025,767678,45,8620,1,0,Brezza,MT
SAL000965,VIN0000966,DLR011,CUST19288,2025-01-09,1,1,2025,768457,42,14468,1,0,Brezza,ZXI
SAL000966,VIN0000967,DLR027,CUST09036,2025-11-26,11,1,2025,568296,68,23727,1,0,Baleno,LXI
SAL000967,VIN0000968,DLR026,CUST12646,2025-02-17,2,1,2025,827121,31,6486,1,0,Brezza,LXI
SAL000968,VIN0000969,DLR018,CUST08596,2025-04-28,4,1,2025,733974,36,33066,1,0,Ertiga,MT
SAL000969,VIN0000970,DLR017,CUST20684,2025-11-01,11,1,2025,1336970,59,19726,0,1,Ertiga,MT
SAL000970,VIN0000971,DLR025,CUST15681,2025-09-20,9,1,2025,787697,64,26901,1,1,Dzire,LXI
SAL000971,VIN0000972,DLR030,CUST19042,2025-06-08,6,1,2025,1058268,68,31339,1,1,Alto,Sigma
SAL000972,VIN0000973,DLR013,CUST00087,2025-07-21,7,1,2025,1208323,39,37310,1,0,Brezza,AGS
SAL000973,VIN0000974,DLR027,CUST20320,2025-10-13,10,1,2025,1043776,65,34406,1,1,Swift,Alpha
SAL000974,VIN0000975,DLR021,CUST16293,2025-06-11,6,1,2025,710391,50,24312,1,0,Ertiga,ZXI
SAL000975,VIN0000976,DLR014,CUST16804,2025-02-14,2,1,2025,860485,29,27032,0,0,Dzire,ZXI
SAL000976,VIN0000977,DLR024,CUST09356,2025-08-17,8,1,2025,577438,53,26890,1,0,Ertiga,MT
SAL000977,VIN0000978,DLR019,CUST16533,2025-10-13,10,1,2025,610868,23,31020,1,0,Brezza,MT
SAL000978,VIN0000979,DLR004,CUST00079,2025-04-11,4,1,2025,1264717,48,27817,1,0,Alto,ZXI
SAL000979,VIN0000980,DLR022,CUST19581,2025-05-11,5,1,2025,1489428,90,27271,1,0,Celerio,ZXI
SAL000980,VIN0000981,DLR016,CUST18125,2025-01-08,1,1,2025,562355,59,35622,1,0,Ertiga,AGS
SAL000981,VIN0000982,DLR017,CUST09830,2025-06-05,6,1,2025,1497763,41,42334,0,0,Brezza,AGS
SAL000982,VIN0000983,DLR009,CUST19912,2025-06-07,6,1,2025,644429,56,44292,1,1,Celerio,LXI
SAL000983,VIN0000984,DLR024,CUST09851,2025-09-04,9,1,2025,1070512,53,40310,1,0,Baleno,VXI
SAL000984,VIN0000985,DLR018,CUST03348,2025-01-22,1,1,2025,682466,43,43015,1,0,Brezza,AGS
SAL000985,VIN0000986,DLR013,CUST13844,2025-05-07,5,1,2025,788784,28,9119,1,0,Ertiga,LXI
SAL000986,VIN0000987,DLR007,CUST14448,2025-04-18,4,1,2025,1140923,81,11283,1,1,Celerio,AGS
SAL000987,VIN0000988,DLR004,CUST05165,2025-02-09,2,1,2025,570525,25,8518,1,0,Swift,MT
SAL000988,VIN0000989,DLR015,CUST24741,2025-01-22,1,1,2025,1376316,50,6809,0,0,Swift,Sigma
SAL000989,VIN0000990,DLR030,CUST22397,2025-10-13,10,1,2025,809547,24,34444,0,0,Ertiga,MT
SAL000990,VIN0000991,DLR030,CUST11861,2025-03-17,3,1,2025,1252914,23,6226,0,0,Ertiga,AGS
SAL000991,VIN0000992,DLR007,CUST12192,2025-03-10,3,1,2025,1498093,52,34614,0,0,Dzire,AT
SAL000992,VIN0000993,DLR013,CUST00740,2025-06-25,6,1,2025,650676,11,16389,1,0,Brezza,VXI
SAL000993,VIN0000994,DLR002,CUST23639,2025-04-27,4,1,2025,1318224,22,24866,1,0,Brezza,Sigma
SAL000994,VIN0000995,DLR025,CUST23521,2025-12-22,12,1,2025,956140,25,20143,1,0,Baleno,LXI
SAL000995,VIN0000996,DLR009,CUST16161,2025-05-25,5,1,2025,1488067,66,39534,0,0,Baleno,MT
SAL000996,VIN0000997,DLR015,CUST19261,2025-11-14,11,1,2025,1237038,58,28429,0,0,Dzire,AGS
SAL000997,VIN0000998,DLR010,CUST17389,2025-03-21,3,1,2025,705846,50,13550,1,0,Celerio,Alpha
SAL000998,VIN0000999,DLR026,CUST11172,2025-12-06,12,1,2025,1366389,21,36545,1,0,Dzire,AT
SAL000999,VIN0001000,DLR016,CUST17251,2025-10-26,10,1,2025,1192537,24,36271,1,0,Swift,Delta
SAL001000,VIN0001001,DLR025,CUST16736,2025-06-11,6,1,2025,686098,43,10555,0,0,Grand Vitara,Alpha
SAL001001,VIN0001002,DLR010,CUST22800,2025-06-06,6,1,2025,543022,55,5967,1,0,Swift,ZXI
SAL001002,VIN0001003,DLR003,CUST22687,2025-05-05,5,1,2025,994929,25,31791,1,1,Swift,AGS
SAL001003,VIN0001004,DLR010,CUST13263,2025-01-11,1,1,2025,641058,73,41151,1,0,Alto,Alpha
SAL001004,VIN0001005,DLR022,CUST01426,2025-02-04,2,1,2025,809096,45,43086,0,0,Swift,Alpha
SAL001005,VIN0001006,DLR009,CUST01619,2025-06-23,6,1,2025,1475036,41,25355,1,0,Swift,AGS
SAL001006,VIN0001007,DLR007,CUST21815,2025-04-23,4,1,2025,849519,37,42967,1,0,Swift,AT
SAL001007,VIN0001008,DLR022,CUST00058,2025-03-07,3,1,2025,1082020,70,7236,0,0,Swift,AGS
SAL001008,VIN0001009,DLR004,CUST24217,2025-12-07,12,1,2025,758353,37,23630,0,0,Baleno,MT
SAL001009,VIN0001010,DLR022,CUST22234,2025-04-09,4,1,2025,986897,42,37338,1,1,Baleno,Alpha
SAL001010,VIN0001011,DLR010,CUST20057,2025-11-24,11,1,2025,925705,35,40056,1,1,Ignis,AGS
SAL001011,VIN0001012,DLR004,CUST19564,2025-12-03,12,1,2025,1379861,42,24211,1,1,Ertiga,LXI
SAL001012,VIN0001013,DLR019,CUST22137,2025-11-20,11,1,2025,817570,66,14471,0,1,Ignis,Alpha
SAL001013,VIN0001014,DLR017,CUST23872,2025-02-16,2,1,2025,1086514,50,44185,1,0,Ignis,LXI
SAL001014,VIN0001015,DLR017,CUST02107,2025-03-12,3,1,2025,715799,84,21276,0,0,Alto,MT
SAL001015,VIN0001016,DLR014,CUST08499,2025-08-14,8,1,2025,822349,65,36252,0,0,Dzire,Sigma
SAL001016,VIN0001017,DLR015,CUST20321,2025-03-18,3,1,2025,863270,83,40803,1,0,Celerio,Sigma
SAL001017,VIN0001018,DLR023,CUST07603,2025-06-26,6,1,2025,754062,51,18700,1,0,Alto,ZXI
SAL001018,VIN0001019,DLR013,CUST08303,2025-05-11,5,1,2025,1428658,19,8482,1,0,Brezza,LXI
SAL001019,VIN0001020,DLR030,CUST14063,2025-06-23,6,1,2025,1478144,43,43116,1,1,Celerio,AT
SAL001020,VIN0001021,DLR010,CUST20008,2025-07-07,7,1,2025,1248587,32,12347,1,0,Baleno,Alpha
SAL001021,VIN0001022,DLR023,CUST04231,2025-04-15,4,1,2025,733524,19,40299,1,0,Brezza,Sigma
SAL001022,VIN0001023,DLR008,CUST05968,2025-02-08,2,1,2025,933851,42,26682,1,0,Swift,Sigma
SAL001023,VIN0001024,DLR008,CUST23893,2025-08-10,8,1,2025,1169980,68,18396,1,1,Ertiga,Alpha
SAL001024,VIN0001025,DLR019,CUST12128,2025-12-02,12,1,2025,1249415,37,36168,0,0,Brezza,Delta
SAL001025,VIN0001026,DLR001,CUST12561,2025-01-14,1,1,2025,809450,46,23136,1,0,Ertiga,AGS
SAL001026,VIN0001027,DLR027,CUST23523,2025-09-04,9,1,2025,958731,65,13030,1,0,Celerio,VXI
SAL001027,VIN0001028,DLR019,CUST17972,2025-05-12,5,1,2025,609861,22,11495,0,0,Swift,AT
SAL001028,VIN0001029,DLR019,CUST16895,2025-07-05,7,1,2025,1005350,64,41991,1,0,Swift,ZXI
SAL001029,VIN0001030,DLR020,CUST15315,2025-05-01,5,1,2025,1279621,32,20581,0,1,Ertiga,AT
SAL001030,VIN0001031,DLR021,CUST15088,2025-03-20,3,1,2025,681022,58,16018,1,0,Baleno,AGS
SAL001031,VIN0001032,DLR019,CUST18459,2025-04-06,4,1,2025,640988,40,7793,1,1,Swift,LXI
SAL001032,VIN0001033,DLR014,CUST08491,2025-02-04,2,1,2025,505063,70,37318,0,0,Ertiga,ZXI
SAL001033,VIN0001034,DLR005,CUST19290,2025-03-20,3,1,2025,567452,52,12572,1,0,Alto,AGS
SAL001034,VIN0001035,DLR005,CUST21531,2025-07-22,7,1,2025,816202,58,39271,0,1,Celerio,AGS
SAL001035,VIN0001036,DLR014,CUST00163,2025-08-04,8,1,2025,1148551,40,8948,1,0,Baleno,AT
SAL001036,VIN0001037,DLR024,CUST08590,2025-02-26,2,1,2025,1320932,56,25608,1,0,Swift,AT
SAL001037,VIN0001038,DLR018,CUST22193,2025-02-04,2,1,2025,1378088,33,41253,1,1,Ignis,ZXI
SAL001038,VIN0001039,DLR011,CUST20865,2025-08-28,8,1,2025,828892,69,29466,1,0,Swift,Sigma
SAL001039,VIN0001040,DLR025,CUST23907,2025-03-17,3,1,2025,614192,66,17270,0,1,Baleno,Delta
SAL001040,VIN0001041,DLR016,CUST17389,2025-01-18,1,1,2025,845234,44,43720,1,1,Swift,MT
SAL001041,VIN0001042,DLR030,CUST19477,2025-02-04,2,1,2025,722169,11,22016,0,1,Grand Vitara,Sigma
SAL001042,VIN0001043,DLR001,CUST03339,2025-07-16,7,1,2025,997533,20,24376,1,0,Baleno,ZXI
SAL001043,VIN0001044,DLR026,CUST11564,2025-08-08,8,1,2025,559764,57,42075,0,0,Ertiga,Alpha
SAL001044,VIN0001045,DLR011,CUST22313,2025-04-20,4,1,2025,1307391,63,17369,0,1,Celerio,VXI
SAL001045,VIN0001046,DLR022,CUST03857,2025-05-15,5,1,2025,1198062,23,23465,1,1,Dzire,Alpha
SAL001046,VIN0001047,DLR002,CUST18511,2025-03-18,3,1,2025,1478006,30,31399,0,1,Ignis,ZXI
SAL001047,VIN0001048,DLR008,CUST05168,2025-03-25,3,1,2025,985878,52,40021,1,0,Alto,VXI
SAL001048,VIN0001049,DLR006,CUST03885,2025-05-10,5,1,2025,1089593,29,17945,1,0,Swift,ZXI
SAL001049,VIN0001050,DLR024,CUST15719,2025-03-24,3,1,2025,847512,41,21800,1,0,Celerio,ZXI
SAL001050,VIN0001051,DLR021,CUST01014,2025-03-26,3,1,2025,1483388,12,12000,0,0,Grand Vitara,AGS
SAL001051,VIN0001052,DLR023,CUST11918,2025-06-23,6,1,2025,781959,47,36569,1,0,Swift,Alpha
SAL001052,VIN0001053,DLR011,CUST19103,2025-08-09,8,1,2025,544232,61,24193,1,0,Ignis,VXI
SAL001053,VIN0001054,DLR009,CUST06796,2025-11-13,11,1,2025,965822,49,40204,1,1,Swift,AT
SAL001054,VIN0001055,DLR002,CUST13797,2025-05-02,5,1,2025,590746,23,44203,0,0,Baleno,AGS
SAL001055,VIN0001056,DLR017,CUST02552,2025-07-13,7,1,2025,1099913,39,27858,0,0,Brezza,LXI
SAL001056,VIN0001057,DLR009,CUST11161,2025-11-03,11,1,2025,618133,48,39511,0,0,Swift,AGS
SAL001057,VIN0001058,DLR018,CUST01563,2025-08-21,8,1,2025,784213,16,32987,1,0,Brezza,Delta
SAL001058,VIN0001059,DLR013,CUST10367,2025-10-03,10,1,2025,1400458,11,12139,1,0,Brezza,AGS
SAL001059,VIN0001060,DLR011,CUST09197,2025-04-17,4,1,2025,725597,58,14018,0,0,Ignis,AGS
SAL001060,VIN0001061,DLR026,CUST06636,2025-03-25,3,1,2025,1419352,45,20665,1,0,Brezza,AT
SAL001061,VIN0001062,DLR013,CUST01926,2025-10-06,10,1,2025,1339235,74,5379,0,0,Alto,Alpha
SAL001062,VIN0001063,DLR012,CUST23331,2025-12-01,12,1,2025,1090541,80,17731,1,0,Alto,Delta
SAL001063,VIN0001064,DLR006,CUST11310,2025-03-01,3,1,2025,1045315,36,44574,1,0,Grand Vitara,Delta
SAL001064,VIN0001065,DLR025,CUST12480,2025-09-16,9,1,2025,1378528,31,34381,0,1,Ertiga,ZXI
SAL001065,VIN0001066,DLR025,CUST19793,2025-06-03,6,1,2025,1163047,20,14001,1,0,Baleno,ZXI
SAL001066,VIN0001067,DLR023,CUST15883,2025-04-22,4,1,2025,1089643,38,32142,1,0,Brezza,AT
SAL001067,VIN0001068,DLR015,CUST04786,2025-08-19,8,1,2025,619733,68,18176,1,1,Baleno,LXI
SAL001068,VIN0001069,DLR020,CUST07016,2025-03-19,3,1,2025,578269,49,15692,0,1,Dzire,Alpha
SAL001069,VIN0001070,DLR029,CUST09589,2025-05-10,5,1,2025,669105,27,39428,1,0,Ertiga,VXI
SAL001070,VIN0001071,DLR021,CUST16541,2025-06-09,6,1,2025,1198582,21,36577,1,1,Dzire,VXI
SAL001071,VIN0001072,DLR021,CUST01391,2025-07-09,7,1,2025,828041,55,25665,1,0,Ertiga,Alpha
SAL001072,VIN0001073,DLR008,CUST14532,2025-05-26,5,1,2025,576926,45,6196,0,1,Grand Vitara,ZXI
SAL001073,VIN0001074,DLR026,CUST11650,2025-02-18,2,1,2025,1083366,30,38334,0,0,Brezza,Delta
SAL001074,VIN0001075,DLR004,CUST06299,2025-05-23,5,1,2025,1478368,43,22734,1,0,Alto,ZXI
SAL001075,VIN0001076,DLR030,CUST12985,2025-02-12,2,1,2025,982621,5,32038,1,0,Brezza,AGS
SAL001076,VIN0001077,DLR024,CUST10064,2025-09-23,9,1,2025,1018434,48,21804,1,0,Baleno,Delta
SAL001077,VIN0001078,DLR004,CUST14716,2025-11-12,11,1,2025,1221305,21,7606,1,1,Brezza,Delta
SAL001078,VIN0001079,DLR007,CUST19673,2025-09-28,9,1,2025,914297,64,33913,0,0,Baleno,Alpha
SAL001079,VIN0001080,DLR006,CUST17915,2025-08-23,8,1,2025,1091538,41,43675,1,1,Ertiga,ZXI
SAL001080,VIN0001081,DLR027,CUST03599,2025-03-13,3,1,2025,556926,57,10609,0,0,Ignis,VXI
SAL001081,VIN0001082,DLR030,CUST14289,2025-05-14,5,1,2025,807948,52,41751,1,0,Dzire,Sigma
SAL001082,VIN0001083,DLR005,CUST00010,2025-02-13,2,1,2025,1447499,54,37934,0,1,Alto,Delta
SAL001083,VIN0001084,DLR012,CUST14734,2025-08-01,8,1,2025,1497185,48,32699,1,0,Alto,AGS
SAL001084,VIN0001085,DLR013,CUST05373,2025-10-06,10,1,2025,865501,47,43026,0,0,Baleno,VXI
SAL001085,VIN0001086,DLR028,CUST12050,2025-05-26,5,1,2025,1226865,30,34834,1,1,Dzire,ZXI
SAL001086,VIN0001087,DLR022,CUST08893,2025-05-22,5,1,2025,1271354,55,17531,0,1,Dzire,Sigma
SAL001087,VIN0001088,DLR017,CUST17073,2025-12-26,12,1,2025,735874,33,43664,1,1,Grand Vitara,ZXI
SAL001088,VIN0001089,DLR020,CUST18425,2025-10-15,10,1,2025,658684,67,12353,0,0,Baleno,LXI
SAL001089,VIN0001090,DLR008,CUST17876,2025-09-27,9,1,2025,1032099,23,38662,0,0,Swift,MT
SAL001090,VIN0001091,DLR015,CUST06610,2025-11-27,11,1,2025,827647,45,28584,1,0,Brezza,Alpha
SAL001091,VIN0001092,DLR003,CUST23227,2025-02-24,2,1,2025,1138270,30,36483,1,0,Brezza,VXI
SAL001092,VIN0001093,DLR026,CUST24465,2025-10-26,10,1,2025,773679,61,40753,1,0,Baleno,AT
SAL001093,VIN0001094,DLR018,CUST04199,2025-09-18,9,1,2025,1271886,36,29336,0,0,Dzire,AT
SAL001094,VIN0001095,DLR029,CUST17961,2025-05-15,5,1,2025,1196657,37,31088,0,1,Ertiga,Alpha
SAL001095,VIN0001096,DLR010,CUST20828,2025-01-21,1,1,2025,1051852,42,33170,0,1,Brezza,Sigma
SAL001096,VIN0001097,DLR008,CUST13823,2025-01-28,1,1,2025,752526,26,18485,0,0,Grand Vitara,AGS
SAL001097,VIN0001098,DLR021,CUST09718,2025-10-17,10,1,2025,924230,39,12024,0,0,Swift,MT
SAL001098,VIN0001099,DLR007,CUST11147,2025-03-05,3,1,2025,1071006,60,6184,1,1,Swift,MT
SAL001099,VIN0001100,DLR007,CUST14988,2025-07-28,7,1,2025,1428568,64,40288,1,1,Swift,VXI
SAL001100,VIN0001101,DLR022,CUST14446,2025-05-16,5,1,2025,575022,7,22845,0,1,Brezza,MT
SAL001101,VIN0001102,DLR026,CUST19989,2025-08-22,8,1,2025,1423719,61,18841,0,0,Dzire,LXI
SAL001102,VIN0001103,DLR022,CUST19953,2025-01-24,1,1,2025,1450944,24,24279,1,0,Ignis,LXI
SAL001103,VIN0001104,DLR003,CUST11788,2025-04-09,4,1,2025,1092834,21,5934,1,0,Dzire,AT
SAL001104,VIN0001105,DLR008,CUST22248,2025-07-16,7,1,2025,744214,15,5665,1,0,Brezza,LXI
SAL001105,VIN0001106,DLR003,CUST24800,2025-12-05,12,1,2025,814137,33,30034,1,0,Ignis,Delta
SAL001106,VIN0001107,DLR010,CUST10713,2025-02-16,2,1,2025,1290695,45,12239,1,0,Baleno,Sigma
SAL001107,VIN0001108,DLR003,CUST16400,2025-07-13,7,1,2025,1083453,64,23706,1,1,Swift,VXI
SAL001108,VIN0001109,DLR006,CUST01785,2025-01-25,1,1,2025,1087644,37,16653,0,0,Brezza,Delta
SAL001109,VIN0001110,DLR005,CUST12484,2025-07-22,7,1,2025,919304,23,27204,0,0,Ignis,VXI
SAL001110,VIN0001111,DLR008,CUST17589,2025-05-28,5,1,2025,867003,52,25538,1,0,Baleno,Sigma
SAL001111,VIN0001112,DLR014,CUST13706,2025-06-20,6,1,2025,1314301,13,40074,0,0,Brezza,MT
SAL001112,VIN0001113,DLR009,CUST06700,2025-03-07,3,1,2025,1207652,78,24201,0,1,Alto,Delta
SAL001113,VIN0001114,DLR016,CUST03912,2025-01-05,1,1,2025,707311,57,36541,0,1,Dzire,Sigma
SAL001114,VIN0001115,DLR022,CUST15193,2025-12-14,12,1,2025,851518,47,9764,1,0,Swift,MT
SAL001115,VIN0001116,DLR019,CUST20185,2025-02-28,2,1,2025,878060,29,10156,0,0,Baleno,Alpha
SAL001116,VIN0001117,DLR019,CUST19032,2025-02-18,2,1,2025,709460,20,20596,1,0,Ignis,VXI
SAL001117,VIN0001118,DLR028,CUST18715,2025-05-07,5,1,2025,1033582,37,23977,1,0,Swift,Delta
SAL001118,VIN0001119,DLR008,CUST20382,2025-08-27,8,1,2025,881246,53,8047,0,0,Ertiga,AGS
SAL001119,VIN0001120,DLR002,CUST17619,2025-02-02,2,1,2025,1121696,31,40262,0,0,Brezza,Delta
SAL001120,VIN0001121,DLR019,CUST09978,2025-09-11,9,1,2025,816393,13,44164,0,0,Brezza,VXI
SAL001121,VIN0001122,DLR030,CUST04486,2025-02-05,2,1,2025,1285215,54,5921,1,0,Baleno,AGS
SAL001122,VIN0001123,DLR017,CUST21568,2025-02-28,2,1,2025,775015,40,32089,1,0,Brezza,AT
SAL001123,VIN0001124,DLR003,CUST18774,2025-08-26,8,1,2025,1094652,22,19678,1,0,Dzire,LXI
SAL001124,VIN0001125,DLR017,CUST07465,2025-06-05,6,1,2025,1472033,24,16479,1,0,Ertiga,MT
SAL001125,VIN0001126,DLR020,CUST21150,2025-07-26,7,1,2025,1289170,49,5545,1,0,Swift,Sigma
SAL001126,VIN0001127,DLR005,CUST10503,2025-12-20,12,1,2025,586064,28,15967,0,1,Ertiga,Delta
SAL001127,VIN0001128,DLR015,CUST22838,2025-04-14,4,1,2025,1437679,21,28763,0,0,Baleno,VXI
SAL001128,VIN0001129,DLR012,CUST17113,2025-08-17,8,1,2025,710414,52,31355,0,0,Swift,VXI
SAL001129,VIN0001130,DLR030,CUST05917,2025-11-07,11,1,2025,1026614,26,42125,1,0,Swift,VXI
SAL001130,VIN0001131,DLR027,CUST02177,2025-04-14,4,1,2025,1081526,27,14157,1,0,Brezza,AT
SAL001131,VIN0001132,DLR004,CUST03269,2025-03-16,3,1,2025,1306975,63,21239,0,1,Ertiga,VXI
SAL001132,VIN0001133,DLR022,CUST23872,2025-09-17,9,1,2025,1333436,41,21743,1,0,Ertiga,Sigma
SAL001133,VIN0001134,DLR002,CUST14995,2025-03-01,3,1,2025,1053865,7,5991,0,1,Brezza,ZXI
SAL001134,VIN0001135,DLR004,CUST17437,2025-09-12,9,1,2025,568347,58,12132,1,0,Alto,Delta
SAL001135,VIN0001136,DLR025,CUST06828,2025-06-06,6,1,2025,1000524,19,36806,0,0,Brezza,Delta
SAL001136,VIN0001137,DLR002,CUST15803,2025-03-19,3,1,2025,699286,49,19398,0,1,Dzire,AT
SAL001137,VIN0001138,DLR020,CUST00356,2025-04-28,4,1,2025,1305066,20,24002,1,0,Swift,VXI
SAL001138,VIN0001139,DLR017,CUST23280,2025-12-19,12,1,2025,1180421,35,42760,0,0,Swift,AT
SAL001139,VIN0001140,DLR009,CUST08085,2025-01-04,1,1,2025,1122178,47,30556,1,1,Baleno,ZXI
SAL001140,VIN0001141,DLR012,CUST12869,2025-04-01,4,1,2025,1180134,79,42092,0,1,Alto,Delta
SAL001141,VIN0001142,DLR013,CUST07455,2025-09-27,9,1,2025,1000643,35,7320,1,1,Grand Vitara,Sigma
SAL001142,VIN0001143,DLR008,CUST19603,2025-04-10,4,1,2025,593590,44,26473,1,0,Ertiga,AGS
SAL001143,VIN0001144,DLR015,CUST06442,2025-02-02,2,1,2025,1310219,21,32499,0,1,Baleno,Delta
SAL001144,VIN0001145,DLR001,CUST00935,2025-10-18,10,1,2025,1478552,45,6535,1,0,Brezza,AT
SAL001145,VIN0001146,DLR012,CUST17971,2025-12-11,12,1,2025,880695,56,44764,0,0,Swift,ZXI
SAL001146,VIN0001147,DLR017,CUST21720,2025-08-21,8,1,2025,573302,45,11870,1,1,Brezza,Alpha
SAL001147,VIN0001148,DLR029,CUST18210,2025-11-03,11,1,2025,765439,60,44534,1,1,Swift,AT
SAL001148,VIN0001149,DLR028,CUST22276,2025-12-22,12,1,2025,1151844,87,39607,1,1,Alto,LXI
SAL001149,VIN0001150,DLR013,CUST24762,2025-10-28,10,1,2025,1389746,44,39426,1,0,Brezza,ZXI
SAL001150,VIN0001151,DLR015,CUST19125,2025-09-17,9,1,2025,947455,5,19031,0,0,Brezza,MT
SAL001151,VIN0001152,DLR016,CUST09499,2025-03-23,3,1,2025,637522,57,9522,1,0,Baleno,Delta
SAL001152,VIN0001153,DLR010,CUST14109,2025-08-27,8,1,2025,1027514,48,37791,1,1,Baleno,ZXI
SAL001153,VIN0001154,DLR015,CUST21112,2025-05-13,5,1,2025,526327,20,19078,1,0,Brezza,Delta
SAL001154,VIN0001155,DLR011,CUST17891,2025-06-07,6,1,2025,1178842,23,21289,1,0,Baleno,MT
SAL001155,VIN0001156,DLR004,CUST04210,2025-08-05,8,1,2025,1362302,63,36709,1,1,Swift,VXI
SAL001156,VIN0001157,DLR005,CUST13442,2025-12-02,12,1,2025,1025851,83,17696,0,1,Celerio,Sigma
SAL001157,VIN0001158,DLR026,CUST10175,2025-04-10,4,1,2025,520641,79,36478,1,0,Alto,MT
SAL001158,VIN0001159,DLR015,CUST00385,2025-10-18,10,1,2025,863064,53,21699,1,1,Swift,LXI
SAL001159,VIN0001160,DLR011,CUST06039,2025-07-10,7,1,2025,964936,55,7392,1,0,Alto,AGS
SAL001160,VIN0001161,DLR003,CUST18099,2025-12-19,12,1,2025,692809,37,34486,1,0,Baleno,VXI
SAL001161,VIN0001162,DLR022,CUST08493,2025-05-04,5,1,2025,755837,46,7347,0,0,Dzire,Alpha
SAL001162,VIN0001163,DLR015,CUST02804,2025-05-27,5,1,2025,956025,37,29021,0,1,Brezza,VXI
SAL001163,VIN0001164,DLR027,CUST19515,2025-03-04,3,1,2025,1243620,46,11987,0,0,Swift,AT
SAL001164,VIN0001165,DLR006,CUST20717,2025-06-06,6,1,2025,981210,32,33281,1,0,Swift,LXI
SAL001165,VIN0001166,DLR003,CUST21143,2025-11-06,11,1,2025,586454,63,5977,1,0,Baleno,AT
SAL001166,VIN0001167,DLR019,CUST00601,2025-01-18,1,1,2025,1340338,38,24589,0,1,Swift,AGS
SAL001167,VIN0001168,DLR008,CUST18258,2025-02-04,2,1,2025,1297765,66,16947,0,0,Swift,Alpha
SAL001168,VIN0001169,DLR026,CUST00617,2025-07-02,7,1,2025,1231595,20,38618,0,0,Baleno,Delta
SAL001169,VIN0001170,DLR007,CUST04399,2025-01-24,1,1,2025,903203,32,5687,1,0,Brezza,Sigma
SAL001170,VIN0001171,DLR011,CUST21202,2025-10-19,10,1,2025,878274,65,18868,0,1,Swift,Sigma
SAL001171,VIN0001172,DLR001,CUST10413,2025-09-03,9,1,2025,513545,34,25652,0,1,Ertiga,ZXI
SAL001172,VIN0001173,DLR007,CUST22702,2025-11-02,11,1,2025,875922,81,39309,1,1,Alto,Delta
SAL001173,VIN0001174,DLR017,CUST04680,2025-09-18,9,1,2025,1369802,23,22030,0,0,Baleno,VXI
SAL001174,VIN0001175,DLR013,CUST10380,2025-05-05,5,1,2025,714114,43,13923,0,0,Brezza,Alpha
SAL001175,VIN0001176,DLR026,CUST08001,2025-06-23,6,1,2025,793995,41,27026,0,1,Baleno,ZXI
SAL001176,VIN0001177,DLR001,CUST12547,2025-12-21,12,1,2025,1472244,63,36095,1,0,Baleno,AGS
SAL001177,VIN0001178,DLR012,CUST12049,2025-09-07,9,1,2025,1396193,50,34692,0,0,Ertiga,Alpha
SAL001178,VIN0001179,DLR012,CUST12142,2025-04-21,4,1,2025,1358289,29,19797,0,1,Brezza,AT
SAL001179,VIN0001180,DLR012,CUST12999,2025-08-16,8,1,2025,1239851,42,26281,1,0,Baleno,Alpha
SAL001180,VIN0001181,DLR018,CUST18116,2025-09-19,9,1,2025,1394947,8,25055,0,0,Brezza,AGS
SAL001181,VIN0001182,DLR013,CUST20092,2025-06-18,6,1,2025,839982,44,33993,1,0,Alto,VXI
SAL001182,VIN0001183,DLR012,CUST06462,2025-12-24,12,1,2025,1308049,34,25235,0,1,Baleno,LXI
SAL001183,VIN0001184,DLR018,CUST16757,2025-11-24,11,1,2025,738856,32,36176,1,0,Swift,MT
SAL001184,VIN0001185,DLR013,CUST00111,2025-12-11,12,1,2025,761809,46,8084,1,1,Ignis,Alpha
SAL001185,VIN0001186,DLR027,CUST08532,2025-01-03,1,1,2025,1076560,68,10746,1,0,Alto,AGS
SAL001186,VIN0001187,DLR004,CUST22866,2025-04-03,4,1,2025,580870,77,28644,1,0,Celerio,AGS
SAL001187,VIN0001188,DLR027,CUST10813,2025-03-13,3,1,2025,682294,31,33681,1,0,Swift,MT
SAL001188,VIN0001189,DLR025,CUST21333,2025-05-18,5,1,2025,1304707,53,33849,1,0,Baleno,VXI
SAL001189,VIN0001190,DLR023,CUST06331,2025-05-27,5,1,2025,1417703,54,27191,1,1,Ertiga,AT
SAL001190,VIN0001191,DLR018,CUST19344,2025-11-04,11,1,2025,1361113,42,22704,0,0,Swift,MT
SAL001191,VIN0001192,DLR023,CUST21829,2025-05-01,5,1,2025,1435683,58,31210,0,0,Alto,Sigma
SAL001192,VIN0001193,DLR027,CUST17821,2025-11-11,11,1,2025,681968,47,33055,1,1,Celerio,Sigma
SAL001193,VIN0001194,DLR004,CUST05348,2025-02-20,2,1,2025,1144528,69,27029,1,1,Swift,AGS
SAL001194,VIN0001195,DLR010,CUST00172,2025-08-21,8,1,2025,1270769,50,30045,0,1,Swift,AGS
SAL001195,VIN0001196,DLR016,CUST18869,2025-03-08,3,1,2025,1070481,54,37552,1,0,Baleno,ZXI
SAL001196,VIN0001197,DLR015,CUST12536,2025-07-20,7,1,2025,541006,32,26510,1,1,Grand Vitara,ZXI
SAL001197,VIN0001198,DLR014,CUST03886,2025-01-17,1,1,2025,949276,87,8224,1,0,Alto,MT
SAL001198,VIN0001199,DLR024,CUST24664,2025-11-14,11,1,2025,1081164,65,14328,0,0,Ertiga,VXI
SAL001199,VIN0001200,DLR011,CUST07492,2025-12-06,12,1,2025,1274296,56,16924,1,0,Ertiga,MT
SAL001200,VIN0001201,DLR022,CUST05214,2025-12-22,12,1,2025,973564,58,25447,1,0,Ignis,LXI
SAL001201,VIN0001202,DLR007,CUST08371,2025-01-15,1,1,2025,1100387,23,7197,1,0,Ertiga,VXI
SAL001202,VIN0001203,DLR003,CUST08977,2025-02-16,2,1,2025,1072475,41,17755,1,0,Dzire,Alpha
SAL001203,VIN0001204,DLR013,CUST16907,2025-05-05,5,1,2025,754591,33,16849,0,1,Swift,Delta
SAL001204,VIN0001205,DLR007,CUST15125,2025-11-15,11,1,2025,515045,42,29706,1,0,Brezza,AGS
SAL001205,VIN0001206,DLR018,CUST03360,2025-01-27,1,1,2025,946352,69,33977,0,1,Baleno,Delta
SAL001206,VIN0001207,DLR018,CUST20478,2025-05-17,5,1,2025,815157,45,17039,0,1,Brezza,VXI
SAL001207,VIN0001208,DLR030,CUST08726,2025-03-26,3,1,2025,1061702,14,34711,0,0,Brezza,ZXI
SAL001208,VIN0001209,DLR002,CUST21951,2025-02-08,2,1,2025,1086379,59,34425,1,0,Ertiga,VXI
SAL001209,VIN0001210,DLR006,CUST04457,2025-02-07,2,1,2025,759275,32,13401,1,1,Baleno,LXI
SAL001210,VIN0001211,DLR012,CUST19473,2025-06-28,6,1,2025,742434,21,40932,0,0,Brezza,ZXI
SAL001211,VIN0001212,DLR003,CUST09095,2025-03-21,3,1,2025,1464238,23,37555,0,0,Swift,MT
SAL001212,VIN0001213,DLR011,CUST15409,2025-10-04,10,1,2025,1210397,41,25097,1,0,Baleno,Sigma
SAL001213,VIN0001214,DLR014,CUST18227,2025-05-05,5,1,2025,859313,49,16512,1,1,Swift,VXI
SAL001214,VIN0001215,DLR019,CUST20545,2025-03-22,3,1,2025,972751,45,36027,0,0,Swift,Delta
SAL001215,VIN0001216,DLR003,CUST04029,2025-02-04,2,1,2025,641750,36,24169,1,1,Swift,LXI
SAL001216,VIN0001217,DLR021,CUST19903,2025-01-20,1,1,2025,1281973,84,29397,0,0,Alto,ZXI
SAL001217,VIN0001218,DLR004,CUST09256,2025-06-01,6,1,2025,1275681,76,28808,0,1,Alto,AGS
SAL001218,VIN0001219,DLR012,CUST02052,2025-10-13,10,1,2025,977292,64,29468,1,0,Ignis,VXI
SAL001219,VIN0001220,DLR013,CUST14441,2025-08-13,8,1,2025,1274930,29,9682,0,0,Ertiga,AT
SAL001220,VIN0001221,DLR001,CUST12928,2025-11-23,11,1,2025,1434925,80,31511,1,0,Alto,MT
SAL001221,VIN0001222,DLR002,CUST15530,2025-07-01,7,1,2025,1004271,22,18796,0,1,Brezza,AT
SAL001222,VIN0001223,DLR018,CUST15134,2025-02-18,2,1,2025,1228135,35,13988,1,0,Brezza,Alpha
SAL001223,VIN0001224,DLR018,CUST17481,2025-11-18,11,1,2025,1131869,31,33475,0,0,Baleno,Alpha
SAL001224,VIN0001225,DLR024,CUST08498,2025-08-04,8,1,2025,660284,21,7477,1,1,Dzire,Alpha
SAL001225,VIN0001226,DLR021,CUST13705,2025-12-21,12,1,2025,1034564,40,5111,1,0,Ertiga,AGS
SAL001226,VIN0001227,DLR011,CUST17537,2025-10-23,10,1,2025,1232004,20,30974,1,0,Swift,MT
SAL001227,VIN0001228,DLR009,CUST20773,2025-10-25,10,1,2025,1055810,90,30179,1,1,Alto,Sigma
SAL001228,VIN0001229,DLR014,CUST17450,2025-08-13,8,1,2025,1076260,36,31333,1,0,Swift,Sigma
SAL001229,VIN0001230,DLR005,CUST19170,2025-11-15,11,1,2025,619199,32,34756,1,0,Brezza,Sigma
SAL001230,VIN0001231,DLR013,CUST15506,2025-01-22,1,1,2025,562623,59,25330,1,0,Celerio,MT
SAL001231,VIN0001232,DLR006,CUST05311,2025-04-02,4,1,2025,1272486,23,32524,0,0,Baleno,VXI
SAL001232,VIN0001233,DLR014,CUST00908,2025-02-17,2,1,2025,1214763,76,34211,0,0,Alto,AGS
SAL001233,VIN0001234,DLR006,CUST12245,2025-05-01,5,1,2025,505866,70,24918,1,1,Ignis,AT
SAL001234,VIN0001235,DLR011,CUST11828,2025-04-25,4,1,2025,552377,89,44574,1,0,Alto,MT
SAL001235,VIN0001236,DLR007,CUST16580,2025-12-22,12,1,2025,600958,34,36128,1,0,Brezza,VXI
SAL001236,VIN0001237,DLR014,CUST04415,2025-01-03,1,1,2025,735807,54,24233,1,0,Swift,AT
SAL001237,VIN0001238,DLR001,CUST24942,2025-03-12,3,1,2025,1052510,51,33870,0,1,Swift,ZXI
SAL001238,VIN0001239,DLR007,CUST04653,2025-11-01,11,1,2025,774045,59,13735,0,0,Swift,Alpha
SAL001239,VIN0001240,DLR016,CUST18784,2025-10-18,10,1,2025,600399,61,20648,1,0,Baleno,ZXI
SAL001240,VIN0001241,DLR022,CUST19888,2025-10-11,10,1,2025,915002,39,32544,1,0,Swift,Delta
SAL001241,VIN0001242,DLR024,CUST00703,2025-11-18,11,1,2025,1108934,56,24711,1,0,Swift,ZXI
SAL001242,VIN0001243,DLR020,CUST22405,2025-11-18,11,1,2025,1259855,10,30763,0,0,Brezza,VXI
SAL001243,VIN0001244,DLR025,CUST16222,2025-03-17,3,1,2025,1032508,38,36979,0,1,Baleno,Sigma
SAL001244,VIN0001245,DLR002,CUST10816,2025-12-12,12,1,2025,633669,10,15809,0,0,Brezza,LXI
SAL001245,VIN0001246,DLR013,CUST20951,2025-09-24,9,1,2025,940189,68,14737,1,0,Ertiga,MT
SAL001246,VIN0001247,DLR009,CUST14987,2025-08-06,8,1,2025,611422,27,13187,1,1,Swift,Alpha
SAL001247,VIN0001248,DLR019,CUST07020,2025-10-02,10,1,2025,1290059,29,37077,0,0,Baleno,LXI
SAL001248,VIN0001249,DLR004,CUST07003,2025-11-05,11,1,2025,996172,45,17218,0,0,Grand Vitara,ZXI
SAL001249,VIN0001250,DLR005,CUST17257,2025-12-13,12,1,2025,1049950,18,37155,1,1,Brezza,LXI
SAL001250,VIN0001251,DLR024,CUST00827,2025-03-26,3,1,2025,938674,50,19980,0,0,Baleno,Alpha
SAL001251,VIN0001252,DLR025,CUST23934,2025-12-04,12,1,2025,617896,7,26515,1,1,Brezza,AT
SAL001252,VIN0001253,DLR014,CUST21746,2025-03-19,3,1,2025,532305,9,6844,1,0,Brezza,Sigma
SAL001253,VIN0001254,DLR005,CUST04927,2025-04-10,4,1,2025,1244501,67,36767,0,0,Baleno,LXI
SAL001254,VIN0001255,DLR028,CUST22824,2025-03-14,3,1,2025,753989,43,43000,1,0,Brezza,Delta
SAL001255,VIN0001256,DLR010,CUST20674,2025-11-22,11,1,2025,1048418,57,44892,0,1,Alto,AGS
SAL001256,VIN0001257,DLR001,CUST16021,2025-06-02,6,1,2025,604747,61,7973,0,0,Swift,Delta
SAL001257,VIN0001258,DLR012,CUST15275,2025-10-13,10,1,2025,545137,34,8711,0,0,Ignis,VXI
SAL001258,VIN0001259,DLR001,CUST22111,2025-04-24,4,1,2025,1412876,21,44554,1,1,Brezza,LXI
SAL001259,VIN0001260,DLR012,CUST07656,2025-06-09,6,1,2025,581574,78,12667,0,0,Alto,VXI
SAL001260,VIN0001261,DLR021,CUST02519,2025-12-04,12,1,2025,724968,58,24890,1,1,Alto,Sigma
SAL001261,VIN0001262,DLR028,CUST15514,2025-05-01,5,1,2025,1313527,84,39684,0,0,Celerio,Sigma
SAL001262,VIN0001263,DLR009,CUST21673,2025-08-04,8,1,2025,939772,68,39378,1,0,Baleno,VXI
SAL001263,VIN0001264,DLR026,CUST02547,2025-06-27,6,1,2025,1303918,88,17880,1,0,Alto,Delta
SAL001264,VIN0001265,DLR021,CUST22825,2025-11-23,11,1,2025,930350,5,40318,1,0,Brezza,AGS
SAL001265,VIN0001266,DLR030,CUST20132,2025-06-10,6,1,2025,715745,9,10864,1,1,Brezza,Alpha
SAL001266,VIN0001267,DLR003,CUST17841,2025-10-16,10,1,2025,505357,46,6425,1,1,Celerio,VXI
SAL001267,VIN0001268,DLR021,CUST09988,2025-09-05,9,1,2025,1322251,70,39314,1,0,Ertiga,Delta
SAL001268,VIN0001269,DLR002,CUST16140,2025-11-16,11,1,2025,1484861,47,5621,1,1,Alto,AT
SAL001269,VIN0001270,DLR024,CUST12259,2025-01-13,1,1,2025,1302665,25,27991,1,0,Brezza,Delta
SAL001270,VIN0001271,DLR024,CUST19806,2025-02-12,2,1,2025,1029901,61,9218,0,1,Ertiga,AGS
SAL001271,VIN0001272,DLR019,CUST00519,2025-10-25,10,1,2025,808356,41,33699,1,1,Dzire,VXI
SAL001272,VIN0001273,DLR005,CUST08838,2025-02-26,2,1,2025,641517,43,26509,1,0,Dzire,Delta
SAL001273,VIN0001274,DLR007,CUST02866,2025-04-02,4,1,2025,965745,26,28194,1,0,Baleno,Delta
SAL001274,VIN0001275,DLR030,CUST03722,2025-03-28,3,1,2025,1196112,5,40159,0,0,Brezza,Delta
SAL001275,VIN0001276,DLR005,CUST12076,2025-06-28,6,1,2025,589146,18,17187,0,0,Brezza,Alpha
SAL001276,VIN0001277,DLR016,CUST05473,2025-03-19,3,1,2025,1109503,40,22982,1,0,Ertiga,ZXI
SAL001277,VIN0001278,DLR013,CUST01837,2025-05-11,5,1,2025,1367295,67,36219,1,0,Ertiga,Alpha
SAL001278,VIN0001279,DLR023,CUST13975,2025-01-11,1,1,2025,1022126,76,24916,0,1,Celerio,AGS
SAL001279,VIN0001280,DLR030,CUST13456,2025-02-05,2,1,2025,1437599,69,36610,1,0,Baleno,ZXI
SAL001280,VIN0001281,DLR006,CUST09145,2025-02-18,2,1,2025,1424076,42,12612,1,0,Brezza,AGS
SAL001281,VIN0001282,DLR008,CUST00527,2025-03-06,3,1,2025,964946,40,33692,1,0,Ertiga,Delta
SAL001282,VIN0001283,DLR012,CUST09859,2025-03-25,3,1,2025,508139,56,27373,0,0,Swift,MT
SAL001283,VIN0001284,DLR027,CUST13495,2025-12-14,12,1,2025,930935,88,34777,0,1,Alto,AT
SAL001284,VIN0001285,DLR024,CUST13519,2025-07-26,7,1,2025,637081,36,11443,1,0,Baleno,Delta
SAL001285,VIN0001286,DLR020,CUST20060,2025-06-22,6,1,2025,1072809,77,8406,0,1,Celerio,Sigma
SAL001286,VIN0001287,DLR019,CUST20479,2025-07-26,7,1,2025,1066578,69,20411,1,0,Dzire,MT
SAL001287,VIN0001288,DLR017,CUST09885,2025-11-15,11,1,2025,1390208,41,9240,1,0,Baleno,Delta
SAL001288,VIN0001289,DLR010,CUST00039,2025-10-20,10,1,2025,728803,57,32119,1,1,Swift,Alpha
SAL001289,VIN0001290,DLR010,CUST20066,2025-03-23,3,1,2025,1076644,27,30923,1,0,Grand Vitara,AT
SAL001290,VIN0001291,DLR016,CUST19451,2025-12-16,12,1,2025,1165037,27,42872,1,0,Brezza,Sigma
SAL001291,VIN0001292,DLR009,CUST09139,2025-12-28,12,1,2025,1159378,44,22758,1,0,Alto,LXI
SAL001292,VIN0001293,DLR027,CUST04321,2025-07-17,7,1,2025,610122,34,27525,1,0,Brezza,Alpha
SAL001293,VIN0001294,DLR029,CUST02648,2025-08-25,8,1,2025,1483098,52,18392,1,0,Ertiga,Delta
SAL001294,VIN0001295,DLR010,CUST22990,2025-07-07,7,1,2025,994614,64,6971,1,0,Ignis,LXI
SAL001295,VIN0001296,DLR026,CUST22614,2025-12-01,12,1,2025,1238667,38,31065,1,0,Brezza,MT
SAL001296,VIN0001297,DLR007,CUST03551,2025-12-15,12,1,2025,1490556,55,39865,1,0,Baleno,MT
SAL001297,VIN0001298,DLR015,CUST13194,2025-04-14,4,1,2025,1454231,41,28909,0,0,Grand Vitara,AGS
SAL001298,VIN0001299,DLR011,CUST16484,2025-06-09,6,1,2025,1100722,35,17151,1,0,Brezza,ZXI
SAL001299,VIN0001300,DLR008,CUST19290,2025-08-19,8,1,2025,1419320,38,7704,1,1,Baleno,VXI
SAL001300,VIN0001301,DLR024,CUST15145,2025-01-07,1,1,2025,706969,44,24009,0,0,Baleno,Delta
SAL001301,VIN0001302,DLR004,CUST05496,2025-04-13,4,1,2025,1026766,16,43415,1,1,Brezza,LXI
SAL001302,VIN0001303,DLR025,CUST03349,2025-11-26,11,1,2025,1058792,56,34996,0,0,Ertiga,AGS
SAL001303,VIN0001304,DLR022,CUST00163,2025-06-11,6,1,2025,634766,90,17215,1,0,Celerio,VXI
SAL001304,VIN0001305,DLR012,CUST23397,2025-09-07,9,1,2025,518251,41,25992,0,1,Dzire,MT
SAL001305,VIN0001306,DLR025,CUST17357,2025-01-02,1,1,2025,1077772,37,33281,1,1,Brezza,MT
SAL001306,VIN0001307,DLR011,CUST19304,2025-12-23,12,1,2025,1197749,38,20621,1,0,Swift,MT
SAL001307,VIN0001308,DLR012,CUST19345,2025-09-19,9,1,2025,1341242,60,28716,0,0,Baleno,AGS
SAL001308,VIN0001309,DLR012,CUST09151,2025-10-14,10,1,2025,849095,51,9147,0,0,Swift,ZXI
SAL001309,VIN0001310,DLR010,CUST13897,2025-10-23,10,1,2025,816222,37,29122,1,0,Brezza,ZXI
SAL001310,VIN0001311,DLR022,CUST22111,2025-10-25,10,1,2025,708164,65,29930,1,0,Baleno,AGS
SAL001311,VIN0001312,DLR015,CUST03772,2025-12-20,12,1,2025,869712,76,41029,1,0,Celerio,LXI
SAL001312,VIN0001313,DLR019,CUST01016,2025-04-16,4,1,2025,766748,49,38816,0,0,Ertiga,LXI
SAL001313,VIN0001314,DLR030,CUST21398,2025-06-25,6,1,2025,1129228,65,42953,0,0,Swift,Sigma
SAL001314,VIN0001315,DLR030,CUST21546,2025-04-17,4,1,2025,1200135,43,38318,1,0,Brezza,Alpha
SAL001315,VIN0001316,DLR025,CUST15211,2025-11-21,11,1,2025,1495044,59,38859,0,1,Swift,AT
SAL001316,VIN0001317,DLR009,CUST16524,2025-01-26,1,1,2025,600813,65,34873,1,0,Swift,Delta
SAL001317,VIN0001318,DLR023,CUST02143,2025-10-07,10,1,2025,1203057,77,41655,0,0,Alto,LXI
SAL001318,VIN0001319,DLR025,CUST21736,2025-12-16,12,1,2025,945645,35,31891,0,0,Brezza,Sigma
SAL001319,VIN0001320,DLR003,CUST04626,2025-02-20,2,1,2025,1237244,58,44848,0,1,Baleno,Sigma
SAL001320,VIN0001321,DLR005,CUST14023,2025-04-08,4,1,2025,1212465,42,33330,1,0,Brezza,AGS
SAL001321,VIN0001322,DLR013,CUST14721,2025-04-17,4,1,2025,881004,20,33070,1,0,Dzire,Sigma
SAL001322,VIN0001323,DLR029,CUST11940,2025-10-25,10,1,2025,1033229,31,13227,0,0,Brezza,AGS
SAL001323,VIN0001324,DLR001,CUST16981,2025-08-01,8,1,2025,512943,31,13271,1,0,Dzire,MT
SAL001324,VIN0001325,DLR025,CUST08489,2025-04-17,4,1,2025,980991,23,33696,0,0,Brezza,AGS
SAL001325,VIN0001326,DLR012,CUST14135,2025-12-13,12,1,2025,787910,19,35007,1,0,Brezza,VXI
SAL001326,VIN0001327,DLR030,CUST14278,2025-12-24,12,1,2025,892815,36,7142,0,1,Brezza,ZXI
SAL001327,VIN0001328,DLR010,CUST00288,2025-07-21,7,1,2025,1072144,33,27035,1,1,Ertiga,MT
SAL001328,VIN0001329,DLR013,CUST18657,2025-06-11,6,1,2025,1163478,42,23811,1,1,Ignis,MT
SAL001329,VIN0001330,DLR009,CUST15442,2025-04-16,4,1,2025,1312518,22,39963,1,1,Brezza,AGS
SAL001330,VIN0001331,DLR017,CUST22965,2025-05-07,5,1,2025,596667,26,39933,1,0,Brezza,ZXI
SAL001331,VIN0001332,DLR003,CUST14797,2025-02-06,2,1,2025,1094942,66,9078,1,0,Celerio,AGS
SAL001332,VIN0001333,DLR008,CUST08252,2025-02-12,2,1,2025,1131729,25,34338,1,0,Dzire,AGS
SAL001333,VIN0001334,DLR008,CUST14743,2025-07-21,7,1,2025,1198747,30,36232,0,0,Dzire,LXI
SAL001334,VIN0001335,DLR017,CUST21113,2025-04-03,4,1,2025,1179273,54,8341,1,0,Alto,ZXI
SAL001335,VIN0001336,DLR030,CUST05907,2025-09-03,9,1,2025,1180998,56,40721,1,0,Baleno,AT
SAL001336,VIN0001337,DLR013,CUST14353,2025-08-06,8,1,2025,753425,24,19008,1,1,Ertiga,MT
SAL001337,VIN0001338,DLR029,CUST03654,2025-07-03,7,1,2025,1379111,66,39058,1,0,Swift,AT
SAL001338,VIN0001339,DLR014,CUST17231,2025-03-05,3,1,2025,669388,64,15131,1,0,Baleno,Alpha
SAL001339,VIN0001340,DLR004,CUST24354,2025-10-13,10,1,2025,1363686,46,20871,1,0,Baleno,Sigma
SAL001340,VIN0001341,DLR026,CUST22326,2025-01-25,1,1,2025,547351,18,22039,1,0,Brezza,ZXI
SAL001341,VIN0001342,DLR009,CUST16366,2025-09-10,9,1,2025,671147,75,6336,1,0,Alto,Alpha
SAL001342,VIN0001343,DLR002,CUST18028,2025-07-16,7,1,2025,640756,20,20006,1,1,Brezza,LXI
SAL001343,VIN0001344,DLR001,CUST20297,2025-02-01,2,1,2025,903995,10,40908,1,1,Brezza,AGS
SAL001344,VIN0001345,DLR001,CUST12372,2025-06-13,6,1,2025,1481614,8,15776,1,0,Brezza,AGS
SAL001345,VIN0001346,DLR015,CUST02455,2025-02-01,2,1,2025,714780,46,34714,1,0,Swift,Sigma
SAL001346,VIN0001347,DLR020,CUST09879,2025-09-05,9,1,2025,1055132,61,35075,1,0,Ertiga,Alpha
SAL001347,VIN0001348,DLR021,CUST19293,2025-09-26,9,1,2025,707065,34,8756,1,0,Grand Vitara,VXI
SAL001348,VIN0001349,DLR022,CUST16805,2025-08-05,8,1,2025,536418,37,40554,1,0,Grand Vitara,Alpha
SAL001349,VIN0001350,DLR012,CUST01656,2025-11-09,11,1,2025,1186656,27,43419,1,0,Ertiga,ZXI
SAL001350,VIN0001351,DLR010,CUST11577,2025-11-14,11,1,2025,853866,54,19931,0,1,Swift,ZXI
SAL001351,VIN0001352,DLR003,CUST15025,2025-11-28,11,1,2025,1056601,48,5237,1,1,Dzire,LXI
SAL001352,VIN0001353,DLR009,CUST24654,2025-12-17,12,1,2025,1109738,10,29696,0,1,Brezza,LXI
SAL001353,VIN0001354,DLR005,CUST12729,2025-03-26,3,1,2025,1061027,36,18117,1,0,Ertiga,AT
SAL001354,VIN0001355,DLR020,CUST12141,2025-10-12,10,1,2025,846809,51,38214,1,1,Celerio,Delta
SAL001355,VIN0001356,DLR020,CUST11711,2025-12-14,12,1,2025,657441,62,30089,1,0,Swift,AGS
SAL001356,VIN0001357,DLR024,CUST16065,2025-06-10,6,1,2025,1450334,21,28831,1,0,Baleno,Sigma
SAL001357,VIN0001358,DLR024,CUST07057,2025-07-25,7,1,2025,646425,42,9511,1,0,Brezza,Sigma
SAL001358,VIN0001359,DLR009,CUST19866,2025-08-08,8,1,2025,1331932,64,24878,0,0,Dzire,Delta
SAL001359,VIN0001360,DLR009,CUST24023,2025-03-08,3,1,2025,798056,25,44798,1,0,Swift,ZXI
SAL001360,VIN0001361,DLR027,CUST15407,2025-05-08,5,1,2025,729363,7,27188,0,0,Brezza,Sigma
SAL001361,VIN0001362,DLR008,CUST21500,2025-10-20,10,1,2025,1062939,44,29374,1,0,Baleno,ZXI
SAL001362,VIN0001363,DLR025,CUST20011,2025-09-15,9,1,2025,881590,64,6809,0,0,Celerio,ZXI
SAL001363,VIN0001364,DLR007,CUST01747,2025-03-28,3,1,2025,1268814,64,30522,0,1,Swift,ZXI
SAL001364,VIN0001365,DLR010,CUST21961,2025-12-20,12,1,2025,532330,19,38111,0,0,Grand Vitara,VXI
SAL001365,VIN0001366,DLR020,CUST04990,2025-09-27,9,1,2025,1271101,58,21269,1,1,Baleno,Delta
SAL001366,VIN0001367,DLR003,CUST13005,2025-02-25,2,1,2025,814825,12,26139,0,0,Brezza,Sigma
SAL001367,VIN0001368,DLR014,CUST06665,2025-10-21,10,1,2025,1165263,27,13964,1,0,Ertiga,Sigma
SAL001368,VIN0001369,DLR007,CUST05056,2025-02-27,2,1,2025,871494,20,6010,0,0,Ignis,Sigma
SAL001369,VIN0001370,DLR028,CUST08515,2025-11-01,11,1,2025,977564,47,43717,1,0,Alto,AGS
SAL001370,VIN0001371,DLR017,CUST16686,2025-01-13,1,1,2025,1104818,27,33912,1,0,Dzire,Delta
SAL001371,VIN0001372,DLR023,CUST13217,2025-09-16,9,1,2025,727982,50,44357,1,0,Ignis,AT
SAL001372,VIN0001373,DLR014,CUST03336,2025-10-24,10,1,2025,1324838,60,34669,1,0,Baleno,Alpha
SAL001373,VIN0001374,DLR005,CUST15153,2025-02-22,2,1,2025,1392091,53,30333,1,0,Dzire,LXI
SAL001374,VIN0001375,DLR018,CUST03613,2025-08-21,8,1,2025,1297974,25,7272,1,0,Baleno,AT
SAL001375,VIN0001376,DLR006,CUST05801,2025-02-25,2,1,2025,1024754,54,15775,1,0,Ertiga,AT
SAL001376,VIN0001377,DLR023,CUST17245,2025-01-05,1,1,2025,766788,41,37669,0,0,Swift,Sigma
SAL001377,VIN0001378,DLR020,CUST21556,2025-09-02,9,1,2025,1150949,18,36926,0,0,Brezza,AGS
SAL001378,VIN0001379,DLR017,CUST23751,2025-01-05,1,1,2025,561860,5,19589,1,0,Brezza,MT
SAL001379,VIN0001380,DLR023,CUST20825,2025-09-14,9,1,2025,1063128,52,30993,1,0,Celerio,Alpha
SAL001380,VIN0001381,DLR023,CUST07741,2025-10-07,10,1,2025,706119,44,9406,0,0,Baleno,AT
SAL001381,VIN0001382,DLR005,CUST16519,2025-07-12,7,1,2025,1294494,45,22637,0,1,Ignis,Sigma
SAL001382,VIN0001383,DLR023,CUST13566,2025-02-24,2,1,2025,1286324,61,35467,1,1,Alto,LXI
SAL001383,VIN0001384,DLR010,CUST03703,2025-12-24,12,1,2025,793532,23,9037,0,0,Brezza,AGS
SAL001384,VIN0001385,DLR007,CUST06381,2025-07-25,7,1,2025,1343116,27,37910,1,0,Ignis,AGS
SAL001385,VIN0001386,DLR006,CUST20202,2025-05-15,5,1,2025,1490644,57,11400,0,1,Swift,AGS
SAL001386,VIN0001387,DLR027,CUST07048,2025-10-06,10,1,2025,1351441,69,43824,0,1,Ignis,LXI
SAL001387,VIN0001388,DLR009,CUST20935,2025-03-13,3,1,2025,841453,58,29396,0,0,Baleno,Alpha
SAL001388,VIN0001389,DLR027,CUST23477,2025-12-10,12,1,2025,1405328,21,25746,1,0,Baleno,Alpha
SAL001389,VIN0001390,DLR006,CUST03024,2025-06-20,6,1,2025,1458498,53,29041,0,0,Swift,AGS
SAL001390,VIN0001391,DLR009,CUST17130,2025-09-28,9,1,2025,1177830,13,31461,0,0,Brezza,ZXI
SAL001391,VIN0001392,DLR028,CUST00867,2025-09-15,9,1,2025,1446468,52,31198,1,0,Dzire,AT
SAL001392,VIN0001393,DLR008,CUST08923,2025-09-16,9,1,2025,1008611,29,44203,1,0,Brezza,MT
SAL001393,VIN0001394,DLR024,CUST01003,2025-10-13,10,1,2025,1473658,42,28656,1,0,Ignis,LXI
SAL001394,VIN0001395,DLR001,CUST06453,2025-06-27,6,1,2025,1238999,62,8745,1,0,Ertiga,LXI
SAL001395,VIN0001396,DLR003,CUST06100,2025-08-28,8,1,2025,1344817,62,41810,1,0,Celerio,LXI
SAL001396,VIN0001397,DLR016,CUST04325,2025-01-07,1,1,2025,506384,55,11266,0,1,Baleno,Alpha
SAL001397,VIN0001398,DLR001,CUST20061,2025-08-26,8,1,2025,945114,86,17727,1,1,Alto,Delta
SAL001398,VIN0001399,DLR007,CUST21179,2025-10-24,10,1,2025,1191444,57,9843,0,0,Baleno,AT
SAL001399,VIN0001400,DLR028,CUST15856,2025-08-27,8,1,2025,1008850,58,30135,0,1,Ignis,Alpha
SAL001400,VIN0001401,DLR010,CUST17537,2025-09-27,9,1,2025,743538,58,10696,0,0,Alto,Sigma
SAL001401,VIN0001402,DLR002,CUST07299,2025-05-01,5,1,2025,630309,44,5347,1,0,Brezza,Delta
SAL001402,VIN0001403,DLR014,CUST02820,2025-03-20,3,1,2025,1320503,11,41314,0,0,Brezza,AGS
SAL001403,VIN0001404,DLR016,CUST22231,2025-02-06,2,1,2025,1200578,62,27067,1,0,Ertiga,VXI
SAL001404,VIN0001405,DLR013,CUST19895,2025-09-18,9,1,2025,573304,82,20559,1,0,Celerio,ZXI
SAL001405,VIN0001406,DLR005,CUST17716,2025-09-25,9,1,2025,784103,62,5741,1,0,Ignis,AGS
SAL001406,VIN0001407,DLR008,CUST10503,2025-01-07,1,1,2025,1432800,85,31955,0,0,Alto,Delta
SAL001407,VIN0001408,DLR014,CUST04783,2025-01-20,1,1,2025,1374506,34,9115,1,1,Grand Vitara,ZXI
SAL001408,VIN0001409,DLR014,CUST12179,2025-04-25,4,1,2025,502433,31,15655,0,0,Ertiga,AGS
SAL001409,VIN0001410,DLR018,CUST19052,2025-03-06,3,1,2025,912546,49,40424,1,1,Swift,ZXI
SAL001410,VIN0001411,DLR001,CUST16057,2025-12-27,12,1,2025,1026061,53,34579,1,0,Swift,VXI
SAL001411,VIN0001412,DLR026,CUST11553,2025-10-11,10,1,2025,1472513,54,23971,1,0,Alto,AGS
SAL001412,VIN0001413,DLR026,CUST22320,2025-12-26,12,1,2025,811274,41,38759,1,0,Celerio,LXI
SAL001413,VIN0001414,DLR001,CUST06250,2025-09-19,9,1,2025,1031342,31,41772,0,0,Ertiga,VXI
SAL001414,VIN0001415,DLR030,CUST10806,2025-07-10,7,1,2025,1232764,89,7461,1,0,Celerio,Alpha
SAL001415,VIN0001416,DLR014,CUST12714,2025-03-04,3,1,2025,699250,39,24198,1,0,Baleno,AGS
SAL001416,VIN0001417,DLR004,CUST02244,2025-09-27,9,1,2025,1079844,50,41612,1,0,Baleno,ZXI
SAL001417,VIN0001418,DLR008,CUST06260,2025-01-25,1,1,2025,1412204,66,44750,1,0,Swift,Alpha
SAL001418,VIN0001419,DLR018,CUST20738,2025-09-10,9,1,2025,1437703,26,29184,1,0,Swift,LXI
SAL001419,VIN0001420,DLR020,CUST21885,2025-07-14,7,1,2025,1208861,38,34589,0,0,Baleno,Delta
SAL001420,VIN0001421,DLR023,CUST12056,2025-06-10,6,1,2025,792238,5,20700,1,0,Brezza,ZXI
SAL001421,VIN0001422,DLR014,CUST03532,2025-02-28,2,1,2025,894958,31,44877,0,0,Dzire,Delta
SAL001422,VIN0001423,DLR012,CUST23712,2025-03-28,3,1,2025,1169311,62,27004,1,1,Baleno,Delta
SAL001423,VIN0001424,DLR001,CUST06014,2025-04-28,4,1,2025,597944,78,8497,1,0,Celerio,AGS
SAL001424,VIN0001425,DLR023,CUST20634,2025-08-08,8,1,2025,985848,30,7444,0,0,Ertiga,Alpha
SAL001425,VIN0001426,DLR017,CUST00598,2025-11-23,11,1,2025,952210,35,6539,0,0,Swift,ZXI
SAL001426,VIN0001427,DLR029,CUST06205,2025-07-24,7,1,2025,658571,68,26545,1,0,Alto,AT
SAL001427,VIN0001428,DLR019,CUST16787,2025-11-22,11,1,2025,958175,75,34040,1,0,Alto,Delta
SAL001428,VIN0001429,DLR016,CUST17678,2025-05-27,5,1,2025,913015,68,33705,1,0,Baleno,ZXI
SAL001429,VIN0001430,DLR007,CUST07062,2025-12-14,12,1,2025,738089,23,38829,1,0,Ertiga,MT
SAL001430,VIN0001431,DLR025,CUST06487,2025-02-25,2,1,2025,969632,80,26401,1,0,Celerio,AT
SAL001431,VIN0001432,DLR017,CUST02993,2025-02-15,2,1,2025,1460062,21,35400,1,0,Brezza,Sigma
SAL001432,VIN0001433,DLR013,CUST24105,2025-08-28,8,1,2025,738350,49,37054,0,0,Baleno,AGS
SAL001433,VIN0001434,DLR015,CUST22994,2025-01-04,1,1,2025,1388398,33,19858,1,0,Grand Vitara,Delta
SAL001434,VIN0001435,DLR015,CUST01833,2025-07-13,7,1,2025,641869,68,28410,1,0,Baleno,VXI
SAL001435,VIN0001436,DLR012,CUST00926,2025-03-01,3,1,2025,1215286,33,32264,1,0,Swift,ZXI
SAL001436,VIN0001437,DLR025,CUST10712,2025-04-13,4,1,2025,1242325,50,33236,0,1,Alto,VXI
SAL001437,VIN0001438,DLR010,CUST01589,2025-05-24,5,1,2025,1130612,89,13897,1,0,Alto,Sigma
SAL001438,VIN0001439,DLR018,CUST09542,2025-09-18,9,1,2025,1421806,29,25723,1,1,Grand Vitara,Sigma
SAL001439,VIN0001440,DLR004,CUST19187,2025-09-09,9,1,2025,603946,24,21654,1,0,Brezza,AGS
SAL001440,VIN0001441,DLR025,CUST09294,2025-05-21,5,1,2025,650756,48,5607,1,0,Dzire,AGS
SAL001441,VIN0001442,DLR001,CUST04794,2025-11-21,11,1,2025,945964,31,18742,0,0,Ignis,LXI
SAL001442,VIN0001443,DLR014,CUST05721,2025-01-23,1,1,2025,809568,53,44739,0,1,Ignis,AGS
SAL001443,VIN0001444,DLR029,CUST20958,2025-01-13,1,1,2025,1197983,33,5506,1,1,Grand Vitara,LXI
SAL001444,VIN0001445,DLR027,CUST09228,2025-12-15,12,1,2025,1212648,74,27666,1,1,Alto,LXI
SAL001445,VIN0001446,DLR030,CUST03139,2025-06-28,6,1,2025,873729,25,30066,0,0,Dzire,VXI
SAL001446,VIN0001447,DLR012,CUST06852,2025-05-01,5,1,2025,972106,15,39133,0,0,Grand Vitara,Alpha
SAL001447,VIN0001448,DLR023,CUST20104,2025-07-01,7,1,2025,1241242,57,25821,0,0,Swift,LXI
SAL001448,VIN0001449,DLR017,CUST04816,2025-12-22,12,1,2025,847782,48,6715,1,0,Ignis,MT
SAL001449,VIN0001450,DLR022,CUST09842,2025-04-19,4,1,2025,1230012,49,34287,0,1,Swift,Delta
SAL001450,VIN0001451,DLR022,CUST21143,2025-09-16,9,1,2025,1166534,74,20256,1,0,Alto,LXI
SAL001451,VIN0001452,DLR010,CUST06937,2025-03-26,3,1,2025,783370,72,24358,1,0,Alto,MT
SAL001452,VIN0001453,DLR014,CUST01687,2025-06-25,6,1,2025,698669,40,25889,1,0,Ignis,Alpha
SAL001453,VIN0001454,DLR010,CUST06331,2025-10-16,10,1,2025,850030,26,15431,0,1,Brezza,AT
SAL001454,VIN0001455,DLR019,CUST20875,2025-10-28,10,1,2025,1305051,59,43700,1,0,Swift,AGS
SAL001455,VIN0001456,DLR026,CUST07625,2025-05-12,5,1,2025,1102107,43,7423,0,0,Swift,Sigma
SAL001456,VIN0001457,DLR002,CUST07260,2025-12-26,12,1,2025,1250557,26,37619,1,0,Brezza,LXI
SAL001457,VIN0001458,DLR015,CUST11898,2025-09-01,9,1,2025,584366,25,5048,1,0,Ertiga,MT
SAL001458,VIN0001459,DLR019,CUST06115,2025-05-22,5,1,2025,1068303,68,15994,1,1,Dzire,ZXI
SAL001459,VIN0001460,DLR017,CUST23795,2025-12-09,12,1,2025,1344526,66,27275,1,0,Ertiga,LXI
SAL001460,VIN0001461,DLR012,CUST16474,2025-04-09,4,1,2025,578724,27,17068,0,0,Grand Vitara,Sigma
SAL001461,VIN0001462,DLR004,CUST15900,2025-01-20,1,1,2025,891694,77,38249,1,0,Celerio,LXI
SAL001462,VIN0001463,DLR008,CUST02492,2025-04-11,4,1,2025,605028,9,28860,0,0,Brezza,Sigma
SAL001463,VIN0001464,DLR025,CUST04748,2025-03-20,3,1,2025,1319466,27,9829,1,0,Swift,MT
SAL001464,VIN0001465,DLR023,CUST23158,2025-12-18,12,1,2025,1388822,21,23871,1,1,Baleno,ZXI
SAL001465,VIN0001466,DLR018,CUST04181,2025-10-18,10,1,2025,694479,46,14852,0,0,Ignis,VXI
SAL001466,VIN0001467,DLR017,CUST13619,2025-02-01,2,1,2025,1030768,40,12522,1,0,Dzire,Alpha
SAL001467,VIN0001468,DLR001,CUST20425,2025-02-08,2,1,2025,726894,49,24398,0,0,Alto,Sigma
SAL001468,VIN0001469,DLR027,CUST05621,2025-11-13,11,1,2025,1204886,36,37092,1,1,Ertiga,Sigma
SAL001469,VIN0001470,DLR005,CUST07376,2025-05-11,5,1,2025,857996,43,29276,0,1,Ertiga,MT
SAL001470,VIN0001471,DLR026,CUST05046,2025-01-02,1,1,2025,1496911,8,33520,1,0,Brezza,AT
SAL001471,VIN0001472,DLR015,CUST13779,2025-09-13,9,1,2025,853805,74,18116,1,1,Alto,AT
SAL001472,VIN0001473,DLR023,CUST16306,2025-10-22,10,1,2025,856606,66,11832,1,0,Baleno,Delta
SAL001473,VIN0001474,DLR029,CUST23681,2025-06-24,6,1,2025,938517,63,26351,1,0,Ertiga,VXI
SAL001474,VIN0001475,DLR014,CUST08246,2025-01-01,1,1,2025,1414876,39,42227,0,0,Baleno,Alpha
SAL001475,VIN0001476,DLR026,CUST23243,2025-06-26,6,1,2025,1269121,31,16798,1,0,Swift,Alpha
SAL001476,VIN0001477,DLR001,CUST18750,2025-04-23,4,1,2025,1371183,88,35990,0,0,Alto,AT
SAL001477,VIN0001478,DLR022,CUST24280,2025-09-02,9,1,2025,1414472,59,23122,0,0,Alto,LXI
SAL001478,VIN0001479,DLR011,CUST02623,2025-08-28,8,1,2025,514885,50,10156,0,1,Alto,ZXI
SAL001479,VIN0001480,DLR009,CUST07942,2025-11-19,11,1,2025,1361123,34,39500,1,1,Dzire,MT
SAL001480,VIN0001481,DLR025,CUST16576,2025-01-21,1,1,2025,1057099,24,19238,1,0,Grand Vitara,VXI
SAL001481,VIN0001482,DLR018,CUST19492,2025-04-27,4,1,2025,947798,49,14604,0,1,Swift,AT
SAL001482,VIN0001483,DLR019,CUST13270,2025-04-09,4,1,2025,1154699,22,23362,1,0,Swift,LXI
SAL001483,VIN0001484,DLR015,CUST14793,2025-07-26,7,1,2025,988274,31,42050,1,0,Brezza,VXI
SAL001484,VIN0001485,DLR014,CUST20816,2025-02-28,2,1,2025,1010907,68,16605,0,0,Swift,ZXI
SAL001485,VIN0001486,DLR010,CUST05165,2025-07-02,7,1,2025,1009760,21,15649,1,0,Dzire,AGS
SAL001486,VIN0001487,DLR007,CUST20928,2025-03-25,3,1,2025,1149427,35,37284,0,1,Baleno,AGS
SAL001487,VIN0001488,DLR016,CUST12136,2025-09-02,9,1,2025,1210529,13,32320,0,1,Grand Vitara,Delta
SAL001488,VIN0001489,DLR009,CUST20488,2025-05-08,5,1,2025,692910,6,40773,0,0,Brezza,Delta
SAL001489,VIN0001490,DLR016,CUST08496,2025-09-27,9,1,2025,773623,69,39555,0,0,Ertiga,LXI
SAL001490,VIN0001491,DLR018,CUST16627,2025-06-24,6,1,2025,837770,33,17985,0,1,Ignis,LXI
SAL001491,VIN0001492,DLR003,CUST05557,2025-12-04,12,1,2025,786161,12,18237,1,0,Brezza,Delta
SAL001492,VIN0001493,DLR026,CUST22138,2025-05-24,5,1,2025,1328395,24,12947,0,0,Ertiga,ZXI
SAL001493,VIN0001494,DLR009,CUST07752,2025-05-09,5,1,2025,796941,36,11810,0,1,Swift,LXI
SAL001494,VIN0001495,DLR028,CUST09884,2025-06-22,6,1,2025,1159023,44,6408,1,1,Baleno,Delta
SAL001495,VIN0001496,DLR014,CUST08560,2025-03-20,3,1,2025,919640,12,42983,0,1,Brezza,ZXI
SAL001496,VIN0001497,DLR001,CUST07029,2025-09-23,9,1,2025,1111049,60,6783,1,0,Baleno,Delta
SAL001497,VIN0001498,DLR007,CUST23349,2025-12-25,12,1,2025,916124,35,27328,0,0,Baleno,Delta
SAL001498,VIN0001499,DLR011,CUST00286,2025-05-10,5,1,2025,546663,54,37247,0,0,Celerio,AGS
SAL001499,VIN0001500,DLR030,CUST05256,2025-03-21,3,1,2025,778675,33,23097,1,1,Grand Vitara,AGS
SAL001500,VIN0001501,DLR015,CUST15303,2025-03-15,3,1,2025,577887,22,44138,0,1,Baleno,VXI
SAL001501,VIN0001502,DLR010,CUST08744,2025-10-08,10,1,2025,913274,29,32929,1,0,Ertiga,Delta
SAL001502,VIN0001503,DLR009,CUST23433,2025-12-09,12,1,2025,1031105,25,15234,1,0,Swift,MT
SAL001503,VIN0001504,DLR017,CUST03373,2025-02-25,2,1,2025,1253718,81,33040,1,0,Alto,AT
SAL001504,VIN0001505,DLR006,CUST10361,2025-12-23,12,1,2025,1391331,15,41627,0,1,Brezza,VXI
SAL001505,VIN0001506,DLR014,CUST10108,2025-02-23,2,1,2025,645998,51,24084,1,0,Alto,AGS
SAL001506,VIN0001507,DLR016,CUST20474,2025-11-11,11,1,2025,1030143,60,15124,1,0,Swift,Alpha
SAL001507,VIN0001508,DLR029,CUST15965,2025-08-20,8,1,2025,1210915,66,35019,0,0,Alto,Sigma
SAL001508,VIN0001509,DLR002,CUST22840,2025-07-03,7,1,2025,1166860,30,34988,1,0,Baleno,AGS
SAL001509,VIN0001510,DLR011,CUST23476,2025-11-25,11,1,2025,1075060,23,7067,1,0,Grand Vitara,LXI
SAL001510,VIN0001511,DLR027,CUST07553,2025-11-21,11,1,2025,1485392,52,33934,0,1,Baleno,AGS
SAL001511,VIN0001512,DLR022,CUST07486,2025-08-05,8,1,2025,1202610,49,30327,0,0,Swift,ZXI
SAL001512,VIN0001513,DLR016,CUST15165,2025-12-12,12,1,2025,1482501,70,26661,0,0,Swift,VXI
SAL001513,VIN0001514,DLR017,CUST19617,2025-08-14,8,1,2025,1109889,36,5159,1,0,Swift,ZXI
SAL001514,VIN0001515,DLR028,CUST22155,2025-01-14,1,1,2025,670781,77,11430,1,0,Alto,Alpha
SAL001515,VIN0001516,DLR018,CUST20870,2025-12-02,12,1,2025,1271936,35,43564,1,0,Ertiga,LXI
SAL001516,VIN0001517,DLR011,CUST09746,2025-03-21,3,1,2025,677635,11,33463,1,0,Brezza,ZXI
SAL001517,VIN0001518,DLR014,CUST13279,2025-09-24,9,1,2025,1497981,62,31866,1,0,Swift,AGS
SAL001518,VIN0001519,DLR020,CUST04495,2025-08-07,8,1,2025,809973,57,17831,0,0,Baleno,AGS
SAL001519,VIN0001520,DLR023,CUST22445,2025-08-01,8,1,2025,1107477,41,43479,1,1,Brezza,Delta
SAL001520,VIN0001521,DLR010,CUST07912,2025-05-03,5,1,2025,1377311,25,18815,1,1,Ignis,Sigma
SAL001521,VIN0001522,DLR015,CUST05371,2025-04-09,4,1,2025,1308689,67,25092,0,0,Alto,MT
SAL001522,VIN0001523,DLR008,CUST06466,2025-10-16,10,1,2025,544215,45,19394,1,0,Alto,MT
SAL001523,VIN0001524,DLR025,CUST07404,2025-08-24,8,1,2025,1267192,22,22743,1,1,Baleno,AGS
SAL001524,VIN0001525,DLR011,CUST13085,2025-03-28,3,1,2025,1381739,30,20668,1,0,Swift,MT
SAL001525,VIN0001526,DLR006,CUST13732,2025-04-28,4,1,2025,1169724,37,43737,1,0,Baleno,AT
SAL001526,VIN0001527,DLR018,CUST16076,2025-12-20,12,1,2025,1067999,28,26129,1,0,Dzire,VXI
SAL001527,VIN0001528,DLR004,CUST19010,2025-05-23,5,1,2025,1166385,26,36503,1,0,Brezza,MT
SAL001528,VIN0001529,DLR007,CUST16939,2025-10-23,10,1,2025,1265427,28,30640,1,0,Swift,Delta
SAL001529,VIN0001530,DLR018,CUST06694,2025-02-12,2,1,2025,1248057,30,23146,1,0,Swift,MT
SAL001530,VIN0001531,DLR018,CUST19544,2025-11-12,11,1,2025,1427478,20,34559,0,1,Baleno,VXI
SAL001531,VIN0001532,DLR001,CUST14171,2025-10-06,10,1,2025,920305,48,22001,1,0,Baleno,ZXI
SAL001532,VIN0001533,DLR011,CUST15829,2025-09-22,9,1,2025,516059,82,32478,1,1,Alto,AGS
SAL001533,VIN0001534,DLR028,CUST22468,2025-06-26,6,1,2025,1221829,53,22741,0,0,Celerio,AT
SAL001534,VIN0001535,DLR002,CUST21896,2025-12-14,12,1,2025,1330926,26,21645,1,1,Dzire,Alpha
SAL001535,VIN0001536,DLR019,CUST16673,2025-09-02,9,1,2025,1358384,24,34598,1,0,Swift,Sigma
SAL001536,VIN0001537,DLR017,CUST21913,2025-09-16,9,1,2025,948844,58,40381,0,1,Ignis,AT
SAL001537,VIN0001538,DLR029,CUST13278,2025-02-18,2,1,2025,745170,65,36110,1,0,Dzire,AT
SAL001538,VIN0001539,DLR001,CUST17747,2025-05-08,5,1,2025,746559,45,11224,1,0,Swift,Sigma
SAL001539,VIN0001540,DLR015,CUST23127,2025-04-27,4,1,2025,632419,61,24541,1,1,Dzire,Sigma
SAL001540,VIN0001541,DLR027,CUST18565,2025-12-16,12,1,2025,1044147,25,29894,1,0,Baleno,Delta
SAL001541,VIN0001542,DLR012,CUST07132,2025-06-19,6,1,2025,506424,68,17141,1,1,Alto,VXI
SAL001542,VIN0001543,DLR016,CUST05013,2025-07-16,7,1,2025,541395,45,21102,0,0,Brezza,MT
SAL001543,VIN0001544,DLR030,CUST06695,2025-05-10,5,1,2025,1308882,46,19687,1,0,Ignis,Delta
SAL001544,VIN0001545,DLR009,CUST07859,2025-12-20,12,1,2025,1384855,68,23069,1,1,Swift,ZXI
SAL001545,VIN0001546,DLR015,CUST08683,2025-08-16,8,1,2025,1033801,58,6644,1,0,Alto,AT
SAL001546,VIN0001547,DLR006,CUST04926,2025-02-10,2,1,2025,1480249,14,36218,0,0,Brezza,Sigma
SAL001547,VIN0001548,DLR008,CUST04052,2025-02-04,2,1,2025,891021,70,37734,1,1,Ertiga,AGS
SAL001548,VIN0001549,DLR012,CUST04460,2025-11-12,11,1,2025,902006,67,10427,1,1,Ertiga,LXI
SAL001549,VIN0001550,DLR002,CUST09873,2025-09-08,9,1,2025,1477096,57,26836,1,0,Alto,VXI
SAL001550,VIN0001551,DLR006,CUST05807,2025-11-21,11,1,2025,687375,45,27274,1,0,Ertiga,AT
SAL001551,VIN0001552,DLR020,CUST22113,2025-09-23,9,1,2025,1396828,79,24014,0,0,Alto,AGS
SAL001552,VIN0001553,DLR012,CUST22111,2025-07-18,7,1,2025,1400379,29,17870,1,0,Swift,MT
SAL001553,VIN0001554,DLR004,CUST10831,2025-03-20,3,1,2025,1019300,26,8388,0,0,Ignis,MT
SAL001554,VIN0001555,DLR010,CUST05496,2025-11-23,11,1,2025,1498536,26,6448,1,0,Dzire,AGS
SAL001555,VIN0001556,DLR018,CUST06584,2025-01-15,1,1,2025,1173436,59,12779,1,1,Ignis,MT
SAL001556,VIN0001557,DLR001,CUST01507,2025-09-12,9,1,2025,1433099,39,42026,1,0,Baleno,Alpha
SAL001557,VIN0001558,DLR029,CUST01683,2025-03-01,3,1,2025,1138372,39,12833,1,0,Brezza,Sigma
SAL001558,VIN0001559,DLR028,CUST07352,2025-10-26,10,1,2025,1368213,35,7550,0,1,Baleno,Sigma
SAL001559,VIN0001560,DLR024,CUST09282,2025-02-19,2,1,2025,825230,22,43804,0,1,Baleno,MT
SAL001560,VIN0001561,DLR022,CUST04509,2025-11-25,11,1,2025,709684,30,6690,1,0,Swift,Delta
SAL001561,VIN0001562,DLR021,CUST15023,2025-12-08,12,1,2025,920744,75,20551,1,1,Celerio,AGS
SAL001562,VIN0001563,DLR006,CUST08233,2025-04-02,4,1,2025,1206270,34,35171,1,0,Baleno,Alpha
SAL001563,VIN0001564,DLR027,CUST24315,2025-12-08,12,1,2025,681381,56,45000,0,0,Celerio,Sigma
SAL001564,VIN0001565,DLR030,CUST15502,2025-01-12,1,1,2025,558449,42,26839,1,0,Ertiga,LXI
SAL001565,VIN0001566,DLR003,CUST12802,2025-09-11,9,1,2025,1057955,41,40898,0,0,Swift,VXI
SAL001566,VIN0001567,DLR028,CUST04607,2025-06-09,6,1,2025,684610,70,44318,0,1,Swift,VXI
SAL001567,VIN0001568,DLR007,CUST22488,2025-01-13,1,1,2025,702094,84,29948,1,0,Alto,Delta
SAL001568,VIN0001569,DLR008,CUST05882,2025-05-08,5,1,2025,645002,51,7610,1,0,Alto,Delta
SAL001569,VIN0001570,DLR006,CUST15839,2025-10-06,10,1,2025,1328454,53,34375,0,0,Swift,AGS
SAL001570,VIN0001571,DLR016,CUST24643,2025-02-24,2,1,2025,1146581,90,18000,1,0,Celerio,MT
SAL001571,VIN0001572,DLR024,CUST07080,2025-11-05,11,1,2025,1246405,47,19178,0,1,Dzire,Delta
SAL001572,VIN0001573,DLR006,CUST20812,2025-08-11,8,1,2025,1017191,36,32171,0,0,Brezza,Sigma
SAL001573,VIN0001574,DLR001,CUST19533,2025-10-17,10,1,2025,1384150,34,6758,1,0,Ertiga,MT
SAL001574,VIN0001575,DLR022,CUST11144,2025-01-09,1,1,2025,884650,30,44634,1,0,Dzire,Delta
SAL001575,VIN0001576,DLR028,CUST19368,2025-07-16,7,1,2025,1314117,46,23608,0,0,Ignis,Sigma
SAL001576,VIN0001577,DLR006,CUST04203,2025-12-10,12,1,2025,973334,51,13078,1,0,Baleno,LXI
SAL001577,VIN0001578,DLR009,CUST06592,2025-08-15,8,1,2025,1128922,53,35336,1,0,Celerio,LXI
SAL001578,VIN0001579,DLR011,CUST01713,2025-11-28,11,1,2025,601740,40,5920,1,0,Baleno,LXI
SAL001579,VIN0001580,DLR002,CUST09263,2025-07-03,7,1,2025,1036442,46,35589,1,0,Dzire,Alpha
SAL001580,VIN0001581,DLR013,CUST01092,2025-10-27,10,1,2025,1198768,19,40213,1,0,Brezza,Alpha
SAL001581,VIN0001582,DLR024,CUST01651,2025-05-04,5,1,2025,598031,79,37951,1,1,Alto,AGS
SAL001582,VIN0001583,DLR022,CUST18950,2025-11-15,11,1,2025,794053,56,20585,0,1,Alto,AT
SAL001583,VIN0001584,DLR015,CUST20685,2025-04-13,4,1,2025,1017702,36,12366,1,0,Ertiga,MT
SAL001584,VIN0001585,DLR014,CUST05145,2025-04-05,4,1,2025,778250,66,13101,0,0,Baleno,AGS
SAL001585,VIN0001586,DLR028,CUST16589,2025-06-23,6,1,2025,739691,65,31001,1,1,Swift,MT
SAL001586,VIN0001587,DLR027,CUST12852,2025-05-16,5,1,2025,1162278,75,10797,0,0,Celerio,Sigma
SAL001587,VIN0001588,DLR008,CUST17829,2025-03-25,3,1,2025,546444,26,9062,0,0,Brezza,LXI
SAL001588,VIN0001589,DLR012,CUST08022,2025-08-12,8,1,2025,895232,49,10387,1,0,Ertiga,Sigma
SAL001589,VIN0001590,DLR018,CUST17259,2025-01-13,1,1,2025,1198319,7,24272,1,0,Brezza,LXI
SAL001590,VIN0001591,DLR013,CUST01733,2025-10-14,10,1,2025,1123686,64,9103,1,0,Alto,Delta
SAL001591,VIN0001592,DLR010,CUST02500,2025-03-07,3,1,2025,1322568,38,8348,1,0,Brezza,AGS
SAL001592,VIN0001593,DLR022,CUST22662,2025-08-09,8,1,2025,1345019,61,39181,1,0,Swift,AT
SAL001593,VIN0001594,DLR002,CUST11933,2025-05-27,5,1,2025,1071865,40,17682,0,0,Grand Vitara,Alpha
SAL001594,VIN0001595,DLR017,CUST23577,2025-10-17,10,1,2025,771267,53,22883,1,0,Baleno,Sigma
SAL001595,VIN0001596,DLR013,CUST19339,2025-03-26,3,1,2025,933235,42,39123,1,0,Baleno,Delta
SAL001596,VIN0001597,DLR012,CUST09924,2025-10-04,10,1,2025,595002,32,40505,1,0,Baleno,ZXI
SAL001597,VIN0001598,DLR005,CUST08095,2025-08-12,8,1,2025,1136538,37,27665,1,1,Baleno,ZXI
SAL001598,VIN0001599,DLR027,CUST15681,2025-04-17,4,1,2025,1406217,25,29474,0,0,Ertiga,VXI
SAL001599,VIN0001600,DLR028,CUST02542,2025-05-14,5,1,2025,579230,77,15294,1,0,Alto,AGS
SAL001600,VIN0001601,DLR006,CUST12208,2025-02-23,2,1,2025,658416,35,5688,1,0,Brezza,AGS
SAL001601,VIN0001602,DLR016,CUST02209,2025-04-05,4,1,2025,1300936,73,6870,1,0,Alto,Sigma
SAL001602,VIN0001603,DLR012,CUST06561,2025-12-05,12,1,2025,742055,87,42505,1,0,Celerio,AGS
SAL001603,VIN0001604,DLR020,CUST10151,2025-05-11,5,1,2025,1003326,52,23125,1,0,Dzire,ZXI
SAL001604,VIN0001605,DLR030,CUST13265,2025-11-02,11,1,2025,1432892,45,39848,1,1,Ignis,Delta
SAL001605,VIN0001606,DLR028,CUST24188,2025-02-06,2,1,2025,600143,45,29127,1,0,Dzire,AGS
SAL001606,VIN0001607,DLR010,CUST16319,2025-10-11,10,1,2025,925857,13,9912,0,0,Brezza,AGS
SAL001607,VIN0001608,DLR005,CUST04651,2025-07-05,7,1,2025,728186,29,19624,1,0,Brezza,AT
SAL001608,VIN0001609,DLR010,CUST19825,2025-08-10,8,1,2025,688464,37,14663,1,0,Swift,AT
SAL001609,VIN0001610,DLR029,CUST00169,2025-11-01,11,1,2025,657686,49,20678,0,1,Alto,VXI
SAL001610,VIN0001611,DLR008,CUST24374,2025-10-04,10,1,2025,767737,27,43986,1,0,Ertiga,AT
SAL001611,VIN0001612,DLR004,CUST21176,2025-09-22,9,1,2025,1443706,20,15613,0,0,Brezza,MT
SAL001612,VIN0001613,DLR028,CUST00577,2025-06-26,6,1,2025,1451923,50,32050,1,0,Swift,Alpha
SAL001613,VIN0001614,DLR003,CUST05985,2025-06-14,6,1,2025,1052229,51,41910,0,0,Ertiga,Sigma
SAL001614,VIN0001615,DLR027,CUST18467,2025-03-05,3,1,2025,1164310,28,43734,1,0,Ertiga,VXI
SAL001615,VIN0001616,DLR026,CUST13416,2025-04-05,4,1,2025,856231,59,41069,1,0,Baleno,Sigma
SAL001616,VIN0001617,DLR010,CUST18007,2025-01-10,1,1,2025,1298880,25,20838,1,0,Grand Vitara,MT
SAL001617,VIN0001618,DLR021,CUST22716,2025-03-21,3,1,2025,625814,24,17291,1,0,Baleno,MT
SAL001618,VIN0001619,DLR029,CUST23735,2025-01-04,1,1,2025,937157,80,16746,0,0,Alto,LXI
SAL001619,VIN0001620,DLR004,CUST18168,2025-05-22,5,1,2025,822720,66,31224,0,0,Baleno,MT
SAL001620,VIN0001621,DLR005,CUST05080,2025-05-21,5,1,2025,1431369,61,20376,1,1,Celerio,Alpha
SAL001621,VIN0001622,DLR021,CUST06871,2025-02-11,2,1,2025,1419728,37,37198,1,0,Brezza,AT
SAL001622,VIN0001623,DLR027,CUST08070,2025-08-23,8,1,2025,906729,28,31818,0,0,Brezza,Sigma
SAL001623,VIN0001624,DLR020,CUST13885,2025-08-16,8,1,2025,1050401,26,37830,1,0,Swift,Alpha
SAL001624,VIN0001625,DLR007,CUST22415,2025-05-26,5,1,2025,977242,44,23919,0,0,Swift,VXI
SAL001625,VIN0001626,DLR004,CUST04762,2025-07-13,7,1,2025,603632,39,30986,1,0,Grand Vitara,Alpha
SAL001626,VIN0001627,DLR017,CUST24948,2025-08-22,8,1,2025,974094,49,33727,1,0,Swift,Delta
SAL001627,VIN0001628,DLR022,CUST15656,2025-12-12,12,1,2025,827165,18,33707,1,1,Grand Vitara,Delta
SAL001628,VIN0001629,DLR027,CUST14924,2025-02-22,2,1,2025,526029,20,37026,1,0,Swift,ZXI
SAL001629,VIN0001630,DLR006,CUST19433,2025-08-27,8,1,2025,543536,35,22189,0,0,Baleno,VXI
SAL001630,VIN0001631,DLR017,CUST06552,2025-01-18,1,1,2025,1108773,54,33333,0,1,Swift,LXI
SAL001631,VIN0001632,DLR004,CUST04091,2025-08-28,8,1,2025,572088,47,41386,1,0,Alto,Alpha
SAL001632,VIN0001633,DLR009,CUST12910,2025-10-21,10,1,2025,1432376,39,41329,0,1,Brezza,AT
SAL001633,VIN0001634,DLR018,CUST10574,2025-07-28,7,1,2025,1460034,20,21689,1,0,Swift,Alpha
SAL001634,VIN0001635,DLR027,CUST05206,2025-09-03,9,1,2025,1265090,69,38864,1,0,Ignis,Sigma
SAL001635,VIN0001636,DLR009,CUST18740,2025-12-20,12,1,2025,1086432,20,23415,1,0,Grand Vitara,Delta
SAL001636,VIN0001637,DLR007,CUST15370,2025-04-05,4,1,2025,647368,58,36437,1,0,Swift,Alpha
SAL001637,VIN0001638,DLR002,CUST02972,2025-06-07,6,1,2025,602394,52,36529,0,0,Alto,LXI
SAL001638,VIN0001639,DLR029,CUST04502,2025-05-11,5,1,2025,681008,35,22909,0,0,Ertiga,AGS
SAL001639,VIN0001640,DLR021,CUST17356,2025-01-20,1,1,2025,1200757,28,7300,1,0,Swift,AT
SAL001640,VIN0001641,DLR030,CUST17326,2025-06-08,6,1,2025,952330,49,30362,1,0,Ertiga,ZXI
SAL001641,VIN0001642,DLR004,CUST04758,2025-11-19,11,1,2025,1420584,51,25276,1,1,Baleno,AGS
SAL001642,VIN0001643,DLR028,CUST09729,2025-05-26,5,1,2025,1431882,47,20757,0,1,Ertiga,AGS
SAL001643,VIN0001644,DLR006,CUST19782,2025-04-14,4,1,2025,797919,40,11998,0,0,Ertiga,Sigma
SAL001644,VIN0001645,DLR009,CUST08216,2025-10-21,10,1,2025,816211,54,19596,1,1,Swift,VXI
SAL001645,VIN0001646,DLR008,CUST08510,2025-05-02,5,1,2025,793464,52,23638,0,1,Swift,Sigma
SAL001646,VIN0001647,DLR011,CUST21092,2025-09-12,9,1,2025,1477920,28,44257,1,0,Baleno,Alpha
SAL001647,VIN0001648,DLR025,CUST11563,2025-01-22,1,1,2025,892970,21,12363,0,1,Swift,MT
SAL001648,VIN0001649,DLR020,CUST02235,2025-11-22,11,1,2025,533747,56,33444,1,1,Baleno,LXI
SAL001649,VIN0001650,DLR004,CUST01684,2025-05-15,5,1,2025,822455,23,15222,0,1,Brezza,AT
SAL001650,VIN0001651,DLR021,CUST02363,2025-08-20,8,1,2025,534248,56,21231,1,1,Swift,ZXI
SAL001651,VIN0001652,DLR015,CUST03906,2025-03-11,3,1,2025,924531,57,31612,1,1,Baleno,MT
SAL001652,VIN0001653,DLR030,CUST11325,2025-10-04,10,1,2025,723707,40,41890,1,0,Grand Vitara,Sigma
SAL001653,VIN0001654,DLR022,CUST16833,2025-10-06,10,1,2025,1258309,12,23615,0,0,Brezza,Sigma
SAL001654,VIN0001655,DLR030,CUST23340,2025-12-11,12,1,2025,1197712,30,39238,1,0,Swift,LXI
SAL001655,VIN0001656,DLR006,CUST09431,2025-08-28,8,1,2025,1289718,49,42153,1,1,Celerio,ZXI
SAL001656,VIN0001657,DLR002,CUST01000,2025-06-12,6,1,2025,902428,42,38772,0,0,Dzire,Delta
SAL001657,VIN0001658,DLR012,CUST21943,2025-08-17,8,1,2025,929044,45,23140,0,1,Ertiga,Delta
SAL001658,VIN0001659,DLR018,CUST02173,2025-12-10,12,1,2025,1427691,62,22827,1,1,Baleno,Sigma
SAL001659,VIN0001660,DLR025,CUST04739,2025-05-06,5,1,2025,1294865,33,23426,1,1,Swift,AGS
SAL001660,VIN0001661,DLR028,CUST05392,2025-03-10,3,1,2025,1452408,45,27849,1,1,Ignis,AT
SAL001661,VIN0001662,DLR014,CUST12643,2025-02-23,2,1,2025,1031051,5,11145,0,1,Brezza,AT
SAL001662,VIN0001663,DLR017,CUST14611,2025-01-20,1,1,2025,835784,24,36730,1,1,Ertiga,MT
SAL001663,VIN0001664,DLR015,CUST24583,2025-04-02,4,1,2025,1309481,65,20285,1,1,Ertiga,AGS
SAL001664,VIN0001665,DLR014,CUST13258,2025-05-13,5,1,2025,1076915,21,11061,0,0,Brezza,ZXI
SAL001665,VIN0001666,DLR011,CUST12174,2025-07-26,7,1,2025,1170991,41,33349,0,0,Alto,LXI
SAL001666,VIN0001667,DLR010,CUST00304,2025-03-01,3,1,2025,1490229,28,29636,1,0,Baleno,LXI
SAL001667,VIN0001668,DLR020,CUST21455,2025-04-28,4,1,2025,804215,20,16220,0,1,Baleno,Sigma
SAL001668,VIN0001669,DLR007,CUST06940,2025-01-24,1,1,2025,548514,78,40528,1,0,Alto,AGS
SAL001669,VIN0001670,DLR024,CUST05113,2025-08-28,8,1,2025,1370659,82,25656,0,0,Celerio,AT
SAL001670,VIN0001671,DLR018,CUST19038,2025-10-10,10,1,2025,1366938,59,18528,0,1,Swift,VXI
SAL001671,VIN0001672,DLR025,CUST01396,2025-04-11,4,1,2025,745207,49,41182,1,0,Ertiga,LXI
SAL001672,VIN0001673,DLR011,CUST04881,2025-04-04,4,1,2025,1336424,69,9924,0,0,Baleno,AGS
SAL001673,VIN0001674,DLR027,CUST22959,2025-02-09,2,1,2025,868263,60,14926,1,0,Swift,AT
SAL001674,VIN0001675,DLR026,CUST03734,2025-02-03,2,1,2025,960549,57,11524,0,0,Dzire,Delta
SAL001675,VIN0001676,DLR007,CUST24165,2025-08-03,8,1,2025,600420,60,24462,1,0,Swift,AT
SAL001676,VIN0001677,DLR019,CUST04488,2025-05-12,5,1,2025,975483,6,39663,1,0,Brezza,Delta
SAL001677,VIN0001678,DLR030,CUST22020,2025-03-24,3,1,2025,938429,37,25657,0,1,Swift,Sigma
SAL001678,VIN0001679,DLR030,CUST06802,2025-06-18,6,1,2025,1429026,39,31145,1,0,Baleno,AT
SAL001679,VIN0001680,DLR012,CUST24010,2025-12-27,12,1,2025,585479,59,32565,1,0,Dzire,Alpha
SAL001680,VIN0001681,DLR015,CUST08526,2025-06-04,6,1,2025,1238114,21,37370,0,0,Swift,AGS
SAL001681,VIN0001682,DLR002,CUST06983,2025-04-03,4,1,2025,1418419,53,17848,1,0,Swift,Delta
SAL001682,VIN0001683,DLR001,CUST14389,2025-01-20,1,1,2025,736789,25,14790,1,0,Brezza,Alpha
SAL001683,VIN0001684,DLR030,CUST01448,2025-02-16,2,1,2025,776643,63,11269,0,0,Swift,Sigma
SAL001684,VIN0001685,DLR010,CUST24999,2025-01-19,1,1,2025,1172389,67,15253,1,0,Swift,LXI
SAL001685,VIN0001686,DLR019,CUST06527,2025-06-06,6,1,2025,1097438,19,34851,1,1,Brezza,LXI
SAL001686,VIN0001687,DLR009,CUST20129,2025-01-26,1,1,2025,1092925,24,22008,1,0,Brezza,LXI
SAL001687,VIN0001688,DLR006,CUST16756,2025-08-14,8,1,2025,713260,84,44643,1,0,Alto,Delta
SAL001688,VIN0001689,DLR004,CUST10859,2025-05-20,5,1,2025,902703,29,30911,0,0,Baleno,LXI
SAL001689,VIN0001690,DLR007,CUST01252,2025-02-09,2,1,2025,675704,65,28223,0,0,Swift,Sigma
SAL001690,VIN0001691,DLR030,CUST01090,2025-11-09,11,1,2025,546379,32,13975,1,1,Grand Vitara,VXI
SAL001691,VIN0001692,DLR009,CUST04927,2025-10-15,10,1,2025,582177,35,34065,1,0,Baleno,ZXI
SAL001692,VIN0001693,DLR015,CUST15562,2025-03-17,3,1,2025,1170622,17,16321,1,1,Brezza,ZXI
SAL001693,VIN0001694,DLR005,CUST18145,2025-01-12,1,1,2025,1459376,35,18747,1,0,Swift,LXI
SAL001694,VIN0001695,DLR009,CUST12991,2025-09-23,9,1,2025,1255995,69,36335,0,1,Baleno,ZXI
SAL001695,VIN0001696,DLR023,CUST08632,2025-06-27,6,1,2025,800122,37,40584,0,0,Dzire,AT
SAL001696,VIN0001697,DLR003,CUST02950,2025-08-11,8,1,2025,918141,34,38286,1,0,Dzire,ZXI
SAL001697,VIN0001698,DLR020,CUST05341,2025-04-11,4,1,2025,532169,28,29545,1,0,Brezza,MT
SAL001698,VIN0001699,DLR010,CUST17330,2025-12-13,12,1,2025,1145427,58,39191,1,0,Ignis,VXI
SAL001699,VIN0001700,DLR014,CUST15378,2025-06-05,6,1,2025,1157818,29,8160,0,0,Baleno,AGS
SAL001700,VIN0001701,DLR025,CUST00216,2025-10-11,10,1,2025,828733,47,19188,1,0,Baleno,Delta
SAL001701,VIN0001702,DLR021,CUST08156,2025-03-08,3,1,2025,815781,9,11710,1,0,Brezza,AGS
SAL001702,VIN0001703,DLR005,CUST13810,2025-05-17,5,1,2025,945225,62,23223,1,0,Swift,AT
SAL001703,VIN0001704,DLR013,CUST23168,2025-05-14,5,1,2025,660553,61,35582,0,0,Swift,Alpha
SAL001704,VIN0001705,DLR014,CUST18027,2025-08-22,8,1,2025,1238186,39,34978,0,0,Ertiga,Delta
SAL001705,VIN0001706,DLR003,CUST20598,2025-09-11,9,1,2025,964317,58,19750,0,1,Swift,Alpha
SAL001706,VIN0001707,DLR009,CUST13620,2025-08-08,8,1,2025,619348,70,16553,0,0,Baleno,Alpha
SAL001707,VIN0001708,DLR003,CUST11952,2025-12-10,12,1,2025,587480,40,44245,1,1,Ertiga,MT
SAL001708,VIN0001709,DLR022,CUST15671,2025-01-27,1,1,2025,564222,15,44832,1,0,Brezza,LXI
SAL001709,VIN0001710,DLR010,CUST24878,2025-12-19,12,1,2025,934962,54,7445,1,0,Swift,AT
SAL001710,VIN0001711,DLR014,CUST08441,2025-07-04,7,1,2025,1489678,34,27470,0,0,Baleno,ZXI
SAL001711,VIN0001712,DLR025,CUST02151,2025-09-08,9,1,2025,1410499,63,31114,1,0,Alto,LXI
SAL001712,VIN0001713,DLR003,CUST08759,2025-06-28,6,1,2025,1151207,64,34183,1,1,Swift,Alpha
SAL001713,VIN0001714,DLR005,CUST16191,2025-11-22,11,1,2025,1429749,59,9213,1,0,Baleno,AGS
SAL001714,VIN0001715,DLR021,CUST09454,2025-05-14,5,1,2025,1155417,33,23775,0,0,Brezza,ZXI
SAL001715,VIN0001716,DLR001,CUST11966,2025-01-20,1,1,2025,1320386,46,39304,0,1,Swift,AT
SAL001716,VIN0001717,DLR030,CUST19576,2025-04-08,4,1,2025,1030581,10,26392,1,1,Brezza,Delta
SAL001717,VIN0001718,DLR018,CUST24861,2025-07-21,7,1,2025,750749,32,41359,0,1,Swift,Sigma
SAL001718,VIN0001719,DLR026,CUST13736,2025-02-12,2,1,2025,1431933,53,17655,0,0,Dzire,VXI
SAL001719,VIN0001720,DLR027,CUST17389,2025-02-07,2,1,2025,536460,45,19324,1,0,Baleno,AT
SAL001720,VIN0001721,DLR025,CUST16196,2025-03-13,3,1,2025,1214416,65,29842,1,0,Baleno,AT
SAL001721,VIN0001722,DLR006,CUST05399,2025-04-07,4,1,2025,1306052,37,10698,0,0,Ertiga,Alpha
SAL001722,VIN0001723,DLR006,CUST19548,2025-09-13,9,1,2025,1373951,58,29508,1,0,Alto,AGS
SAL001723,VIN0001724,DLR027,CUST20858,2025-12-17,12,1,2025,1331390,78,43054,0,0,Alto,AGS
SAL001724,VIN0001725,DLR021,CUST11092,2025-04-03,4,1,2025,503015,70,37510,1,0,Ertiga,ZXI
SAL001725,VIN0001726,DLR004,CUST05667,2025-08-15,8,1,2025,686261,67,21743,1,0,Baleno,Sigma
SAL001726,VIN0001727,DLR022,CUST18525,2025-05-13,5,1,2025,1186481,58,35726,1,1,Swift,AGS
SAL001727,VIN0001728,DLR013,CUST11009,2025-09-23,9,1,2025,950566,42,13277,1,0,Brezza,AT
SAL001728,VIN0001729,DLR013,CUST10801,2025-05-11,5,1,2025,892603,42,39830,0,1,Ertiga,Alpha
SAL001729,VIN0001730,DLR002,CUST15995,2025-03-23,3,1,2025,1365862,22,22533,0,1,Ertiga,ZXI
SAL001730,VIN0001731,DLR002,CUST06364,2025-06-22,6,1,2025,1118141,31,27007,1,1,Brezza,AT
SAL001731,VIN0001732,DLR023,CUST21485,2025-07-21,7,1,2025,542566,49,5880,0,0,Alto,LXI
SAL001732,VIN0001733,DLR013,CUST02855,2025-03-21,3,1,2025,597675,39,35550,0,1,Ertiga,AGS
SAL001733,VIN0001734,DLR027,CUST04157,2025-10-03,10,1,2025,981948,39,22528,1,1,Ignis,MT
SAL001734,VIN0001735,DLR016,CUST22989,2025-03-09,3,1,2025,711192,66,19474,1,0,Ertiga,LXI
SAL001735,VIN0001736,DLR020,CUST00322,2025-03-02,3,1,2025,704616,70,33907,1,1,Swift,AT
SAL001736,VIN0001737,DLR012,CUST19123,2025-11-24,11,1,2025,1472962,42,16908,1,0,Brezza,AT
SAL001737,VIN0001738,DLR001,CUST20167,2025-03-22,3,1,2025,512226,55,10809,1,0,Swift,ZXI
SAL001738,VIN0001739,DLR011,CUST21262,2025-11-20,11,1,2025,519272,33,35826,1,1,Ignis,Delta
SAL001739,VIN0001740,DLR028,CUST02474,2025-02-14,2,1,2025,1229934,66,34080,1,1,Baleno,Alpha
SAL001740,VIN0001741,DLR018,CUST09048,2025-10-06,10,1,2025,1328533,70,31633,0,0,Dzire,LXI
SAL001741,VIN0001742,DLR004,CUST16215,2025-04-21,4,1,2025,1333975,78,12013,0,1,Alto,AGS
SAL001742,VIN0001743,DLR019,CUST22447,2025-01-10,1,1,2025,1014487,21,33986,1,1,Brezza,Sigma
SAL001743,VIN0001744,DLR020,CUST03017,2025-09-11,9,1,2025,1382665,83,32803,0,1,Alto,Sigma
SAL001744,VIN0001745,DLR024,CUST01609,2025-11-19,11,1,2025,1088588,17,11331,0,0,Brezza,LXI
SAL001745,VIN0001746,DLR024,CUST16841,2025-08-25,8,1,2025,744168,24,43332,1,0,Grand Vitara,Sigma
SAL001746,VIN0001747,DLR016,CUST04242,2025-09-07,9,1,2025,551147,40,9021,1,0,Ertiga,AT
SAL001747,VIN0001748,DLR026,CUST03278,2025-01-14,1,1,2025,529896,68,15625,0,0,Celerio,Alpha
SAL001748,VIN0001749,DLR026,CUST02818,2025-07-03,7,1,2025,1239971,75,35482,0,1,Alto,Alpha
SAL001749,VIN0001750,DLR022,CUST20885,2025-03-22,3,1,2025,986559,46,23497,0,0,Ertiga,AGS
SAL001750,VIN0001751,DLR015,CUST08976,2025-11-02,11,1,2025,1054302,31,41367,1,0,Ertiga,MT
SAL001751,VIN0001752,DLR017,CUST14920,2025-06-28,6,1,2025,785241,66,5226,1,0,Celerio,LXI
SAL001752,VIN0001753,DLR016,CUST08031,2025-05-02,5,1,2025,1147267,50,30297,0,1,Baleno,LXI
SAL001753,VIN0001754,DLR021,CUST09258,2025-11-04,11,1,2025,1486874,44,32398,1,0,Dzire,VXI
SAL001754,VIN0001755,DLR019,CUST09258,2025-10-01,10,1,2025,1026846,65,39585,1,0,Alto,ZXI
SAL001755,VIN0001756,DLR002,CUST17258,2025-01-04,1,1,2025,823185,20,17042,1,0,Ertiga,Alpha
SAL001756,VIN0001757,DLR015,CUST17943,2025-09-19,9,1,2025,1326841,18,24033,1,0,Brezza,AGS
SAL001757,VIN0001758,DLR003,CUST13349,2025-02-03,2,1,2025,799772,38,23102,1,1,Swift,AGS
SAL001758,VIN0001759,DLR011,CUST18992,2025-07-25,7,1,2025,982199,40,33346,0,0,Ertiga,Sigma
SAL001759,VIN0001760,DLR013,CUST23019,2025-07-13,7,1,2025,1262180,9,26954,1,0,Grand Vitara,VXI
SAL001760,VIN0001761,DLR007,CUST24283,2025-04-18,4,1,2025,1098469,65,32049,1,1,Ertiga,Alpha
SAL001761,VIN0001762,DLR013,CUST09754,2025-03-22,3,1,2025,529526,42,41144,1,1,Alto,AGS
SAL001762,VIN0001763,DLR021,CUST11614,2025-02-07,2,1,2025,983931,64,30472,1,1,Dzire,AT
SAL001763,VIN0001764,DLR024,CUST13480,2025-09-17,9,1,2025,552473,23,25443,0,0,Baleno,VXI
SAL001764,VIN0001765,DLR013,CUST13301,2025-01-12,1,1,2025,585732,55,32084,1,0,Alto,Alpha
SAL001765,VIN0001766,DLR027,CUST17960,2025-05-08,5,1,2025,815981,32,25949,0,0,Ertiga,ZXI
SAL001766,VIN0001767,DLR014,CUST07303,2025-11-14,11,1,2025,1071812,35,43244,0,0,Baleno,Delta
SAL001767,VIN0001768,DLR027,CUST01620,2025-07-24,7,1,2025,782878,64,32728,0,0,Swift,MT
SAL001768,VIN0001769,DLR021,CUST22491,2025-01-04,1,1,2025,797534,31,38901,0,1,Grand Vitara,AT
SAL001769,VIN0001770,DLR010,CUST00594,2025-02-07,2,1,2025,1165452,24,30714,0,0,Baleno,Delta
SAL001770,VIN0001771,DLR026,CUST17448,2025-03-06,3,1,2025,793867,78,19359,1,1,Alto,MT
SAL001771,VIN0001772,DLR007,CUST04769,2025-03-07,3,1,2025,1330473,75,19494,0,0,Alto,MT
SAL001772,VIN0001773,DLR003,CUST15713,2025-05-20,5,1,2025,1400598,30,30329,1,1,Dzire,VXI
SAL001773,VIN0001774,DLR009,CUST23927,2025-09-15,9,1,2025,652058,52,18779,0,0,Swift,LXI
SAL001774,VIN0001775,DLR007,CUST17637,2025-06-28,6,1,2025,1093620,54,19496,0,1,Dzire,VXI
SAL001775,VIN0001776,DLR004,CUST08778,2025-08-23,8,1,2025,1417461,43,9550,1,0,Brezza,Alpha
SAL001776,VIN0001777,DLR024,CUST00305,2025-12-17,12,1,2025,1243147,58,39867,0,0,Alto,AT
SAL001777,VIN0001778,DLR020,CUST14699,2025-06-20,6,1,2025,1276161,42,42962,1,0,Swift,Sigma
SAL001778,VIN0001779,DLR004,CUST00723,2025-02-19,2,1,2025,1186203,54,13475,0,1,Baleno,ZXI
SAL001779,VIN0001780,DLR025,CUST03055,2025-04-04,4,1,2025,1018221,42,33490,0,1,Baleno,MT
SAL001780,VIN0001781,DLR008,CUST04881,2025-01-02,1,1,2025,746925,46,9348,1,1,Baleno,ZXI
SAL001781,VIN0001782,DLR021,CUST05065,2025-10-09,10,1,2025,738842,52,10114,1,1,Swift,AT
SAL001782,VIN0001783,DLR026,CUST19046,2025-03-06,3,1,2025,1432031,24,27416,1,0,Swift,Sigma
SAL001783,VIN0001784,DLR003,CUST15163,2025-07-23,7,1,2025,1204690,67,33655,1,1,Swift,Delta
SAL001784,VIN0001785,DLR002,CUST17768,2025-12-17,12,1,2025,853742,58,19010,1,0,Celerio,LXI
SAL001785,VIN0001786,DLR011,CUST12676,2025-04-17,4,1,2025,1072466,27,22949,1,1,Brezza,AGS
SAL001786,VIN0001787,DLR028,CUST21862,2025-10-06,10,1,2025,791404,22,44440,1,1,Swift,AT
SAL001787,VIN0001788,DLR023,CUST09155,2025-12-12,12,1,2025,712998,17,17244,1,0,Brezza,ZXI
SAL001788,VIN0001789,DLR025,CUST11799,2025-01-08,1,1,2025,520931,32,40569,0,1,Dzire,ZXI
SAL001789,VIN0001790,DLR025,CUST02723,2025-02-20,2,1,2025,1402156,27,24683,1,1,Brezza,LXI
SAL001790,VIN0001791,DLR018,CUST04798,2025-07-14,7,1,2025,623665,40,12330,1,0,Ignis,AGS
SAL001791,VIN0001792,DLR007,CUST14261,2025-11-05,11,1,2025,797247,13,9271,0,0,Brezza,Alpha
SAL001792,VIN0001793,DLR008,CUST07578,2025-09-24,9,1,2025,1274589,38,25420,1,0,Swift,Delta
SAL001793,VIN0001794,DLR015,CUST15858,2025-04-06,4,1,2025,632073,45,13387,1,0,Baleno,Sigma
SAL001794,VIN0001795,DLR020,CUST21970,2025-09-15,9,1,2025,840943,67,12001,1,1,Celerio,AGS
SAL001795,VIN0001796,DLR013,CUST20652,2025-10-28,10,1,2025,1243366,46,25426,1,0,Baleno,AGS
SAL001796,VIN0001797,DLR005,CUST19494,2025-10-04,10,1,2025,841792,66,24704,1,1,Ertiga,Alpha
SAL001797,VIN0001798,DLR003,CUST11306,2025-11-16,11,1,2025,594196,15,14183,1,0,Brezza,AGS
SAL001798,VIN0001799,DLR021,CUST03291,2025-05-15,5,1,2025,730512,51,18594,1,0,Swift,Sigma
SAL001799,VIN0001800,DLR014,CUST10280,2025-08-19,8,1,2025,924694,16,13503,1,0,Brezza,AGS
SAL001800,VIN0001801,DLR009,CUST21669,2025-12-27,12,1,2025,1459393,43,38411,1,0,Ertiga,VXI
SAL001801,VIN0001802,DLR025,CUST17639,2025-12-06,12,1,2025,881529,21,42818,1,0,Ertiga,ZXI
SAL001802,VIN0001803,DLR026,CUST20105,2025-04-03,4,1,2025,1331636,27,37175,0,1,Ertiga,MT
SAL001803,VIN0001804,DLR020,CUST18727,2025-04-11,4,1,2025,591809,43,26241,1,1,Swift,AGS
SAL001804,VIN0001805,DLR012,CUST22217,2025-04-02,4,1,2025,1428572,52,29372,0,0,Alto,Delta
SAL001805,VIN0001806,DLR012,CUST22055,2025-05-09,5,1,2025,591125,53,7864,1,0,Alto,MT
SAL001806,VIN0001807,DLR027,CUST13216,2025-12-07,12,1,2025,1132724,66,6287,1,1,Ertiga,AT
SAL001807,VIN0001808,DLR004,CUST14804,2025-02-18,2,1,2025,693713,26,44907,1,0,Dzire,Delta
SAL001808,VIN0001809,DLR019,CUST18372,2025-08-25,8,1,2025,593916,40,32758,0,0,Alto,LXI
SAL001809,VIN0001810,DLR023,CUST01930,2025-06-09,6,1,2025,1479290,31,41588,0,0,Brezza,AGS
SAL001810,VIN0001811,DLR001,CUST15991,2025-02-22,2,1,2025,767897,22,8212,0,0,Ertiga,Alpha
SAL001811,VIN0001812,DLR012,CUST00759,2025-07-04,7,1,2025,844389,29,26665,1,0,Swift,AGS
SAL001812,VIN0001813,DLR001,CUST01015,2025-01-12,1,1,2025,588387,19,19590,1,0,Brezza,MT
SAL001813,VIN0001814,DLR007,CUST21188,2025-10-17,10,1,2025,676155,61,20944,0,0,Swift,ZXI
SAL001814,VIN0001815,DLR015,CUST13664,2025-09-25,9,1,2025,1467176,43,34678,1,0,Baleno,LXI
SAL001815,VIN0001816,DLR007,CUST23342,2025-05-03,5,1,2025,1220817,46,31483,0,1,Ertiga,MT
SAL001816,VIN0001817,DLR014,CUST01107,2025-08-06,8,1,2025,818368,44,40516,1,0,Alto,LXI
SAL001817,VIN0001818,DLR007,CUST05508,2025-10-11,10,1,2025,1290798,68,12546,0,0,Alto,Sigma
SAL001818,VIN0001819,DLR022,CUST03586,2025-06-20,6,1,2025,908210,52,11000,0,0,Ertiga,LXI
SAL001819,VIN0001820,DLR030,CUST18758,2025-06-27,6,1,2025,1482206,45,15933,1,1,Ertiga,MT
SAL001820,VIN0001821,DLR011,CUST21086,2025-07-12,7,1,2025,747156,39,43726,1,0,Swift,Alpha
SAL001821,VIN0001822,DLR012,CUST07109,2025-02-18,2,1,2025,1235498,34,22382,0,0,Brezza,LXI
SAL001822,VIN0001823,DLR025,CUST17952,2025-10-23,10,1,2025,557460,44,19930,0,1,Celerio,AGS
SAL001823,VIN0001824,DLR022,CUST23954,2025-07-05,7,1,2025,936659,90,14676,0,0,Alto,Alpha
SAL001824,VIN0001825,DLR017,CUST00141,2025-06-04,6,1,2025,885536,61,29582,0,0,Swift,ZXI
SAL001825,VIN0001826,DLR023,CUST22865,2025-05-15,5,1,2025,933510,36,43675,1,0,Swift,Alpha
SAL001826,VIN0001827,DLR009,CUST04569,2025-08-12,8,1,2025,1295470,36,6228,0,1,Dzire,ZXI
SAL001827,VIN0001828,DLR002,CUST09570,2025-02-13,2,1,2025,1334071,20,11578,1,1,Baleno,ZXI
SAL001828,VIN0001829,DLR020,CUST21823,2025-07-28,7,1,2025,1036472,20,26964,1,0,Swift,MT
SAL001829,VIN0001830,DLR023,CUST00111,2025-10-11,10,1,2025,1119138,35,10473,0,0,Brezza,Sigma
SAL001830,VIN0001831,DLR015,CUST23459,2025-02-14,2,1,2025,702669,55,35867,1,0,Ignis,AT
SAL001831,VIN0001832,DLR021,CUST21213,2025-06-21,6,1,2025,1418862,56,30869,1,0,Baleno,ZXI
SAL001832,VIN0001833,DLR027,CUST04504,2025-02-23,2,1,2025,767964,34,29262,0,0,Swift,VXI
SAL001833,VIN0001834,DLR004,CUST07546,2025-04-05,4,1,2025,868684,67,15771,1,0,Dzire,AT
SAL001834,VIN0001835,DLR001,CUST02079,2025-02-12,2,1,2025,1406216,37,19753,0,0,Dzire,MT
SAL001835,VIN0001836,DLR022,CUST21710,2025-12-13,12,1,2025,1050702,13,14785,0,0,Brezza,VXI
SAL001836,VIN0001837,DLR023,CUST09394,2025-06-10,6,1,2025,1075066,25,43385,0,0,Swift,ZXI
SAL001837,VIN0001838,DLR021,CUST07783,2025-04-20,4,1,2025,668240,19,24098,1,0,Brezza,VXI
SAL001838,VIN0001839,DLR008,CUST13984,2025-01-01,1,1,2025,1043639,42,32134,1,0,Brezza,ZXI
SAL001839,VIN0001840,DLR005,CUST20692,2025-01-07,1,1,2025,588255,41,33825,1,1,Swift,MT
SAL001840,VIN0001841,DLR003,CUST14624,2025-03-01,3,1,2025,1175681,25,16882,0,1,Grand Vitara,LXI
SAL001841,VIN0001842,DLR005,CUST18885,2025-03-01,3,1,2025,573450,21,28335,1,0,Ertiga,MT
SAL001842,VIN0001843,DLR018,CUST07680,2025-01-14,1,1,2025,802707,69,30885,0,0,Dzire,Delta
SAL001843,VIN0001844,DLR028,CUST24264,2025-02-22,2,1,2025,612652,32,41361,0,1,Swift,Sigma
SAL001844,VIN0001845,DLR021,CUST14257,2025-12-15,12,1,2025,1229176,37,22852,1,0,Baleno,AT
SAL001845,VIN0001846,DLR016,CUST05269,2025-04-14,4,1,2025,805091,55,6536,1,1,Baleno,AT
SAL001846,VIN0001847,DLR020,CUST05062,2025-11-01,11,1,2025,998082,40,25205,1,0,Brezza,MT
SAL001847,VIN0001848,DLR017,CUST04752,2025-09-27,9,1,2025,1197029,40,35449,1,0,Ertiga,ZXI
SAL001848,VIN0001849,DLR023,CUST12370,2025-05-27,5,1,2025,1194112,40,40710,0,0,Ignis,VXI
SAL001849,VIN0001850,DLR023,CUST24732,2025-07-04,7,1,2025,1020504,35,36869,1,1,Brezza,Alpha
SAL001850,VIN0001851,DLR027,CUST17643,2025-07-06,7,1,2025,1139234,50,34792,1,1,Alto,MT
SAL001851,VIN0001852,DLR024,CUST02735,2025-02-24,2,1,2025,963487,15,26134,1,0,Brezza,VXI
SAL001852,VIN0001853,DLR005,CUST21859,2025-11-08,11,1,2025,904700,43,42399,0,0,Dzire,Alpha
SAL001853,VIN0001854,DLR013,CUST03086,2025-04-18,4,1,2025,1003347,45,34311,1,0,Ignis,VXI
SAL001854,VIN0001855,DLR012,CUST23187,2025-09-18,9,1,2025,587762,44,5394,1,0,Swift,AGS
SAL001855,VIN0001856,DLR002,CUST21116,2025-05-24,5,1,2025,839575,61,8971,1,0,Baleno,MT
SAL001856,VIN0001857,DLR008,CUST14085,2025-05-18,5,1,2025,838500,33,31024,1,1,Brezza,VXI
SAL001857,VIN0001858,DLR016,CUST01408,2025-12-14,12,1,2025,754241,62,41757,1,0,Baleno,ZXI
SAL001858,VIN0001859,DLR028,CUST22934,2025-12-13,12,1,2025,1265617,37,34160,1,1,Ertiga,Alpha
SAL001859,VIN0001860,DLR003,CUST22574,2025-02-23,2,1,2025,559838,38,42074,0,0,Ertiga,AGS
SAL001860,VIN0001861,DLR020,CUST05597,2025-03-17,3,1,2025,1006895,31,15969,1,1,Dzire,AT
SAL001861,VIN0001862,DLR011,CUST05752,2025-09-25,9,1,2025,510969,55,27460,0,0,Baleno,ZXI
SAL001862,VIN0001863,DLR030,CUST24775,2025-11-09,11,1,2025,1063431,12,40272,0,0,Brezza,AGS
SAL001863,VIN0001864,DLR008,CUST00465,2025-08-21,8,1,2025,976509,60,38466,1,1,Ertiga,VXI
SAL001864,VIN0001865,DLR027,CUST24850,2025-06-10,6,1,2025,1071210,7,26926,1,0,Brezza,AGS
SAL001865,VIN0001866,DLR023,CUST13309,2025-10-25,10,1,2025,941249,45,13243,1,0,Baleno,Delta
SAL001866,VIN0001867,DLR028,CUST15588,2025-04-10,4,1,2025,760410,39,6194,0,0,Swift,Sigma
SAL001867,VIN0001868,DLR021,CUST04703,2025-07-15,7,1,2025,1304879,69,37893,1,0,Swift,Sigma
SAL001868,VIN0001869,DLR017,CUST11826,2025-04-28,4,1,2025,786438,46,32041,0,1,Ertiga,LXI
SAL001869,VIN0001870,DLR028,CUST02635,2025-10-04,10,1,2025,1448069,60,13119,0,1,Celerio,VXI
SAL001870,VIN0001871,DLR014,CUST19015,2025-09-22,9,1,2025,901158,64,30966,1,0,Celerio,VXI
SAL001871,VIN0001872,DLR021,CUST01338,2025-12-12,12,1,2025,510194,42,43226,1,0,Brezza,Sigma
SAL001872,VIN0001873,DLR023,CUST20716,2025-05-16,5,1,2025,1490600,45,32012,1,0,Swift,LXI
SAL001873,VIN0001874,DLR013,CUST07797,2025-12-16,12,1,2025,1055658,21,21815,1,1,Ertiga,Delta
SAL001874,VIN0001875,DLR005,CUST18901,2025-08-24,8,1,2025,1356927,59,11301,0,0,Baleno,AGS
SAL001875,VIN0001876,DLR003,CUST08231,2025-07-19,7,1,2025,741910,66,12227,1,0,Ertiga,Alpha
SAL001876,VIN0001877,DLR026,CUST11688,2025-09-20,9,1,2025,1093404,71,26758,1,0,Celerio,Delta
SAL001877,VIN0001878,DLR009,CUST14458,2025-10-12,10,1,2025,1299816,29,6101,1,0,Ignis,AT
SAL001878,VIN0001879,DLR009,CUST19187,2025-09-16,9,1,2025,523726,20,34354,0,0,Swift,AT
SAL001879,VIN0001880,DLR018,CUST01678,2025-12-12,12,1,2025,637213,56,18108,1,1,Swift,Sigma
SAL001880,VIN0001881,DLR022,CUST15770,2025-12-23,12,1,2025,535471,50,35031,0,0,Ertiga,Delta
SAL001881,VIN0001882,DLR025,CUST09427,2025-01-18,1,1,2025,1476701,13,42683,1,0,Grand Vitara,Delta
SAL001882,VIN0001883,DLR002,CUST00121,2025-06-12,6,1,2025,1080910,57,6406,1,0,Swift,VXI
SAL001883,VIN0001884,DLR013,CUST19883,2025-03-16,3,1,2025,1433852,24,38291,1,1,Baleno,LXI
SAL001884,VIN0001885,DLR010,CUST08838,2025-01-27,1,1,2025,1454288,44,5864,1,0,Baleno,ZXI
SAL001885,VIN0001886,DLR003,CUST14647,2025-04-18,4,1,2025,853336,37,6288,1,0,Swift,MT
SAL001886,VIN0001887,DLR014,CUST20545,2025-11-24,11,1,2025,1450599,63,43924,0,1,Dzire,LXI
SAL001887,VIN0001888,DLR010,CUST19394,2025-09-14,9,1,2025,939830,23,44167,1,0,Baleno,AGS
SAL001888,VIN0001889,DLR002,CUST20766,2025-01-12,1,1,2025,855744,43,41925,0,0,Dzire,Alpha
SAL001889,VIN0001890,DLR014,CUST17807,2025-08-18,8,1,2025,894415,53,29189,1,1,Swift,Sigma
SAL001890,VIN0001891,DLR030,CUST09586,2025-08-19,8,1,2025,695210,69,39544,1,0,Swift,Delta
SAL001891,VIN0001892,DLR025,CUST21974,2025-03-19,3,1,2025,1422544,36,11507,1,0,Baleno,Delta
SAL001892,VIN0001893,DLR030,CUST16891,2025-09-16,9,1,2025,1327151,59,39065,1,0,Baleno,VXI
SAL001893,VIN0001894,DLR015,CUST11714,2025-11-13,11,1,2025,527437,50,34377,0,0,Ignis,Delta
SAL001894,VIN0001895,DLR013,CUST22109,2025-01-27,1,1,2025,1141833,23,12636,1,1,Brezza,AT
SAL001895,VIN0001896,DLR004,CUST19864,2025-10-20,10,1,2025,1295097,36,35314,1,1,Grand Vitara,Delta
SAL001896,VIN0001897,DLR007,CUST21645,2025-04-07,4,1,2025,1126324,53,33777,1,0,Baleno,LXI
SAL001897,VIN0001898,DLR003,CUST07736,2025-07-27,7,1,2025,1468412,47,7381,0,0,Swift,AT
SAL001898,VIN0001899,DLR022,CUST11788,2025-07-18,7,1,2025,1197652,81,34892,1,0,Alto,AGS
SAL001899,VIN0001900,DLR025,CUST11003,2025-06-08,6,1,2025,1221828,29,44363,1,0,Brezza,LXI
SAL001900,VIN0001901,DLR024,CUST04302,2025-06-19,6,1,2025,1117548,38,12289,1,1,Swift,Delta
SAL001901,VIN0001902,DLR027,CUST07725,2025-09-11,9,1,2025,1455807,14,8905,0,0,Grand Vitara,Delta
SAL001902,VIN0001903,DLR020,CUST03356,2025-04-18,4,1,2025,721466,25,29133,0,0,Swift,Alpha
SAL001903,VIN0001904,DLR011,CUST18298,2025-10-06,10,1,2025,1404129,28,23117,1,0,Brezza,ZXI
SAL001904,VIN0001905,DLR011,CUST19766,2025-04-01,4,1,2025,1482990,29,11534,1,1,Brezza,VXI
SAL001905,VIN0001906,DLR020,CUST03239,2025-03-26,3,1,2025,682004,23,6933,1,0,Dzire,Sigma
SAL001906,VIN0001907,DLR005,CUST01595,2025-12-12,12,1,2025,676275,20,7600,1,0,Ignis,ZXI
SAL001907,VIN0001908,DLR003,CUST20871,2025-03-12,3,1,2025,936977,82,39772,0,1,Alto,Sigma
SAL001908,VIN0001909,DLR029,CUST14675,2025-09-27,9,1,2025,1382069,45,17679,1,0,Celerio,ZXI
SAL001909,VIN0001910,DLR010,CUST00149,2025-02-15,2,1,2025,855048,35,11474,1,0,Grand Vitara,VXI
SAL001910,VIN0001911,DLR004,CUST19954,2025-11-02,11,1,2025,1485209,18,28842,1,0,Brezza,Delta
SAL001911,VIN0001912,DLR008,CUST18237,2025-02-28,2,1,2025,1112014,42,34716,0,0,Swift,ZXI
SAL001912,VIN0001913,DLR014,CUST11302,2025-02-16,2,1,2025,1217880,30,27423,1,1,Ertiga,ZXI
SAL001913,VIN0001914,DLR012,CUST02047,2025-04-06,4,1,2025,992386,37,43064,1,1,Ertiga,Delta
SAL001914,VIN0001915,DLR019,CUST03342,2025-10-28,10,1,2025,1154200,59,23438,1,0,Ertiga,AGS
SAL001915,VIN0001916,DLR029,CUST04153,2025-01-21,1,1,2025,766739,47,20377,1,1,Swift,Sigma
SAL001916,VIN0001917,DLR024,CUST06308,2025-04-21,4,1,2025,1141824,46,28040,0,0,Swift,AT
SAL001917,VIN0001918,DLR015,CUST17327,2025-07-21,7,1,2025,1465613,52,13090,1,0,Dzire,Sigma
SAL001918,VIN0001919,DLR002,CUST16372,2025-08-27,8,1,2025,534578,55,35199,1,0,Celerio,LXI
SAL001919,VIN0001920,DLR011,CUST00324,2025-10-23,10,1,2025,1141984,20,30506,0,1,Swift,Delta
SAL001920,VIN0001921,DLR001,CUST19143,2025-10-10,10,1,2025,861109,7,11982,0,0,Brezza,LXI
SAL001921,VIN0001922,DLR025,CUST16294,2025-12-02,12,1,2025,1403952,70,18229,1,0,Ertiga,VXI
SAL001922,VIN0001923,DLR019,CUST17574,2025-08-04,8,1,2025,1193454,23,5699,1,1,Brezza,Sigma
SAL001923,VIN0001924,DLR014,CUST18838,2025-12-22,12,1,2025,935897,35,12282,1,0,Baleno,ZXI
SAL001924,VIN0001925,DLR023,CUST14032,2025-12-26,12,1,2025,1392929,41,11035,0,0,Swift,LXI
SAL001925,VIN0001926,DLR012,CUST15854,2025-02-07,2,1,2025,993145,55,27687,0,0,Baleno,ZXI
SAL001926,VIN0001927,DLR022,CUST02610,2025-07-04,7,1,2025,1262422,59,28083,0,0,Baleno,Delta
SAL001927,VIN0001928,DLR021,CUST01801,2025-05-04,5,1,2025,647372,52,42173,0,1,Swift,MT
SAL001928,VIN0001929,DLR016,CUST11862,2025-05-13,5,1,2025,860216,24,8868,1,0,Dzire,ZXI
SAL001929,VIN0001930,DLR023,CUST00456,2025-06-03,6,1,2025,932343,41,14947,1,0,Brezza,Delta
SAL001930,VIN0001931,DLR020,CUST05223,2025-06-15,6,1,2025,851429,65,16795,1,0,Alto,AT
SAL001931,VIN0001932,DLR002,CUST12358,2025-07-20,7,1,2025,1326584,38,13994,0,0,Baleno,Sigma
SAL001932,VIN0001933,DLR001,CUST03061,2025-12-24,12,1,2025,1428114,86,25407,1,0,Alto,VXI
SAL001933,VIN0001934,DLR024,CUST13241,2025-08-22,8,1,2025,1066929,6,38988,0,0,Brezza,AGS
SAL001934,VIN0001935,DLR013,CUST07130,2025-12-23,12,1,2025,1089299,39,10411,1,1,Ertiga,LXI
SAL001935,VIN0001936,DLR015,CUST05046,2025-08-14,8,1,2025,732544,87,15208,1,0,Alto,MT
SAL001936,VIN0001937,DLR003,CUST13761,2025-05-13,5,1,2025,666878,49,30514,0,0,Ertiga,VXI
SAL001937,VIN0001938,DLR027,CUST02328,2025-12-15,12,1,2025,1198639,27,38829,1,1,Ertiga,AGS
SAL001938,VIN0001939,DLR015,CUST09297,2025-08-10,8,1,2025,697035,69,38323,1,0,Ignis,MT
SAL001939,VIN0001940,DLR016,CUST22764,2025-11-04,11,1,2025,1457408,38,19476,0,0,Brezza,Delta
SAL001940,VIN0001941,DLR010,CUST21624,2025-06-14,6,1,2025,672474,46,11358,1,0,Dzire,LXI
SAL001941,VIN0001942,DLR016,CUST11625,2025-07-09,7,1,2025,1421659,39,11513,1,0,Ertiga,ZXI
SAL001942,VIN0001943,DLR030,CUST23180,2025-02-22,2,1,2025,648542,43,12464,1,1,Alto,AGS
SAL001943,VIN0001944,DLR011,CUST01179,2025-07-17,7,1,2025,1315912,65,20890,1,0,Swift,Alpha
SAL001944,VIN0001945,DLR011,CUST20710,2025-09-25,9,1,2025,655900,47,14724,1,1,Ertiga,AT
SAL001945,VIN0001946,DLR004,CUST09684,2025-06-06,6,1,2025,748493,24,38765,0,1,Ignis,Sigma
SAL001946,VIN0001947,DLR005,CUST03260,2025-03-16,3,1,2025,1260268,64,5579,1,0,Dzire,VXI
SAL001947,VIN0001948,DLR003,CUST07550,2025-01-25,1,1,2025,633449,43,25190,1,1,Ertiga,MT
SAL001948,VIN0001949,DLR018,CUST07631,2025-02-18,2,1,2025,1058508,36,23602,0,0,Brezza,Sigma
SAL001949,VIN0001950,DLR029,CUST08253,2025-02-11,2,1,2025,1111699,29,30009,1,1,Baleno,MT
SAL001950,VIN0001951,DLR011,CUST18098,2025-11-18,11,1,2025,1160419,62,24810,0,1,Ignis,LXI
SAL001951,VIN0001952,DLR010,CUST23544,2025-09-26,9,1,2025,1484841,32,27932,1,0,Brezza,AGS
SAL001952,VIN0001953,DLR006,CUST00307,2025-06-20,6,1,2025,627438,63,34093,0,1,Swift,ZXI
SAL001953,VIN0001954,DLR018,CUST18172,2025-10-28,10,1,2025,1284142,19,35372,1,0,Brezza,Delta
SAL001954,VIN0001955,DLR017,CUST07549,2025-03-03,3,1,2025,1220105,39,28015,0,0,Brezza,AT
SAL001955,VIN0001956,DLR009,CUST22667,2025-07-08,7,1,2025,1257689,9,15163,0,0,Brezza,Delta
SAL001956,VIN0001957,DLR026,CUST21696,2025-01-08,1,1,2025,1050909,29,38661,0,0,Swift,MT
SAL001957,VIN0001958,DLR024,CUST20027,2025-09-02,9,1,2025,784029,53,28446,1,0,Alto,MT
SAL001958,VIN0001959,DLR030,CUST24472,2025-07-28,7,1,2025,840850,53,42027,1,1,Ertiga,Sigma
SAL001959,VIN0001960,DLR022,CUST24267,2025-05-21,5,1,2025,1203010,56,15625,0,1,Celerio,AGS
SAL001960,VIN0001961,DLR024,CUST18303,2025-12-11,12,1,2025,1156581,59,38189,0,1,Ertiga,ZXI
SAL001961,VIN0001962,DLR013,CUST22316,2025-04-10,4,1,2025,1000524,22,38420,1,0,Swift,AGS
SAL001962,VIN0001963,DLR030,CUST06517,2025-02-23,2,1,2025,689686,45,21319,1,0,Swift,LXI
SAL001963,VIN0001964,DLR004,CUST08941,2025-05-04,5,1,2025,573931,17,15035,0,0,Brezza,VXI
SAL001964,VIN0001965,DLR008,CUST22596,2025-02-04,2,1,2025,794979,73,34920,1,1,Alto,Sigma
SAL001965,VIN0001966,DLR005,CUST24126,2025-06-03,6,1,2025,1080095,68,14311,1,0,Swift,AGS
SAL001966,VIN0001967,DLR019,CUST01909,2025-05-18,5,1,2025,1139593,23,24690,1,1,Ertiga,Delta
SAL001967,VIN0001968,DLR013,CUST13641,2025-12-23,12,1,2025,782330,18,41007,0,1,Grand Vitara,AGS
SAL001968,VIN0001969,DLR024,CUST17834,2025-06-03,6,1,2025,833367,70,15296,1,0,Ertiga,ZXI
SAL001969,VIN0001970,DLR009,CUST05446,2025-09-02,9,1,2025,875317,10,41237,1,1,Brezza,ZXI
SAL001970,VIN0001971,DLR002,CUST23666,2025-01-06,1,1,2025,859146,45,29638,0,0,Alto,VXI
SAL001971,VIN0001972,DLR020,CUST14730,2025-03-09,3,1,2025,848954,44,43566,1,0,Swift,ZXI
SAL001972,VIN0001973,DLR023,CUST22694,2025-10-01,10,1,2025,1101883,24,16626,0,0,Brezza,Sigma
SAL001973,VIN0001974,DLR028,CUST05133,2025-02-05,2,1,2025,538833,43,12887,1,0,Grand Vitara,Delta
SAL001974,VIN0001975,DLR003,CUST02651,2025-06-10,6,1,2025,502211,61,28000,1,1,Alto,Alpha
SAL001975,VIN0001976,DLR007,CUST18360,2025-09-08,9,1,2025,833883,56,9346,1,0,Dzire,AGS
SAL001976,VIN0001977,DLR025,CUST07150,2025-07-18,7,1,2025,913011,15,32999,0,0,Brezza,Delta
SAL001977,VIN0001978,DLR023,CUST19266,2025-11-20,11,1,2025,880829,70,41980,1,1,Alto,MT
SAL001978,VIN0001979,DLR028,CUST02243,2025-03-12,3,1,2025,869298,83,35021,0,1,Celerio,Delta
SAL001979,VIN0001980,DLR012,CUST24638,2025-10-19,10,1,2025,963606,35,30444,0,0,Brezza,AT
SAL001980,VIN0001981,DLR022,CUST20873,2025-10-26,10,1,2025,781488,66,29947,1,0,Alto,AGS
SAL001981,VIN0001982,DLR005,CUST03270,2025-07-23,7,1,2025,1077847,46,34200,1,0,Ignis,Delta
SAL001982,VIN0001983,DLR025,CUST15306,2025-09-26,9,1,2025,590647,66,9558,1,0,Ignis,Delta
SAL001983,VIN0001984,DLR006,CUST24333,2025-11-14,11,1,2025,753550,68,26884,1,0,Alto,Delta
SAL001984,VIN0001985,DLR029,CUST04977,2025-01-09,1,1,2025,1360993,36,35493,1,0,Swift,AT
SAL001985,VIN0001986,DLR003,CUST07572,2025-06-22,6,1,2025,1053547,26,15082,1,1,Swift,LXI
SAL001986,VIN0001987,DLR001,CUST03135,2025-12-01,12,1,2025,1464520,10,16657,1,1,Brezza,VXI
SAL001987,VIN0001988,DLR016,CUST13931,2025-08-09,8,1,2025,808912,41,33744,0,1,Swift,LXI
SAL001988,VIN0001989,DLR020,CUST14218,2025-11-28,11,1,2025,1224972,30,23477,1,0,Ertiga,AGS
SAL001989,VIN0001990,DLR012,CUST13960,2025-03-04,3,1,2025,1291125,46,8060,1,0,Alto,ZXI
SAL001990,VIN0001991,DLR026,CUST22079,2025-04-11,4,1,2025,1413938,26,40195,1,1,Swift,Sigma
SAL001991,VIN0001992,DLR009,CUST23627,2025-02-07,2,1,2025,1152279,46,25638,0,1,Swift,VXI
SAL001992,VIN0001993,DLR013,CUST24609,2025-04-11,4,1,2025,756018,53,33013,1,0,Dzire,ZXI
SAL001993,VIN0001994,DLR015,CUST21877,2025-05-22,5,1,2025,1057078,11,8738,0,1,Brezza,VXI
SAL001994,VIN0001995,DLR029,CUST10370,2025-06-02,6,1,2025,1372165,44,5553,1,0,Celerio,Alpha
SAL001995,VIN0001996,DLR015,CUST21456,2025-09-09,9,1,2025,1454801,62,28454,1,0,Ignis,LXI
SAL001996,VIN0001997,DLR023,CUST04424,2025-02-02,2,1,2025,514166,27,7987,1,0,Grand Vitara,VXI
SAL001997,VIN0001998,DLR002,CUST09188,2025-06-09,6,1,2025,1406550,28,14435,1,1,Brezza,MT
SAL001998,VIN0001999,DLR016,CUST06314,2025-09-06,9,1,2025,959979,46,32525,1,1,Alto,LXI
SAL001999,VIN0002000,DLR003,CUST19060,2025-02-18,2,1,2025,1203479,45,42019,1,0,Grand Vitara,Sigma
SAL002000,VIN0002001,DLR012,CUST00276,2025-09-21,9,1,2025,1362114,78,12620,1,0,Alto,VXI
SAL002001,VIN0002002,DLR015,CUST10480,2025-05-05,5,1,2025,1191421,45,22253,1,1,Grand Vitara,AT
SAL002002,VIN0002003,DLR027,CUST16910,2025-03-14,3,1,2025,861051,30,25416,1,1,Swift,Alpha
SAL002003,VIN0002004,DLR024,CUST20982,2025-11-16,11,1,2025,790834,68,10038,1,0,Baleno,VXI
SAL002004,VIN0002005,DLR018,CUST08409,2025-01-08,1,1,2025,784217,26,23833,0,0,Dzire,Sigma
SAL002005,VIN0002006,DLR003,CUST19102,2025-11-24,11,1,2025,891297,68,25865,0,0,Alto,AT
SAL002006,VIN0002007,DLR025,CUST24391,2025-12-14,12,1,2025,546553,22,8407,0,0,Ertiga,AT
SAL002007,VIN0002008,DLR004,CUST04620,2025-05-24,5,1,2025,776556,34,17892,0,0,Ertiga,AT
SAL002008,VIN0002009,DLR024,CUST15473,2025-05-01,5,1,2025,908968,22,10845,1,0,Brezza,VXI
SAL002009,VIN0002010,DLR026,CUST11363,2025-04-09,4,1,2025,1180563,46,9758,1,0,Swift,Delta
SAL002010,VIN0002011,DLR021,CUST02084,2025-02-14,2,1,2025,994643,47,31741,1,1,Swift,MT
SAL002011,VIN0002012,DLR007,CUST18597,2025-02-14,2,1,2025,1136909,33,20389,1,0,Baleno,LXI
SAL002012,VIN0002013,DLR012,CUST15134,2025-12-01,12,1,2025,1007931,19,14236,1,0,Brezza,MT
SAL002013,VIN0002014,DLR018,CUST23392,2025-05-13,5,1,2025,1329776,88,6726,0,1,Alto,Sigma
SAL002014,VIN0002015,DLR019,CUST08043,2025-06-07,6,1,2025,1169094,18,8555,1,1,Brezza,VXI
SAL002015,VIN0002016,DLR008,CUST08242,2025-08-21,8,1,2025,1234376,70,5657,0,0,Baleno,Sigma
SAL002016,VIN0002017,DLR028,CUST06879,2025-05-19,5,1,2025,1333002,36,43973,0,0,Swift,AT
SAL002017,VIN0002018,DLR021,CUST08062,2025-11-04,11,1,2025,1057790,52,42083,0,0,Dzire,MT
SAL002018,VIN0002019,DLR002,CUST23464,2025-08-26,8,1,2025,1441461,67,21577,1,0,Baleno,Delta
SAL002019,VIN0002020,DLR019,CUST03352,2025-09-27,9,1,2025,883697,27,6100,0,0,Grand Vitara,Alpha
SAL002020,VIN0002021,DLR018,CUST08656,2025-11-19,11,1,2025,852742,75,10734,0,0,Alto,ZXI
SAL002021,VIN0002022,DLR001,CUST23732,2025-10-21,10,1,2025,1171933,67,39139,1,0,Baleno,ZXI
SAL002022,VIN0002023,DLR020,CUST24398,2025-12-03,12,1,2025,818047,71,40203,1,0,Celerio,AT
SAL002023,VIN0002024,DLR009,CUST19171,2025-08-23,8,1,2025,969467,20,40694,1,0,Ertiga,AGS
SAL002024,VIN0002025,DLR023,CUST11771,2025-02-17,2,1,2025,588110,90,27919,1,0,Celerio,AGS
SAL002025,VIN0002026,DLR025,CUST18084,2025-06-25,6,1,2025,980563,28,32371,1,0,Swift,VXI
SAL002026,VIN0002027,DLR028,CUST24102,2025-02-13,2,1,2025,1000680,48,5703,0,0,Swift,MT
SAL002027,VIN0002028,DLR004,CUST06099,2025-10-06,10,1,2025,1491159,21,25537,1,0,Baleno,VXI
SAL002028,VIN0002029,DLR014,CUST16743,2025-02-09,2,1,2025,1356492,27,5280,0,0,Baleno,VXI
SAL002029,VIN0002030,DLR022,CUST10857,2025-04-28,4,1,2025,1254973,41,31186,1,0,Swift,ZXI
SAL002030,VIN0002031,DLR006,CUST20107,2025-06-08,6,1,2025,920490,54,19525,1,0,Baleno,Sigma
SAL002031,VIN0002032,DLR026,CUST23726,2025-08-19,8,1,2025,1261540,34,22159,1,0,Swift,ZXI
SAL002032,VIN0002033,DLR002,CUST15947,2025-07-07,7,1,2025,878628,55,41056,1,1,Baleno,MT
SAL002033,VIN0002034,DLR012,CUST06290,2025-05-12,5,1,2025,1015142,65,38897,1,0,Alto,MT
SAL002034,VIN0002035,DLR014,CUST16255,2025-06-09,6,1,2025,777242,47,28466,1,1,Alto,Sigma
SAL002035,VIN0002036,DLR018,CUST10279,2025-06-22,6,1,2025,1434153,25,39593,1,0,Ertiga,LXI
SAL002036,VIN0002037,DLR014,CUST19979,2025-06-18,6,1,2025,1318378,12,30737,0,0,Brezza,ZXI
SAL002037,VIN0002038,DLR027,CUST15437,2025-11-24,11,1,2025,1199385,90,6921,0,1,Alto,ZXI
SAL002038,VIN0002039,DLR010,CUST18182,2025-10-23,10,1,2025,1172353,37,29215,1,1,Baleno,Alpha
SAL002039,VIN0002040,DLR011,CUST05640,2025-05-09,5,1,2025,502714,24,23639,0,0,Swift,Sigma
SAL002040,VIN0002041,DLR001,CUST24821,2025-03-08,3,1,2025,594449,68,21536,1,1,Baleno,Sigma
SAL002041,VIN0002042,DLR007,CUST04262,2025-06-16,6,1,2025,1216536,39,41322,1,0,Dzire,AT
SAL002042,VIN0002043,DLR020,CUST00877,2025-02-17,2,1,2025,1007979,29,39779,1,0,Ertiga,ZXI
SAL002043,VIN0002044,DLR009,CUST05114,2025-04-03,4,1,2025,1133001,58,17998,1,0,Baleno,AGS
SAL002044,VIN0002045,DLR025,CUST14080,2025-04-09,4,1,2025,770082,35,27556,0,0,Brezza,MT
SAL002045,VIN0002046,DLR016,CUST10937,2025-05-26,5,1,2025,534074,43,19864,1,0,Brezza,Sigma
SAL002046,VIN0002047,DLR006,CUST03432,2025-10-24,10,1,2025,748117,45,20350,0,1,Swift,Delta
SAL002047,VIN0002048,DLR009,CUST10130,2025-05-02,5,1,2025,1203851,57,32411,0,0,Baleno,AGS
SAL002048,VIN0002049,DLR017,CUST12798,2025-08-18,8,1,2025,1448290,67,40560,0,0,Celerio,VXI
SAL002049,VIN0002050,DLR005,CUST24653,2025-05-26,5,1,2025,1310750,32,18083,0,0,Baleno,AT
SAL002050,VIN0002051,DLR007,CUST19403,2025-08-07,8,1,2025,540755,47,17141,0,0,Baleno,MT
SAL002051,VIN0002052,DLR006,CUST17348,2025-11-01,11,1,2025,905473,55,16075,1,0,Ignis,AGS
SAL002052,VIN0002053,DLR006,CUST04407,2025-09-15,9,1,2025,1037753,5,5643,0,0,Brezza,Sigma
SAL002053,VIN0002054,DLR013,CUST23133,2025-04-13,4,1,2025,684181,24,43239,1,0,Baleno,ZXI
SAL002054,VIN0002055,DLR022,CUST07569,2025-04-13,4,1,2025,1066730,5,20701,1,0,Brezza,ZXI
SAL002055,VIN0002056,DLR022,CUST23944,2025-07-01,7,1,2025,1086213,74,14779,1,0,Alto,LXI
SAL002056,VIN0002057,DLR004,CUST08315,2025-04-17,4,1,2025,1382613,45,39296,1,0,Dzire,LXI
SAL002057,VIN0002058,DLR029,CUST20479,2025-06-20,6,1,2025,1308331,27,30277,1,1,Baleno,MT
SAL002058,VIN0002059,DLR012,CUST21512,2025-02-06,2,1,2025,894837,55,33950,1,0,Swift,Sigma
SAL002059,VIN0002060,DLR016,CUST02345,2025-11-02,11,1,2025,851609,28,36713,1,0,Baleno,AT
SAL002060,VIN0002061,DLR024,CUST05836,2025-08-19,8,1,2025,1186192,60,19455,1,0,Swift,LXI
SAL002061,VIN0002062,DLR016,CUST06915,2025-04-12,4,1,2025,984338,56,20079,1,0,Swift,ZXI
SAL002062,VIN0002063,DLR023,CUST05234,2025-08-04,8,1,2025,567220,45,19126,0,0,Brezza,ZXI
SAL002063,VIN0002064,DLR019,CUST18300,2025-07-23,7,1,2025,1280187,37,24023,1,1,Brezza,LXI
SAL002064,VIN0002065,DLR016,CUST05157,2025-07-22,7,1,2025,719115,37,31433,0,1,Swift,AT
SAL002065,VIN0002066,DLR011,CUST23990,2025-04-04,4,1,2025,1298221,21,26521,1,0,Brezza,AT
SAL002066,VIN0002067,DLR015,CUST03343,2025-06-09,6,1,2025,551823,70,37031,1,0,Ertiga,AT
SAL002067,VIN0002068,DLR016,CUST23606,2025-10-02,10,1,2025,1082400,5,6856,0,1,Grand Vitara,LXI
SAL002068,VIN0002069,DLR018,CUST14342,2025-09-01,9,1,2025,1105363,28,22389,1,0,Swift,Alpha
SAL002069,VIN0002070,DLR024,CUST21750,2025-03-07,3,1,2025,822623,41,17091,0,0,Baleno,Delta
SAL002070,VIN0002071,DLR006,CUST05229,2025-02-23,2,1,2025,691154,48,36131,1,1,Ertiga,AT
SAL002071,VIN0002072,DLR018,CUST07154,2025-09-15,9,1,2025,602311,53,12954,1,0,Alto,Alpha
SAL002072,VIN0002073,DLR006,CUST06293,2025-09-25,9,1,2025,1481714,37,8214,0,0,Ertiga,Delta
SAL002073,VIN0002074,DLR020,CUST15898,2025-10-06,10,1,2025,1053469,14,11435,0,1,Brezza,Sigma
SAL002074,VIN0002075,DLR006,CUST20594,2025-05-19,5,1,2025,1390742,69,26293,0,0,Alto,AGS
SAL002075,VIN0002076,DLR015,CUST17439,2025-05-08,5,1,2025,1416703,60,5210,1,1,Baleno,Sigma
SAL002076,VIN0002077,DLR018,CUST05487,2025-05-28,5,1,2025,1380040,23,36133,1,0,Baleno,MT
SAL002077,VIN0002078,DLR002,CUST03880,2025-05-14,5,1,2025,1298912,56,38507,1,0,Swift,AGS
SAL002078,VIN0002079,DLR002,CUST13402,2025-05-06,5,1,2025,1356769,69,9690,0,1,Ertiga,Delta
SAL002079,VIN0002080,DLR021,CUST01720,2025-12-23,12,1,2025,1232692,30,31133,0,0,Dzire,Sigma
SAL002080,VIN0002081,DLR028,CUST05362,2025-01-08,1,1,2025,1057963,73,34921,1,0,Alto,AT
SAL002081,VIN0002082,DLR018,CUST15392,2025-11-14,11,1,2025,907612,57,30964,0,1,Ertiga,Alpha
SAL002082,VIN0002083,DLR016,CUST19962,2025-06-13,6,1,2025,844016,14,23202,1,1,Grand Vitara,AT
SAL002083,VIN0002084,DLR030,CUST19354,2025-03-08,3,1,2025,1467361,41,25408,0,0,Ertiga,ZXI
SAL002084,VIN0002085,DLR005,CUST13587,2025-04-05,4,1,2025,726952,62,40237,1,1,Celerio,VXI
SAL002085,VIN0002086,DLR026,CUST23251,2025-05-11,5,1,2025,1406841,22,27766,0,0,Swift,Sigma
SAL002086,VIN0002087,DLR010,CUST06623,2025-04-02,4,1,2025,1135358,50,39579,1,1,Celerio,Sigma
SAL002087,VIN0002088,DLR011,CUST10017,2025-03-16,3,1,2025,626286,70,28366,1,0,Swift,AT
SAL002088,VIN0002089,DLR017,CUST03904,2025-08-19,8,1,2025,1038281,30,6550,1,0,Dzire,MT
SAL002089,VIN0002090,DLR030,CUST05928,2025-07-04,7,1,2025,1466107,33,29981,1,1,Brezza,AT
SAL002090,VIN0002091,DLR030,CUST01327,2025-10-15,10,1,2025,677061,41,25051,1,1,Brezza,Sigma
SAL002091,VIN0002092,DLR015,CUST17154,2025-07-11,7,1,2025,750087,62,17469,1,0,Ertiga,Sigma
SAL002092,VIN0002093,DLR009,CUST16620,2025-10-19,10,1,2025,935502,11,17243,1,0,Brezza,ZXI
SAL002093,VIN0002094,DLR030,CUST20257,2025-04-11,4,1,2025,1370018,53,12792,1,0,Celerio,Delta
SAL002094,VIN0002095,DLR014,CUST07661,2025-12-18,12,1,2025,1034610,27,36222,1,0,Swift,Alpha
SAL002095,VIN0002096,DLR003,CUST11879,2025-05-26,5,1,2025,1107304,20,13616,0,0,Grand Vitara,Sigma
SAL002096,VIN0002097,DLR017,CUST04334,2025-08-12,8,1,2025,1334139,66,8570,1,0,Dzire,ZXI
SAL002097,VIN0002098,DLR025,CUST09304,2025-12-11,12,1,2025,968255,59,42564,0,0,Baleno,AT
SAL002098,VIN0002099,DLR026,CUST01992,2025-01-01,1,1,2025,993912,45,18197,1,0,Alto,LXI
SAL002099,VIN0002100,DLR018,CUST23986,2025-09-07,9,1,2025,1449956,61,23709,1,1,Celerio,Sigma
SAL002100,VIN0002101,DLR016,CUST24734,2025-12-20,12,1,2025,1126821,62,13270,1,0,Swift,Delta
SAL002101,VIN0002102,DLR019,CUST07654,2025-08-13,8,1,2025,1005973,73,41991,1,1,Celerio,LXI
SAL002102,VIN0002103,DLR030,CUST06163,2025-08-01,8,1,2025,1349204,70,35674,0,0,Swift,Alpha
SAL002103,VIN0002104,DLR024,CUST14041,2025-05-23,5,1,2025,618544,89,25019,1,1,Alto,VXI
SAL002104,VIN0002105,DLR016,CUST20179,2025-05-14,5,1,2025,1401437,63,36942,0,1,Dzire,AGS
SAL002105,VIN0002106,DLR020,CUST23462,2025-06-02,6,1,2025,1090208,13,19776,1,0,Grand Vitara,Delta
SAL002106,VIN0002107,DLR006,CUST14980,2025-08-18,8,1,2025,572436,21,11630,0,1,Brezza,ZXI
SAL002107,VIN0002108,DLR012,CUST16172,2025-04-24,4,1,2025,1034436,63,33294,0,0,Swift,LXI
SAL002108,VIN0002109,DLR018,CUST21029,2025-06-13,6,1,2025,1201084,26,39029,0,0,Swift,LXI
SAL002109,VIN0002110,DLR002,CUST19644,2025-01-25,1,1,2025,1171751,7,12702,0,1,Brezza,Sigma
SAL002110,VIN0002111,DLR021,CUST19575,2025-12-23,12,1,2025,553663,50,9485,1,0,Dzire,ZXI
SAL002111,VIN0002112,DLR011,CUST19996,2025-05-15,5,1,2025,550190,42,19702,1,0,Swift,ZXI
SAL002112,VIN0002113,DLR018,CUST20154,2025-04-22,4,1,2025,662472,8,20804,0,0,Brezza,ZXI
SAL002113,VIN0002114,DLR026,CUST02035,2025-07-09,7,1,2025,1165728,67,42588,1,0,Swift,VXI
SAL002114,VIN0002115,DLR019,CUST21817,2025-07-01,7,1,2025,671517,25,13213,1,0,Swift,MT
SAL002115,VIN0002116,DLR012,CUST05903,2025-02-28,2,1,2025,1446457,69,12584,0,0,Alto,Delta
SAL002116,VIN0002117,DLR027,CUST17549,2025-03-06,3,1,2025,831614,29,6518,1,0,Baleno,Sigma
SAL002117,VIN0002118,DLR005,CUST09237,2025-02-19,2,1,2025,1445617,21,29410,0,0,Ertiga,Delta
SAL002118,VIN0002119,DLR020,CUST24538,2025-11-06,11,1,2025,1421253,61,43806,1,0,Swift,Sigma
SAL002119,VIN0002120,DLR028,CUST24529,2025-11-27,11,1,2025,605097,69,31649,1,0,Baleno,AT
SAL002120,VIN0002121,DLR009,CUST16260,2025-01-13,1,1,2025,547639,26,32121,1,0,Swift,Delta
SAL002121,VIN0002122,DLR012,CUST07482,2025-01-28,1,1,2025,1219327,6,36186,1,0,Grand Vitara,LXI
SAL002122,VIN0002123,DLR001,CUST16074,2025-04-22,4,1,2025,1229751,46,35805,1,0,Swift,Alpha
SAL002123,VIN0002124,DLR016,CUST11606,2025-02-05,2,1,2025,810410,37,6506,1,0,Baleno,Alpha
SAL002124,VIN0002125,DLR011,CUST03665,2025-11-18,11,1,2025,1228332,29,30417,1,0,Baleno,Delta
SAL002125,VIN0002126,DLR021,CUST02629,2025-05-07,5,1,2025,786381,63,13836,0,1,Dzire,VXI
SAL002126,VIN0002127,DLR018,CUST21067,2025-12-27,12,1,2025,626676,50,5056,0,0,Baleno,LXI
SAL002127,VIN0002128,DLR013,CUST16032,2025-09-17,9,1,2025,960490,46,38605,1,1,Ertiga,AGS
SAL002128,VIN0002129,DLR012,CUST06957,2025-11-23,11,1,2025,614790,57,30380,0,0,Ertiga,AGS
SAL002129,VIN0002130,DLR026,CUST03905,2025-04-20,4,1,2025,1222765,13,22742,1,0,Brezza,LXI
SAL002130,VIN0002131,DLR026,CUST05159,2025-10-20,10,1,2025,669356,39,22008,0,0,Baleno,LXI
SAL002131,VIN0002132,DLR027,CUST04500,2025-02-20,2,1,2025,554341,70,22136,0,1,Baleno,VXI
SAL002132,VIN0002133,DLR018,CUST14246,2025-07-25,7,1,2025,955546,30,37795,1,0,Ertiga,Sigma
SAL002133,VIN0002134,DLR021,CUST06757,2025-09-19,9,1,2025,1336267,23,18616,0,0,Brezza,Sigma
SAL002134,VIN0002135,DLR027,CUST06408,2025-12-28,12,1,2025,1412390,56,21957,1,0,Alto,AGS
SAL002135,VIN0002136,DLR013,CUST15966,2025-12-22,12,1,2025,811853,82,43863,1,0,Alto,Alpha
SAL002136,VIN0002137,DLR004,CUST04156,2025-04-25,4,1,2025,1492207,67,10801,1,0,Ertiga,LXI
SAL002137,VIN0002138,DLR009,CUST01674,2025-01-24,1,1,2025,717886,88,9683,0,1,Alto,Sigma
SAL002138,VIN0002139,DLR009,CUST05844,2025-10-03,10,1,2025,1449324,13,23047,1,0,Brezza,ZXI
SAL002139,VIN0002140,DLR026,CUST21050,2025-04-17,4,1,2025,707098,37,31586,1,0,Swift,Sigma
SAL002140,VIN0002141,DLR013,CUST13842,2025-08-02,8,1,2025,1390046,59,11378,0,1,Swift,AT
SAL002141,VIN0002142,DLR011,CUST10127,2025-10-01,10,1,2025,668233,18,20568,0,0,Grand Vitara,AGS
SAL002142,VIN0002143,DLR025,CUST19873,2025-07-09,7,1,2025,1199952,34,26515,1,0,Ertiga,AGS
SAL002143,VIN0002144,DLR022,CUST10444,2025-11-07,11,1,2025,1428679,19,44745,0,0,Brezza,Alpha
SAL002144,VIN0002145,DLR025,CUST13456,2025-05-22,5,1,2025,691783,31,38047,0,0,Ignis,MT
SAL002145,VIN0002146,DLR029,CUST02230,2025-11-18,11,1,2025,610994,35,29973,0,0,Baleno,Alpha
SAL002146,VIN0002147,DLR025,CUST04197,2025-07-20,7,1,2025,706257,80,32135,1,0,Alto,AGS
SAL002147,VIN0002148,DLR017,CUST04290,2025-03-23,3,1,2025,1109544,53,15279,0,0,Swift,ZXI
SAL002148,VIN0002149,DLR030,CUST10956,2025-10-19,10,1,2025,1175935,57,27549,1,0,Dzire,VXI
SAL002149,VIN0002150,DLR007,CUST12822,2025-07-08,7,1,2025,1004713,26,23051,1,1,Brezza,ZXI
SAL002150,VIN0002151,DLR017,CUST11337,2025-11-20,11,1,2025,587015,55,19663,0,0,Baleno,Delta
SAL002151,VIN0002152,DLR021,CUST15832,2025-01-02,1,1,2025,831583,67,42853,1,0,Dzire,VXI
SAL002152,VIN0002153,DLR011,CUST20424,2025-10-27,10,1,2025,1217615,82,25517,1,0,Alto,AT
SAL002153,VIN0002154,DLR020,CUST01398,2025-10-06,10,1,2025,673672,31,16162,0,1,Brezza,Alpha
SAL002154,VIN0002155,DLR029,CUST24950,2025-05-23,5,1,2025,1133444,40,32593,1,0,Brezza,Alpha
SAL002155,VIN0002156,DLR015,CUST20482,2025-03-20,3,1,2025,1089638,49,12686,1,0,Celerio,MT
SAL002156,VIN0002157,DLR004,CUST14292,2025-04-19,4,1,2025,566289,53,43274,0,0,Baleno,AT
SAL002157,VIN0002158,DLR026,CUST10008,2025-06-02,6,1,2025,877872,21,24296,0,0,Swift,AGS
SAL002158,VIN0002159,DLR025,CUST15197,2025-01-20,1,1,2025,532006,37,23198,1,0,Baleno,LXI
SAL002159,VIN0002160,DLR008,CUST21646,2025-07-27,7,1,2025,967833,47,37083,1,0,Alto,MT
SAL002160,VIN0002161,DLR011,CUST22120,2025-07-17,7,1,2025,759472,23,22840,1,0,Ignis,Alpha
SAL002161,VIN0002162,DLR023,CUST02852,2025-03-04,3,1,2025,1155760,32,30787,1,1,Brezza,AGS
SAL002162,VIN0002163,DLR018,CUST14160,2025-08-01,8,1,2025,1012188,6,36922,0,1,Brezza,Alpha
SAL002163,VIN0002164,DLR008,CUST19107,2025-11-28,11,1,2025,1187550,48,32452,1,0,Baleno,AT
SAL002164,VIN0002165,DLR021,CUST04812,2025-07-04,7,1,2025,836358,32,14617,0,1,Ertiga,LXI
SAL002165,VIN0002166,DLR014,CUST15194,2025-05-26,5,1,2025,853168,58,15690,0,0,Ignis,AT
SAL002166,VIN0002167,DLR021,CUST18846,2025-04-28,4,1,2025,1026458,58,10390,1,0,Swift,AT
SAL002167,VIN0002168,DLR022,CUST10092,2025-05-24,5,1,2025,859702,28,18281,0,0,Swift,ZXI
SAL002168,VIN0002169,DLR016,CUST20534,2025-07-24,7,1,2025,976287,43,24519,0,0,Celerio,AGS
SAL002169,VIN0002170,DLR026,CUST23327,2025-10-24,10,1,2025,982570,36,23697,0,0,Ertiga,AGS
SAL002170,VIN0002171,DLR002,CUST06396,2025-10-01,10,1,2025,1486527,60,5999,1,0,Baleno,Alpha
SAL002171,VIN0002172,DLR018,CUST05926,2025-04-15,4,1,2025,1012064,40,9194,1,1,Dzire,MT
SAL002172,VIN0002173,DLR006,CUST23684,2025-11-28,11,1,2025,1211285,52,11402,0,0,Alto,VXI
SAL002173,VIN0002174,DLR024,CUST02419,2025-05-07,5,1,2025,1333269,57,5625,1,0,Baleno,AGS
SAL002174,VIN0002175,DLR026,CUST03032,2025-10-07,10,1,2025,587306,40,8991,0,0,Brezza,LXI
SAL002175,VIN0002176,DLR027,CUST10164,2025-08-15,8,1,2025,982715,59,44101,1,0,Baleno,AGS
SAL002176,VIN0002177,DLR026,CUST22149,2025-01-27,1,1,2025,1436138,65,38661,0,0,Swift,Delta
SAL002177,VIN0002178,DLR025,CUST19177,2025-07-15,7,1,2025,1222063,32,15920,0,0,Ertiga,ZXI
SAL002178,VIN0002179,DLR002,CUST01253,2025-08-03,8,1,2025,571208,85,17479,0,1,Alto,LXI
SAL002179,VIN0002180,DLR006,CUST05764,2025-05-14,5,1,2025,1013638,51,38468,1,0,Swift,Delta
SAL002180,VIN0002181,DLR019,CUST03803,2025-04-08,4,1,2025,802591,19,13377,1,0,Brezza,Delta
SAL002181,VIN0002182,DLR029,CUST12878,2025-03-28,3,1,2025,1258000,25,24147,1,0,Brezza,AT
SAL002182,VIN0002183,DLR018,CUST11300,2025-08-11,8,1,2025,1376401,42,17587,1,1,Brezza,LXI
SAL002183,VIN0002184,DLR001,CUST21468,2025-10-27,10,1,2025,1463134,52,5721,1,0,Dzire,AGS
SAL002184,VIN0002185,DLR023,CUST17535,2025-10-25,10,1,2025,1452639,67,29707,0,0,Swift,VXI
SAL002185,VIN0002186,DLR010,CUST13331,2025-04-12,4,1,2025,1397384,22,26702,0,0,Brezza,ZXI
SAL002186,VIN0002187,DLR029,CUST03135,2025-03-01,3,1,2025,610289,62,38628,0,0,Swift,AT
SAL002187,VIN0002188,DLR016,CUST10917,2025-07-02,7,1,2025,836477,33,36204,1,1,Brezza,VXI
SAL002188,VIN0002189,DLR025,CUST19998,2025-05-07,5,1,2025,1333258,37,25644,0,0,Swift,AT
SAL002189,VIN0002190,DLR016,CUST18529,2025-07-03,7,1,2025,1396129,61,9285,1,0,Celerio,MT
SAL002190,VIN0002191,DLR029,CUST17129,2025-10-09,10,1,2025,738435,35,7402,0,0,Swift,VXI
SAL002191,VIN0002192,DLR017,CUST23814,2025-01-05,1,1,2025,976255,51,27924,1,1,Baleno,ZXI
SAL002192,VIN0002193,DLR021,CUST02861,2025-06-07,6,1,2025,640134,47,35579,1,1,Alto,VXI
SAL002193,VIN0002194,DLR006,CUST00114,2025-04-04,4,1,2025,948766,45,10130,0,0,Baleno,LXI
SAL002194,VIN0002195,DLR027,CUST18876,2025-05-28,5,1,2025,638049,69,10986,1,0,Dzire,Sigma
SAL002195,VIN0002196,DLR019,CUST08507,2025-12-14,12,1,2025,849459,55,19871,1,1,Alto,ZXI
SAL002196,VIN0002197,DLR026,CUST14133,2025-07-20,7,1,2025,1093405,25,43866,1,0,Dzire,AT
SAL002197,VIN0002198,DLR012,CUST18723,2025-02-01,2,1,2025,1019534,59,26547,1,0,Baleno,LXI
SAL002198,VIN0002199,DLR028,CUST01254,2025-02-15,2,1,2025,1496589,65,18910,1,0,Baleno,Sigma
SAL002199,VIN0002200,DLR006,CUST20154,2025-06-13,6,1,2025,1110783,10,19448,1,0,Brezza,AGS
SAL002200,VIN0002201,DLR014,CUST06819,2025-08-23,8,1,2025,790334,39,43386,0,0,Brezza,ZXI
SAL002201,VIN0002202,DLR027,CUST08685,2025-03-12,3,1,2025,1291336,22,23211,0,0,Brezza,Alpha
SAL002202,VIN0002203,DLR010,CUST07975,2025-06-05,6,1,2025,663673,70,25750,1,0,Baleno,AT
SAL002203,VIN0002204,DLR028,CUST09507,2025-06-22,6,1,2025,589140,39,38660,0,0,Brezza,AT
SAL002204,VIN0002205,DLR023,CUST03139,2025-07-07,7,1,2025,1457865,74,44245,0,1,Alto,AGS
SAL002205,VIN0002206,DLR009,CUST16533,2025-09-13,9,1,2025,1058312,46,15342,0,0,Dzire,Delta
SAL002206,VIN0002207,DLR022,CUST20217,2025-11-11,11,1,2025,1264103,29,16347,0,0,Brezza,ZXI
SAL002207,VIN0002208,DLR003,CUST01658,2025-07-08,7,1,2025,915615,79,31805,1,0,Alto,Delta
SAL002208,VIN0002209,DLR025,CUST20787,2025-02-26,2,1,2025,538893,71,40999,0,0,Celerio,VXI
SAL002209,VIN0002210,DLR019,CUST19971,2025-04-06,4,1,2025,1394716,61,43900,1,1,Ertiga,AT
SAL002210,VIN0002211,DLR024,CUST21440,2025-01-24,1,1,2025,505665,20,25941,1,0,Swift,AT
SAL002211,VIN0002212,DLR006,CUST13855,2025-07-27,7,1,2025,1344386,44,16859,0,1,Swift,Sigma
SAL002212,VIN0002213,DLR011,CUST07218,2025-03-04,3,1,2025,1091644,29,17313,0,1,Baleno,LXI
SAL002213,VIN0002214,DLR003,CUST22848,2025-09-12,9,1,2025,1211728,48,27478,0,0,Dzire,ZXI
SAL002214,VIN0002215,DLR029,CUST02767,2025-01-05,1,1,2025,1148072,7,6869,1,0,Brezza,AT
SAL002215,VIN0002216,DLR003,CUST07970,2025-10-22,10,1,2025,940563,32,18138,0,0,Ignis,MT
SAL002216,VIN0002217,DLR017,CUST12790,2025-04-28,4,1,2025,1258990,53,40179,1,0,Ertiga,ZXI
SAL002217,VIN0002218,DLR001,CUST16575,2025-07-02,7,1,2025,779837,77,39404,1,0,Celerio,Sigma
SAL002218,VIN0002219,DLR005,CUST18804,2025-10-07,10,1,2025,1174310,38,27210,0,0,Baleno,VXI
SAL002219,VIN0002220,DLR026,CUST11964,2025-05-05,5,1,2025,1142835,35,30618,1,1,Brezza,ZXI
SAL002220,VIN0002221,DLR019,CUST23727,2025-12-01,12,1,2025,852746,48,24852,1,0,Swift,ZXI
SAL002221,VIN0002222,DLR023,CUST22339,2025-10-24,10,1,2025,937364,45,40055,0,0,Baleno,VXI
SAL002222,VIN0002223,DLR016,CUST15385,2025-11-10,11,1,2025,1375793,33,12784,1,1,Brezza,ZXI
SAL002223,VIN0002224,DLR029,CUST23651,2025-08-28,8,1,2025,894304,61,7358,1,0,Celerio,ZXI
SAL002224,VIN0002225,DLR011,CUST19447,2025-09-11,9,1,2025,1034655,64,30058,1,0,Alto,Sigma
SAL002225,VIN0002226,DLR025,CUST11576,2025-01-27,1,1,2025,678395,12,35195,1,0,Brezza,ZXI
SAL002226,VIN0002227,DLR001,CUST14304,2025-03-19,3,1,2025,1040682,23,19473,1,0,Dzire,AGS
SAL002227,VIN0002228,DLR008,CUST02042,2025-09-15,9,1,2025,831787,33,18449,1,0,Dzire,ZXI
SAL002228,VIN0002229,DLR020,CUST24383,2025-11-16,11,1,2025,716926,83,15671,1,0,Alto,VXI
SAL002229,VIN0002230,DLR014,CUST09344,2025-03-28,3,1,2025,647038,23,37050,0,1,Brezza,ZXI
SAL002230,VIN0002231,DLR025,CUST09841,2025-11-03,11,1,2025,1458252,44,10913,1,1,Baleno,Sigma
SAL002231,VIN0002232,DLR012,CUST03655,2025-03-20,3,1,2025,733655,39,30087,0,0,Ertiga,AT
SAL002232,VIN0002233,DLR007,CUST18756,2025-06-16,6,1,2025,820178,81,9869,1,0,Alto,AT
SAL002233,VIN0002234,DLR006,CUST07069,2025-07-07,7,1,2025,1190418,25,13226,1,0,Brezza,VXI
SAL002234,VIN0002235,DLR005,CUST00120,2025-08-13,8,1,2025,737412,52,43324,0,0,Ertiga,Delta
SAL002235,VIN0002236,DLR025,CUST20412,2025-04-16,4,1,2025,1454123,22,39357,1,1,Ertiga,LXI
SAL002236,VIN0002237,DLR014,CUST13948,2025-10-08,10,1,2025,1078572,37,26184,1,1,Brezza,LXI
SAL002237,VIN0002238,DLR024,CUST18108,2025-01-05,1,1,2025,997436,67,30513,0,0,Ertiga,VXI
SAL002238,VIN0002239,DLR025,CUST09533,2025-06-05,6,1,2025,1156891,66,21563,0,1,Swift,Alpha
SAL002239,VIN0002240,DLR030,CUST17668,2025-03-24,3,1,2025,1494471,18,37003,1,1,Brezza,LXI
SAL002240,VIN0002241,DLR021,CUST12630,2025-06-06,6,1,2025,694668,58,24124,1,0,Alto,ZXI
SAL002241,VIN0002242,DLR026,CUST02443,2025-10-09,10,1,2025,1200536,18,8923,1,0,Brezza,MT
SAL002242,VIN0002243,DLR012,CUST16682,2025-02-04,2,1,2025,1436203,21,41043,0,0,Brezza,Delta
SAL002243,VIN0002244,DLR008,CUST15783,2025-12-28,12,1,2025,664617,9,32016,1,0,Brezza,MT
SAL002244,VIN0002245,DLR016,CUST20792,2025-09-14,9,1,2025,617439,25,15593,1,0,Dzire,Sigma
SAL002245,VIN0002246,DLR023,CUST09230,2025-08-10,8,1,2025,1170759,41,25406,0,0,Brezza,AT
SAL002246,VIN0002247,DLR021,CUST11272,2025-06-08,6,1,2025,715505,67,11280,1,0,Baleno,ZXI
SAL002247,VIN0002248,DLR010,CUST11243,2025-07-27,7,1,2025,1221468,55,8553,1,0,Baleno,ZXI
SAL002248,VIN0002249,DLR007,CUST18224,2025-01-24,1,1,2025,777722,26,28963,0,0,Brezza,LXI
SAL002249,VIN0002250,DLR011,CUST11335,2025-04-03,4,1,2025,501531,35,25809,1,0,Ertiga,LXI
SAL002250,VIN0002251,DLR023,CUST08029,2025-02-15,2,1,2025,913902,30,35856,1,0,Baleno,VXI
SAL002251,VIN0002252,DLR006,CUST23801,2025-04-19,4,1,2025,1039438,25,44003,0,0,Baleno,LXI
SAL002252,VIN0002253,DLR021,CUST10514,2025-11-28,11,1,2025,1077756,62,20207,1,0,Dzire,ZXI
SAL002253,VIN0002254,DLR013,CUST03317,2025-09-13,9,1,2025,1357754,26,25463,1,1,Brezza,MT
SAL002254,VIN0002255,DLR026,CUST02324,2025-04-13,4,1,2025,907169,9,8148,0,0,Brezza,AGS
SAL002255,VIN0002256,DLR008,CUST07795,2025-05-13,5,1,2025,1013223,61,8002,0,1,Swift,Sigma
SAL002256,VIN0002257,DLR021,CUST24745,2025-09-03,9,1,2025,1449487,35,22970,0,0,Ertiga,ZXI
SAL002257,VIN0002258,DLR021,CUST11466,2025-01-22,1,1,2025,902017,30,28494,0,0,Brezza,LXI
SAL002258,VIN0002259,DLR028,CUST17908,2025-06-14,6,1,2025,571442,60,15088,1,0,Celerio,LXI
SAL002259,VIN0002260,DLR009,CUST05635,2025-11-08,11,1,2025,941024,38,11280,1,0,Ertiga,LXI
SAL002260,VIN0002261,DLR002,CUST10500,2025-06-10,6,1,2025,1108163,38,12344,1,0,Ertiga,ZXI
SAL002261,VIN0002262,DLR013,CUST04921,2025-04-05,4,1,2025,1167046,49,26270,1,0,Baleno,Delta
SAL002262,VIN0002263,DLR005,CUST20808,2025-01-05,1,1,2025,1496126,47,38500,1,1,Swift,AT
SAL002263,VIN0002264,DLR026,CUST17932,2025-04-21,4,1,2025,621923,10,32614,1,0,Brezza,Delta
SAL002264,VIN0002265,DLR019,CUST12841,2025-05-25,5,1,2025,1461447,37,25237,1,0,Baleno,MT
SAL002265,VIN0002266,DLR020,CUST15079,2025-10-19,10,1,2025,804448,44,20896,1,0,Brezza,LXI
SAL002266,VIN0002267,DLR004,CUST18250,2025-04-28,4,1,2025,838242,19,39961,1,0,Brezza,AGS
SAL002267,VIN0002268,DLR022,CUST10190,2025-09-17,9,1,2025,749281,53,34240,1,0,Ignis,VXI
SAL002268,VIN0002269,DLR020,CUST16551,2025-08-07,8,1,2025,864790,46,24000,0,0,Baleno,LXI
SAL002269,VIN0002270,DLR005,CUST09387,2025-07-16,7,1,2025,768629,44,38070,1,0,Brezza,Sigma
SAL002270,VIN0002271,DLR002,CUST12870,2025-08-26,8,1,2025,1004660,36,36540,0,1,Ertiga,MT
SAL002271,VIN0002272,DLR023,CUST08311,2025-05-08,5,1,2025,1441803,31,20575,0,1,Swift,ZXI
SAL002272,VIN0002273,DLR002,CUST06979,2025-01-24,1,1,2025,1300865,35,22296,0,0,Swift,MT
SAL002273,VIN0002274,DLR015,CUST15051,2025-05-04,5,1,2025,747372,54,35142,1,0,Swift,Delta
SAL002274,VIN0002275,DLR018,CUST19420,2025-03-22,3,1,2025,1084106,42,21590,1,1,Swift,LXI
SAL002275,VIN0002276,DLR007,CUST09594,2025-04-12,4,1,2025,1444750,58,41675,1,1,Swift,ZXI
SAL002276,VIN0002277,DLR021,CUST01786,2025-07-23,7,1,2025,1009881,50,5470,1,0,Dzire,Alpha
SAL002277,VIN0002278,DLR012,CUST07020,2025-04-26,4,1,2025,626267,21,5812,1,0,Ertiga,Delta
SAL002278,VIN0002279,DLR011,CUST18964,2025-05-13,5,1,2025,869237,26,11663,0,0,Swift,Alpha
SAL002279,VIN0002280,DLR028,CUST19437,2025-10-04,10,1,2025,725390,51,28824,0,1,Baleno,ZXI
SAL002280,VIN0002281,DLR020,CUST00683,2025-10-24,10,1,2025,1100013,32,25055,1,1,Baleno,MT
SAL002281,VIN0002282,DLR026,CUST06879,2025-10-19,10,1,2025,541924,69,14250,1,1,Celerio,Alpha
SAL002282,VIN0002283,DLR012,CUST23811,2025-03-03,3,1,2025,1483774,27,22494,0,0,Baleno,Sigma
SAL002283,VIN0002284,DLR023,CUST04304,2025-06-01,6,1,2025,1190272,29,20817,0,1,Grand Vitara,AT
SAL002284,VIN0002285,DLR013,CUST06642,2025-08-17,8,1,2025,694843,7,19064,0,0,Grand Vitara,AT
SAL002285,VIN0002286,DLR030,CUST06847,2025-01-09,1,1,2025,1114546,72,24955,1,0,Celerio,ZXI
SAL002286,VIN0002287,DLR014,CUST17592,2025-10-15,10,1,2025,1435852,36,37151,1,0,Grand Vitara,Alpha
SAL002287,VIN0002288,DLR020,CUST01729,2025-10-25,10,1,2025,1127567,20,6032,1,0,Brezza,LXI
SAL002288,VIN0002289,DLR007,CUST08386,2025-09-28,9,1,2025,1416211,23,27585,1,0,Baleno,Delta
SAL002289,VIN0002290,DLR027,CUST04979,2025-07-27,7,1,2025,663538,42,25721,1,0,Dzire,MT
SAL002290,VIN0002291,DLR003,CUST13281,2025-10-16,10,1,2025,1492534,44,14323,1,1,Brezza,ZXI
SAL002291,VIN0002292,DLR015,CUST04634,2025-11-02,11,1,2025,865361,38,31510,1,0,Brezza,AGS
SAL002292,VIN0002293,DLR028,CUST06783,2025-12-01,12,1,2025,1176433,60,25356,1,1,Celerio,MT
SAL002293,VIN0002294,DLR029,CUST08561,2025-01-14,1,1,2025,919634,30,5716,1,1,Baleno,VXI
SAL002294,VIN0002295,DLR001,CUST05471,2025-05-25,5,1,2025,864734,5,29845,1,0,Brezza,Alpha
SAL002295,VIN0002296,DLR022,CUST12992,2025-03-09,3,1,2025,1032465,46,15762,1,1,Dzire,ZXI
SAL002296,VIN0002297,DLR004,CUST14567,2025-06-23,6,1,2025,1077741,10,14363,1,0,Brezza,Sigma
SAL002297,VIN0002298,DLR027,CUST10168,2025-04-28,4,1,2025,921768,55,28896,1,1,Celerio,Delta
SAL002298,VIN0002299,DLR025,CUST24586,2025-09-07,9,1,2025,1402831,35,26432,1,1,Brezza,VXI
SAL002299,VIN0002300,DLR021,CUST00202,2025-10-27,10,1,2025,1172950,55,18287,0,0,Ertiga,AT
SAL002300,VIN0002301,DLR018,CUST11393,2025-09-28,9,1,2025,1172161,42,37325,1,1,Brezza,MT
SAL002301,VIN0002302,DLR010,CUST01464,2025-03-22,3,1,2025,1231516,54,24546,0,0,Swift,MT
SAL002302,VIN0002303,DLR015,CUST05455,2025-06-18,6,1,2025,524887,55,27025,0,0,Ignis,Delta
SAL002303,VIN0002304,DLR025,CUST08279,2025-04-27,4,1,2025,1050950,36,33936,0,0,Grand Vitara,ZXI
SAL002304,VIN0002305,DLR002,CUST17472,2025-12-02,12,1,2025,655645,43,14459,0,0,Dzire,Sigma
SAL002305,VIN0002306,DLR028,CUST18247,2025-11-17,11,1,2025,790468,33,14262,1,1,Swift,Alpha
SAL002306,VIN0002307,DLR010,CUST15830,2025-03-01,3,1,2025,1070715,90,13067,1,0,Alto,VXI
SAL002307,VIN0002308,DLR019,CUST05562,2025-12-12,12,1,2025,685757,67,21663,1,0,Celerio,ZXI
SAL002308,VIN0002309,DLR016,CUST22147,2025-03-17,3,1,2025,767402,38,25492,0,0,Brezza,Delta
SAL002309,VIN0002310,DLR006,CUST15552,2025-03-02,3,1,2025,1255669,53,30597,1,0,Alto,AGS
SAL002310,VIN0002311,DLR011,CUST13446,2025-01-04,1,1,2025,1473917,61,37752,1,0,Dzire,VXI
SAL002311,VIN0002312,DLR016,CUST14264,2025-07-13,7,1,2025,644161,34,31657,0,1,Ertiga,VXI
SAL002312,VIN0002313,DLR030,CUST03864,2025-04-28,4,1,2025,1116642,30,20891,1,0,Dzire,ZXI
SAL002313,VIN0002314,DLR027,CUST10929,2025-03-01,3,1,2025,1322568,36,32472,1,0,Brezza,Sigma
SAL002314,VIN0002315,DLR018,CUST09119,2025-11-04,11,1,2025,1153675,46,41970,0,1,Swift,VXI
SAL002315,VIN0002316,DLR016,CUST04671,2025-01-14,1,1,2025,898790,36,13799,0,0,Dzire,LXI
SAL002316,VIN0002317,DLR003,CUST19360,2025-12-25,12,1,2025,747866,43,8005,1,0,Dzire,Alpha
SAL002317,VIN0002318,DLR017,CUST13759,2025-05-16,5,1,2025,931788,69,40990,0,1,Ertiga,LXI
SAL002318,VIN0002319,DLR012,CUST18502,2025-09-14,9,1,2025,1470041,21,34660,1,1,Dzire,Delta
SAL002319,VIN0002320,DLR024,CUST19179,2025-11-03,11,1,2025,1248720,7,16401,1,0,Brezza,MT
SAL002320,VIN0002321,DLR008,CUST08696,2025-09-11,9,1,2025,732381,5,38343,0,0,Brezza,ZXI
SAL002321,VIN0002322,DLR017,CUST22372,2025-07-21,7,1,2025,1009621,55,18151,0,0,Ignis,AGS
SAL002322,VIN0002323,DLR018,CUST18064,2025-01-21,1,1,2025,1433024,39,22874,1,0,Baleno,Alpha
SAL002323,VIN0002324,DLR009,CUST10000,2025-11-23,11,1,2025,947912,41,20762,1,0,Baleno,Alpha
SAL002324,VIN0002325,DLR024,CUST20035,2025-06-23,6,1,2025,1346565,53,5304,1,1,Celerio,ZXI
SAL002325,VIN0002326,DLR022,CUST15965,2025-05-04,5,1,2025,835044,24,9599,1,1,Baleno,Alpha
SAL002326,VIN0002327,DLR004,CUST00524,2025-01-17,1,1,2025,943885,48,34574,1,1,Swift,Alpha
SAL002327,VIN0002328,DLR016,CUST21729,2025-04-19,4,1,2025,1126750,56,12742,1,1,Baleno,Alpha
SAL002328,VIN0002329,DLR008,CUST10900,2025-01-07,1,1,2025,553979,58,25144,0,1,Alto,ZXI
SAL002329,VIN0002330,DLR006,CUST22210,2025-04-12,4,1,2025,1056793,37,23626,1,0,Grand Vitara,Delta
SAL002330,VIN0002331,DLR020,CUST01222,2025-08-10,8,1,2025,1050827,32,38698,1,0,Brezza,AGS
SAL002331,VIN0002332,DLR014,CUST07992,2025-11-20,11,1,2025,1179702,18,28817,1,0,Brezza,AGS
SAL002332,VIN0002333,DLR005,CUST17283,2025-08-07,8,1,2025,592362,21,33047,1,0,Brezza,MT
SAL002333,VIN0002334,DLR025,CUST16522,2025-02-18,2,1,2025,813272,70,43394,0,0,Dzire,AT
SAL002334,VIN0002335,DLR028,CUST15870,2025-09-23,9,1,2025,949932,36,28543,0,1,Swift,VXI
SAL002335,VIN0002336,DLR008,CUST11591,2025-11-19,11,1,2025,1184597,31,40834,1,0,Baleno,Sigma
SAL002336,VIN0002337,DLR019,CUST16466,2025-07-13,7,1,2025,664217,38,13034,0,1,Grand Vitara,VXI
SAL002337,VIN0002338,DLR005,CUST06651,2025-06-24,6,1,2025,735782,24,20330,0,0,Brezza,AT
SAL002338,VIN0002339,DLR001,CUST19961,2025-06-25,6,1,2025,1176618,9,11482,0,1,Brezza,Alpha
SAL002339,VIN0002340,DLR010,CUST14586,2025-12-06,12,1,2025,543697,25,17689,1,0,Brezza,LXI
SAL002340,VIN0002341,DLR001,CUST01173,2025-12-10,12,1,2025,1201367,33,22278,1,0,Ertiga,AT
SAL002341,VIN0002342,DLR019,CUST22841,2025-01-05,1,1,2025,846339,27,36113,0,0,Baleno,Delta
SAL002342,VIN0002343,DLR026,CUST15592,2025-10-28,10,1,2025,1008791,46,38669,1,0,Baleno,LXI
SAL002343,VIN0002344,DLR020,CUST05263,2025-03-09,3,1,2025,730913,22,30715,1,0,Swift,MT
SAL002344,VIN0002345,DLR025,CUST18425,2025-02-05,2,1,2025,1132675,33,21981,1,0,Ertiga,LXI
SAL002345,VIN0002346,DLR029,CUST17470,2025-04-16,4,1,2025,1372247,42,21053,0,1,Swift,Delta
SAL002346,VIN0002347,DLR009,CUST06719,2025-03-21,3,1,2025,528203,80,27517,1,0,Celerio,AGS
SAL002347,VIN0002348,DLR013,CUST00088,2025-07-08,7,1,2025,1353463,40,22797,0,0,Swift,VXI
SAL002348,VIN0002349,DLR019,CUST18887,2025-09-14,9,1,2025,844504,28,41387,0,1,Baleno,AGS
SAL002349,VIN0002350,DLR005,CUST00161,2025-04-02,4,1,2025,1276825,11,13133,0,0,Grand Vitara,LXI
SAL002350,VIN0002351,DLR012,CUST20483,2025-03-18,3,1,2025,1000967,16,39617,1,0,Brezza,AT
SAL002351,VIN0002352,DLR025,CUST07705,2025-10-09,10,1,2025,1217094,37,38011,1,1,Swift,VXI
SAL002352,VIN0002353,DLR012,CUST15978,2025-12-07,12,1,2025,1462642,68,28998,0,0,Alto,Delta
SAL002353,VIN0002354,DLR021,CUST18155,2025-05-17,5,1,2025,530510,18,22164,1,1,Brezza,Sigma
SAL002354,VIN0002355,DLR021,CUST15480,2025-08-03,8,1,2025,558972,26,15640,1,0,Dzire,VXI
SAL002355,VIN0002356,DLR020,CUST22628,2025-09-11,9,1,2025,535853,55,33635,1,1,Swift,AGS
SAL002356,VIN0002357,DLR002,CUST05519,2025-08-15,8,1,2025,1252155,35,14101,0,0,Ignis,LXI
SAL002357,VIN0002358,DLR005,CUST09187,2025-02-02,2,1,2025,886986,23,37781,1,1,Brezza,VXI
SAL002358,VIN0002359,DLR018,CUST15164,2025-08-13,8,1,2025,1039831,30,18981,1,0,Ertiga,Sigma
SAL002359,VIN0002360,DLR006,CUST11466,2025-05-04,5,1,2025,1391226,28,12825,1,1,Swift,MT
SAL002360,VIN0002361,DLR010,CUST24065,2025-06-10,6,1,2025,927897,54,31278,1,0,Dzire,AT
SAL002361,VIN0002362,DLR023,CUST14618,2025-11-18,11,1,2025,956886,43,36320,1,1,Baleno,Delta
SAL002362,VIN0002363,DLR018,CUST16295,2025-05-16,5,1,2025,1455901,45,24827,1,1,Ertiga,VXI
SAL002363,VIN0002364,DLR007,CUST12145,2025-04-07,4,1,2025,1284644,42,21906,1,1,Swift,Delta
SAL002364,VIN0002365,DLR019,CUST08927,2025-04-08,4,1,2025,955297,41,18831,1,0,Brezza,LXI
SAL002365,VIN0002366,DLR028,CUST10271,2025-12-02,12,1,2025,1017042,31,19386,0,0,Brezza,Sigma
SAL002366,VIN0002367,DLR030,CUST21552,2025-06-09,6,1,2025,934926,37,22229,0,0,Brezza,Alpha
SAL002367,VIN0002368,DLR017,CUST05432,2025-05-26,5,1,2025,1194420,57,39290,1,0,Swift,LXI
SAL002368,VIN0002369,DLR029,CUST08710,2025-06-15,6,1,2025,1217161,42,39106,1,0,Alto,Delta
SAL002369,VIN0002370,DLR020,CUST03761,2025-12-13,12,1,2025,784614,34,41497,1,0,Dzire,Sigma
SAL002370,VIN0002371,DLR019,CUST21139,2025-01-21,1,1,2025,1105133,56,5790,0,1,Baleno,Sigma
SAL002371,VIN0002372,DLR029,CUST08628,2025-12-21,12,1,2025,754027,47,22310,1,1,Baleno,AT
SAL002372,VIN0002373,DLR017,CUST11628,2025-12-04,12,1,2025,686980,51,41357,0,1,Baleno,VXI
SAL002373,VIN0002374,DLR021,CUST00369,2025-02-06,2,1,2025,1364513,21,22559,1,1,Brezza,MT
SAL002374,VIN0002375,DLR013,CUST14133,2025-03-09,3,1,2025,723630,41,10283,1,0,Alto,VXI
SAL002375,VIN0002376,DLR029,CUST14567,2025-03-06,3,1,2025,856176,47,26913,0,0,Baleno,ZXI
SAL002376,VIN0002377,DLR006,CUST22554,2025-01-27,1,1,2025,1065457,69,20193,0,1,Dzire,MT
SAL002377,VIN0002378,DLR022,CUST24793,2025-10-10,10,1,2025,1452390,65,7070,1,0,Baleno,Delta
SAL002378,VIN0002379,DLR014,CUST06784,2025-12-25,12,1,2025,1347064,23,34347,0,1,Swift,Alpha
SAL002379,VIN0002380,DLR005,CUST23320,2025-03-19,3,1,2025,799363,68,26187,1,0,Celerio,VXI
SAL002380,VIN0002381,DLR005,CUST23232,2025-05-02,5,1,2025,1002800,32,42214,1,0,Brezza,ZXI
SAL002381,VIN0002382,DLR028,CUST17391,2025-03-16,3,1,2025,1465146,44,27634,1,1,Brezza,LXI
SAL002382,VIN0002383,DLR013,CUST02474,2025-05-09,5,1,2025,587763,17,34242,1,1,Grand Vitara,ZXI
SAL002383,VIN0002384,DLR009,CUST16182,2025-11-15,11,1,2025,1004499,69,5701,0,0,Alto,VXI
SAL002384,VIN0002385,DLR026,CUST21218,2025-11-18,11,1,2025,960352,42,35872,1,1,Swift,MT
SAL002385,VIN0002386,DLR020,CUST05847,2025-10-20,10,1,2025,592622,71,35701,1,1,Alto,Alpha
SAL002386,VIN0002387,DLR007,CUST08498,2025-04-19,4,1,2025,796539,71,39564,1,0,Celerio,ZXI
SAL002387,VIN0002388,DLR027,CUST13436,2025-06-28,6,1,2025,1447938,42,12185,0,0,Ertiga,Sigma
SAL002388,VIN0002389,DLR005,CUST24880,2025-09-12,9,1,2025,1384838,27,15244,0,1,Dzire,AT
SAL002389,VIN0002390,DLR020,CUST08829,2025-02-13,2,1,2025,1278207,30,42477,0,1,Baleno,MT
SAL002390,VIN0002391,DLR011,CUST05484,2025-08-25,8,1,2025,676922,63,17844,0,1,Swift,AT
SAL002391,VIN0002392,DLR002,CUST14625,2025-08-17,8,1,2025,877787,59,6266,0,0,Alto,AGS
SAL002392,VIN0002393,DLR016,CUST03044,2025-12-09,12,1,2025,1342599,39,41499,1,0,Swift,AGS
SAL002393,VIN0002394,DLR013,CUST07852,2025-04-26,4,1,2025,763641,16,12122,1,0,Brezza,AGS
SAL002394,VIN0002395,DLR020,CUST17786,2025-02-15,2,1,2025,699408,30,37439,0,0,Grand Vitara,MT
SAL002395,VIN0002396,DLR027,CUST13433,2025-09-27,9,1,2025,1120575,51,35959,1,0,Ertiga,AGS
SAL002396,VIN0002397,DLR003,CUST13744,2025-06-14,6,1,2025,775554,11,10719,1,0,Brezza,Alpha
SAL002397,VIN0002398,DLR001,CUST24437,2025-12-07,12,1,2025,573628,17,25015,1,0,Brezza,Alpha
SAL002398,VIN0002399,DLR024,CUST01164,2025-08-18,8,1,2025,1185115,50,23868,1,0,Ignis,Sigma
SAL002399,VIN0002400,DLR030,CUST06309,2025-04-16,4,1,2025,1099664,34,35387,1,0,Brezza,MT
SAL002400,VIN0002401,DLR023,CUST21962,2025-12-02,12,1,2025,854771,22,6907,0,0,Brezza,Delta
SAL002401,VIN0002402,DLR001,CUST00940,2025-04-24,4,1,2025,921712,43,29031,1,0,Grand Vitara,AGS
SAL002402,VIN0002403,DLR021,CUST05930,2025-11-09,11,1,2025,874278,25,26468,1,0,Baleno,VXI
SAL002403,VIN0002404,DLR019,CUST24797,2025-06-12,6,1,2025,717902,26,31497,0,1,Baleno,ZXI
SAL002404,VIN0002405,DLR015,CUST13583,2025-06-28,6,1,2025,978230,69,44785,1,0,Alto,LXI
SAL002405,VIN0002406,DLR025,CUST01167,2025-02-28,2,1,2025,652340,80,25088,0,0,Alto,ZXI
SAL002406,VIN0002407,DLR022,CUST16533,2025-09-20,9,1,2025,517031,57,44670,1,0,Ertiga,ZXI
SAL002407,VIN0002408,DLR008,CUST10439,2025-10-14,10,1,2025,644091,63,20425,1,1,Swift,AT
SAL002408,VIN0002409,DLR022,CUST20346,2025-12-17,12,1,2025,787154,64,39420,0,0,Swift,Alpha
SAL002409,VIN0002410,DLR021,CUST13309,2025-02-17,2,1,2025,939739,35,33463,1,1,Ertiga,VXI
SAL002410,VIN0002411,DLR010,CUST20439,2025-12-16,12,1,2025,864053,71,36268,1,0,Alto,ZXI
SAL002411,VIN0002412,DLR027,CUST11514,2025-01-19,1,1,2025,1424938,32,6511,0,0,Dzire,ZXI
SAL002412,VIN0002413,DLR025,CUST17192,2025-06-10,6,1,2025,1125486,33,21405,0,1,Swift,LXI
SAL002413,VIN0002414,DLR007,CUST22546,2025-05-18,5,1,2025,1158766,12,8318,1,0,Brezza,VXI
SAL002414,VIN0002415,DLR027,CUST19837,2025-12-23,12,1,2025,1208265,30,11777,1,1,Dzire,AT
SAL002415,VIN0002416,DLR007,CUST11682,2025-09-28,9,1,2025,546319,21,17579,1,0,Ertiga,Alpha
SAL002416,VIN0002417,DLR020,CUST05374,2025-07-27,7,1,2025,778428,19,6613,1,0,Brezza,ZXI
SAL002417,VIN0002418,DLR009,CUST12197,2025-05-18,5,1,2025,654110,36,20324,1,0,Baleno,AT
SAL002418,VIN0002419,DLR013,CUST03437,2025-07-24,7,1,2025,1464579,54,14291,0,1,Swift,AGS
SAL002419,VIN0002420,DLR020,CUST07172,2025-11-05,11,1,2025,1343485,34,40244,1,0,Swift,AT
SAL002420,VIN0002421,DLR009,CUST04078,2025-03-05,3,1,2025,1370347,15,29602,1,1,Brezza,AGS
SAL002421,VIN0002422,DLR005,CUST22210,2025-01-21,1,1,2025,1270515,40,12784,1,1,Ignis,AGS
SAL002422,VIN0002423,DLR021,CUST01020,2025-04-20,4,1,2025,1449993,42,35122,1,0,Dzire,VXI
SAL002423,VIN0002424,DLR002,CUST06506,2025-09-07,9,1,2025,1018048,28,32302,1,1,Brezza,VXI
SAL002424,VIN0002425,DLR026,CUST23254,2025-04-18,4,1,2025,678912,32,43232,1,0,Swift,AT
SAL002425,VIN0002426,DLR026,CUST15032,2025-08-01,8,1,2025,1348939,30,19390,0,0,Ignis,Sigma
SAL002426,VIN0002427,DLR018,CUST07283,2025-12-23,12,1,2025,1056896,56,17249,1,0,Ertiga,Delta
SAL002427,VIN0002428,DLR008,CUST17861,2025-08-17,8,1,2025,810551,28,44348,1,0,Brezza,Sigma
SAL002428,VIN0002429,DLR029,CUST17538,2025-09-05,9,1,2025,669332,54,30763,1,1,Swift,LXI
SAL002429,VIN0002430,DLR014,CUST21256,2025-06-24,6,1,2025,958185,9,18765,0,0,Brezza,AGS
SAL002430,VIN0002431,DLR027,CUST18839,2025-10-04,10,1,2025,970984,60,28709,1,1,Swift,Delta
SAL002431,VIN0002432,DLR024,CUST17527,2025-06-21,6,1,2025,637932,53,32954,0,0,Baleno,MT
SAL002432,VIN0002433,DLR002,CUST06136,2025-09-28,9,1,2025,1294757,49,42048,1,0,Ertiga,MT
SAL002433,VIN0002434,DLR024,CUST04674,2025-03-01,3,1,2025,808401,42,11895,1,1,Dzire,AT
SAL002434,VIN0002435,DLR011,CUST23620,2025-12-01,12,1,2025,1239343,41,7937,1,0,Ignis,VXI
SAL002435,VIN0002436,DLR024,CUST00151,2025-07-08,7,1,2025,1226638,30,33578,1,0,Ertiga,MT
SAL002436,VIN0002437,DLR019,CUST17674,2025-06-08,6,1,2025,1351778,33,16399,1,0,Swift,Delta
SAL002437,VIN0002438,DLR017,CUST10073,2025-06-25,6,1,2025,1384827,30,35222,0,1,Baleno,Sigma
SAL002438,VIN0002439,DLR009,CUST05727,2025-01-23,1,1,2025,523688,24,14259,1,1,Swift,AT
SAL002439,VIN0002440,DLR001,CUST20717,2025-09-01,9,1,2025,677848,59,10444,0,0,Alto,VXI
SAL002440,VIN0002441,DLR003,CUST00038,2025-06-20,6,1,2025,518892,43,36672,1,0,Baleno,MT
SAL002441,VIN0002442,DLR020,CUST14060,2025-09-02,9,1,2025,1494221,64,23983,0,0,Baleno,VXI
SAL002442,VIN0002443,DLR026,CUST07735,2025-12-24,12,1,2025,948445,59,7504,1,0,Baleno,VXI
SAL002443,VIN0002444,DLR006,CUST09559,2025-07-02,7,1,2025,1497105,33,21448,1,0,Baleno,Sigma
SAL002444,VIN0002445,DLR016,CUST06110,2025-10-03,10,1,2025,1083872,30,35809,1,0,Swift,ZXI
SAL002445,VIN0002446,DLR006,CUST14935,2025-09-15,9,1,2025,874928,43,10139,0,1,Brezza,AGS
SAL002446,VIN0002447,DLR011,CUST24432,2025-05-17,5,1,2025,635258,57,41117,1,0,Alto,VXI
SAL002447,VIN0002448,DLR023,CUST00407,2025-02-08,2,1,2025,1469672,18,40469,1,0,Brezza,Sigma
SAL002448,VIN0002449,DLR017,CUST11479,2025-01-04,1,1,2025,1188033,69,26912,1,0,Ertiga,Delta
SAL002449,VIN0002450,DLR010,CUST18962,2025-01-26,1,1,2025,852347,88,24112,1,0,Alto,VXI
SAL002450,VIN0002451,DLR013,CUST17008,2025-05-04,5,1,2025,1075705,41,7809,1,0,Baleno,ZXI
SAL002451,VIN0002452,DLR018,CUST03187,2025-04-16,4,1,2025,1289712,24,36126,1,0,Dzire,LXI
SAL002452,VIN0002453,DLR007,CUST14629,2025-02-13,2,1,2025,526550,69,12782,1,1,Ertiga,Alpha
SAL002453,VIN0002454,DLR019,CUST18433,2025-03-18,3,1,2025,673399,60,25848,1,0,Swift,Delta
SAL002454,VIN0002455,DLR027,CUST03618,2025-11-19,11,1,2025,1241745,66,26384,1,0,Celerio,Delta
SAL002455,VIN0002456,DLR019,CUST10654,2025-08-15,8,1,2025,1321386,40,31115,0,0,Celerio,MT
SAL002456,VIN0002457,DLR010,CUST12791,2025-04-01,4,1,2025,1229530,9,29287,1,0,Brezza,MT
SAL002457,VIN0002458,DLR021,CUST10796,2025-10-21,10,1,2025,600309,35,16557,1,0,Ertiga,VXI
SAL002458,VIN0002459,DLR007,CUST03349,2025-12-25,12,1,2025,1029489,74,44350,0,0,Celerio,Sigma
SAL002459,VIN0002460,DLR010,CUST22930,2025-07-12,7,1,2025,1332705,62,26276,0,1,Ignis,ZXI
SAL002460,VIN0002461,DLR023,CUST16226,2025-05-14,5,1,2025,930464,42,12202,0,1,Ertiga,MT
SAL002461,VIN0002462,DLR029,CUST20986,2025-03-19,3,1,2025,882632,52,26933,1,0,Swift,AGS
SAL002462,VIN0002463,DLR005,CUST11265,2025-06-28,6,1,2025,1487768,63,25658,0,1,Swift,Delta
SAL002463,VIN0002464,DLR022,CUST11088,2025-10-05,10,1,2025,737676,24,23140,1,0,Dzire,Delta
SAL002464,VIN0002465,DLR019,CUST14350,2025-05-16,5,1,2025,1434896,32,27648,0,1,Baleno,MT
SAL002465,VIN0002466,DLR009,CUST06789,2025-08-28,8,1,2025,1206903,8,13976,1,0,Brezza,MT
SAL002466,VIN0002467,DLR022,CUST16697,2025-04-03,4,1,2025,741364,36,16478,1,1,Ertiga,MT
SAL002467,VIN0002468,DLR012,CUST20809,2025-08-03,8,1,2025,667948,24,25400,1,0,Brezza,AT
SAL002468,VIN0002469,DLR007,CUST22476,2025-01-06,1,1,2025,1098945,44,14366,1,0,Brezza,AGS
SAL002469,VIN0002470,DLR025,CUST09984,2025-06-12,6,1,2025,623785,24,29549,1,0,Brezza,AT
SAL002470,VIN0002471,DLR018,CUST18686,2025-11-13,11,1,2025,594172,62,8810,1,0,Swift,ZXI
SAL002471,VIN0002472,DLR024,CUST23415,2025-04-27,4,1,2025,949557,25,26480,0,1,Grand Vitara,AT
SAL002472,VIN0002473,DLR017,CUST19223,2025-03-14,3,1,2025,1177233,23,31274,1,1,Brezza,Alpha
SAL002473,VIN0002474,DLR004,CUST10157,2025-05-14,5,1,2025,1102539,30,39792,1,0,Brezza,ZXI
SAL002474,VIN0002475,DLR022,CUST05857,2025-12-17,12,1,2025,1071313,28,43228,0,0,Dzire,AT
SAL002475,VIN0002476,DLR004,CUST19565,2025-11-03,11,1,2025,1399986,81,33539,0,0,Celerio,Sigma
SAL002476,VIN0002477,DLR010,CUST02020,2025-05-24,5,1,2025,1321772,54,7824,0,1,Alto,LXI
SAL002477,VIN0002478,DLR012,CUST16182,2025-06-06,6,1,2025,585591,63,30334,1,0,Swift,AT
SAL002478,VIN0002479,DLR010,CUST07355,2025-01-16,1,1,2025,871673,39,42962,0,1,Baleno,LXI
SAL002479,VIN0002480,DLR002,CUST17947,2025-04-25,4,1,2025,705471,62,11163,0,0,Swift,AT
SAL002480,VIN0002481,DLR018,CUST21773,2025-09-10,9,1,2025,595702,56,32439,1,1,Ertiga,LXI
SAL002481,VIN0002482,DLR014,CUST14787,2025-04-26,4,1,2025,1328461,45,24893,0,1,Grand Vitara,VXI
SAL002482,VIN0002483,DLR025,CUST03733,2025-06-03,6,1,2025,809736,36,25487,1,0,Baleno,LXI
SAL002483,VIN0002484,DLR020,CUST16165,2025-09-27,9,1,2025,1450772,24,7368,1,1,Brezza,AGS
SAL002484,VIN0002485,DLR030,CUST02539,2025-06-25,6,1,2025,529895,42,38925,1,0,Alto,MT
SAL002485,VIN0002486,DLR004,CUST22346,2025-04-03,4,1,2025,1244003,80,12554,1,0,Alto,AGS
SAL002486,VIN0002487,DLR017,CUST18926,2025-12-02,12,1,2025,657587,8,14469,0,1,Brezza,Alpha
SAL002487,VIN0002488,DLR012,CUST22553,2025-01-17,1,1,2025,838385,67,31838,0,0,Alto,Alpha
SAL002488,VIN0002489,DLR025,CUST21244,2025-04-04,4,1,2025,1445729,63,38629,0,0,Ertiga,LXI
SAL002489,VIN0002490,DLR018,CUST23386,2025-11-07,11,1,2025,1142775,39,17439,1,0,Ertiga,Delta
SAL002490,VIN0002491,DLR015,CUST17270,2025-09-04,9,1,2025,518621,23,9105,1,1,Baleno,Alpha
SAL002491,VIN0002492,DLR026,CUST17220,2025-03-13,3,1,2025,1223842,58,43772,1,1,Ertiga,Sigma
SAL002492,VIN0002493,DLR013,CUST02621,2025-11-11,11,1,2025,574694,20,38471,1,1,Dzire,AGS
SAL002493,VIN0002494,DLR002,CUST09593,2025-03-03,3,1,2025,1182913,70,11552,1,0,Alto,LXI
SAL002494,VIN0002495,DLR026,CUST03128,2025-09-17,9,1,2025,563899,46,19676,1,0,Baleno,AT
SAL002495,VIN0002496,DLR005,CUST01065,2025-03-06,3,1,2025,1449993,50,26768,1,0,Ignis,Alpha
SAL002496,VIN0002497,DLR005,CUST06746,2025-02-02,2,1,2025,890218,46,29776,1,0,Swift,Delta
SAL002497,VIN0002498,DLR015,CUST06913,2025-10-14,10,1,2025,569818,67,36293,1,0,Swift,LXI
SAL002498,VIN0002499,DLR015,CUST00224,2025-04-07,4,1,2025,1416736,30,26326,1,0,Brezza,AGS
SAL002499,VIN0002500,DLR018,CUST07157,2025-07-05,7,1,2025,1401801,28,37873,1,0,Baleno,Alpha
