Chassis_Number,Engine_Number,Model_Code,Variant_ID,Color,Fuel_Type,Transmission_Type,Model_Year
VIN00001,ENG-VIN00001,Ignis,VXI,Midnight Black,CNG,Manual,2024
VIN00002,ENG-VIN00002,Ertiga,VXI,Magma Grey,CNG,Manual,2024
VIN00003,ENG-VIN00003,Baleno,VXI,Magma Grey,CNG,Manual,2024
VIN00004,ENG-VIN00004,Swift,VXI,Arctic White,Petrol,Automatic,2024
VIN00005,ENG-VIN00005,Alto,VXI,Midnight Black,Petrol,Automatic,2024
VIN00006,ENG-VIN00006,Ertiga,VXI,Midnight Black,Petrol,Manual,2024
VIN00007,ENG-VIN00007,Ignis,VXI,Arctic White,Petrol,Automatic,2024
VIN00008,ENG-VIN00008,Celerio,VXI,Midnight Black,CNG,Manual,2024
VIN00009,ENG-VIN00009,Grand Vitara,VXI,Arctic White,CNG,Manual,2024
VIN00010,ENG-VIN00010,Brezza,VXI,Magma Grey,CNG,Automatic,2024
VIN00011,ENG-VIN00011,Brezza,VXI,Magma Grey,Petrol,Manual,2024
VIN00012,ENG-VIN00012,Dzire,VXI,Midnight Black,CNG,Manual,2024
VIN00013,ENG-VIN00013,Ignis,VXI,Midnight Black,Petrol,Automatic,2024
VIN00014,ENG-VIN00014,Ignis,VXI,Midnight Black,CNG,Automatic,2024
VIN00015,ENG-VIN00015,Swift,VXI,Arctic White,Petrol,Automatic,2024
VIN00016,ENG-VIN00016,Ignis,VXI,Midnight Black,Petrol,Automatic,2024
VIN00017,ENG-VIN00017,Swift,VXI,Midnight Black,Petrol,Manual,2024
VIN00018,ENG-VIN00018,Grand Vitara,VXI,Midnight Black,Petrol,Automatic,2024
VIN00019,ENG-VIN00019,Ignis,VXI,Magma Grey,Petrol,Automatic,2024
VIN00020,ENG-VIN00020,Dzire,VXI,Midnight Black,CNG,Manual,2024
VIN00021,ENG-VIN00021,Alto,VXI,Magma Grey,Petrol,Automatic,2024
VIN00022,ENG-VIN00022,Swift,VXI,Magma Grey,Petrol,Automatic,2024
VIN00023,ENG-VIN00023,Alto,VXI,Midnight Black,CNG,Manual,2024
VIN00024,ENG-VIN00024,Celerio,VXI,Midnight Black,CNG,Manual,2024
VIN00025,ENG-VIN00025,Grand Vitara,VXI,Magma Grey,CNG,Manual,2024
VIN00026,ENG-VIN00026,Ertiga,VXI,Midnight Black,Petrol,Automatic,2024
VIN00027,ENG-VIN00027,Swift,VXI,Midnight Black,Petrol,Manual,2024
VIN00028,ENG-VIN00028,Alto,VXI,Midnight Black,CNG,Automatic,2024
VIN00029,ENG-VIN00029,Ertiga,VXI,Arctic White,Petrol,Manual,2024
VIN00030,ENG-VIN00030,Dzire,VXI,Arctic White,Petrol,Manual,2024
VIN00031,ENG-VIN00031,Ertiga,VXI,Magma Grey,Petrol,Automatic,2024
VIN00032,ENG-VIN00032,Dzire,VXI,Magma Grey,CNG,Manual,2024
VIN00033,ENG-VIN00033,Ignis,VXI,Midnight Black,CNG,Automatic,2024
VIN00034,ENG-VIN00034,Ertiga,VXI,Magma Grey,Petrol,Manual,2024
VIN00035,ENG-VIN00035,Brezza,VXI,Arctic White,CNG,Manual,2024
VIN00036,ENG-VIN00036,Celerio,VXI,Magma Grey,CNG,Manual,2024
VIN00037,ENG-VIN00037,Ertiga,VXI,Midnight Black,Petrol,Automatic,2024
VIN00038,ENG-VIN00038,Brezza,VXI,Arctic White,Petrol,Automatic,2024
VIN00039,ENG-VIN00039,Alto,VXI,Magma Grey,CNG,Automatic,2024
VIN00040,ENG-VIN00040,Baleno,VXI,Magma Grey,CNG,Manual,2024
VIN00041,ENG-VIN00041,Grand Vitara,VXI,Magma Grey,CNG,Automatic,2024
VIN00042,ENG-VIN00042,Grand Vitara,VXI,Magma Grey,Petrol,Manual,2024
VIN00043,ENG-VIN00043,Celerio,VXI,Midnight Black,Petrol,Automatic,2024
VIN00044,ENG-VIN00044,Baleno,VXI,Magma Grey,Petrol,Automatic,2024
VIN00045,ENG-VIN00045,Ertiga,VXI,Midnight Black,Petrol,Automatic,2024
VIN00046,ENG-VIN00046,Celerio,VXI,Arctic White,Petrol,Manual,2024
VIN00047,ENG-VIN00047,Brezza,VXI,Midnight Black,CNG,Automatic,2024
VIN00048,ENG-VIN00048,Swift,VXI,Magma Grey,CNG,Manual,2024
VIN00049,ENG-VIN00049,Swift,VXI,Magma Grey,CNG,Manual,2024
VIN00050,ENG-VIN00050,Celerio,VXI,Midnight Black,CNG,Automatic,2024
VIN00051,ENG-VIN00051,Ignis,VXI,Magma Grey,Petrol,Automatic,2024
VIN00052,ENG-VIN00052,Ertiga,VXI,Magma Grey,CNG,Manual,2024
VIN00053,ENG-VIN00053,Celerio,VXI,Arctic White,Petrol,Manual,2024
VIN00054,ENG-VIN00054,Celerio,VXI,Magma Grey,CNG,Automatic,2024
VIN00055,ENG-VIN00055,Swift,VXI,Midnight Black,Petrol,Manual,2024
VIN00056,ENG-VIN00056,Swift,VXI,Magma Grey,Petrol,Manual,2024
VIN00057,ENG-VIN00057,Grand Vitara,VXI,Midnight Black,CNG,Manual,2024
VIN00058,ENG-VIN00058,Ignis,VXI,Magma Grey,Petrol,Automatic,2024
VIN00059,ENG-VIN00059,Ertiga,VXI,Arctic White,CNG,Automatic,2024
VIN00060,ENG-VIN00060,Brezza,VXI,Midnight Black,Petrol,Automatic,2024
VIN00061,ENG-VIN00061,Baleno,VXI,Midnight Black,Petrol,Manual,2024
VIN00062,ENG-VIN00062,Grand Vitara,VXI,Magma Grey,Petrol,Manual,2024
VIN00063,ENG-VIN00063,Baleno,VXI,Arctic White,Petrol,Automatic,2024
VIN00064,ENG-VIN00064,Alto,VXI,Arctic White,CNG,Manual,2024
VIN00065,ENG-VIN00065,Brezza,VXI,Arctic White,Petrol,Manual,2024
VIN00066,ENG-VIN00066,Swift,VXI,Arctic White,CNG,Automatic,2024
VIN00067,ENG-VIN00067,Swift,VXI,Magma Grey,CNG,Automatic,2024
VIN00068,ENG-VIN00068,Dzire,VXI,Arctic White,Petrol,Manual,2024
VIN00069,ENG-VIN00069,Ertiga,VXI,Midnight Black,CNG,Manual,2024
VIN00070,ENG-VIN00070,Dzire,VXI,Midnight Black,CNG,Manual,2024
VIN00071,ENG-VIN00071,Celerio,VXI,Magma Grey,CNG,Manual,2024
VIN00072,ENG-VIN00072,Ertiga,VXI,Arctic White,Petrol,Manual,2024
VIN00073,ENG-VIN00073,Celerio,VXI,Magma Grey,CNG,Automatic,2024
VIN00074,ENG-VIN00074,Alto,VXI,Magma Grey,Petrol,Automatic,2024
VIN00075,ENG-VIN00075,Grand Vitara,VXI,Midnight Black,CNG,Manual,2024
VIN00076,ENG-VIN00076,Grand Vitara,VXI,Arctic White,Petrol,Manual,2024
VIN00077,ENG-VIN00077,Brezza,VXI,Magma Grey,CNG,Manual,2024
VIN00078,ENG-VIN00078,Ignis,VXI,Midnight Black,Petrol,Manual,2024
VIN00079,ENG-VIN00079,Baleno,VXI,Magma Grey,Petrol,Manual,2024
VIN00080,ENG-VIN00080,Grand Vitara,VXI,Magma Grey,CNG,Manual,2024
VIN00081,ENG-VIN00081,Ignis,VXI,Midnight Black,Petrol,Manual,2024
VIN00082,ENG-VIN00082,Ignis,VXI,Arctic White,Petrol,Automatic,2024
VIN00083,ENG-VIN00083,Grand Vitara,VXI,Magma Grey,CNG,Manual,2024
VIN00084,ENG-VIN00084,Grand Vitara,VXI,Arctic White,Petrol,Automatic,2024
VIN00085,ENG-VIN00085,Baleno,VXI,Arctic White,Petrol,Automatic,2024
VIN00086,ENG-VIN00086,Swift,VXI,Midnight Black,Petrol,Manual,2024
VIN00087,ENG-VIN00087,Baleno,VXI,Midnight Black,CNG,Automatic,2024
VIN00088,ENG-VIN00088,Celerio,VXI,Magma Grey,CNG,Manual,2024
VIN00089,ENG-VIN00089,Baleno,VXI,Midnight Black,CNG,Automatic,2024
VIN00090,ENG-VIN00090,Swift,VXI,Midnight Black,Petrol,Manual,2024
VIN00091,ENG-VIN00091,Dzire,VXI,Arctic White,CNG,Automatic,2024
VIN00092,ENG-VIN00092,Dzire,VXI,Midnight Black,Petrol,Manual,2024
VIN00093,ENG-VIN00093,Baleno,VXI,Magma Grey,Petrol,Manual,2024
VIN00094,ENG-VIN00094,Alto,VXI,Midnight Black,CNG,Automatic,2024
VIN00095,ENG-VIN00095,Grand Vitara,VXI,Magma Grey,Petrol,Automatic,2024
VIN00096,ENG-VIN00096,Grand Vitara,VXI,Magma Grey,Petrol,Automatic,2024
VIN00097,ENG-VIN00097,Swift,VXI,Midnight Black,CNG,Manual,2024
VIN00098,ENG-VIN00098,Swift,VXI,Magma Grey,Petrol,Manual,2024
VIN00099,ENG-VIN00099,Alto,VXI,Arctic White,Petrol,Manual,2024
VIN00100,ENG-VIN00100,Swift,VXI,Arctic White,Petrol,Automatic,2024
VIN00101,ENG-VIN00101,Alto,VXI,Arctic White,CNG,Automatic,2024
VIN00102,ENG-VIN00102,Baleno,VXI,Midnight Black,Petrol,Manual,2024
VIN00103,ENG-VIN00103,Alto,VXI,Arctic White,CNG,Automatic,2024
VIN00104,ENG-VIN00104,Baleno,VXI,Midnight Black,CNG,Manual,2024
VIN00105,ENG-VIN00105,Grand Vitara,VXI,Midnight Black,Petrol,Automatic,2024
VIN00106,ENG-VIN00106,Ertiga,VXI,Arctic White,CNG,Automatic,2024
VIN00107,ENG-VIN00107,Brezza,VXI,Arctic White,Petrol,Manual,2024
VIN00108,ENG-VIN00108,Celerio,VXI,Arctic White,CNG,Manual,2024
VIN00109,ENG-VIN00109,Ertiga,VXI,Magma Grey,CNG,Manual,2024
VIN00110,ENG-VIN00110,Brezza,VXI,Midnight Black,CNG,Automatic,2024
VIN00111,ENG-VIN00111,Dzire,VXI,Midnight Black,CNG,Automatic,2024
VIN00112,ENG-VIN00112,Celerio,VXI,Magma Grey,Petrol,Manual,2024
VIN00113,ENG-VIN00113,Ertiga,VXI,Arctic White,Petrol,Manual,2024
VIN00114,ENG-VIN00114,Alto,VXI,Magma Grey,Petrol,Manual,2024
VIN00115,ENG-VIN00115,Alto,VXI,Magma Grey,Petrol,Automatic,2024
VIN00116,ENG-VIN00116,Ignis,VXI,Magma Grey,Petrol,Manual,2024
VIN00117,ENG-VIN00117,Swift,VXI,Midnight Black,Petrol,Automatic,2024
VIN00118,ENG-VIN00118,Ignis,VXI,Arctic White,CNG,Automatic,2024
VIN00119,ENG-VIN00119,Celerio,VXI,Arctic White,CNG,Automatic,2024
VIN00120,ENG-VIN00120,Celerio,VXI,Magma Grey,Petrol,Manual,2024
VIN00121,ENG-VIN00121,Swift,VXI,Magma Grey,CNG,Manual,2024
VIN00122,ENG-VIN00122,Ertiga,VXI,Magma Grey,Petrol,Manual,2024
VIN00123,ENG-VIN00123,Ertiga,VXI,Midnight Black,Petrol,Automatic,2024
VIN00124,ENG-VIN00124,Ignis,VXI,Arctic White,Petrol,Automatic,2024
VIN00125,ENG-VIN00125,Celerio,VXI,Arctic White,Petrol,Automatic,2024
VIN00126,ENG-VIN00126,Celerio,VXI,Arctic White,CNG,Automatic,2024
VIN00127,ENG-VIN00127,Alto,VXI,Arctic White,Petrol,Automatic,2024
VIN00128,ENG-VIN00128,Swift,VXI,Magma Grey,Petrol,Automatic,2024
VIN00129,ENG-VIN00129,Ertiga,VXI,Arctic White,CNG,Automatic,2024
VIN00130,ENG-VIN00130,Grand Vitara,VXI,Arctic White,Petrol,Automatic,2024
VIN00131,ENG-VIN00131,Swift,VXI,Midnight Black,CNG,Manual,2024
VIN00132,ENG-VIN00132,Baleno,VXI,Arctic White,Petrol,Manual,2024
VIN00133,ENG-VIN00133,Ignis,VXI,Midnight Black,Petrol,Automatic,2024
VIN00134,ENG-VIN00134,Alto,VXI,Magma Grey,Petrol,Automatic,2024
VIN00135,ENG-VIN00135,Dzire,VXI,Arctic White,CNG,Automatic,2024
VIN00136,ENG-VIN00136,Brezza,VXI,Magma Grey,Petrol,Manual,2024
VIN00137,ENG-VIN00137,Ertiga,VXI,Magma Grey,CNG,Manual,2024
VIN00138,ENG-VIN00138,Alto,VXI,Magma Grey,CNG,Automatic,2024
VIN00139,ENG-VIN00139,Celerio,VXI,Magma Grey,CNG,Manual,2024
VIN00140,ENG-VIN00140,Ignis,VXI,Arctic White,CNG,Manual,2024
VIN00141,ENG-VIN00141,Swift,VXI,Magma Grey,CNG,Automatic,2024
VIN00142,ENG-VIN00142,Ertiga,VXI,Arctic White,CNG,Manual,2024
VIN00143,ENG-VIN00143,Grand Vitara,VXI,Magma Grey,CNG,Automatic,2024
VIN00144,ENG-VIN00144,Baleno,VXI,Magma Grey,CNG,Automatic,2024
VIN00145,ENG-VIN00145,Brezza,VXI,Magma Grey,CNG,Automatic,2024
VIN00146,ENG-VIN00146,Brezza,VXI,Midnight Black,CNG,Manual,2024
VIN00147,ENG-VIN00147,Brezza,VXI,Magma Grey,CNG,Manual,2024
VIN00148,ENG-VIN00148,Baleno,VXI,Midnight Black,CNG,Manual,2024
VIN00149,ENG-VIN00149,Baleno,VXI,Magma Grey,Petrol,Manual,2024
VIN00150,ENG-VIN00150,Dzire,VXI,Midnight Black,CNG,Automatic,2024
VIN00151,ENG-VIN00151,Alto,VXI,Arctic White,Petrol,Automatic,2024
VIN00152,ENG-VIN00152,Baleno,VXI,Arctic White,Petrol,Automatic,2024
VIN00153,ENG-VIN00153,Alto,VXI,Midnight Black,Petrol,Manual,2024
VIN00154,ENG-VIN00154,Celerio,VXI,Midnight Black,Petrol,Automatic,2024
VIN00155,ENG-VIN00155,Celerio,VXI,Midnight Black,CNG,Automatic,2024
VIN00156,ENG-VIN00156,Celerio,VXI,Arctic White,Petrol,Automatic,2024
VIN00157,ENG-VIN00157,Celerio,VXI,Midnight Black,Petrol,Automatic,2024
VIN00158,ENG-VIN00158,Brezza,VXI,Magma Grey,CNG,Automatic,2024
VIN00159,ENG-VIN00159,Baleno,VXI,Midnight Black,CNG,Automatic,2024
VIN00160,ENG-VIN00160,Ignis,VXI,Arctic White,CNG,Automatic,2024
VIN00161,ENG-VIN00161,Ertiga,VXI,Magma Grey,Petrol,Manual,2024
VIN00162,ENG-VIN00162,Swift,VXI,Arctic White,Petrol,Manual,2024
VIN00163,ENG-VIN00163,Dzire,VXI,Magma Grey,CNG,Automatic,2024
VIN00164,ENG-VIN00164,Brezza,VXI,Midnight Black,Petrol,Manual,2024
VIN00165,ENG-VIN00165,Baleno,VXI,Midnight Black,CNG,Manual,2024
VIN00166,ENG-VIN00166,Baleno,VXI,Arctic White,CNG,Automatic,2024
VIN00167,ENG-VIN00167,Ignis,VXI,Arctic White,CNG,Manual,2024
VIN00168,ENG-VIN00168,Grand Vitara,VXI,Arctic White,Petrol,Manual,2024
VIN00169,ENG-VIN00169,Ignis,VXI,Magma Grey,CNG,Manual,2024
VIN00170,ENG-VIN00170,Brezza,VXI,Arctic White,Petrol,Automatic,2024
VIN00171,ENG-VIN00171,Baleno,VXI,Magma Grey,CNG,Manual,2024
VIN00172,ENG-VIN00172,Brezza,VXI,Arctic White,Petrol,Automatic,2024
VIN00173,ENG-VIN00173,Swift,VXI,Arctic White,CNG,Manual,2024
VIN00174,ENG-VIN00174,Celerio,VXI,Arctic White,CNG,Automatic,2024
VIN00175,ENG-VIN00175,Alto,VXI,Midnight Black,CNG,Manual,2024
VIN00176,ENG-VIN00176,Swift,VXI,Magma Grey,CNG,Manual,2024
VIN00177,ENG-VIN00177,Swift,VXI,Arctic White,Petrol,Manual,2024
VIN00178,ENG-VIN00178,Alto,VXI,Magma Grey,CNG,Manual,2024
VIN00179,ENG-VIN00179,Celerio,VXI,Magma Grey,CNG,Automatic,2024
VIN00180,ENG-VIN00180,Ignis,VXI,Magma Grey,CNG,Manual,2024
VIN00181,ENG-VIN00181,Ertiga,VXI,Magma Grey,Petrol,Manual,2024
VIN00182,ENG-VIN00182,Brezza,VXI,Magma Grey,Petrol,Automatic,2024
VIN00183,ENG-VIN00183,Ertiga,VXI,Magma Grey,CNG,Automatic,2024
VIN00184,ENG-VIN00184,Ertiga,VXI,Arctic White,CNG,Manual,2024
VIN00185,ENG-VIN00185,Swift,VXI,Arctic White,Petrol,Automatic,2024
VIN00186,ENG-VIN00186,Ignis,VXI,Midnight Black,CNG,Manual,2024
VIN00187,ENG-VIN00187,Celerio,VXI,Arctic White,CNG,Automatic,2024
VIN00188,ENG-VIN00188,Ignis,VXI,Arctic White,Petrol,Automatic,2024
VIN00189,ENG-VIN00189,Celerio,VXI,Magma Grey,CNG,Automatic,2024
VIN00190,ENG-VIN00190,Baleno,VXI,Magma Grey,Petrol,Automatic,2024
VIN00191,ENG-VIN00191,Ertiga,VXI,Magma Grey,CNG,Automatic,2024
VIN00192,ENG-VIN00192,Ertiga,VXI,Midnight Black,Petrol,Automatic,2024
VIN00193,ENG-VIN00193,Dzire,VXI,Arctic White,CNG,Automatic,2024
VIN00194,ENG-VIN00194,Dzire,VXI,Midnight Black,CNG,Manual,2024
VIN00195,ENG-VIN00195,Dzire,VXI,Magma Grey,Petrol,Manual,2024
VIN00196,ENG-VIN00196,Brezza,VXI,Magma Grey,Petrol,Automatic,2024
VIN00197,ENG-VIN00197,Baleno,VXI,Midnight Black,Petrol,Manual,2024
VIN00198,ENG-VIN00198,Swift,VXI,Midnight Black,Petrol,Manual,2024
VIN00199,ENG-VIN00199,Alto,VXI,Magma Grey,Petrol,Automatic,2024
VIN00200,ENG-VIN00200,Swift,VXI,Arctic White,CNG,Manual,2024
VIN00201,ENG-VIN00201,Brezza,VXI,Midnight Black,Petrol,Automatic,2024
VIN00202,ENG-VIN00202,Swift,VXI,Midnight Black,CNG,Manual,2024
VIN00203,ENG-VIN00203,Dzire,VXI,Arctic White,CNG,Manual,2024
VIN00204,ENG-VIN00204,Dzire,VXI,Magma Grey,CNG,Manual,2024
VIN00205,ENG-VIN00205,Baleno,VXI,Midnight Black,Petrol,Manual,2024
VIN00206,ENG-VIN00206,Grand Vitara,VXI,Midnight Black,Petrol,Manual,2024
VIN00207,ENG-VIN00207,Alto,VXI,Magma Grey,Petrol,Manual,2024
VIN00208,ENG-VIN00208,Baleno,VXI,Arctic White,Petrol,Automatic,2024
VIN00209,ENG-VIN00209,Grand Vitara,VXI,Magma Grey,CNG,Manual,2024
VIN00210,ENG-VIN00210,Dzire,VXI,Magma Grey,Petrol,Automatic,2024
VIN00211,ENG-VIN00211,Brezza,VXI,Midnight Black,CNG,Automatic,2024
VIN00212,ENG-VIN00212,Dzire,VXI,Magma Grey,Petrol,Manual,2024
VIN00213,ENG-VIN00213,Grand Vitara,VXI,Midnight Black,Petrol,Automatic,2024
VIN00214,ENG-VIN00214,Dzire,VXI,Midnight Black,Petrol,Manual,2024
VIN00215,ENG-VIN00215,Baleno,VXI,Midnight Black,Petrol,Manual,2024
VIN00216,ENG-VIN00216,Ignis,VXI,Magma Grey,Petrol,Manual,2024
VIN00217,ENG-VIN00217,Dzire,VXI,Magma Grey,CNG,Automatic,2024
VIN00218,ENG-VIN00218,Dzire,VXI,Arctic White,Petrol,Manual,2024
VIN00219,ENG-VIN00219,Dzire,VXI,Arctic White,CNG,Automatic,2024
VIN00220,ENG-VIN00220,Grand Vitara,VXI,Midnight Black,Petrol,Manual,2024
VIN00221,ENG-VIN00221,Ertiga,VXI,Arctic White,Petrol,Automatic,2024
VIN00222,ENG-VIN00222,Alto,VXI,Arctic White,CNG,Manual,2024
VIN00223,ENG-VIN00223,Swift,VXI,Arctic White,CNG,Automatic,2024
VIN00224,ENG-VIN00224,Brezza,VXI,Arctic White,Petrol,Manual,2024
VIN00225,ENG-VIN00225,Ignis,VXI,Midnight Black,CNG,Automatic,2024
VIN00226,ENG-VIN00226,Ertiga,VXI,Midnight Black,Petrol,Manual,2024
VIN00227,ENG-VIN00227,Alto,VXI,Magma Grey,Petrol,Manual,2024
VIN00228,ENG-VIN00228,Swift,VXI,Magma Grey,CNG,Automatic,2024
VIN00229,ENG-VIN00229,Alto,VXI,Arctic White,Petrol,Manual,2024
VIN00230,ENG-VIN00230,Baleno,VXI,Magma Grey,Petrol,Automatic,2024
VIN00231,ENG-VIN00231,Grand Vitara,VXI,Magma Grey,Petrol,Automatic,2024
VIN00232,ENG-VIN00232,Ertiga,VXI,Midnight Black,Petrol,Automatic,2024
VIN00233,ENG-VIN00233,Brezza,VXI,Midnight Black,Petrol,Manual,2024
VIN00234,ENG-VIN00234,Brezza,VXI,Midnight Black,CNG,Manual,2024
VIN00235,ENG-VIN00235,Dzire,VXI,Magma Grey,Petrol,Manual,2024
VIN00236,ENG-VIN00236,Alto,VXI,Midnight Black,CNG,Manual,2024
VIN00237,ENG-VIN00237,Grand Vitara,VXI,Arctic White,CNG,Automatic,2024
VIN00238,ENG-VIN00238,Ignis,VXI,Arctic White,CNG,Manual,2024
VIN00239,ENG-VIN00239,Ignis,VXI,Midnight Black,CNG,Automatic,2024
VIN00240,ENG-VIN00240,Baleno,VXI,Arctic White,Petrol,Manual,2024
VIN00241,ENG-VIN00241,Grand Vitara,VXI,Arctic White,CNG,Manual,2024
VIN00242,ENG-VIN00242,Baleno,VXI,Magma Grey,Petrol,Manual,2024
VIN00243,ENG-VIN00243,Swift,VXI,Arctic White,Petrol,Automatic,2024
VIN00244,ENG-VIN00244,Grand Vitara,VXI,Magma Grey,Petrol,Manual,2024
VIN00245,ENG-VIN00245,Ertiga,VXI,Midnight Black,Petrol,Automatic,2024
VIN00246,ENG-VIN00246,Alto,VXI,Midnight Black,CNG,Manual,2024
VIN00247,ENG-VIN00247,Dzire,VXI,Magma Grey,CNG,Manual,2024
VIN00248,ENG-VIN00248,Brezza,VXI,Midnight Black,CNG,Automatic,2024
VIN00249,ENG-VIN00249,Celerio,VXI,Arctic White,Petrol,Automatic,2024
VIN00250,ENG-VIN00250,Brezza,VXI,Magma Grey,CNG,Automatic,2024
VIN00251,ENG-VIN00251,Celerio,VXI,Midnight Black,CNG,Manual,2024
VIN00252,ENG-VIN00252,Baleno,VXI,Arctic White,Petrol,Automatic,2024
VIN00253,ENG-VIN00253,Swift,VXI,Midnight Black,Petrol,Manual,2024
VIN00254,ENG-VIN00254,Alto,VXI,Midnight Black,Petrol,Automatic,2024
VIN00255,ENG-VIN00255,Baleno,VXI,Magma Grey,CNG,Automatic,2024
VIN00256,ENG-VIN00256,Swift,VXI,Arctic White,CNG,Manual,2024
VIN00257,ENG-VIN00257,Brezza,VXI,Magma Grey,Petrol,Automatic,2024
VIN00258,ENG-VIN00258,Ertiga,VXI,Midnight Black,CNG,Automatic,2024
VIN00259,ENG-VIN00259,Celerio,VXI,Arctic White,CNG,Automatic,2024
VIN00260,ENG-VIN00260,Ignis,VXI,Midnight Black,CNG,Automatic,2024
VIN00261,ENG-VIN00261,Grand Vitara,VXI,Arctic White,Petrol,Manual,2024
VIN00262,ENG-VIN00262,Grand Vitara,VXI,Magma Grey,CNG,Automatic,2024
VIN00263,ENG-VIN00263,Brezza,VXI,Arctic White,CNG,Manual,2024
VIN00264,ENG-VIN00264,Celerio,VXI,Midnight Black,CNG,Manual,2024
VIN00265,ENG-VIN00265,Ignis,VXI,Arctic White,Petrol,Manual,2024
VIN00266,ENG-VIN00266,Ertiga,VXI,Midnight Black,Petrol,Automatic,2024
VIN00267,ENG-VIN00267,Dzire,VXI,Midnight Black,Petrol,Automatic,2024
VIN00268,ENG-VIN00268,Baleno,VXI,Midnight Black,Petrol,Automatic,2024
VIN00269,ENG-VIN00269,Brezza,VXI,Arctic White,CNG,Manual,2024
VIN00270,ENG-VIN00270,Alto,VXI,Arctic White,CNG,Manual,2024
VIN00271,ENG-VIN00271,Baleno,VXI,Midnight Black,Petrol,Manual,2024
VIN00272,ENG-VIN00272,Grand Vitara,VXI,Magma Grey,Petrol,Manual,2024
VIN00273,ENG-VIN00273,Ignis,VXI,Arctic White,Petrol,Automatic,2024
VIN00274,ENG-VIN00274,Alto,VXI,Magma Grey,Petrol,Manual,2024
VIN00275,ENG-VIN00275,Ertiga,VXI,Midnight Black,Petrol,Manual,2024
VIN00276,ENG-VIN00276,Ignis,VXI,Arctic White,Petrol,Manual,2024
VIN00277,ENG-VIN00277,Brezza,VXI,Arctic White,Petrol,Automatic,2024
VIN00278,ENG-VIN00278,Brezza,VXI,Magma Grey,Petrol,Manual,2024
VIN00279,ENG-VIN00279,Ignis,VXI,Arctic White,Petrol,Manual,2024
VIN00280,ENG-VIN00280,Ertiga,VXI,Magma Grey,CNG,Automatic,2024
VIN00281,ENG-VIN00281,Ertiga,VXI,Midnight Black,Petrol,Automatic,2024
VIN00282,ENG-VIN00282,Baleno,VXI,Arctic White,CNG,Automatic,2024
VIN00283,ENG-VIN00283,Grand Vitara,VXI,Magma Grey,CNG,Manual,2024
VIN00284,ENG-VIN00284,Dzire,VXI,Midnight Black,CNG,Manual,2024
VIN00285,ENG-VIN00285,Swift,VXI,Midnight Black,CNG,Manual,2024
VIN00286,ENG-VIN00286,Dzire,VXI,Arctic White,CNG,Automatic,2024
VIN00287,ENG-VIN00287,Brezza,VXI,Arctic White,Petrol,Manual,2024
VIN00288,ENG-VIN00288,Brezza,VXI,Magma Grey,Petrol,Manual,2024
VIN00289,ENG-VIN00289,Dzire,VXI,Arctic White,Petrol,Manual,2024
VIN00290,ENG-VIN00290,Brezza,VXI,Arctic White,Petrol,Manual,2024
VIN00291,ENG-VIN00291,Baleno,VXI,Magma Grey,CNG,Manual,2024
VIN00292,ENG-VIN00292,Celerio,VXI,Arctic White,CNG,Automatic,2024
VIN00293,ENG-VIN00293,Dzire,VXI,Midnight Black,Petrol,Manual,2024
VIN00294,ENG-VIN00294,Ignis,VXI,Magma Grey,CNG,Manual,2024
VIN00295,ENG-VIN00295,Baleno,VXI,Arctic White,Petrol,Automatic,2024
VIN00296,ENG-VIN00296,Ignis,VXI,Magma Grey,Petrol,Automatic,2024
VIN00297,ENG-VIN00297,Swift,VXI,Arctic White,Petrol,Automatic,2024
VIN00298,ENG-VIN00298,Ertiga,VXI,Magma Grey,Petrol,Manual,2024
VIN00299,ENG-VIN00299,Swift,VXI,Magma Grey,Petrol,Manual,2024
VIN00300,ENG-VIN00300,Dzire,VXI,Midnight Black,Petrol,Automatic,2024
VIN00301,ENG-VIN00301,Brezza,VXI,Arctic White,CNG,Automatic,2024
VIN00302,ENG-VIN00302,Brezza,VXI,Midnight Black,Petrol,Manual,2024
VIN00303,ENG-VIN00303,Grand Vitara,VXI,Magma Grey,CNG,Automatic,2024
VIN00304,ENG-VIN00304,Ignis,VXI,Arctic White,CNG,Manual,2024
VIN00305,ENG-VIN00305,Brezza,VXI,Arctic White,Petrol,Automatic,2024
VIN00306,ENG-VIN00306,Swift,VXI,Midnight Black,Petrol,Automatic,2024
VIN00307,ENG-VIN00307,Swift,VXI,Midnight Black,CNG,Manual,2024
VIN00308,ENG-VIN00308,Alto,VXI,Arctic White,Petrol,Automatic,2024
VIN00309,ENG-VIN00309,Dzire,VXI,Arctic White,Petrol,Manual,2024
VIN00310,ENG-VIN00310,Dzire,VXI,Arctic White,CNG,Manual,2024
VIN00311,ENG-VIN00311,Baleno,VXI,Midnight Black,Petrol,Manual,2024
VIN00312,ENG-VIN00312,Celerio,VXI,Midnight Black,Petrol,Manual,2024
VIN00313,ENG-VIN00313,Baleno,VXI,Arctic White,CNG,Automatic,2024
VIN00314,ENG-VIN00314,Ertiga,VXI,Midnight Black,Petrol,Manual,2024
VIN00315,ENG-VIN00315,Brezza,VXI,Midnight Black,Petrol,Manual,2024
VIN00316,ENG-VIN00316,Alto,VXI,Magma Grey,Petrol,Automatic,2024
VIN00317,ENG-VIN00317,Grand Vitara,VXI,Midnight Black,Petrol,Automatic,2024
VIN00318,ENG-VIN00318,Alto,VXI,Midnight Black,Petrol,Automatic,2024
VIN00319,ENG-VIN00319,Baleno,VXI,Arctic White,Petrol,Automatic,2024
VIN00320,ENG-VIN00320,Grand Vitara,VXI,Midnight Black,CNG,Automatic,2024
VIN00321,ENG-VIN00321,Ignis,VXI,Midnight Black,Petrol,Manual,2024
VIN00322,ENG-VIN00322,Swift,VXI,Magma Grey,Petrol,Manual,2024
VIN00323,ENG-VIN00323,Brezza,VXI,Magma Grey,Petrol,Manual,2024
VIN00324,ENG-VIN00324,Ignis,VXI,Magma Grey,CNG,Manual,2024
VIN00325,ENG-VIN00325,Dzire,VXI,Midnight Black,Petrol,Manual,2024
VIN00326,ENG-VIN00326,Celerio,VXI,Magma Grey,CNG,Automatic,2024
VIN00327,ENG-VIN00327,Alto,VXI,Magma Grey,CNG,Manual,2024
VIN00328,ENG-VIN00328,Celerio,VXI,Magma Grey,Petrol,Automatic,2024
VIN00329,ENG-VIN00329,Grand Vitara,VXI,Magma Grey,Petrol,Manual,2024
VIN00330,ENG-VIN00330,Baleno,VXI,Arctic White,Petrol,Manual,2024
VIN00331,ENG-VIN00331,Celerio,VXI,Midnight Black,CNG,Automatic,2024
VIN00332,ENG-VIN00332,Grand Vitara,VXI,Arctic White,Petrol,Automatic,2024
VIN00333,ENG-VIN00333,Brezza,VXI,Arctic White,CNG,Automatic,2024
VIN00334,ENG-VIN00334,Ignis,VXI,Magma Grey,Petrol,Manual,2024
VIN00335,ENG-VIN00335,Dzire,VXI,Magma Grey,Petrol,Automatic,2024
VIN00336,ENG-VIN00336,Dzire,VXI,Midnight Black,CNG,Automatic,2024
VIN00337,ENG-VIN00337,Grand Vitara,VXI,Midnight Black,CNG,Automatic,2024
VIN00338,ENG-VIN00338,Brezza,VXI,Magma Grey,Petrol,Automatic,2024
VIN00339,ENG-VIN00339,Ignis,VXI,Midnight Black,CNG,Manual,2024
VIN00340,ENG-VIN00340,Brezza,VXI,Magma Grey,CNG,Manual,2024
VIN00341,ENG-VIN00341,Brezza,VXI,Midnight Black,Petrol,Automatic,2024
VIN00342,ENG-VIN00342,Alto,VXI,Magma Grey,Petrol,Manual,2024
VIN00343,ENG-VIN00343,Baleno,VXI,Magma Grey,CNG,Automatic,2024
VIN00344,ENG-VIN00344,Alto,VXI,Arctic White,Petrol,Manual,2024
VIN00345,ENG-VIN00345,Ignis,VXI,Midnight Black,CNG,Automatic,2024
VIN00346,ENG-VIN00346,Grand Vitara,VXI,Magma Grey,CNG,Manual,2024
VIN00347,ENG-VIN00347,Swift,VXI,Midnight Black,CNG,Automatic,2024
VIN00348,ENG-VIN00348,Alto,VXI,Arctic White,CNG,Manual,2024
VIN00349,ENG-VIN00349,Grand Vitara,VXI,Arctic White,Petrol,Automatic,2024
VIN00350,ENG-VIN00350,Dzire,VXI,Magma Grey,CNG,Manual,2024
VIN00351,ENG-VIN00351,Swift,VXI,Arctic White,Petrol,Manual,2024
VIN00352,ENG-VIN00352,Grand Vitara,VXI,Arctic White,Petrol,Manual,2024
VIN00353,ENG-VIN00353,Baleno,VXI,Magma Grey,Petrol,Automatic,2024
VIN00354,ENG-VIN00354,Ertiga,VXI,Midnight Black,Petrol,Manual,2024
VIN00355,ENG-VIN00355,Swift,VXI,Arctic White,CNG,Manual,2024
VIN00356,ENG-VIN00356,Dzire,VXI,Magma Grey,Petrol,Automatic,2024
VIN00357,ENG-VIN00357,Ertiga,VXI,Arctic White,Petrol,Manual,2024
VIN00358,ENG-VIN00358,Alto,VXI,Arctic White,Petrol,Manual,2024
VIN00359,ENG-VIN00359,Grand Vitara,VXI,Arctic White,Petrol,Automatic,2024
VIN00360,ENG-VIN00360,Grand Vitara,VXI,Midnight Black,Petrol,Manual,2024
VIN00361,ENG-VIN00361,Dzire,VXI,Arctic White,CNG,Automatic,2024
VIN00362,ENG-VIN00362,Brezza,VXI,Magma Grey,Petrol,Automatic,2024
VIN00363,ENG-VIN00363,Baleno,VXI,Arctic White,Petrol,Manual,2024
VIN00364,ENG-VIN00364,Ertiga,VXI,Magma Grey,Petrol,Manual,2024
VIN00365,ENG-VIN00365,Baleno,VXI,Arctic White,Petrol,Manual,2024
VIN00366,ENG-VIN00366,Brezza,VXI,Midnight Black,Petrol,Manual,2024
VIN00367,ENG-VIN00367,Grand Vitara,VXI,Magma Grey,CNG,Manual,2024
VIN00368,ENG-VIN00368,Grand Vitara,VXI,Magma Grey,Petrol,Automatic,2024
VIN00369,ENG-VIN00369,Brezza,VXI,Arctic White,CNG,Automatic,2024
VIN00370,ENG-VIN00370,Dzire,VXI,Arctic White,CNG,Automatic,2024
VIN00371,ENG-VIN00371,Celerio,VXI,Magma Grey,CNG,Automatic,2024
VIN00372,ENG-VIN00372,Dzire,VXI,Midnight Black,Petrol,Manual,2024
VIN00373,ENG-VIN00373,Brezza,VXI,Midnight Black,CNG,Automatic,2024
VIN00374,ENG-VIN00374,Dzire,VXI,Arctic White,Petrol,Automatic,2024
VIN00375,ENG-VIN00375,Ignis,VXI,Midnight Black,Petrol,Automatic,2024
VIN00376,ENG-VIN00376,Ignis,VXI,Magma Grey,CNG,Automatic,2024
VIN00377,ENG-VIN00377,Celerio,VXI,Midnight Black,Petrol,Manual,2024
VIN00378,ENG-VIN00378,Ignis,VXI,Arctic White,Petrol,Manual,2024
VIN00379,ENG-VIN00379,Celerio,VXI,Arctic White,CNG,Manual,2024
VIN00380,ENG-VIN00380,Alto,VXI,Arctic White,CNG,Manual,2024
VIN00381,ENG-VIN00381,Baleno,VXI,Arctic White,Petrol,Automatic,2024
VIN00382,ENG-VIN00382,Swift,VXI,Midnight Black,Petrol,Automatic,2024
VIN00383,ENG-VIN00383,Celerio,VXI,Midnight Black,Petrol,Automatic,2024
VIN00384,ENG-VIN00384,Brezza,VXI,Arctic White,CNG,Manual,2024
VIN00385,ENG-VIN00385,Ertiga,VXI,Arctic White,CNG,Automatic,2024
VIN00386,ENG-VIN00386,Swift,VXI,Magma Grey,CNG,Manual,2024
VIN00387,ENG-VIN00387,Ignis,VXI,Midnight Black,Petrol,Automatic,2024
VIN00388,ENG-VIN00388,Baleno,VXI,Magma Grey,CNG,Automatic,2024
VIN00389,ENG-VIN00389,Alto,VXI,Arctic White,CNG,Automatic,2024
VIN00390,ENG-VIN00390,Brezza,VXI,Midnight Black,CNG,Manual,2024
VIN00391,ENG-VIN00391,Ignis,VXI,Midnight Black,CNG,Automatic,2024
VIN00392,ENG-VIN00392,Alto,VXI,Midnight Black,Petrol,Manual,2024
VIN00393,ENG-VIN00393,Grand Vitara,VXI,Arctic White,CNG,Automatic,2024
VIN00394,ENG-VIN00394,Grand Vitara,VXI,Magma Grey,CNG,Automatic,2024
VIN00395,ENG-VIN00395,Baleno,VXI,Arctic White,CNG,Automatic,2024
VIN00396,ENG-VIN00396,Ertiga,VXI,Magma Grey,CNG,Automatic,2024
VIN00397,ENG-VIN00397,Dzire,VXI,Arctic White,Petrol,Automatic,2024
VIN00398,ENG-VIN00398,Alto,VXI,Magma Grey,CNG,Automatic,2024
VIN00399,ENG-VIN00399,Swift,VXI,Midnight Black,CNG,Automatic,2024
VIN00400,ENG-VIN00400,Dzire,VXI,Arctic White,CNG,Automatic,2024
VIN00401,ENG-VIN00401,Swift,VXI,Arctic White,Petrol,Manual,2024
VIN00402,ENG-VIN00402,Celerio,VXI,Arctic White,CNG,Automatic,2024
VIN00403,ENG-VIN00403,Dzire,VXI,Arctic White,CNG,Automatic,2024
VIN00404,ENG-VIN00404,Celerio,VXI,Magma Grey,Petrol,Manual,2024
VIN00405,ENG-VIN00405,Grand Vitara,VXI,Magma Grey,CNG,Automatic,2024
VIN00406,ENG-VIN00406,Baleno,VXI,Magma Grey,CNG,Automatic,2024
VIN00407,ENG-VIN00407,Dzire,VXI,Midnight Black,CNG,Manual,2024
VIN00408,ENG-VIN00408,Baleno,VXI,Magma Grey,CNG,Automatic,2024
VIN00409,ENG-VIN00409,Dzire,VXI,Magma Grey,CNG,Manual,2024
VIN00410,ENG-VIN00410,Grand Vitara,VXI,Arctic White,Petrol,Automatic,2024
VIN00411,ENG-VIN00411,Ignis,VXI,Arctic White,CNG,Automatic,2024
VIN00412,ENG-VIN00412,Ertiga,VXI,Midnight Black,Petrol,Automatic,2024
VIN00413,ENG-VIN00413,Celerio,VXI,Midnight Black,Petrol,Manual,2024
VIN00414,ENG-VIN00414,Swift,VXI,Magma Grey,CNG,Automatic,2024
VIN00415,ENG-VIN00415,Ertiga,VXI,Magma Grey,CNG,Manual,2024
VIN00416,ENG-VIN00416,Celerio,VXI,Midnight Black,CNG,Manual,2024
VIN00417,ENG-VIN00417,Ignis,VXI,Midnight Black,CNG,Manual,2024
VIN00418,ENG-VIN00418,Grand Vitara,VXI,Magma Grey,CNG,Automatic,2024
VIN00419,ENG-VIN00419,Grand Vitara,VXI,Magma Grey,Petrol,Automatic,2024
VIN00420,ENG-VIN00420,Baleno,VXI,Midnight Black,CNG,Manual,2024
VIN00421,ENG-VIN00421,Dzire,VXI,Midnight Black,CNG,Manual,2024
VIN00422,ENG-VIN00422,Grand Vitara,VXI,Magma Grey,CNG,Manual,2024
VIN00423,ENG-VIN00423,Celerio,VXI,Arctic White,Petrol,Automatic,2024
VIN00424,ENG-VIN00424,Baleno,VXI,Magma Grey,CNG,Manual,2024
VIN00425,ENG-VIN00425,Celerio,VXI,Midnight Black,CNG,Automatic,2024
VIN00426,ENG-VIN00426,Grand Vitara,VXI,Magma Grey,Petrol,Manual,2024
VIN00427,ENG-VIN00427,Celerio,VXI,Midnight Black,CNG,Automatic,2024
VIN00428,ENG-VIN00428,Baleno,VXI,Midnight Black,CNG,Manual,2024
VIN00429,ENG-VIN00429,Swift,VXI,Magma Grey,Petrol,Manual,2024
VIN00430,ENG-VIN00430,Brezza,VXI,Magma Grey,Petrol,Manual,2024
VIN00431,ENG-VIN00431,Swift,VXI,Arctic White,Petrol,Manual,2024
VIN00432,ENG-VIN00432,Baleno,VXI,Midnight Black,CNG,Manual,2024
VIN00433,ENG-VIN00433,Baleno,VXI,Midnight Black,Petrol,Automatic,2024
VIN00434,ENG-VIN00434,Ertiga,VXI,Midnight Black,Petrol,Manual,2024
VIN00435,ENG-VIN00435,Swift,VXI,Arctic White,CNG,Manual,2024
VIN00436,ENG-VIN00436,Alto,VXI,Midnight Black,CNG,Manual,2024
VIN00437,ENG-VIN00437,Ertiga,VXI,Arctic White,CNG,Manual,2024
VIN00438,ENG-VIN00438,Swift,VXI,Midnight Black,CNG,Automatic,2024
VIN00439,ENG-VIN00439,Swift,VXI,Midnight Black,Petrol,Manual,2024
VIN00440,ENG-VIN00440,Brezza,VXI,Arctic White,Petrol,Automatic,2024
VIN00441,ENG-VIN00441,Ignis,VXI,Magma Grey,Petrol,Automatic,2024
VIN00442,ENG-VIN00442,Celerio,VXI,Arctic White,CNG,Automatic,2024
VIN00443,ENG-VIN00443,Dzire,VXI,Midnight Black,CNG,Manual,2024
VIN00444,ENG-VIN00444,Alto,VXI,Midnight Black,Petrol,Manual,2024
VIN00445,ENG-VIN00445,Ignis,VXI,Midnight Black,CNG,Manual,2024
VIN00446,ENG-VIN00446,Baleno,VXI,Magma Grey,Petrol,Manual,2024
VIN00447,ENG-VIN00447,Grand Vitara,VXI,Arctic White,CNG,Automatic,2024
VIN00448,ENG-VIN00448,Ertiga,VXI,Magma Grey,Petrol,Automatic,2024
VIN00449,ENG-VIN00449,Baleno,VXI,Midnight Black,CNG,Manual,2024
VIN00450,ENG-VIN00450,Dzire,VXI,Magma Grey,Petrol,Manual,2024
VIN00451,ENG-VIN00451,Swift,VXI,Magma Grey,Petrol,Automatic,2024
VIN00452,ENG-VIN00452,Alto,VXI,Midnight Black,Petrol,Manual,2024
VIN00453,ENG-VIN00453,Ertiga,VXI,Arctic White,CNG,Automatic,2024
VIN00454,ENG-VIN00454,Swift,VXI,Midnight Black,CNG,Automatic,2024
VIN00455,ENG-VIN00455,Brezza,VXI,Arctic White,Petrol,Manual,2024
VIN00456,ENG-VIN00456,Grand Vitara,VXI,Midnight Black,Petrol,Automatic,2024
VIN00457,ENG-VIN00457,Dzire,VXI,Arctic White,CNG,Automatic,2024
VIN00458,ENG-VIN00458,Alto,VXI,Magma Grey,CNG,Automatic,2024
VIN00459,ENG-VIN00459,Ignis,VXI,Midnight Black,Petrol,Manual,2024
VIN00460,ENG-VIN00460,Alto,VXI,Arctic White,Petrol,Automatic,2024
VIN00461,ENG-VIN00461,Grand Vitara,VXI,Arctic White,CNG,Manual,2024
VIN00462,ENG-VIN00462,Grand Vitara,VXI,Magma Grey,CNG,Manual,2024
VIN00463,ENG-VIN00463,Ignis,VXI,Magma Grey,CNG,Automatic,2024
VIN00464,ENG-VIN00464,Alto,VXI,Arctic White,CNG,Manual,2024
VIN00465,ENG-VIN00465,Baleno,VXI,Magma Grey,CNG,Automatic,2024
VIN00466,ENG-VIN00466,Dzire,VXI,Magma Grey,Petrol,Automatic,2024
VIN00467,ENG-VIN00467,Brezza,VXI,Magma Grey,Petrol,Automatic,2024
VIN00468,ENG-VIN00468,Ignis,VXI,Magma Grey,CNG,Automatic,2024
VIN00469,ENG-VIN00469,Brezza,VXI,Arctic White,Petrol,Manual,2024
VIN00470,ENG-VIN00470,Ertiga,VXI,Magma Grey,Petrol,Automatic,2024
VIN00471,ENG-VIN00471,Swift,VXI,Magma Grey,CNG,Manual,2024
VIN00472,ENG-VIN00472,Celerio,VXI,Midnight Black,CNG,Automatic,2024
VIN00473,ENG-VIN00473,Swift,VXI,Midnight Black,Petrol,Manual,2024
VIN00474,ENG-VIN00474,Grand Vitara,VXI,Midnight Black,Petrol,Automatic,2024
VIN00475,ENG-VIN00475,Celerio,VXI,Midnight Black,Petrol,Manual,2024
VIN00476,ENG-VIN00476,Baleno,VXI,Midnight Black,CNG,Manual,2024
VIN00477,ENG-VIN00477,Baleno,VXI,Magma Grey,CNG,Manual,2024
VIN00478,ENG-VIN00478,Ertiga,VXI,Midnight Black,Petrol,Manual,2024
VIN00479,ENG-VIN00479,Grand Vitara,VXI,Midnight Black,CNG,Automatic,2024
VIN00480,ENG-VIN00480,Swift,VXI,Midnight Black,CNG,Manual,2024
VIN00481,ENG-VIN00481,Grand Vitara,VXI,Arctic White,Petrol,Automatic,2024
VIN00482,ENG-VIN00482,Swift,VXI,Midnight Black,CNG,Manual,2024
VIN00483,ENG-VIN00483,Celerio,VXI,Magma Grey,Petrol,Automatic,2024
VIN00484,ENG-VIN00484,Grand Vitara,VXI,Arctic White,CNG,Automatic,2024
VIN00485,ENG-VIN00485,Baleno,VXI,Midnight Black,Petrol,Automatic,2024
VIN00486,ENG-VIN00486,Baleno,VXI,Magma Grey,CNG,Manual,2024
VIN00487,ENG-VIN00487,Brezza,VXI,Midnight Black,Petrol,Automatic,2024
VIN00488,ENG-VIN00488,Ignis,VXI,Arctic White,Petrol,Manual,2024
VIN00489,ENG-VIN00489,Ignis,VXI,Midnight Black,CNG,Automatic,2024
VIN00490,ENG-VIN00490,Alto,VXI,Midnight Black,Petrol,Automatic,2024
VIN00491,ENG-VIN00491,Grand Vitara,VXI,Arctic White,Petrol,Manual,2024
VIN00492,ENG-VIN00492,Ertiga,VXI,Midnight Black,Petrol,Automatic,2024
VIN00493,ENG-VIN00493,Ertiga,VXI,Midnight Black,Petrol,Manual,2024
VIN00494,ENG-VIN00494,Ertiga,VXI,Magma Grey,CNG,Automatic,2024
VIN00495,ENG-VIN00495,Alto,VXI,Midnight Black,Petrol,Manual,2024
VIN00496,ENG-VIN00496,Brezza,VXI,Magma Grey,CNG,Automatic,2024
VIN00497,ENG-VIN00497,Ertiga,VXI,Midnight Black,CNG,Manual,2024
VIN00498,ENG-VIN00498,Grand Vitara,VXI,Magma Grey,CNG,Manual,2024
VIN00499,ENG-VIN00499,Alto,VXI,Magma Grey,Petrol,Automatic,2024
VIN00500,ENG-VIN00500,Grand Vitara,VXI,Midnight Black,CNG,Manual,2024
VIN00501,ENG-VIN00501,Alto,VXI,Arctic White,CNG,Manual,2024
VIN00502,ENG-VIN00502,Grand Vitara,VXI,Magma Grey,Petrol,Automatic,2024
VIN00503,ENG-VIN00503,Dzire,VXI,Magma Grey,CNG,Manual,2024
VIN00504,ENG-VIN00504,Baleno,VXI,Midnight Black,Petrol,Automatic,2024
VIN00505,ENG-VIN00505,Grand Vitara,VXI,Magma Grey,CNG,Manual,2024
VIN00506,ENG-VIN00506,Swift,VXI,Magma Grey,Petrol,Automatic,2024
VIN00507,ENG-VIN00507,Ignis,VXI,Magma Grey,CNG,Automatic,2024
VIN00508,ENG-VIN00508,Baleno,VXI,Magma Grey,Petrol,Manual,2024
VIN00509,ENG-VIN00509,Swift,VXI,Magma Grey,Petrol,Manual,2024
VIN00510,ENG-VIN00510,Baleno,VXI,Midnight Black,Petrol,Manual,2024
VIN00511,ENG-VIN00511,Swift,VXI,Magma Grey,CNG,Automatic,2024
VIN00512,ENG-VIN00512,Celerio,VXI,Midnight Black,Petrol,Manual,2024
VIN00513,ENG-VIN00513,Brezza,VXI,Magma Grey,CNG,Manual,2024
VIN00514,ENG-VIN00514,Ignis,VXI,Magma Grey,Petrol,Automatic,2024
VIN00515,ENG-VIN00515,Alto,VXI,Arctic White,Petrol,Manual,2024
VIN00516,ENG-VIN00516,Dzire,VXI,Midnight Black,Petrol,Manual,2024
VIN00517,ENG-VIN00517,Baleno,VXI,Magma Grey,CNG,Automatic,2024
VIN00518,ENG-VIN00518,Alto,VXI,Midnight Black,CNG,Automatic,2024
VIN00519,ENG-VIN00519,Swift,VXI,Midnight Black,Petrol,Automatic,2024
VIN00520,ENG-VIN00520,Ertiga,VXI,Midnight Black,CNG,Manual,2024
VIN00521,ENG-VIN00521,Dzire,VXI,Arctic White,Petrol,Manual,2024
VIN00522,ENG-VIN00522,Alto,VXI,Arctic White,CNG,Automatic,2024
VIN00523,ENG-VIN00523,Dzire,VXI,Arctic White,Petrol,Automatic,2024
VIN00524,ENG-VIN00524,Swift,VXI,Arctic White,CNG,Manual,2024
VIN00525,ENG-VIN00525,Swift,VXI,Midnight Black,CNG,Automatic,2024
VIN00526,ENG-VIN00526,Baleno,VXI,Midnight Black,Petrol,Automatic,2024
VIN00527,ENG-VIN00527,Ertiga,VXI,Arctic White,CNG,Manual,2024
VIN00528,ENG-VIN00528,Brezza,VXI,Midnight Black,Petrol,Manual,2024
VIN00529,ENG-VIN00529,Ertiga,VXI,Arctic White,Petrol,Automatic,2024
VIN00530,ENG-VIN00530,Swift,VXI,Arctic White,Petrol,Automatic,2024
VIN00531,ENG-VIN00531,Grand Vitara,VXI,Arctic White,CNG,Manual,2024
VIN00532,ENG-VIN00532,Baleno,VXI,Midnight Black,CNG,Manual,2024
VIN00533,ENG-VIN00533,Alto,VXI,Magma Grey,CNG,Manual,2024
VIN00534,ENG-VIN00534,Alto,VXI,Magma Grey,CNG,Manual,2024
VIN00535,ENG-VIN00535,Dzire,VXI,Midnight Black,CNG,Automatic,2024
VIN00536,ENG-VIN00536,Dzire,VXI,Arctic White,Petrol,Manual,2024
VIN00537,ENG-VIN00537,Swift,VXI,Midnight Black,Petrol,Manual,2024
VIN00538,ENG-VIN00538,Celerio,VXI,Magma Grey,CNG,Automatic,2024
VIN00539,ENG-VIN00539,Swift,VXI,Magma Grey,Petrol,Manual,2024
VIN00540,ENG-VIN00540,Brezza,VXI,Magma Grey,CNG,Manual,2024
VIN00541,ENG-VIN00541,Dzire,VXI,Arctic White,Petrol,Automatic,2024
VIN00542,ENG-VIN00542,Swift,VXI,Arctic White,Petrol,Automatic,2024
VIN00543,ENG-VIN00543,Swift,VXI,Midnight Black,CNG,Automatic,2024
VIN00544,ENG-VIN00544,Ertiga,VXI,Arctic White,Petrol,Manual,2024
VIN00545,ENG-VIN00545,Grand Vitara,VXI,Arctic White,CNG,Manual,2024
VIN00546,ENG-VIN00546,Celerio,VXI,Arctic White,Petrol,Manual,2024
VIN00547,ENG-VIN00547,Celerio,VXI,Arctic White,Petrol,Automatic,2024
VIN00548,ENG-VIN00548,Ertiga,VXI,Arctic White,Petrol,Automatic,2024
VIN00549,ENG-VIN00549,Ertiga,VXI,Magma Grey,CNG,Automatic,2024
VIN00550,ENG-VIN00550,Grand Vitara,VXI,Magma Grey,CNG,Manual,2024
VIN00551,ENG-VIN00551,Ignis,VXI,Arctic White,CNG,Automatic,2024
VIN00552,ENG-VIN00552,Swift,VXI,Midnight Black,Petrol,Automatic,2024
VIN00553,ENG-VIN00553,Celerio,VXI,Arctic White,CNG,Automatic,2024
VIN00554,ENG-VIN00554,Grand Vitara,VXI,Magma Grey,CNG,Automatic,2024
VIN00555,ENG-VIN00555,Alto,VXI,Arctic White,CNG,Automatic,2024
VIN00556,ENG-VIN00556,Swift,VXI,Midnight Black,CNG,Manual,2024
VIN00557,ENG-VIN00557,Grand Vitara,VXI,Arctic White,Petrol,Automatic,2024
VIN00558,ENG-VIN00558,Swift,VXI,Magma Grey,Petrol,Automatic,2024
VIN00559,ENG-VIN00559,Alto,VXI,Arctic White,Petrol,Manual,2024
VIN00560,ENG-VIN00560,Grand Vitara,VXI,Midnight Black,Petrol,Automatic,2024
VIN00561,ENG-VIN00561,Ignis,VXI,Magma Grey,Petrol,Manual,2024
VIN00562,ENG-VIN00562,Grand Vitara,VXI,Midnight Black,CNG,Manual,2024
VIN00563,ENG-VIN00563,Grand Vitara,VXI,Magma Grey,Petrol,Manual,2024
VIN00564,ENG-VIN00564,Baleno,VXI,Arctic White,Petrol,Automatic,2024
VIN00565,ENG-VIN00565,Baleno,VXI,Arctic White,Petrol,Manual,2024
VIN00566,ENG-VIN00566,Celerio,VXI,Magma Grey,CNG,Automatic,2024
VIN00567,ENG-VIN00567,Brezza,VXI,Arctic White,CNG,Manual,2024
VIN00568,ENG-VIN00568,Ignis,VXI,Midnight Black,CNG,Automatic,2024
VIN00569,ENG-VIN00569,Celerio,VXI,Magma Grey,CNG,Automatic,2024
VIN00570,ENG-VIN00570,Ignis,VXI,Arctic White,CNG,Automatic,2024
VIN00571,ENG-VIN00571,Baleno,VXI,Midnight Black,Petrol,Automatic,2024
VIN00572,ENG-VIN00572,Baleno,VXI,Magma Grey,CNG,Manual,2024
VIN00573,ENG-VIN00573,Ignis,VXI,Arctic White,CNG,Manual,2024
VIN00574,ENG-VIN00574,Dzire,VXI,Arctic White,CNG,Automatic,2024
VIN00575,ENG-VIN00575,Ignis,VXI,Arctic White,Petrol,Manual,2024
VIN00576,ENG-VIN00576,Brezza,VXI,Arctic White,Petrol,Automatic,2024
VIN00577,ENG-VIN00577,Baleno,VXI,Midnight Black,Petrol,Automatic,2024
VIN00578,ENG-VIN00578,Dzire,VXI,Midnight Black,CNG,Automatic,2024
VIN00579,ENG-VIN00579,Ignis,VXI,Arctic White,Petrol,Automatic,2024
VIN00580,ENG-VIN00580,Brezza,VXI,Magma Grey,CNG,Automatic,2024
VIN00581,ENG-VIN00581,Brezza,VXI,Magma Grey,Petrol,Manual,2024
VIN00582,ENG-VIN00582,Brezza,VXI,Midnight Black,Petrol,Automatic,2024
VIN00583,ENG-VIN00583,Swift,VXI,Midnight Black,CNG,Manual,2024
VIN00584,ENG-VIN00584,Swift,VXI,Magma Grey,CNG,Manual,2024
VIN00585,ENG-VIN00585,Dzire,VXI,Arctic White,Petrol,Automatic,2024
VIN00586,ENG-VIN00586,Alto,VXI,Midnight Black,CNG,Automatic,2024
VIN00587,ENG-VIN00587,Alto,VXI,Midnight Black,Petrol,Automatic,2024
VIN00588,ENG-VIN00588,Ertiga,VXI,Arctic White,CNG,Automatic,2024
VIN00589,ENG-VIN00589,Swift,VXI,Arctic White,Petrol,Automatic,2024
VIN00590,ENG-VIN00590,Brezza,VXI,Arctic White,CNG,Manual,2024
VIN00591,ENG-VIN00591,Grand Vitara,VXI,Magma Grey,CNG,Automatic,2024
VIN00592,ENG-VIN00592,Ignis,VXI,Arctic White,CNG,Automatic,2024
VIN00593,ENG-VIN00593,Celerio,VXI,Magma Grey,Petrol,Automatic,2024
VIN00594,ENG-VIN00594,Grand Vitara,VXI,Arctic White,CNG,Manual,2024
VIN00595,ENG-VIN00595,Ertiga,VXI,Midnight Black,Petrol,Automatic,2024
VIN00596,ENG-VIN00596,Baleno,VXI,Midnight Black,Petrol,Manual,2024
VIN00597,ENG-VIN00597,Alto,VXI,Midnight Black,Petrol,Automatic,2024
VIN00598,ENG-VIN00598,Ignis,VXI,Arctic White,Petrol,Automatic,2024
VIN00599,ENG-VIN00599,Celerio,VXI,Arctic White,Petrol,Automatic,2024
VIN00600,ENG-VIN00600,Swift,VXI,Midnight Black,CNG,Manual,2024
VIN00601,ENG-VIN00601,Brezza,VXI,Arctic White,Petrol,Manual,2024
VIN00602,ENG-VIN00602,Alto,VXI,Magma Grey,CNG,Automatic,2024
VIN00603,ENG-VIN00603,Celerio,VXI,Magma Grey,CNG,Manual,2024
VIN00604,ENG-VIN00604,Dzire,VXI,Arctic White,CNG,Manual,2024
VIN00605,ENG-VIN00605,Alto,VXI,Magma Grey,Petrol,Automatic,2024
VIN00606,ENG-VIN00606,Celerio,VXI,Magma Grey,Petrol,Manual,2024
VIN00607,ENG-VIN00607,Alto,VXI,Midnight Black,Petrol,Manual,2024
VIN00608,ENG-VIN00608,Brezza,VXI,Arctic White,Petrol,Automatic,2024
VIN00609,ENG-VIN00609,Dzire,VXI,Magma Grey,Petrol,Manual,2024
VIN00610,ENG-VIN00610,Grand Vitara,VXI,Arctic White,Petrol,Manual,2024
VIN00611,ENG-VIN00611,Ertiga,VXI,Midnight Black,Petrol,Automatic,2024
VIN00612,ENG-VIN00612,Grand Vitara,VXI,Arctic White,CNG,Automatic,2024
VIN00613,ENG-VIN00613,Dzire,VXI,Magma Grey,CNG,Manual,2024
VIN00614,ENG-VIN00614,Celerio,VXI,Magma Grey,Petrol,Automatic,2024
VIN00615,ENG-VIN00615,Swift,VXI,Magma Grey,Petrol,Manual,2024
VIN00616,ENG-VIN00616,Alto,VXI,Arctic White,Petrol,Manual,2024
VIN00617,ENG-VIN00617,Grand Vitara,VXI,Magma Grey,Petrol,Automatic,2024
VIN00618,ENG-VIN00618,Brezza,VXI,Magma Grey,CNG,Manual,2024
VIN00619,ENG-VIN00619,Celerio,VXI,Midnight Black,CNG,Automatic,2024
VIN00620,ENG-VIN00620,Dzire,VXI,Midnight Black,CNG,Automatic,2024
VIN00621,ENG-VIN00621,Ertiga,VXI,Arctic White,Petrol,Automatic,2024
VIN00622,ENG-VIN00622,Grand Vitara,VXI,Arctic White,Petrol,Automatic,2024
VIN00623,ENG-VIN00623,Dzire,VXI,Arctic White,CNG,Automatic,2024
VIN00624,ENG-VIN00624,Celerio,VXI,Midnight Black,CNG,Automatic,2024
VIN00625,ENG-VIN00625,Swift,VXI,Arctic White,CNG,Manual,2024
VIN00626,ENG-VIN00626,Grand Vitara,VXI,Magma Grey,CNG,Automatic,2024
VIN00627,ENG-VIN00627,Baleno,VXI,Midnight Black,CNG,Automatic,2024
VIN00628,ENG-VIN00628,Baleno,VXI,Midnight Black,CNG,Manual,2024
VIN00629,ENG-VIN00629,Celerio,VXI,Magma Grey,CNG,Manual,2024
VIN00630,ENG-VIN00630,Dzire,VXI,Arctic White,CNG,Automatic,2024
VIN00631,ENG-VIN00631,Brezza,VXI,Magma Grey,CNG,Automatic,2024
VIN00632,ENG-VIN00632,Swift,VXI,Arctic White,Petrol,Manual,2024
VIN00633,ENG-VIN00633,Grand Vitara,VXI,Magma Grey,Petrol,Automatic,2024
VIN00634,ENG-VIN00634,Ertiga,VXI,Magma Grey,Petrol,Manual,2024
VIN00635,ENG-VIN00635,Baleno,VXI,Midnight Black,CNG,Manual,2024
VIN00636,ENG-VIN00636,Alto,VXI,Arctic White,CNG,Manual,2024
VIN00637,ENG-VIN00637,Alto,VXI,Arctic White,Petrol,Automatic,2024
VIN00638,ENG-VIN00638,Ertiga,VXI,Magma Grey,CNG,Automatic,2024
VIN00639,ENG-VIN00639,Dzire,VXI,Arctic White,CNG,Manual,2024
VIN00640,ENG-VIN00640,Baleno,VXI,Arctic White,CNG,Automatic,2024
VIN00641,ENG-VIN00641,Swift,VXI,Arctic White,CNG,Automatic,2024
VIN00642,ENG-VIN00642,Brezza,VXI,Magma Grey,CNG,Automatic,2024
VIN00643,ENG-VIN00643,Alto,VXI,Magma Grey,Petrol,Automatic,2024
VIN00644,ENG-VIN00644,Celerio,VXI,Midnight Black,CNG,Automatic,2024
VIN00645,ENG-VIN00645,Celerio,VXI,Midnight Black,Petrol,Manual,2024
VIN00646,ENG-VIN00646,Dzire,VXI,Arctic White,CNG,Automatic,2024
VIN00647,ENG-VIN00647,Grand Vitara,VXI,Midnight Black,CNG,Manual,2024
VIN00648,ENG-VIN00648,Ignis,VXI,Magma Grey,Petrol,Manual,2024
VIN00649,ENG-VIN00649,Grand Vitara,VXI,Magma Grey,CNG,Manual,2024
VIN00650,ENG-VIN00650,Brezza,VXI,Magma Grey,CNG,Automatic,2024
VIN00651,ENG-VIN00651,Grand Vitara,VXI,Arctic White,CNG,Automatic,2024
VIN00652,ENG-VIN00652,Celerio,VXI,Midnight Black,CNG,Manual,2024
VIN00653,ENG-VIN00653,Ertiga,VXI,Magma Grey,CNG,Manual,2024
VIN00654,ENG-VIN00654,Swift,VXI,Arctic White,CNG,Automatic,2024
VIN00655,ENG-VIN00655,Grand Vitara,VXI,Midnight Black,CNG,Manual,2024
VIN00656,ENG-VIN00656,Swift,VXI,Midnight Black,Petrol,Manual,2024
VIN00657,ENG-VIN00657,Swift,VXI,Magma Grey,CNG,Manual,2024
VIN00658,ENG-VIN00658,Celerio,VXI,Midnight Black,CNG,Automatic,2024
VIN00659,ENG-VIN00659,Brezza,VXI,Midnight Black,Petrol,Manual,2024
VIN00660,ENG-VIN00660,Celerio,VXI,Magma Grey,CNG,Automatic,2024
VIN00661,ENG-VIN00661,Baleno,VXI,Magma Grey,Petrol,Automatic,2024
VIN00662,ENG-VIN00662,Ertiga,VXI,Arctic White,CNG,Manual,2024
VIN00663,ENG-VIN00663,Dzire,VXI,Arctic White,Petrol,Automatic,2024
VIN00664,ENG-VIN00664,Swift,VXI,Arctic White,CNG,Manual,2024
VIN00665,ENG-VIN00665,Grand Vitara,VXI,Magma Grey,CNG,Automatic,2024
VIN00666,ENG-VIN00666,Dzire,VXI,Midnight Black,CNG,Manual,2024
VIN00667,ENG-VIN00667,Dzire,VXI,Magma Grey,CNG,Automatic,2024
VIN00668,ENG-VIN00668,Celerio,VXI,Arctic White,CNG,Manual,2024
VIN00669,ENG-VIN00669,Grand Vitara,VXI,Magma Grey,CNG,Manual,2024
VIN00670,ENG-VIN00670,Dzire,VXI,Midnight Black,CNG,Automatic,2024
VIN00671,ENG-VIN00671,Alto,VXI,Arctic White,CNG,Automatic,2024
VIN00672,ENG-VIN00672,Dzire,VXI,Arctic White,CNG,Manual,2024
VIN00673,ENG-VIN00673,Dzire,VXI,Magma Grey,CNG,Automatic,2024
VIN00674,ENG-VIN00674,Dzire,VXI,Arctic White,Petrol,Manual,2024
VIN00675,ENG-VIN00675,Baleno,VXI,Midnight Black,CNG,Automatic,2024
VIN00676,ENG-VIN00676,Celerio,VXI,Midnight Black,CNG,Manual,2024
VIN00677,ENG-VIN00677,Dzire,VXI,Midnight Black,Petrol,Manual,2024
VIN00678,ENG-VIN00678,Ignis,VXI,Magma Grey,CNG,Manual,2024
VIN00679,ENG-VIN00679,Dzire,VXI,Midnight Black,CNG,Automatic,2024
VIN00680,ENG-VIN00680,Celerio,VXI,Midnight Black,Petrol,Manual,2024
VIN00681,ENG-VIN00681,Swift,VXI,Arctic White,CNG,Manual,2024
VIN00682,ENG-VIN00682,Baleno,VXI,Arctic White,CNG,Manual,2024
VIN00683,ENG-VIN00683,Celerio,VXI,Midnight Black,Petrol,Manual,2024
VIN00684,ENG-VIN00684,Dzire,VXI,Midnight Black,CNG,Automatic,2024
VIN00685,ENG-VIN00685,Alto,VXI,Midnight Black,Petrol,Manual,2024
VIN00686,ENG-VIN00686,Ertiga,VXI,Magma Grey,Petrol,Manual,2024
VIN00687,ENG-VIN00687,Baleno,VXI,Arctic White,Petrol,Automatic,2024
VIN00688,ENG-VIN00688,Ertiga,VXI,Arctic White,CNG,Automatic,2024
VIN00689,ENG-VIN00689,Ignis,VXI,Magma Grey,CNG,Automatic,2024
VIN00690,ENG-VIN00690,Ignis,VXI,Magma Grey,CNG,Automatic,2024
VIN00691,ENG-VIN00691,Alto,VXI,Magma Grey,Petrol,Automatic,2024
VIN00692,ENG-VIN00692,Swift,VXI,Arctic White,Petrol,Manual,2024
VIN00693,ENG-VIN00693,Ignis,VXI,Arctic White,CNG,Manual,2024
VIN00694,ENG-VIN00694,Baleno,VXI,Magma Grey,Petrol,Automatic,2024
VIN00695,ENG-VIN00695,Ignis,VXI,Magma Grey,CNG,Manual,2024
VIN00696,ENG-VIN00696,Swift,VXI,Magma Grey,CNG,Automatic,2024
VIN00697,ENG-VIN00697,Ertiga,VXI,Midnight Black,Petrol,Manual,2024
VIN00698,ENG-VIN00698,Alto,VXI,Magma Grey,Petrol,Manual,2024
VIN00699,ENG-VIN00699,Ignis,VXI,Magma Grey,Petrol,Automatic,2024
VIN00700,ENG-VIN00700,Grand Vitara,VXI,Magma Grey,CNG,Manual,2024
VIN00701,ENG-VIN00701,Ignis,VXI,Magma Grey,CNG,Manual,2024
VIN00702,ENG-VIN00702,Brezza,VXI,Arctic White,Petrol,Automatic,2024
VIN00703,ENG-VIN00703,Dzire,VXI,Arctic White,Petrol,Automatic,2024
VIN00704,ENG-VIN00704,Baleno,VXI,Magma Grey,CNG,Automatic,2024
VIN00705,ENG-VIN00705,Baleno,VXI,Midnight Black,Petrol,Manual,2024
VIN00706,ENG-VIN00706,Ignis,VXI,Arctic White,Petrol,Manual,2024
VIN00707,ENG-VIN00707,Baleno,VXI,Arctic White,CNG,Manual,2024
VIN00708,ENG-VIN00708,Dzire,VXI,Midnight Black,Petrol,Automatic,2024
VIN00709,ENG-VIN00709,Grand Vitara,VXI,Midnight Black,CNG,Manual,2024
VIN00710,ENG-VIN00710,Alto,VXI,Midnight Black,Petrol,Manual,2024
VIN00711,ENG-VIN00711,Dzire,VXI,Magma Grey,Petrol,Manual,2024
VIN00712,ENG-VIN00712,Ertiga,VXI,Magma Grey,CNG,Automatic,2024
VIN00713,ENG-VIN00713,Grand Vitara,VXI,Magma Grey,CNG,Manual,2024
VIN00714,ENG-VIN00714,Dzire,VXI,Midnight Black,CNG,Automatic,2024
VIN00715,ENG-VIN00715,Grand Vitara,VXI,Arctic White,CNG,Automatic,2024
VIN00716,ENG-VIN00716,Ignis,VXI,Midnight Black,Petrol,Automatic,2024
VIN00717,ENG-VIN00717,Celerio,VXI,Midnight Black,Petrol,Manual,2024
VIN00718,ENG-VIN00718,Brezza,VXI,Midnight Black,CNG,Manual,2024
VIN00719,ENG-VIN00719,Ignis,VXI,Magma Grey,Petrol,Automatic,2024
VIN00720,ENG-VIN00720,Ignis,VXI,Arctic White,Petrol,Manual,2024
VIN00721,ENG-VIN00721,Swift,VXI,Arctic White,CNG,Automatic,2024
VIN00722,ENG-VIN00722,Ertiga,VXI,Arctic White,Petrol,Automatic,2024
VIN00723,ENG-VIN00723,Ignis,VXI,Midnight Black,CNG,Manual,2024
VIN00724,ENG-VIN00724,Ignis,VXI,Magma Grey,Petrol,Automatic,2024
VIN00725,ENG-VIN00725,Grand Vitara,VXI,Midnight Black,CNG,Automatic,2024
VIN00726,ENG-VIN00726,Brezza,VXI,Magma Grey,Petrol,Automatic,2024
VIN00727,ENG-VIN00727,Celerio,VXI,Magma Grey,CNG,Manual,2024
VIN00728,ENG-VIN00728,Celerio,VXI,Magma Grey,CNG,Automatic,2024
VIN00729,ENG-VIN00729,Baleno,VXI,Arctic White,Petrol,Manual,2024
VIN00730,ENG-VIN00730,Ignis,VXI,Magma Grey,CNG,Manual,2024
VIN00731,ENG-VIN00731,Baleno,VXI,Midnight Black,Petrol,Manual,2024
VIN00732,ENG-VIN00732,Dzire,VXI,Magma Grey,Petrol,Automatic,2024
VIN00733,ENG-VIN00733,Brezza,VXI,Midnight Black,Petrol,Manual,2024
VIN00734,ENG-VIN00734,Baleno,VXI,Magma Grey,CNG,Manual,2024
VIN00735,ENG-VIN00735,Celerio,VXI,Arctic White,CNG,Automatic,2024
VIN00736,ENG-VIN00736,Baleno,VXI,Magma Grey,Petrol,Automatic,2024
VIN00737,ENG-VIN00737,Grand Vitara,VXI,Magma Grey,Petrol,Manual,2024
VIN00738,ENG-VIN00738,Swift,VXI,Magma Grey,Petrol,Automatic,2024
VIN00739,ENG-VIN00739,Baleno,VXI,Arctic White,CNG,Automatic,2024
VIN00740,ENG-VIN00740,Alto,VXI,Midnight Black,Petrol,Automatic,2024
VIN00741,ENG-VIN00741,Brezza,VXI,Arctic White,CNG,Automatic,2024
VIN00742,ENG-VIN00742,Ertiga,VXI,Arctic White,CNG,Automatic,2024
VIN00743,ENG-VIN00743,Baleno,VXI,Arctic White,Petrol,Manual,2024
VIN00744,ENG-VIN00744,Brezza,VXI,Magma Grey,CNG,Automatic,2024
VIN00745,ENG-VIN00745,Grand Vitara,VXI,Magma Grey,CNG,Automatic,2024
VIN00746,ENG-VIN00746,Alto,VXI,Midnight Black,Petrol,Automatic,2024
VIN00747,ENG-VIN00747,Alto,VXI,Midnight Black,Petrol,Automatic,2024
VIN00748,ENG-VIN00748,Ignis,VXI,Midnight Black,Petrol,Manual,2024
VIN00749,ENG-VIN00749,Dzire,VXI,Midnight Black,Petrol,Automatic,2024
VIN00750,ENG-VIN00750,Baleno,VXI,Arctic White,CNG,Manual,2024
VIN00751,ENG-VIN00751,Brezza,VXI,Midnight Black,CNG,Manual,2024
VIN00752,ENG-VIN00752,Brezza,VXI,Magma Grey,Petrol,Automatic,2024
VIN00753,ENG-VIN00753,Alto,VXI,Midnight Black,CNG,Manual,2024
VIN00754,ENG-VIN00754,Dzire,VXI,Arctic White,CNG,Manual,2024
VIN00755,ENG-VIN00755,Swift,VXI,Magma Grey,CNG,Automatic,2024
VIN00756,ENG-VIN00756,Alto,VXI,Arctic White,CNG,Manual,2024
VIN00757,ENG-VIN00757,Celerio,VXI,Magma Grey,Petrol,Automatic,2024
VIN00758,ENG-VIN00758,Dzire,VXI,Magma Grey,CNG,Automatic,2024
VIN00759,ENG-VIN00759,Grand Vitara,VXI,Arctic White,CNG,Automatic,2024
VIN00760,ENG-VIN00760,Baleno,VXI,Arctic White,CNG,Manual,2024
VIN00761,ENG-VIN00761,Baleno,VXI,Magma Grey,Petrol,Manual,2024
VIN00762,ENG-VIN00762,Ertiga,VXI,Midnight Black,Petrol,Automatic,2024
VIN00763,ENG-VIN00763,Grand Vitara,VXI,Arctic White,CNG,Manual,2024
VIN00764,ENG-VIN00764,Baleno,VXI,Arctic White,CNG,Automatic,2024
VIN00765,ENG-VIN00765,Baleno,VXI,Arctic White,Petrol,Manual,2024
VIN00766,ENG-VIN00766,Brezza,VXI,Magma Grey,Petrol,Manual,2024
VIN00767,ENG-VIN00767,Brezza,VXI,Arctic White,Petrol,Manual,2024
VIN00768,ENG-VIN00768,Ignis,VXI,Magma Grey,CNG,Automatic,2024
VIN00769,ENG-VIN00769,Ertiga,VXI,Midnight Black,Petrol,Automatic,2024
VIN00770,ENG-VIN00770,Celerio,VXI,Magma Grey,CNG,Automatic,2024
VIN00771,ENG-VIN00771,Alto,VXI,Magma Grey,CNG,Manual,2024
VIN00772,ENG-VIN00772,Grand Vitara,VXI,Arctic White,Petrol,Automatic,2024
VIN00773,ENG-VIN00773,Celerio,VXI,Midnight Black,Petrol,Automatic,2024
VIN00774,ENG-VIN00774,Grand Vitara,VXI,Magma Grey,Petrol,Manual,2024
VIN00775,ENG-VIN00775,Brezza,VXI,Arctic White,CNG,Automatic,2024
VIN00776,ENG-VIN00776,Ignis,VXI,Arctic White,Petrol,Manual,2024
VIN00777,ENG-VIN00777,Ignis,VXI,Magma Grey,CNG,Automatic,2024
VIN00778,ENG-VIN00778,Brezza,VXI,Arctic White,Petrol,Automatic,2024
VIN00779,ENG-VIN00779,Ertiga,VXI,Magma Grey,CNG,Automatic,2024
VIN00780,ENG-VIN00780,Grand Vitara,VXI,Arctic White,CNG,Manual,2024
VIN00781,ENG-VIN00781,Dzire,VXI,Midnight Black,Petrol,Automatic,2024
VIN00782,ENG-VIN00782,Celerio,VXI,Arctic White,CNG,Automatic,2024
VIN00783,ENG-VIN00783,Baleno,VXI,Arctic White,Petrol,Automatic,2024
VIN00784,ENG-VIN00784,Grand Vitara,VXI,Magma Grey,Petrol,Manual,2024
VIN00785,ENG-VIN00785,Ertiga,VXI,Magma Grey,CNG,Manual,2024
VIN00786,ENG-VIN00786,Ertiga,VXI,Midnight Black,Petrol,Manual,2024
VIN00787,ENG-VIN00787,Dzire,VXI,Magma Grey,CNG,Automatic,2024
VIN00788,ENG-VIN00788,Brezza,VXI,Arctic White,CNG,Manual,2024
VIN00789,ENG-VIN00789,Dzire,VXI,Magma Grey,CNG,Manual,2024
VIN00790,ENG-VIN00790,Baleno,VXI,Arctic White,CNG,Manual,2024
VIN00791,ENG-VIN00791,Alto,VXI,Arctic White,Petrol,Automatic,2024
VIN00792,ENG-VIN00792,Swift,VXI,Magma Grey,CNG,Manual,2024
VIN00793,ENG-VIN00793,Grand Vitara,VXI,Midnight Black,Petrol,Manual,2024
VIN00794,ENG-VIN00794,Brezza,VXI,Arctic White,Petrol,Manual,2024
VIN00795,ENG-VIN00795,Dzire,VXI,Midnight Black,Petrol,Automatic,2024
VIN00796,ENG-VIN00796,Brezza,VXI,Magma Grey,CNG,Manual,2024
VIN00797,ENG-VIN00797,Celerio,VXI,Midnight Black,CNG,Automatic,2024
VIN00798,ENG-VIN00798,Dzire,VXI,Midnight Black,Petrol,Manual,2024
VIN00799,ENG-VIN00799,Ignis,VXI,Arctic White,CNG,Automatic,2024
VIN00800,ENG-VIN00800,Brezza,VXI,Magma Grey,CNG,Automatic,2024
VIN00801,ENG-VIN00801,Dzire,VXI,Magma Grey,CNG,Manual,2024
VIN00802,ENG-VIN00802,Celerio,VXI,Midnight Black,Petrol,Automatic,2024
VIN00803,ENG-VIN00803,Alto,VXI,Magma Grey,CNG,Automatic,2024
VIN00804,ENG-VIN00804,Swift,VXI,Arctic White,Petrol,Manual,2024
VIN00805,ENG-VIN00805,Baleno,VXI,Magma Grey,Petrol,Manual,2024
VIN00806,ENG-VIN00806,Swift,VXI,Arctic White,Petrol,Manual,2024
VIN00807,ENG-VIN00807,Ignis,VXI,Magma Grey,CNG,Manual,2024
VIN00808,ENG-VIN00808,Celerio,VXI,Midnight Black,Petrol,Manual,2024
VIN00809,ENG-VIN00809,Swift,VXI,Midnight Black,Petrol,Manual,2024
VIN00810,ENG-VIN00810,Brezza,VXI,Arctic White,Petrol,Manual,2024
VIN00811,ENG-VIN00811,Alto,VXI,Magma Grey,CNG,Manual,2024
VIN00812,ENG-VIN00812,Grand Vitara,VXI,Midnight Black,CNG,Manual,2024
VIN00813,ENG-VIN00813,Swift,VXI,Arctic White,Petrol,Manual,2024
VIN00814,ENG-VIN00814,Dzire,VXI,Arctic White,Petrol,Manual,2024
VIN00815,ENG-VIN00815,Grand Vitara,VXI,Magma Grey,Petrol,Automatic,2024
VIN00816,ENG-VIN00816,Dzire,VXI,Magma Grey,CNG,Automatic,2024
VIN00817,ENG-VIN00817,Ignis,VXI,Magma Grey,CNG,Manual,2024
VIN00818,ENG-VIN00818,Swift,VXI,Arctic White,Petrol,Automatic,2024
VIN00819,ENG-VIN00819,Grand Vitara,VXI,Magma Grey,CNG,Manual,2024
VIN00820,ENG-VIN00820,Swift,VXI,Arctic White,Petrol,Manual,2024
VIN00821,ENG-VIN00821,Ertiga,VXI,Magma Grey,CNG,Manual,2024
VIN00822,ENG-VIN00822,Dzire,VXI,Arctic White,CNG,Manual,2024
VIN00823,ENG-VIN00823,Dzire,VXI,Arctic White,CNG,Automatic,2024
VIN00824,ENG-VIN00824,Dzire,VXI,Arctic White,Petrol,Manual,2024
VIN00825,ENG-VIN00825,Dzire,VXI,Midnight Black,Petrol,Manual,2024
VIN00826,ENG-VIN00826,Baleno,VXI,Midnight Black,CNG,Manual,2024
VIN00827,ENG-VIN00827,Alto,VXI,Magma Grey,Petrol,Automatic,2024
VIN00828,ENG-VIN00828,Dzire,VXI,Arctic White,CNG,Manual,2024
VIN00829,ENG-VIN00829,Ignis,VXI,Arctic White,Petrol,Manual,2024
VIN00830,ENG-VIN00830,Ignis,VXI,Midnight Black,Petrol,Manual,2024
VIN00831,ENG-VIN00831,Alto,VXI,Magma Grey,CNG,Automatic,2024
VIN00832,ENG-VIN00832,Celerio,VXI,Midnight Black,Petrol,Automatic,2024
VIN00833,ENG-VIN00833,Dzire,VXI,Midnight Black,CNG,Automatic,2024
VIN00834,ENG-VIN00834,Ignis,VXI,Arctic White,Petrol,Manual,2024
VIN00835,ENG-VIN00835,Ertiga,VXI,Midnight Black,Petrol,Manual,2024
VIN00836,ENG-VIN00836,Baleno,VXI,Magma Grey,Petrol,Manual,2024
VIN00837,ENG-VIN00837,Dzire,VXI,Magma Grey,Petrol,Automatic,2024
VIN00838,ENG-VIN00838,Celerio,VXI,Arctic White,Petrol,Manual,2024
VIN00839,ENG-VIN00839,Ignis,VXI,Arctic White,CNG,Automatic,2024
VIN00840,ENG-VIN00840,Brezza,VXI,Magma Grey,CNG,Automatic,2024
VIN00841,ENG-VIN00841,Baleno,VXI,Arctic White,Petrol,Manual,2024
VIN00842,ENG-VIN00842,Alto,VXI,Arctic White,CNG,Manual,2024
VIN00843,ENG-VIN00843,Grand Vitara,VXI,Arctic White,CNG,Manual,2024
VIN00844,ENG-VIN00844,Alto,VXI,Arctic White,Petrol,Automatic,2024
VIN00845,ENG-VIN00845,Grand Vitara,VXI,Midnight Black,CNG,Automatic,2024
VIN00846,ENG-VIN00846,Ertiga,VXI,Midnight Black,Petrol,Manual,2024
VIN00847,ENG-VIN00847,Ertiga,VXI,Arctic White,CNG,Manual,2024
VIN00848,ENG-VIN00848,Grand Vitara,VXI,Midnight Black,Petrol,Manual,2024
VIN00849,ENG-VIN00849,Brezza,VXI,Midnight Black,Petrol,Manual,2024
VIN00850,ENG-VIN00850,Dzire,VXI,Magma Grey,Petrol,Automatic,2024
VIN00851,ENG-VIN00851,Swift,VXI,Arctic White,CNG,Automatic,2024
VIN00852,ENG-VIN00852,Alto,VXI,Magma Grey,CNG,Manual,2024
VIN00853,ENG-VIN00853,Brezza,VXI,Midnight Black,CNG,Automatic,2024
VIN00854,ENG-VIN00854,Brezza,VXI,Magma Grey,Petrol,Manual,2024
VIN00855,ENG-VIN00855,Baleno,VXI,Arctic White,Petrol,Automatic,2024
VIN00856,ENG-VIN00856,Ignis,VXI,Arctic White,Petrol,Manual,2024
VIN00857,ENG-VIN00857,Ignis,VXI,Arctic White,Petrol,Automatic,2024
VIN00858,ENG-VIN00858,Brezza,VXI,Magma Grey,Petrol,Manual,2024
VIN00859,ENG-VIN00859,Baleno,VXI,Magma Grey,Petrol,Automatic,2024
VIN00860,ENG-VIN00860,Celerio,VXI,Arctic White,Petrol,Automatic,2024
VIN00861,ENG-VIN00861,Grand Vitara,VXI,Midnight Black,CNG,Automatic,2024
VIN00862,ENG-VIN00862,Ignis,VXI,Arctic White,Petrol,Manual,2024
VIN00863,ENG-VIN00863,Swift,VXI,Arctic White,CNG,Automatic,2024
VIN00864,ENG-VIN00864,Ertiga,VXI,Arctic White,Petrol,Manual,2024
VIN00865,ENG-VIN00865,Baleno,VXI,Arctic White,Petrol,Automatic,2024
VIN00866,ENG-VIN00866,Celerio,VXI,Arctic White,Petrol,Automatic,2024
VIN00867,ENG-VIN00867,Ignis,VXI,Arctic White,CNG,Automatic,2024
VIN00868,ENG-VIN00868,Grand Vitara,VXI,Arctic White,Petrol,Automatic,2024
VIN00869,ENG-VIN00869,Ertiga,VXI,Magma Grey,CNG,Automatic,2024
VIN00870,ENG-VIN00870,Baleno,VXI,Arctic White,CNG,Automatic,2024
VIN00871,ENG-VIN00871,Brezza,VXI,Arctic White,CNG,Automatic,2024
VIN00872,ENG-VIN00872,Grand Vitara,VXI,Magma Grey,Petrol,Manual,2024
VIN00873,ENG-VIN00873,Grand Vitara,VXI,Arctic White,Petrol,Manual,2024
VIN00874,ENG-VIN00874,Baleno,VXI,Midnight Black,CNG,Automatic,2024
VIN00875,ENG-VIN00875,Brezza,VXI,Midnight Black,CNG,Manual,2024
VIN00876,ENG-VIN00876,Brezza,VXI,Midnight Black,CNG,Automatic,2024
VIN00877,ENG-VIN00877,Grand Vitara,VXI,Arctic White,CNG,Automatic,2024
VIN00878,ENG-VIN00878,Dzire,VXI,Midnight Black,CNG,Automatic,2024
VIN00879,ENG-VIN00879,Grand Vitara,VXI,Arctic White,CNG,Automatic,2024
VIN00880,ENG-VIN00880,Grand Vitara,VXI,Magma Grey,CNG,Automatic,2024
VIN00881,ENG-VIN00881,Swift,VXI,Magma Grey,CNG,Automatic,2024
VIN00882,ENG-VIN00882,Swift,VXI,Midnight Black,CNG,Automatic,2024
VIN00883,ENG-VIN00883,Celerio,VXI,Arctic White,CNG,Manual,2024
VIN00884,ENG-VIN00884,Brezza,VXI,Arctic White,CNG,Manual,2024
VIN00885,ENG-VIN00885,Swift,VXI,Magma Grey,Petrol,Automatic,2024
VIN00886,ENG-VIN00886,Dzire,VXI,Magma Grey,Petrol,Automatic,2024
VIN00887,ENG-VIN00887,Dzire,VXI,Midnight Black,CNG,Manual,2024
VIN00888,ENG-VIN00888,Brezza,VXI,Midnight Black,CNG,Manual,2024
VIN00889,ENG-VIN00889,Brezza,VXI,Magma Grey,Petrol,Manual,2024
VIN00890,ENG-VIN00890,Dzire,VXI,Midnight Black,CNG,Automatic,2024
VIN00891,ENG-VIN00891,Grand Vitara,VXI,Arctic White,CNG,Automatic,2024
VIN00892,ENG-VIN00892,Celerio,VXI,Arctic White,Petrol,Automatic,2024
VIN00893,ENG-VIN00893,Baleno,VXI,Midnight Black,CNG,Automatic,2024
VIN00894,ENG-VIN00894,Ertiga,VXI,Midnight Black,Petrol,Manual,2024
VIN00895,ENG-VIN00895,Brezza,VXI,Midnight Black,CNG,Automatic,2024
VIN00896,ENG-VIN00896,Baleno,VXI,Magma Grey,Petrol,Automatic,2024
VIN00897,ENG-VIN00897,Alto,VXI,Midnight Black,CNG,Automatic,2024
VIN00898,ENG-VIN00898,Alto,VXI,Magma Grey,CNG,Manual,2024
VIN00899,ENG-VIN00899,Celerio,VXI,Magma Grey,CNG,Automatic,2024
VIN00900,ENG-VIN00900,Ignis,VXI,Midnight Black,CNG,Manual,2024
VIN00901,ENG-VIN00901,Celerio,VXI,Arctic White,CNG,Manual,2024
VIN00902,ENG-VIN00902,Baleno,VXI,Magma Grey,Petrol,Manual,2024
VIN00903,ENG-VIN00903,Baleno,VXI,Magma Grey,Petrol,Automatic,2024
VIN00904,ENG-VIN00904,Grand Vitara,VXI,Midnight Black,Petrol,Automatic,2024
VIN00905,ENG-VIN00905,Baleno,VXI,Magma Grey,CNG,Automatic,2024
VIN00906,ENG-VIN00906,Brezza,VXI,Midnight Black,CNG,Manual,2024
VIN00907,ENG-VIN00907,Celerio,VXI,Magma Grey,Petrol,Manual,2024
VIN00908,ENG-VIN00908,Ertiga,VXI,Midnight Black,Petrol,Manual,2024
VIN00909,ENG-VIN00909,Alto,VXI,Magma Grey,CNG,Manual,2024
VIN00910,ENG-VIN00910,Swift,VXI,Magma Grey,Petrol,Automatic,2024
VIN00911,ENG-VIN00911,Alto,VXI,Magma Grey,Petrol,Manual,2024
VIN00912,ENG-VIN00912,Grand Vitara,VXI,Magma Grey,Petrol,Automatic,2024
VIN00913,ENG-VIN00913,Dzire,VXI,Arctic White,Petrol,Automatic,2024
VIN00914,ENG-VIN00914,Ignis,VXI,Magma Grey,CNG,Automatic,2024
VIN00915,ENG-VIN00915,Swift,VXI,Midnight Black,CNG,Manual,2024
VIN00916,ENG-VIN00916,Brezza,VXI,Midnight Black,Petrol,Manual,2024
VIN00917,ENG-VIN00917,Celerio,VXI,Arctic White,CNG,Automatic,2024
VIN00918,ENG-VIN00918,Celerio,VXI,Midnight Black,CNG,Manual,2024
VIN00919,ENG-VIN00919,Dzire,VXI,Arctic White,CNG,Automatic,2024
VIN00920,ENG-VIN00920,Dzire,VXI,Midnight Black,CNG,Automatic,2024
VIN00921,ENG-VIN00921,Dzire,VXI,Arctic White,Petrol,Manual,2024
VIN00922,ENG-VIN00922,Dzire,VXI,Magma Grey,CNG,Automatic,2024
VIN00923,ENG-VIN00923,Dzire,VXI,Midnight Black,CNG,Automatic,2024
VIN00924,ENG-VIN00924,Celerio,VXI,Arctic White,Petrol,Manual,2024
VIN00925,ENG-VIN00925,Baleno,VXI,Midnight Black,Petrol,Automatic,2024
VIN00926,ENG-VIN00926,Swift,VXI,Arctic White,CNG,Automatic,2024
VIN00927,ENG-VIN00927,Brezza,VXI,Magma Grey,CNG,Automatic,2024
VIN00928,ENG-VIN00928,Baleno,VXI,Midnight Black,Petrol,Automatic,2024
VIN00929,ENG-VIN00929,Swift,VXI,Arctic White,CNG,Manual,2024
VIN00930,ENG-VIN00930,Ignis,VXI,Arctic White,Petrol,Manual,2024
VIN00931,ENG-VIN00931,Ertiga,VXI,Midnight Black,CNG,Automatic,2024
VIN00932,ENG-VIN00932,Celerio,VXI,Magma Grey,CNG,Manual,2024
VIN00933,ENG-VIN00933,Celerio,VXI,Arctic White,CNG,Manual,2024
VIN00934,ENG-VIN00934,Ertiga,VXI,Midnight Black,Petrol,Automatic,2024
VIN00935,ENG-VIN00935,Baleno,VXI,Magma Grey,CNG,Automatic,2024
VIN00936,ENG-VIN00936,Ignis,VXI,Arctic White,Petrol,Manual,2024
VIN00937,ENG-VIN00937,Grand Vitara,VXI,Magma Grey,CNG,Manual,2024
VIN00938,ENG-VIN00938,Alto,VXI,Magma Grey,CNG,Automatic,2024
VIN00939,ENG-VIN00939,Ertiga,VXI,Midnight Black,CNG,Automatic,2024
VIN00940,ENG-VIN00940,Baleno,VXI,Midnight Black,Petrol,Automatic,2024
VIN00941,ENG-VIN00941,Alto,VXI,Arctic White,CNG,Manual,2024
VIN00942,ENG-VIN00942,Brezza,VXI,Magma Grey,Petrol,Manual,2024
VIN00943,ENG-VIN00943,Grand Vitara,VXI,Magma Grey,Petrol,Automatic,2024
VIN00944,ENG-VIN00944,Celerio,VXI,Midnight Black,CNG,Automatic,2024
VIN00945,ENG-VIN00945,Celerio,VXI,Magma Grey,Petrol,Automatic,2024
VIN00946,ENG-VIN00946,Celerio,VXI,Magma Grey,Petrol,Automatic,2024
VIN00947,ENG-VIN00947,Ertiga,VXI,Magma Grey,Petrol,Automatic,2024
VIN00948,ENG-VIN00948,Ertiga,VXI,Arctic White,CNG,Manual,2024
VIN00949,ENG-VIN00949,Dzire,VXI,Magma Grey,Petrol,Manual,2024
VIN00950,ENG-VIN00950,Dzire,VXI,Magma Grey,Petrol,Automatic,2024
VIN00951,ENG-VIN00951,Ertiga,VXI,Midnight Black,CNG,Automatic,2024
VIN00952,ENG-VIN00952,Alto,VXI,Midnight Black,Petrol,Automatic,2024
VIN00953,ENG-VIN00953,Alto,VXI,Midnight Black,CNG,Manual,2024
VIN00954,ENG-VIN00954,Dzire,VXI,Magma Grey,Petrol,Manual,2024
VIN00955,ENG-VIN00955,Baleno,VXI,Midnight Black,Petrol,Manual,2024
VIN00956,ENG-VIN00956,Ignis,VXI,Midnight Black,Petrol,Automatic,2024
VIN00957,ENG-VIN00957,Baleno,VXI,Midnight Black,Petrol,Manual,2024
VIN00958,ENG-VIN00958,Celerio,VXI,Magma Grey,CNG,Manual,2024
VIN00959,ENG-VIN00959,Ignis,VXI,Midnight Black,Petrol,Automatic,2024
VIN00960,ENG-VIN00960,Swift,VXI,Magma Grey,Petrol,Automatic,2024
VIN00961,ENG-VIN00961,Baleno,VXI,Arctic White,Petrol,Automatic,2024
VIN00962,ENG-VIN00962,Ertiga,VXI,Midnight Black,Petrol,Manual,2024
VIN00963,ENG-VIN00963,Ertiga,VXI,Magma Grey,Petrol,Manual,2024
VIN00964,ENG-VIN00964,Alto,VXI,Midnight Black,CNG,Manual,2024
VIN00965,ENG-VIN00965,Grand Vitara,VXI,Magma Grey,Petrol,Manual,2024
VIN00966,ENG-VIN00966,Ignis,VXI,Midnight Black,CNG,Automatic,2024
VIN00967,ENG-VIN00967,Dzire,VXI,Magma Grey,CNG,Automatic,2024
VIN00968,ENG-VIN00968,Brezza,VXI,Magma Grey,Petrol,Manual,2024
VIN00969,ENG-VIN00969,Baleno,VXI,Arctic White,Petrol,Automatic,2024
VIN00970,ENG-VIN00970,Baleno,VXI,Magma Grey,CNG,Manual,2024
VIN00971,ENG-VIN00971,Swift,VXI,Arctic White,Petrol,Manual,2024
VIN00972,ENG-VIN00972,Alto,VXI,Magma Grey,Petrol,Automatic,2024
VIN00973,ENG-VIN00973,Baleno,VXI,Magma Grey,Petrol,Manual,2024
VIN00974,ENG-VIN00974,Swift,VXI,Magma Grey,CNG,Automatic,2024
VIN00975,ENG-VIN00975,Celerio,VXI,Magma Grey,CNG,Automatic,2024
VIN00976,ENG-VIN00976,Swift,VXI,Midnight Black,CNG,Manual,2024
VIN00977,ENG-VIN00977,Ertiga,VXI,Midnight Black,Petrol,Manual,2024
VIN00978,ENG-VIN00978,Alto,VXI,Midnight Black,CNG,Manual,2024
VIN00979,ENG-VIN00979,Ertiga,VXI,Arctic White,Petrol,Automatic,2024
VIN00980,ENG-VIN00980,Ignis,VXI,Arctic White,CNG,Automatic,2024
VIN00981,ENG-VIN00981,Dzire,VXI,Arctic White,CNG,Automatic,2024
VIN00982,ENG-VIN00982,Celerio,VXI,Arctic White,CNG,Automatic,2024
VIN00983,ENG-VIN00983,Baleno,VXI,Arctic White,CNG,Automatic,2024
VIN00984,ENG-VIN00984,Celerio,VXI,Magma Grey,CNG,Manual,2024
VIN00985,ENG-VIN00985,Baleno,VXI,Arctic White,Petrol,Manual,2024
VIN00986,ENG-VIN00986,Ignis,VXI,Magma Grey,Petrol,Automatic,2024
VIN00987,ENG-VIN00987,Alto,VXI,Midnight Black,Petrol,Automatic,2024
VIN00988,ENG-VIN00988,Ignis,VXI,Midnight Black,Petrol,Manual,2024
VIN00989,ENG-VIN00989,Swift,VXI,Magma Grey,CNG,Automatic,2024
VIN00990,ENG-VIN00990,Swift,VXI,Midnight Black,CNG,Automatic,2024
VIN00991,ENG-VIN00991,Ertiga,VXI,Arctic White,CNG,Manual,2024
VIN00992,ENG-VIN00992,Grand Vitara,VXI,Arctic White,CNG,Manual,2024
VIN00993,ENG-VIN00993,Swift,VXI,Magma Grey,Petrol,Automatic,2024
VIN00994,ENG-VIN00994,Baleno,VXI,Magma Grey,Petrol,Automatic,2024
VIN00995,ENG-VIN00995,Dzire,VXI,Magma Grey,Petrol,Manual,2024
VIN00996,ENG-VIN00996,Celerio,VXI,Arctic White,Petrol,Automatic,2024
VIN00997,ENG-VIN00997,Dzire,VXI,Midnight Black,CNG,Automatic,2024
VIN00998,ENG-VIN00998,Ertiga,VXI,Midnight Black,Petrol,Manual,2024
VIN00999,ENG-VIN00999,Ignis,VXI,Magma Grey,Petrol,Manual,2024
VIN01000,ENG-VIN01000,Dzire,VXI,Magma Grey,CNG,Automatic,2024
VIN01001,ENG-VIN01001,Baleno,VXI,Arctic White,CNG,Manual,2024
VIN01002,ENG-VIN01002,Dzire,VXI,Magma Grey,CNG,Automatic,2024
VIN01003,ENG-VIN01003,Ignis,VXI,Arctic White,Petrol,Automatic,2024
VIN01004,ENG-VIN01004,Grand Vitara,VXI,Magma Grey,Petrol,Manual,2024
VIN01005,ENG-VIN01005,Baleno,VXI,Midnight Black,CNG,Automatic,2024
VIN01006,ENG-VIN01006,Alto,VXI,Arctic White,Petrol,Automatic,2024
VIN01007,ENG-VIN01007,Alto,VXI,Magma Grey,Petrol,Manual,2024
VIN01008,ENG-VIN01008,Baleno,VXI,Magma Grey,Petrol,Automatic,2024
VIN01009,ENG-VIN01009,Celerio,VXI,Arctic White,CNG,Automatic,2024
VIN01010,ENG-VIN01010,Alto,VXI,Midnight Black,CNG,Manual,2024
VIN01011,ENG-VIN01011,Grand Vitara,VXI,Magma Grey,CNG,Automatic,2024
VIN01012,ENG-VIN01012,Grand Vitara,VXI,Magma Grey,Petrol,Manual,2024
VIN01013,ENG-VIN01013,Grand Vitara,VXI,Magma Grey,CNG,Automatic,2024
VIN01014,ENG-VIN01014,Ignis,VXI,Arctic White,CNG,Manual,2024
VIN01015,ENG-VIN01015,Grand Vitara,VXI,Midnight Black,Petrol,Manual,2024
VIN01016,ENG-VIN01016,Ertiga,VXI,Midnight Black,Petrol,Automatic,2024
VIN01017,ENG-VIN01017,Grand Vitara,VXI,Arctic White,Petrol,Automatic,2024
VIN01018,ENG-VIN01018,Ignis,VXI,Magma Grey,Petrol,Automatic,2024
VIN01019,ENG-VIN01019,Brezza,VXI,Arctic White,Petrol,Manual,2024
VIN01020,ENG-VIN01020,Grand Vitara,VXI,Arctic White,Petrol,Automatic,2024
VIN01021,ENG-VIN01021,Alto,VXI,Midnight Black,Petrol,Manual,2024
VIN01022,ENG-VIN01022,Baleno,VXI,Arctic White,Petrol,Manual,2024
VIN01023,ENG-VIN01023,Grand Vitara,VXI,Magma Grey,CNG,Automatic,2024
VIN01024,ENG-VIN01024,Swift,VXI,Arctic White,Petrol,Automatic,2024
VIN01025,ENG-VIN01025,Celerio,VXI,Midnight Black,CNG,Automatic,2024
VIN01026,ENG-VIN01026,Ignis,VXI,Midnight Black,Petrol,Automatic,2024
VIN01027,ENG-VIN01027,Alto,VXI,Arctic White,Petrol,Automatic,2024
VIN01028,ENG-VIN01028,Swift,VXI,Arctic White,CNG,Automatic,2024
VIN01029,ENG-VIN01029,Celerio,VXI,Arctic White,Petrol,Manual,2024
VIN01030,ENG-VIN01030,Dzire,VXI,Magma Grey,Petrol,Automatic,2024
VIN01031,ENG-VIN01031,Swift,VXI,Arctic White,Petrol,Manual,2024
VIN01032,ENG-VIN01032,Ignis,VXI,Magma Grey,CNG,Automatic,2024
VIN01033,ENG-VIN01033,Dzire,VXI,Arctic White,CNG,Automatic,2024
VIN01034,ENG-VIN01034,Dzire,VXI,Arctic White,Petrol,Manual,2024
VIN01035,ENG-VIN01035,Ertiga,VXI,Magma Grey,CNG,Automatic,2024
VIN01036,ENG-VIN01036,Ertiga,VXI,Arctic White,Petrol,Manual,2024
VIN01037,ENG-VIN01037,Dzire,VXI,Magma Grey,CNG,Manual,2024
VIN01038,ENG-VIN01038,Ignis,VXI,Midnight Black,CNG,Manual,2024
VIN01039,ENG-VIN01039,Brezza,VXI,Arctic White,Petrol,Automatic,2024
VIN01040,ENG-VIN01040,Brezza,VXI,Arctic White,CNG,Manual,2024
VIN01041,ENG-VIN01041,Baleno,VXI,Magma Grey,CNG,Manual,2024
VIN01042,ENG-VIN01042,Alto,VXI,Magma Grey,Petrol,Automatic,2024
VIN01043,ENG-VIN01043,Grand Vitara,VXI,Arctic White,Petrol,Automatic,2024
VIN01044,ENG-VIN01044,Celerio,VXI,Magma Grey,Petrol,Automatic,2024
VIN01045,ENG-VIN01045,Dzire,VXI,Arctic White,CNG,Automatic,2024
VIN01046,ENG-VIN01046,Celerio,VXI,Magma Grey,CNG,Automatic,2024
VIN01047,ENG-VIN01047,Swift,VXI,Midnight Black,Petrol,Manual,2024
VIN01048,ENG-VIN01048,Ignis,VXI,Arctic White,CNG,Automatic,2024
VIN01049,ENG-VIN01049,Baleno,VXI,Arctic White,Petrol,Manual,2024
VIN01050,ENG-VIN01050,Ignis,VXI,Magma Grey,Petrol,Manual,2024
VIN01051,ENG-VIN01051,Dzire,VXI,Midnight Black,CNG,Manual,2024
VIN01052,ENG-VIN01052,Dzire,VXI,Midnight Black,Petrol,Manual,2024
VIN01053,ENG-VIN01053,Baleno,VXI,Magma Grey,CNG,Automatic,2024
VIN01054,ENG-VIN01054,Ertiga,VXI,Midnight Black,CNG,Automatic,2024
VIN01055,ENG-VIN01055,Dzire,VXI,Arctic White,Petrol,Manual,2024
VIN01056,ENG-VIN01056,Brezza,VXI,Arctic White,Petrol,Manual,2024
VIN01057,ENG-VIN01057,Dzire,VXI,Midnight Black,Petrol,Automatic,2024
VIN01058,ENG-VIN01058,Baleno,VXI,Magma Grey,CNG,Manual,2024
VIN01059,ENG-VIN01059,Alto,VXI,Magma Grey,Petrol,Automatic,2024
VIN01060,ENG-VIN01060,Baleno,VXI,Arctic White,CNG,Automatic,2024
VIN01061,ENG-VIN01061,Ignis,VXI,Arctic White,Petrol,Manual,2024
VIN01062,ENG-VIN01062,Baleno,VXI,Midnight Black,CNG,Automatic,2024
VIN01063,ENG-VIN01063,Swift,VXI,Magma Grey,Petrol,Manual,2024
VIN01064,ENG-VIN01064,Baleno,VXI,Magma Grey,Petrol,Automatic,2024
VIN01065,ENG-VIN01065,Alto,VXI,Midnight Black,CNG,Automatic,2024
VIN01066,ENG-VIN01066,Dzire,VXI,Midnight Black,Petrol,Manual,2024
VIN01067,ENG-VIN01067,Alto,VXI,Midnight Black,CNG,Automatic,2024
VIN01068,ENG-VIN01068,Brezza,VXI,Arctic White,Petrol,Manual,2024
VIN01069,ENG-VIN01069,Alto,VXI,Magma Grey,Petrol,Manual,2024
VIN01070,ENG-VIN01070,Grand Vitara,VXI,Midnight Black,CNG,Manual,2024
VIN01071,ENG-VIN01071,Baleno,VXI,Arctic White,CNG,Manual,2024
VIN01072,ENG-VIN01072,Grand Vitara,VXI,Magma Grey,CNG,Manual,2024
VIN01073,ENG-VIN01073,Baleno,VXI,Midnight Black,CNG,Automatic,2024
VIN01074,ENG-VIN01074,Alto,VXI,Arctic White,Petrol,Automatic,2024
VIN01075,ENG-VIN01075,Grand Vitara,VXI,Arctic White,Petrol,Manual,2024
VIN01076,ENG-VIN01076,Dzire,VXI,Arctic White,CNG,Automatic,2024
VIN01077,ENG-VIN01077,Grand Vitara,VXI,Midnight Black,Petrol,Manual,2024
VIN01078,ENG-VIN01078,Ignis,VXI,Arctic White,CNG,Manual,2024
VIN01079,ENG-VIN01079,Baleno,VXI,Midnight Black,CNG,Automatic,2024
VIN01080,ENG-VIN01080,Ignis,VXI,Magma Grey,Petrol,Manual,2024
VIN01081,ENG-VIN01081,Swift,VXI,Arctic White,Petrol,Automatic,2024
VIN01082,ENG-VIN01082,Grand Vitara,VXI,Midnight Black,CNG,Manual,2024
VIN01083,ENG-VIN01083,Ignis,VXI,Arctic White,CNG,Automatic,2024
VIN01084,ENG-VIN01084,Ertiga,VXI,Arctic White,CNG,Manual,2024
VIN01085,ENG-VIN01085,Grand Vitara,VXI,Magma Grey,Petrol,Automatic,2024
VIN01086,ENG-VIN01086,Grand Vitara,VXI,Arctic White,Petrol,Automatic,2024
VIN01087,ENG-VIN01087,Alto,VXI,Arctic White,CNG,Manual,2024
VIN01088,ENG-VIN01088,Ignis,VXI,Magma Grey,Petrol,Automatic,2024
VIN01089,ENG-VIN01089,Dzire,VXI,Arctic White,Petrol,Manual,2024
VIN01090,ENG-VIN01090,Alto,VXI,Arctic White,CNG,Automatic,2024
VIN01091,ENG-VIN01091,Brezza,VXI,Midnight Black,CNG,Automatic,2024
VIN01092,ENG-VIN01092,Grand Vitara,VXI,Arctic White,CNG,Manual,2024
VIN01093,ENG-VIN01093,Ignis,VXI,Midnight Black,CNG,Manual,2024
VIN01094,ENG-VIN01094,Brezza,VXI,Magma Grey,Petrol,Automatic,2024
VIN01095,ENG-VIN01095,Brezza,VXI,Magma Grey,Petrol,Manual,2024
VIN01096,ENG-VIN01096,Ertiga,VXI,Magma Grey,CNG,Manual,2024
VIN01097,ENG-VIN01097,Swift,VXI,Arctic White,Petrol,Manual,2024
VIN01098,ENG-VIN01098,Alto,VXI,Midnight Black,CNG,Manual,2024
VIN01099,ENG-VIN01099,Ignis,VXI,Magma Grey,Petrol,Manual,2024
VIN01100,ENG-VIN01100,Swift,VXI,Midnight Black,CNG,Automatic,2024
VIN01101,ENG-VIN01101,Brezza,VXI,Arctic White,Petrol,Automatic,2024
VIN01102,ENG-VIN01102,Celerio,VXI,Midnight Black,Petrol,Automatic,2024
VIN01103,ENG-VIN01103,Celerio,VXI,Magma Grey,CNG,Manual,2024
VIN01104,ENG-VIN01104,Dzire,VXI,Magma Grey,CNG,Manual,2024
VIN01105,ENG-VIN01105,Ertiga,VXI,Arctic White,CNG,Manual,2024
VIN01106,ENG-VIN01106,Dzire,VXI,Midnight Black,CNG,Manual,2024
VIN01107,ENG-VIN01107,Alto,VXI,Midnight Black,CNG,Manual,2024
VIN01108,ENG-VIN01108,Dzire,VXI,Arctic White,CNG,Automatic,2024
VIN01109,ENG-VIN01109,Dzire,VXI,Midnight Black,CNG,Manual,2024
VIN01110,ENG-VIN01110,Ertiga,VXI,Midnight Black,Petrol,Automatic,2024
VIN01111,ENG-VIN01111,Baleno,VXI,Arctic White,Petrol,Manual,2024
VIN01112,ENG-VIN01112,Ignis,VXI,Magma Grey,Petrol,Automatic,2024
VIN01113,ENG-VIN01113,Grand Vitara,VXI,Arctic White,CNG,Manual,2024
VIN01114,ENG-VIN01114,Grand Vitara,VXI,Midnight Black,CNG,Automatic,2024
VIN01115,ENG-VIN01115,Ignis,VXI,Arctic White,CNG,Automatic,2024
VIN01116,ENG-VIN01116,Ertiga,VXI,Magma Grey,Petrol,Manual,2024
VIN01117,ENG-VIN01117,Baleno,VXI,Magma Grey,Petrol,Automatic,2024
VIN01118,ENG-VIN01118,Brezza,VXI,Magma Grey,Petrol,Automatic,2024
VIN01119,ENG-VIN01119,Brezza,VXI,Arctic White,Petrol,Automatic,2024
VIN01120,ENG-VIN01120,Celerio,VXI,Arctic White,CNG,Manual,2024
VIN01121,ENG-VIN01121,Ertiga,VXI,Arctic White,Petrol,Automatic,2024
VIN01122,ENG-VIN01122,Dzire,VXI,Magma Grey,Petrol,Automatic,2024
VIN01123,ENG-VIN01123,Baleno,VXI,Magma Grey,CNG,Automatic,2024
VIN01124,ENG-VIN01124,Dzire,VXI,Arctic White,Petrol,Manual,2024
VIN01125,ENG-VIN01125,Dzire,VXI,Arctic White,Petrol,Automatic,2024
VIN01126,ENG-VIN01126,Swift,VXI,Arctic White,Petrol,Automatic,2024
VIN01127,ENG-VIN01127,Alto,VXI,Magma Grey,Petrol,Manual,2024
VIN01128,ENG-VIN01128,Ignis,VXI,Magma Grey,CNG,Manual,2024
VIN01129,ENG-VIN01129,Ertiga,VXI,Magma Grey,CNG,Automatic,2024
VIN01130,ENG-VIN01130,Dzire,VXI,Midnight Black,CNG,Automatic,2024
VIN01131,ENG-VIN01131,Ertiga,VXI,Magma Grey,Petrol,Automatic,2024
VIN01132,ENG-VIN01132,Brezza,VXI,Arctic White,Petrol,Automatic,2024
VIN01133,ENG-VIN01133,Swift,VXI,Arctic White,Petrol,Automatic,2024
VIN01134,ENG-VIN01134,Celerio,VXI,Midnight Black,CNG,Manual,2024
VIN01135,ENG-VIN01135,Ignis,VXI,Magma Grey,Petrol,Manual,2024
VIN01136,ENG-VIN01136,Alto,VXI,Midnight Black,CNG,Automatic,2024
VIN01137,ENG-VIN01137,Baleno,VXI,Arctic White,CNG,Manual,2024
VIN01138,ENG-VIN01138,Grand Vitara,VXI,Midnight Black,Petrol,Automatic,2024
VIN01139,ENG-VIN01139,Ignis,VXI,Midnight Black,CNG,Automatic,2024
VIN01140,ENG-VIN01140,Alto,VXI,Midnight Black,CNG,Automatic,2024
VIN01141,ENG-VIN01141,Grand Vitara,VXI,Midnight Black,Petrol,Automatic,2024
VIN01142,ENG-VIN01142,Alto,VXI,Arctic White,Petrol,Automatic,2024
VIN01143,ENG-VIN01143,Baleno,VXI,Magma Grey,Petrol,Manual,2024
VIN01144,ENG-VIN01144,Ertiga,VXI,Arctic White,Petrol,Manual,2024
VIN01145,ENG-VIN01145,Grand Vitara,VXI,Arctic White,Petrol,Automatic,2024
VIN01146,ENG-VIN01146,Alto,VXI,Midnight Black,Petrol,Manual,2024
VIN01147,ENG-VIN01147,Ertiga,VXI,Midnight Black,Petrol,Manual,2024
VIN01148,ENG-VIN01148,Ignis,VXI,Magma Grey,Petrol,Manual,2024
VIN01149,ENG-VIN01149,Brezza,VXI,Midnight Black,CNG,Manual,2024
VIN01150,ENG-VIN01150,Celerio,VXI,Arctic White,CNG,Automatic,2024
VIN01151,ENG-VIN01151,Baleno,VXI,Magma Grey,CNG,Automatic,2024
VIN01152,ENG-VIN01152,Swift,VXI,Arctic White,Petrol,Automatic,2024
VIN01153,ENG-VIN01153,Ertiga,VXI,Midnight Black,Petrol,Manual,2024
VIN01154,ENG-VIN01154,Alto,VXI,Arctic White,Petrol,Automatic,2024
VIN01155,ENG-VIN01155,Ertiga,VXI,Arctic White,Petrol,Manual,2024
VIN01156,ENG-VIN01156,Brezza,VXI,Arctic White,CNG,Automatic,2024
VIN01157,ENG-VIN01157,Brezza,VXI,Arctic White,Petrol,Automatic,2024
VIN01158,ENG-VIN01158,Swift,VXI,Arctic White,Petrol,Manual,2024
VIN01159,ENG-VIN01159,Swift,VXI,Arctic White,Petrol,Manual,2024
VIN01160,ENG-VIN01160,Dzire,VXI,Arctic White,Petrol,Automatic,2024
VIN01161,ENG-VIN01161,Brezza,VXI,Magma Grey,Petrol,Manual,2024
VIN01162,ENG-VIN01162,Swift,VXI,Midnight Black,CNG,Automatic,2024
VIN01163,ENG-VIN01163,Ignis,VXI,Magma Grey,CNG,Automatic,2024
VIN01164,ENG-VIN01164,Brezza,VXI,Magma Grey,CNG,Automatic,2024
VIN01165,ENG-VIN01165,Dzire,VXI,Midnight Black,CNG,Automatic,2024
VIN01166,ENG-VIN01166,Alto,VXI,Arctic White,Petrol,Automatic,2024
VIN01167,ENG-VIN01167,Dzire,VXI,Midnight Black,CNG,Automatic,2024
VIN01168,ENG-VIN01168,Brezza,VXI,Midnight Black,CNG,Manual,2024
VIN01169,ENG-VIN01169,Grand Vitara,VXI,Arctic White,Petrol,Automatic,2024
VIN01170,ENG-VIN01170,Swift,VXI,Midnight Black,Petrol,Manual,2024
VIN01171,ENG-VIN01171,Swift,VXI,Magma Grey,CNG,Automatic,2024
VIN01172,ENG-VIN01172,Alto,VXI,Magma Grey,CNG,Automatic,2024
VIN01173,ENG-VIN01173,Baleno,VXI,Magma Grey,Petrol,Manual,2024
VIN01174,ENG-VIN01174,Ertiga,VXI,Arctic White,CNG,Automatic,2024
VIN01175,ENG-VIN01175,Brezza,VXI,Midnight Black,Petrol,Automatic,2024
VIN01176,ENG-VIN01176,Alto,VXI,Midnight Black,Petrol,Automatic,2024
VIN01177,ENG-VIN01177,Swift,VXI,Midnight Black,Petrol,Automatic,2024
VIN01178,ENG-VIN01178,Grand Vitara,VXI,Midnight Black,Petrol,Automatic,2024
VIN01179,ENG-VIN01179,Grand Vitara,VXI,Arctic White,Petrol,Automatic,2024
VIN01180,ENG-VIN01180,Alto,VXI,Midnight Black,Petrol,Automatic,2024
VIN01181,ENG-VIN01181,Ignis,VXI,Arctic White,CNG,Manual,2024
VIN01182,ENG-VIN01182,Dzire,VXI,Midnight Black,CNG,Manual,2024
VIN01183,ENG-VIN01183,Swift,VXI,Midnight Black,Petrol,Automatic,2024
VIN01184,ENG-VIN01184,Dzire,VXI,Magma Grey,CNG,Manual,2024
VIN01185,ENG-VIN01185,Swift,VXI,Magma Grey,Petrol,Automatic,2024
VIN01186,ENG-VIN01186,Brezza,VXI,Magma Grey,CNG,Manual,2024
VIN01187,ENG-VIN01187,Dzire,VXI,Magma Grey,CNG,Automatic,2024
VIN01188,ENG-VIN01188,Ignis,VXI,Arctic White,CNG,Manual,2024
VIN01189,ENG-VIN01189,Dzire,VXI,Magma Grey,CNG,Automatic,2024
VIN01190,ENG-VIN01190,Alto,VXI,Arctic White,CNG,Manual,2024
VIN01191,ENG-VIN01191,Ertiga,VXI,Magma Grey,Petrol,Manual,2024
VIN01192,ENG-VIN01192,Ertiga,VXI,Midnight Black,CNG,Manual,2024
VIN01193,ENG-VIN01193,Ignis,VXI,Arctic White,CNG,Manual,2024
VIN01194,ENG-VIN01194,Swift,VXI,Arctic White,Petrol,Automatic,2024
VIN01195,ENG-VIN01195,Dzire,VXI,Arctic White,Petrol,Automatic,2024
VIN01196,ENG-VIN01196,Swift,VXI,Midnight Black,CNG,Manual,2024
VIN01197,ENG-VIN01197,Grand Vitara,VXI,Magma Grey,Petrol,Automatic,2024
VIN01198,ENG-VIN01198,Grand Vitara,VXI,Midnight Black,Petrol,Manual,2024
VIN01199,ENG-VIN01199,Ignis,VXI,Magma Grey,Petrol,Automatic,2024
VIN01200,ENG-VIN01200,Celerio,VXI,Arctic White,CNG,Automatic,2024
VIN01201,ENG-VIN01201,Baleno,VXI,Midnight Black,CNG,Automatic,2024
VIN01202,ENG-VIN01202,Brezza,VXI,Midnight Black,CNG,Automatic,2024
VIN01203,ENG-VIN01203,Swift,VXI,Magma Grey,CNG,Manual,2024
VIN01204,ENG-VIN01204,Grand Vitara,VXI,Magma Grey,Petrol,Manual,2024
VIN01205,ENG-VIN01205,Baleno,VXI,Arctic White,Petrol,Manual,2024
VIN01206,ENG-VIN01206,Swift,VXI,Arctic White,Petrol,Manual,2024
VIN01207,ENG-VIN01207,Brezza,VXI,Magma Grey,Petrol,Automatic,2024
VIN01208,ENG-VIN01208,Alto,VXI,Arctic White,CNG,Manual,2024
VIN01209,ENG-VIN01209,Dzire,VXI,Midnight Black,Petrol,Automatic,2024
VIN01210,ENG-VIN01210,Brezza,VXI,Midnight Black,CNG,Manual,2024
VIN01211,ENG-VIN01211,Ertiga,VXI,Magma Grey,Petrol,Manual,2024
VIN01212,ENG-VIN01212,Baleno,VXI,Midnight Black,CNG,Manual,2024
VIN01213,ENG-VIN01213,Swift,VXI,Midnight Black,CNG,Automatic,2024
VIN01214,ENG-VIN01214,Ignis,VXI,Arctic White,Petrol,Automatic,2024
VIN01215,ENG-VIN01215,Celerio,VXI,Magma Grey,CNG,Manual,2024
VIN01216,ENG-VIN01216,Baleno,VXI,Arctic White,CNG,Manual,2024
VIN01217,ENG-VIN01217,Alto,VXI,Magma Grey,Petrol,Automatic,2024
VIN01218,ENG-VIN01218,Dzire,VXI,Arctic White,Petrol,Automatic,2024
VIN01219,ENG-VIN01219,Swift,VXI,Midnight Black,CNG,Automatic,2024
VIN01220,ENG-VIN01220,Brezza,VXI,Magma Grey,CNG,Automatic,2024
VIN01221,ENG-VIN01221,Alto,VXI,Midnight Black,Petrol,Automatic,2024
VIN01222,ENG-VIN01222,Ignis,VXI,Magma Grey,Petrol,Automatic,2024
VIN01223,ENG-VIN01223,Grand Vitara,VXI,Midnight Black,CNG,Automatic,2024
VIN01224,ENG-VIN01224,Ertiga,VXI,Magma Grey,Petrol,Manual,2024
VIN01225,ENG-VIN01225,Grand Vitara,VXI,Midnight Black,CNG,Automatic,2024
VIN01226,ENG-VIN01226,Alto,VXI,Magma Grey,CNG,Automatic,2024
VIN01227,ENG-VIN01227,Ertiga,VXI,Magma Grey,CNG,Manual,2024
VIN01228,ENG-VIN01228,Celerio,VXI,Magma Grey,Petrol,Automatic,2024
VIN01229,ENG-VIN01229,Baleno,VXI,Arctic White,Petrol,Automatic,2024
VIN01230,ENG-VIN01230,Celerio,VXI,Magma Grey,Petrol,Manual,2024
VIN01231,ENG-VIN01231,Swift,VXI,Arctic White,CNG,Automatic,2024
VIN01232,ENG-VIN01232,Brezza,VXI,Magma Grey,Petrol,Automatic,2024
VIN01233,ENG-VIN01233,Dzire,VXI,Arctic White,Petrol,Manual,2024
VIN01234,ENG-VIN01234,Baleno,VXI,Arctic White,CNG,Manual,2024
VIN01235,ENG-VIN01235,Ignis,VXI,Midnight Black,CNG,Automatic,2024
VIN01236,ENG-VIN01236,Celerio,VXI,Midnight Black,CNG,Automatic,2024
VIN01237,ENG-VIN01237,Dzire,VXI,Midnight Black,Petrol,Manual,2024
VIN01238,ENG-VIN01238,Grand Vitara,VXI,Midnight Black,CNG,Automatic,2024
VIN01239,ENG-VIN01239,Ertiga,VXI,Midnight Black,Petrol,Automatic,2024
VIN01240,ENG-VIN01240,Swift,VXI,Midnight Black,Petrol,Manual,2024
VIN01241,ENG-VIN01241,Grand Vitara,VXI,Arctic White,CNG,Automatic,2024
VIN01242,ENG-VIN01242,Alto,VXI,Arctic White,Petrol,Manual,2024
VIN01243,ENG-VIN01243,Swift,VXI,Magma Grey,Petrol,Manual,2024
VIN01244,ENG-VIN01244,Celerio,VXI,Midnight Black,CNG,Automatic,2024
VIN01245,ENG-VIN01245,Brezza,VXI,Midnight Black,Petrol,Manual,2024
VIN01246,ENG-VIN01246,Dzire,VXI,Arctic White,CNG,Manual,2024
VIN01247,ENG-VIN01247,Ertiga,VXI,Arctic White,CNG,Automatic,2024
VIN01248,ENG-VIN01248,Grand Vitara,VXI,Magma Grey,Petrol,Manual,2024
VIN01249,ENG-VIN01249,Brezza,VXI,Midnight Black,Petrol,Automatic,2024
VIN01250,ENG-VIN01250,Celerio,VXI,Arctic White,CNG,Automatic,2024
VIN01251,ENG-VIN01251,Swift,VXI,Arctic White,Petrol,Automatic,2024
VIN01252,ENG-VIN01252,Ignis,VXI,Arctic White,Petrol,Automatic,2024
VIN01253,ENG-VIN01253,Brezza,VXI,Magma Grey,Petrol,Automatic,2024
VIN01254,ENG-VIN01254,Ignis,VXI,Midnight Black,Petrol,Manual,2024
VIN01255,ENG-VIN01255,Alto,VXI,Magma Grey,Petrol,Manual,2024
VIN01256,ENG-VIN01256,Grand Vitara,VXI,Magma Grey,CNG,Automatic,2024
VIN01257,ENG-VIN01257,Grand Vitara,VXI,Magma Grey,Petrol,Automatic,2024
VIN01258,ENG-VIN01258,Baleno,VXI,Midnight Black,CNG,Manual,2024
VIN01259,ENG-VIN01259,Ertiga,VXI,Midnight Black,CNG,Manual,2024
VIN01260,ENG-VIN01260,Dzire,VXI,Arctic White,CNG,Automatic,2024
VIN01261,ENG-VIN01261,Swift,VXI,Midnight Black,Petrol,Manual,2024
VIN01262,ENG-VIN01262,Dzire,VXI,Arctic White,Petrol,Automatic,2024
VIN01263,ENG-VIN01263,Baleno,VXI,Arctic White,CNG,Automatic,2024
VIN01264,ENG-VIN01264,Dzire,VXI,Arctic White,CNG,Manual,2024
VIN01265,ENG-VIN01265,Ertiga,VXI,Midnight Black,Petrol,Manual,2024
VIN01266,ENG-VIN01266,Dzire,VXI,Arctic White,CNG,Automatic,2024
VIN01267,ENG-VIN01267,Grand Vitara,VXI,Midnight Black,CNG,Manual,2024
VIN01268,ENG-VIN01268,Brezza,VXI,Arctic White,Petrol,Automatic,2024
VIN01269,ENG-VIN01269,Dzire,VXI,Magma Grey,Petrol,Manual,2024
VIN01270,ENG-VIN01270,Swift,VXI,Magma Grey,CNG,Automatic,2024
VIN01271,ENG-VIN01271,Swift,VXI,Magma Grey,Petrol,Automatic,2024
VIN01272,ENG-VIN01272,Ertiga,VXI,Arctic White,CNG,Manual,2024
VIN01273,ENG-VIN01273,Dzire,VXI,Arctic White,CNG,Manual,2024
VIN01274,ENG-VIN01274,Grand Vitara,VXI,Midnight Black,Petrol,Automatic,2024
VIN01275,ENG-VIN01275,Dzire,VXI,Magma Grey,CNG,Manual,2024
VIN01276,ENG-VIN01276,Swift,VXI,Magma Grey,Petrol,Automatic,2024
VIN01277,ENG-VIN01277,Swift,VXI,Magma Grey,CNG,Automatic,2024
VIN01278,ENG-VIN01278,Dzire,VXI,Arctic White,Petrol,Manual,2024
VIN01279,ENG-VIN01279,Alto,VXI,Arctic White,CNG,Manual,2024
VIN01280,ENG-VIN01280,Ignis,VXI,Midnight Black,CNG,Automatic,2024
VIN01281,ENG-VIN01281,Brezza,VXI,Magma Grey,Petrol,Automatic,2024
VIN01282,ENG-VIN01282,Swift,VXI,Midnight Black,Petrol,Automatic,2024
VIN01283,ENG-VIN01283,Brezza,VXI,Arctic White,CNG,Manual,2024
VIN01284,ENG-VIN01284,Celerio,VXI,Arctic White,CNG,Manual,2024
VIN01285,ENG-VIN01285,Swift,VXI,Arctic White,CNG,Manual,2024
VIN01286,ENG-VIN01286,Celerio,VXI,Magma Grey,CNG,Manual,2024
VIN01287,ENG-VIN01287,Ertiga,VXI,Arctic White,CNG,Manual,2024
VIN01288,ENG-VIN01288,Grand Vitara,VXI,Magma Grey,Petrol,Automatic,2024
VIN01289,ENG-VIN01289,Celerio,VXI,Midnight Black,Petrol,Manual,2024
VIN01290,ENG-VIN01290,Ignis,VXI,Midnight Black,CNG,Manual,2024
VIN01291,ENG-VIN01291,Grand Vitara,VXI,Midnight Black,CNG,Automatic,2024
VIN01292,ENG-VIN01292,Grand Vitara,VXI,Magma Grey,CNG,Automatic,2024
VIN01293,ENG-VIN01293,Ertiga,VXI,Midnight Black,Petrol,Manual,2024
VIN01294,ENG-VIN01294,Baleno,VXI,Magma Grey,Petrol,Automatic,2024
VIN01295,ENG-VIN01295,Ertiga,VXI,Midnight Black,CNG,Automatic,2024
VIN01296,ENG-VIN01296,Swift,VXI,Magma Grey,Petrol,Manual,2024
VIN01297,ENG-VIN01297,Ignis,VXI,Magma Grey,Petrol,Automatic,2024
VIN01298,ENG-VIN01298,Celerio,VXI,Arctic White,Petrol,Automatic,2024
VIN01299,ENG-VIN01299,Baleno,VXI,Midnight Black,Petrol,Manual,2024
VIN01300,ENG-VIN01300,Swift,VXI,Arctic White,CNG,Manual,2024
VIN01301,ENG-VIN01301,Ignis,VXI,Magma Grey,CNG,Manual,2024
VIN01302,ENG-VIN01302,Ignis,VXI,Arctic White,Petrol,Automatic,2024
VIN01303,ENG-VIN01303,Swift,VXI,Arctic White,Petrol,Automatic,2024
VIN01304,ENG-VIN01304,Ignis,VXI,Magma Grey,Petrol,Manual,2024
VIN01305,ENG-VIN01305,Grand Vitara,VXI,Arctic White,CNG,Manual,2024
VIN01306,ENG-VIN01306,Ertiga,VXI,Midnight Black,CNG,Automatic,2024
VIN01307,ENG-VIN01307,Celerio,VXI,Midnight Black,Petrol,Automatic,2024
VIN01308,ENG-VIN01308,Grand Vitara,VXI,Arctic White,CNG,Automatic,2024
VIN01309,ENG-VIN01309,Grand Vitara,VXI,Magma Grey,CNG,Automatic,2024
VIN01310,ENG-VIN01310,Brezza,VXI,Magma Grey,Petrol,Manual,2024
VIN01311,ENG-VIN01311,Ertiga,VXI,Midnight Black,CNG,Automatic,2024
VIN01312,ENG-VIN01312,Celerio,VXI,Magma Grey,Petrol,Manual,2024
VIN01313,ENG-VIN01313,Ertiga,VXI,Magma Grey,Petrol,Manual,2024
VIN01314,ENG-VIN01314,Ertiga,VXI,Midnight Black,Petrol,Manual,2024
VIN01315,ENG-VIN01315,Dzire,VXI,Magma Grey,CNG,Manual,2024
VIN01316,ENG-VIN01316,Celerio,VXI,Midnight Black,CNG,Manual,2024
VIN01317,ENG-VIN01317,Baleno,VXI,Midnight Black,CNG,Manual,2024
VIN01318,ENG-VIN01318,Swift,VXI,Arctic White,Petrol,Manual,2024
VIN01319,ENG-VIN01319,Alto,VXI,Magma Grey,CNG,Manual,2024
VIN01320,ENG-VIN01320,Brezza,VXI,Arctic White,Petrol,Automatic,2024
VIN01321,ENG-VIN01321,Ignis,VXI,Magma Grey,Petrol,Automatic,2024
VIN01322,ENG-VIN01322,Celerio,VXI,Magma Grey,CNG,Manual,2024
VIN01323,ENG-VIN01323,Brezza,VXI,Arctic White,Petrol,Automatic,2024
VIN01324,ENG-VIN01324,Baleno,VXI,Magma Grey,Petrol,Manual,2024
VIN01325,ENG-VIN01325,Baleno,VXI,Midnight Black,CNG,Automatic,2024
VIN01326,ENG-VIN01326,Alto,VXI,Midnight Black,Petrol,Automatic,2024
VIN01327,ENG-VIN01327,Brezza,VXI,Magma Grey,CNG,Manual,2024
VIN01328,ENG-VIN01328,Alto,VXI,Arctic White,Petrol,Manual,2024
VIN01329,ENG-VIN01329,Ignis,VXI,Arctic White,CNG,Manual,2024
VIN01330,ENG-VIN01330,Ignis,VXI,Midnight Black,CNG,Manual,2024
VIN01331,ENG-VIN01331,Ertiga,VXI,Midnight Black,CNG,Manual,2024
VIN01332,ENG-VIN01332,Alto,VXI,Midnight Black,CNG,Manual,2024
VIN01333,ENG-VIN01333,Grand Vitara,VXI,Magma Grey,CNG,Automatic,2024
VIN01334,ENG-VIN01334,Swift,VXI,Midnight Black,Petrol,Manual,2024
VIN01335,ENG-VIN01335,Celerio,VXI,Magma Grey,CNG,Automatic,2024
VIN01336,ENG-VIN01336,Ignis,VXI,Magma Grey,Petrol,Manual,2024
VIN01337,ENG-VIN01337,Celerio,VXI,Magma Grey,CNG,Manual,2024
VIN01338,ENG-VIN01338,Grand Vitara,VXI,Arctic White,CNG,Automatic,2024
VIN01339,ENG-VIN01339,Celerio,VXI,Arctic White,Petrol,Manual,2024
VIN01340,ENG-VIN01340,Baleno,VXI,Midnight Black,CNG,Manual,2024
VIN01341,ENG-VIN01341,Baleno,VXI,Magma Grey,CNG,Manual,2024
VIN01342,ENG-VIN01342,Celerio,VXI,Midnight Black,CNG,Manual,2024
VIN01343,ENG-VIN01343,Brezza,VXI,Arctic White,CNG,Automatic,2024
VIN01344,ENG-VIN01344,Ignis,VXI,Arctic White,CNG,Automatic,2024
VIN01345,ENG-VIN01345,Ertiga,VXI,Midnight Black,CNG,Automatic,2024
VIN01346,ENG-VIN01346,Celerio,VXI,Magma Grey,Petrol,Automatic,2024
VIN01347,ENG-VIN01347,Ertiga,VXI,Arctic White,CNG,Automatic,2024
VIN01348,ENG-VIN01348,Baleno,VXI,Magma Grey,CNG,Automatic,2024
VIN01349,ENG-VIN01349,Baleno,VXI,Midnight Black,CNG,Automatic,2024
VIN01350,ENG-VIN01350,Swift,VXI,Arctic White,Petrol,Automatic,2024
VIN01351,ENG-VIN01351,Grand Vitara,VXI,Midnight Black,CNG,Automatic,2024
VIN01352,ENG-VIN01352,Ertiga,VXI,Magma Grey,Petrol,Manual,2024
VIN01353,ENG-VIN01353,Dzire,VXI,Midnight Black,CNG,Automatic,2024
VIN01354,ENG-VIN01354,Baleno,VXI,Arctic White,CNG,Automatic,2024
VIN01355,ENG-VIN01355,Ertiga,VXI,Arctic White,CNG,Automatic,2024
VIN01356,ENG-VIN01356,Brezza,VXI,Midnight Black,Petrol,Manual,2024
VIN01357,ENG-VIN01357,Alto,VXI,Midnight Black,Petrol,Automatic,2024
VIN01358,ENG-VIN01358,Baleno,VXI,Magma Grey,Petrol,Automatic,2024
VIN01359,ENG-VIN01359,Brezza,VXI,Arctic White,CNG,Manual,2024
VIN01360,ENG-VIN01360,Swift,VXI,Magma Grey,Petrol,Manual,2024
VIN01361,ENG-VIN01361,Swift,VXI,Midnight Black,Petrol,Manual,2024
VIN01362,ENG-VIN01362,Celerio,VXI,Magma Grey,Petrol,Manual,2024
VIN01363,ENG-VIN01363,Ertiga,VXI,Magma Grey,CNG,Manual,2024
VIN01364,ENG-VIN01364,Brezza,VXI,Midnight Black,Petrol,Automatic,2024
VIN01365,ENG-VIN01365,Alto,VXI,Midnight Black,Petrol,Manual,2024
VIN01366,ENG-VIN01366,Alto,VXI,Midnight Black,Petrol,Manual,2024
VIN01367,ENG-VIN01367,Ertiga,VXI,Arctic White,CNG,Manual,2024
VIN01368,ENG-VIN01368,Ertiga,VXI,Magma Grey,Petrol,Manual,2024
VIN01369,ENG-VIN01369,Brezza,VXI,Magma Grey,Petrol,Manual,2024
VIN01370,ENG-VIN01370,Grand Vitara,VXI,Arctic White,Petrol,Automatic,2024
VIN01371,ENG-VIN01371,Ignis,VXI,Magma Grey,Petrol,Automatic,2024
VIN01372,ENG-VIN01372,Baleno,VXI,Midnight Black,CNG,Manual,2024
VIN01373,ENG-VIN01373,Alto,VXI,Magma Grey,CNG,Automatic,2024
VIN01374,ENG-VIN01374,Ertiga,VXI,Magma Grey,CNG,Manual,2024
VIN01375,ENG-VIN01375,Swift,VXI,Arctic White,Petrol,Manual,2024
VIN01376,ENG-VIN01376,Baleno,VXI,Magma Grey,Petrol,Manual,2024
VIN01377,ENG-VIN01377,Brezza,VXI,Midnight Black,Petrol,Automatic,2024
VIN01378,ENG-VIN01378,Grand Vitara,VXI,Arctic White,CNG,Manual,2024
VIN01379,ENG-VIN01379,Celerio,VXI,Magma Grey,CNG,Manual,2024
VIN01380,ENG-VIN01380,Alto,VXI,Midnight Black,CNG,Manual,2024
VIN01381,ENG-VIN01381,Ertiga,VXI,Magma Grey,CNG,Automatic,2024
VIN01382,ENG-VIN01382,Dzire,VXI,Magma Grey,Petrol,Automatic,2024
VIN01383,ENG-VIN01383,Dzire,VXI,Magma Grey,CNG,Automatic,2024
VIN01384,ENG-VIN01384,Celerio,VXI,Arctic White,Petrol,Manual,2024
VIN01385,ENG-VIN01385,Grand Vitara,VXI,Midnight Black,CNG,Automatic,2024
VIN01386,ENG-VIN01386,Alto,VXI,Magma Grey,CNG,Automatic,2024
VIN01387,ENG-VIN01387,Alto,VXI,Arctic White,CNG,Automatic,2024
VIN01388,ENG-VIN01388,Baleno,VXI,Magma Grey,CNG,Automatic,2024
VIN01389,ENG-VIN01389,Brezza,VXI,Magma Grey,CNG,Automatic,2024
VIN01390,ENG-VIN01390,Ignis,VXI,Midnight Black,Petrol,Automatic,2024
VIN01391,ENG-VIN01391,Alto,VXI,Arctic White,Petrol,Manual,2024
VIN01392,ENG-VIN01392,Ignis,VXI,Arctic White,CNG,Manual,2024
VIN01393,ENG-VIN01393,Swift,VXI,Midnight Black,Petrol,Manual,2024
VIN01394,ENG-VIN01394,Ertiga,VXI,Midnight Black,CNG,Automatic,2024
VIN01395,ENG-VIN01395,Ignis,VXI,Magma Grey,Petrol,Automatic,2024
VIN01396,ENG-VIN01396,Ignis,VXI,Arctic White,Petrol,Manual,2024
VIN01397,ENG-VIN01397,Ertiga,VXI,Midnight Black,CNG,Automatic,2024
VIN01398,ENG-VIN01398,Dzire,VXI,Arctic White,Petrol,Automatic,2024
VIN01399,ENG-VIN01399,Grand Vitara,VXI,Magma Grey,Petrol,Manual,2024
VIN01400,ENG-VIN01400,Ertiga,VXI,Magma Grey,CNG,Manual,2024
VIN01401,ENG-VIN01401,Baleno,VXI,Magma Grey,CNG,Automatic,2024
VIN01402,ENG-VIN01402,Ignis,VXI,Midnight Black,CNG,Manual,2024
VIN01403,ENG-VIN01403,Baleno,VXI,Midnight Black,Petrol,Automatic,2024
VIN01404,ENG-VIN01404,Ignis,VXI,Magma Grey,Petrol,Automatic,2024
VIN01405,ENG-VIN01405,Ignis,VXI,Midnight Black,Petrol,Automatic,2024
VIN01406,ENG-VIN01406,Celerio,VXI,Magma Grey,CNG,Manual,2024
VIN01407,ENG-VIN01407,Grand Vitara,VXI,Midnight Black,Petrol,Manual,2024
VIN01408,ENG-VIN01408,Grand Vitara,VXI,Arctic White,CNG,Manual,2024
VIN01409,ENG-VIN01409,Swift,VXI,Arctic White,CNG,Automatic,2024
VIN01410,ENG-VIN01410,Brezza,VXI,Arctic White,CNG,Automatic,2024
VIN01411,ENG-VIN01411,Swift,VXI,Midnight Black,Petrol,Automatic,2024
VIN01412,ENG-VIN01412,Alto,VXI,Arctic White,Petrol,Automatic,2024
VIN01413,ENG-VIN01413,Swift,VXI,Magma Grey,CNG,Automatic,2024
VIN01414,ENG-VIN01414,Celerio,VXI,Arctic White,CNG,Automatic,2024
VIN01415,ENG-VIN01415,Swift,VXI,Midnight Black,CNG,Automatic,2024
VIN01416,ENG-VIN01416,Alto,VXI,Midnight Black,CNG,Automatic,2024
VIN01417,ENG-VIN01417,Brezza,VXI,Magma Grey,Petrol,Manual,2024
VIN01418,ENG-VIN01418,Brezza,VXI,Arctic White,Petrol,Manual,2024
VIN01419,ENG-VIN01419,Ignis,VXI,Midnight Black,CNG,Manual,2024
VIN01420,ENG-VIN01420,Ignis,VXI,Midnight Black,CNG,Automatic,2024
VIN01421,ENG-VIN01421,Ignis,VXI,Magma Grey,CNG,Manual,2024
VIN01422,ENG-VIN01422,Baleno,VXI,Arctic White,Petrol,Manual,2024
VIN01423,ENG-VIN01423,Ignis,VXI,Magma Grey,CNG,Automatic,2024
VIN01424,ENG-VIN01424,Alto,VXI,Magma Grey,CNG,Automatic,2024
VIN01425,ENG-VIN01425,Grand Vitara,VXI,Magma Grey,Petrol,Automatic,2024
VIN01426,ENG-VIN01426,Baleno,VXI,Magma Grey,Petrol,Manual,2024
VIN01427,ENG-VIN01427,Dzire,VXI,Midnight Black,CNG,Manual,2024
VIN01428,ENG-VIN01428,Ertiga,VXI,Arctic White,CNG,Automatic,2024
VIN01429,ENG-VIN01429,Baleno,VXI,Midnight Black,Petrol,Automatic,2024
VIN01430,ENG-VIN01430,Dzire,VXI,Magma Grey,Petrol,Manual,2024
VIN01431,ENG-VIN01431,Ignis,VXI,Magma Grey,CNG,Automatic,2024
VIN01432,ENG-VIN01432,Ignis,VXI,Magma Grey,Petrol,Automatic,2024
VIN01433,ENG-VIN01433,Brezza,VXI,Midnight Black,Petrol,Automatic,2024
VIN01434,ENG-VIN01434,Baleno,VXI,Arctic White,Petrol,Manual,2024
VIN01435,ENG-VIN01435,Dzire,VXI,Arctic White,CNG,Manual,2024
VIN01436,ENG-VIN01436,Dzire,VXI,Arctic White,CNG,Manual,2024
VIN01437,ENG-VIN01437,Swift,VXI,Arctic White,CNG,Manual,2024
VIN01438,ENG-VIN01438,Baleno,VXI,Magma Grey,Petrol,Manual,2024
VIN01439,ENG-VIN01439,Grand Vitara,VXI,Magma Grey,CNG,Manual,2024
VIN01440,ENG-VIN01440,Brezza,VXI,Magma Grey,Petrol,Automatic,2024
VIN01441,ENG-VIN01441,Celerio,VXI,Midnight Black,Petrol,Automatic,2024
VIN01442,ENG-VIN01442,Brezza,VXI,Midnight Black,Petrol,Manual,2024
VIN01443,ENG-VIN01443,Swift,VXI,Arctic White,Petrol,Manual,2024
VIN01444,ENG-VIN01444,Celerio,VXI,Arctic White,CNG,Automatic,2024
VIN01445,ENG-VIN01445,Brezza,VXI,Arctic White,Petrol,Manual,2024
VIN01446,ENG-VIN01446,Ertiga,VXI,Magma Grey,CNG,Manual,2024
VIN01447,ENG-VIN01447,Grand Vitara,VXI,Magma Grey,Petrol,Manual,2024
VIN01448,ENG-VIN01448,Ertiga,VXI,Magma Grey,Petrol,Manual,2024
VIN01449,ENG-VIN01449,Alto,VXI,Midnight Black,CNG,Manual,2024
VIN01450,ENG-VIN01450,Dzire,VXI,Magma Grey,CNG,Manual,2024
VIN01451,ENG-VIN01451,Dzire,VXI,Arctic White,CNG,Manual,2024
VIN01452,ENG-VIN01452,Grand Vitara,VXI,Midnight Black,CNG,Automatic,2024
VIN01453,ENG-VIN01453,Grand Vitara,VXI,Midnight Black,Petrol,Manual,2024
VIN01454,ENG-VIN01454,Celerio,VXI,Magma Grey,Petrol,Manual,2024
VIN01455,ENG-VIN01455,Baleno,VXI,Arctic White,CNG,Automatic,2024
VIN01456,ENG-VIN01456,Baleno,VXI,Magma Grey,Petrol,Manual,2024
VIN01457,ENG-VIN01457,Ertiga,VXI,Magma Grey,CNG,Automatic,2024
VIN01458,ENG-VIN01458,Alto,VXI,Magma Grey,CNG,Manual,2024
VIN01459,ENG-VIN01459,Alto,VXI,Magma Grey,Petrol,Automatic,2024
VIN01460,ENG-VIN01460,Alto,VXI,Midnight Black,Petrol,Manual,2024
VIN01461,ENG-VIN01461,Ignis,VXI,Midnight Black,CNG,Manual,2024
VIN01462,ENG-VIN01462,Grand Vitara,VXI,Arctic White,CNG,Automatic,2024
VIN01463,ENG-VIN01463,Ertiga,VXI,Arctic White,Petrol,Automatic,2024
VIN01464,ENG-VIN01464,Brezza,VXI,Arctic White,Petrol,Manual,2024
VIN01465,ENG-VIN01465,Swift,VXI,Midnight Black,Petrol,Manual,2024
VIN01466,ENG-VIN01466,Brezza,VXI,Magma Grey,Petrol,Automatic,2024
VIN01467,ENG-VIN01467,Baleno,VXI,Arctic White,CNG,Manual,2024
VIN01468,ENG-VIN01468,Celerio,VXI,Arctic White,Petrol,Manual,2024
VIN01469,ENG-VIN01469,Ertiga,VXI,Midnight Black,CNG,Automatic,2024
VIN01470,ENG-VIN01470,Brezza,VXI,Arctic White,Petrol,Manual,2024
VIN01471,ENG-VIN01471,Celerio,VXI,Midnight Black,CNG,Manual,2024
VIN01472,ENG-VIN01472,Baleno,VXI,Midnight Black,CNG,Manual,2024
VIN01473,ENG-VIN01473,Swift,VXI,Magma Grey,CNG,Automatic,2024
VIN01474,ENG-VIN01474,Ertiga,VXI,Midnight Black,Petrol,Manual,2024
VIN01475,ENG-VIN01475,Ertiga,VXI,Midnight Black,Petrol,Manual,2024
VIN01476,ENG-VIN01476,Celerio,VXI,Arctic White,Petrol,Manual,2024
VIN01477,ENG-VIN01477,Brezza,VXI,Midnight Black,Petrol,Automatic,2024
VIN01478,ENG-VIN01478,Dzire,VXI,Midnight Black,Petrol,Automatic,2024
VIN01479,ENG-VIN01479,Ertiga,VXI,Arctic White,Petrol,Automatic,2024
VIN01480,ENG-VIN01480,Brezza,VXI,Arctic White,CNG,Manual,2024
VIN01481,ENG-VIN01481,Brezza,VXI,Midnight Black,CNG,Manual,2024
VIN01482,ENG-VIN01482,Ertiga,VXI,Midnight Black,CNG,Manual,2024
VIN01483,ENG-VIN01483,Celerio,VXI,Arctic White,CNG,Manual,2024
VIN01484,ENG-VIN01484,Dzire,VXI,Arctic White,Petrol,Automatic,2024
VIN01485,ENG-VIN01485,Ignis,VXI,Midnight Black,Petrol,Automatic,2024
VIN01486,ENG-VIN01486,Celerio,VXI,Midnight Black,CNG,Manual,2024
VIN01487,ENG-VIN01487,Celerio,VXI,Midnight Black,CNG,Automatic,2024
VIN01488,ENG-VIN01488,Alto,VXI,Magma Grey,CNG,Automatic,2024
VIN01489,ENG-VIN01489,Ertiga,VXI,Magma Grey,CNG,Manual,2024
VIN01490,ENG-VIN01490,Ignis,VXI,Midnight Black,CNG,Manual,2024
VIN01491,ENG-VIN01491,Ertiga,VXI,Magma Grey,Petrol,Manual,2024
VIN01492,ENG-VIN01492,Ignis,VXI,Arctic White,CNG,Automatic,2024
VIN01493,ENG-VIN01493,Celerio,VXI,Arctic White,Petrol,Manual,2024
VIN01494,ENG-VIN01494,Dzire,VXI,Magma Grey,CNG,Manual,2024
VIN01495,ENG-VIN01495,Ignis,VXI,Arctic White,CNG,Manual,2024
VIN01496,ENG-VIN01496,Grand Vitara,VXI,Midnight Black,Petrol,Manual,2024
VIN01497,ENG-VIN01497,Baleno,VXI,Magma Grey,CNG,Manual,2024
VIN01498,ENG-VIN01498,Grand Vitara,VXI,Midnight Black,Petrol,Manual,2024
VIN01499,ENG-VIN01499,Swift,VXI,Magma Grey,Petrol,Manual,2024
VIN01500,ENG-VIN01500,Celerio,VXI,Midnight Black,CNG,Manual,2024
VIN01501,ENG-VIN01501,Alto,VXI,Magma Grey,Petrol,Automatic,2024
VIN01502,ENG-VIN01502,Grand Vitara,VXI,Midnight Black,CNG,Automatic,2024
VIN01503,ENG-VIN01503,Swift,VXI,Magma Grey,Petrol,Automatic,2024
VIN01504,ENG-VIN01504,Grand Vitara,VXI,Arctic White,CNG,Manual,2024
VIN01505,ENG-VIN01505,Brezza,VXI,Magma Grey,Petrol,Automatic,2024
VIN01506,ENG-VIN01506,Celerio,VXI,Midnight Black,CNG,Manual,2024
VIN01507,ENG-VIN01507,Ertiga,VXI,Midnight Black,CNG,Automatic,2024
VIN01508,ENG-VIN01508,Brezza,VXI,Magma Grey,Petrol,Automatic,2024
VIN01509,ENG-VIN01509,Ignis,VXI,Arctic White,Petrol,Automatic,2024
VIN01510,ENG-VIN01510,Grand Vitara,VXI,Arctic White,Petrol,Manual,2024
VIN01511,ENG-VIN01511,Ignis,VXI,Magma Grey,Petrol,Manual,2024
VIN01512,ENG-VIN01512,Grand Vitara,VXI,Magma Grey,CNG,Manual,2024
VIN01513,ENG-VIN01513,Ignis,VXI,Midnight Black,CNG,Automatic,2024
VIN01514,ENG-VIN01514,Celerio,VXI,Magma Grey,Petrol,Manual,2024
VIN01515,ENG-VIN01515,Ertiga,VXI,Magma Grey,CNG,Manual,2024
VIN01516,ENG-VIN01516,Swift,VXI,Magma Grey,CNG,Manual,2024
VIN01517,ENG-VIN01517,Ignis,VXI,Magma Grey,CNG,Automatic,2024
VIN01518,ENG-VIN01518,Swift,VXI,Arctic White,CNG,Automatic,2024
VIN01519,ENG-VIN01519,Alto,VXI,Midnight Black,Petrol,Automatic,2024
VIN01520,ENG-VIN01520,Grand Vitara,VXI,Magma Grey,Petrol,Automatic,2024
VIN01521,ENG-VIN01521,Dzire,VXI,Arctic White,CNG,Automatic,2024
VIN01522,ENG-VIN01522,Grand Vitara,VXI,Magma Grey,CNG,Manual,2024
VIN01523,ENG-VIN01523,Dzire,VXI,Magma Grey,Petrol,Manual,2024
VIN01524,ENG-VIN01524,Grand Vitara,VXI,Arctic White,CNG,Manual,2024
VIN01525,ENG-VIN01525,Dzire,VXI,Arctic White,Petrol,Automatic,2024
VIN01526,ENG-VIN01526,Dzire,VXI,Arctic White,CNG,Manual,2024
VIN01527,ENG-VIN01527,Dzire,VXI,Magma Grey,CNG,Manual,2024
VIN01528,ENG-VIN01528,Swift,VXI,Magma Grey,CNG,Automatic,2024
VIN01529,ENG-VIN01529,Ignis,VXI,Magma Grey,Petrol,Manual,2024
VIN01530,ENG-VIN01530,Grand Vitara,VXI,Magma Grey,Petrol,Manual,2024
VIN01531,ENG-VIN01531,Swift,VXI,Midnight Black,CNG,Automatic,2024
VIN01532,ENG-VIN01532,Ertiga,VXI,Arctic White,Petrol,Manual,2024
VIN01533,ENG-VIN01533,Brezza,VXI,Arctic White,CNG,Automatic,2024
VIN01534,ENG-VIN01534,Alto,VXI,Arctic White,Petrol,Manual,2024
VIN01535,ENG-VIN01535,Brezza,VXI,Magma Grey,Petrol,Automatic,2024
VIN01536,ENG-VIN01536,Dzire,VXI,Arctic White,CNG,Manual,2024
VIN01537,ENG-VIN01537,Ertiga,VXI,Arctic White,Petrol,Automatic,2024
VIN01538,ENG-VIN01538,Alto,VXI,Magma Grey,Petrol,Automatic,2024
VIN01539,ENG-VIN01539,Swift,VXI,Midnight Black,CNG,Automatic,2024
VIN01540,ENG-VIN01540,Brezza,VXI,Arctic White,CNG,Automatic,2024
VIN01541,ENG-VIN01541,Alto,VXI,Midnight Black,CNG,Automatic,2024
VIN01542,ENG-VIN01542,Baleno,VXI,Magma Grey,CNG,Manual,2024
VIN01543,ENG-VIN01543,Dzire,VXI,Midnight Black,Petrol,Manual,2024
VIN01544,ENG-VIN01544,Grand Vitara,VXI,Midnight Black,Petrol,Manual,2024
VIN01545,ENG-VIN01545,Alto,VXI,Arctic White,Petrol,Automatic,2024
VIN01546,ENG-VIN01546,Baleno,VXI,Arctic White,Petrol,Automatic,2024
VIN01547,ENG-VIN01547,Ertiga,VXI,Magma Grey,CNG,Automatic,2024
VIN01548,ENG-VIN01548,Swift,VXI,Magma Grey,CNG,Automatic,2024
VIN01549,ENG-VIN01549,Celerio,VXI,Midnight Black,CNG,Manual,2024
VIN01550,ENG-VIN01550,Swift,VXI,Magma Grey,CNG,Manual,2024
VIN01551,ENG-VIN01551,Ertiga,VXI,Arctic White,CNG,Automatic,2024
VIN01552,ENG-VIN01552,Brezza,VXI,Arctic White,Petrol,Manual,2024
VIN01553,ENG-VIN01553,Brezza,VXI,Arctic White,Petrol,Manual,2024
VIN01554,ENG-VIN01554,Baleno,VXI,Midnight Black,Petrol,Manual,2024
VIN01555,ENG-VIN01555,Ertiga,VXI,Magma Grey,CNG,Manual,2024
VIN01556,ENG-VIN01556,Baleno,VXI,Midnight Black,Petrol,Automatic,2024
VIN01557,ENG-VIN01557,Brezza,VXI,Midnight Black,CNG,Automatic,2024
VIN01558,ENG-VIN01558,Ignis,VXI,Magma Grey,CNG,Manual,2024
VIN01559,ENG-VIN01559,Ertiga,VXI,Midnight Black,CNG,Automatic,2024
VIN01560,ENG-VIN01560,Ignis,VXI,Arctic White,CNG,Automatic,2024
VIN01561,ENG-VIN01561,Grand Vitara,VXI,Midnight Black,CNG,Automatic,2024
VIN01562,ENG-VIN01562,Celerio,VXI,Midnight Black,Petrol,Automatic,2024
VIN01563,ENG-VIN01563,Brezza,VXI,Midnight Black,CNG,Automatic,2024
VIN01564,ENG-VIN01564,Ignis,VXI,Magma Grey,CNG,Manual,2024
VIN01565,ENG-VIN01565,Brezza,VXI,Arctic White,Petrol,Automatic,2024
VIN01566,ENG-VIN01566,Dzire,VXI,Midnight Black,CNG,Manual,2024
VIN01567,ENG-VIN01567,Swift,VXI,Magma Grey,CNG,Automatic,2024
VIN01568,ENG-VIN01568,Brezza,VXI,Midnight Black,Petrol,Automatic,2024
VIN01569,ENG-VIN01569,Ertiga,VXI,Magma Grey,CNG,Manual,2024
VIN01570,ENG-VIN01570,Brezza,VXI,Arctic White,CNG,Manual,2024
VIN01571,ENG-VIN01571,Celerio,VXI,Magma Grey,Petrol,Automatic,2024
VIN01572,ENG-VIN01572,Baleno,VXI,Magma Grey,Petrol,Manual,2024
VIN01573,ENG-VIN01573,Ignis,VXI,Magma Grey,Petrol,Manual,2024
VIN01574,ENG-VIN01574,Ignis,VXI,Magma Grey,CNG,Manual,2024
VIN01575,ENG-VIN01575,Ertiga,VXI,Midnight Black,CNG,Automatic,2024
VIN01576,ENG-VIN01576,Swift,VXI,Magma Grey,CNG,Automatic,2024
VIN01577,ENG-VIN01577,Baleno,VXI,Midnight Black,Petrol,Automatic,2024
VIN01578,ENG-VIN01578,Ertiga,VXI,Midnight Black,Petrol,Manual,2024
VIN01579,ENG-VIN01579,Baleno,VXI,Magma Grey,CNG,Automatic,2024
VIN01580,ENG-VIN01580,Brezza,VXI,Arctic White,CNG,Automatic,2024
VIN01581,ENG-VIN01581,Baleno,VXI,Magma Grey,CNG,Automatic,2024
VIN01582,ENG-VIN01582,Baleno,VXI,Midnight Black,CNG,Automatic,2024
VIN01583,ENG-VIN01583,Ignis,VXI,Magma Grey,CNG,Automatic,2024
VIN01584,ENG-VIN01584,Ertiga,VXI,Arctic White,CNG,Automatic,2024
VIN01585,ENG-VIN01585,Alto,VXI,Arctic White,Petrol,Automatic,2024
VIN01586,ENG-VIN01586,Ertiga,VXI,Magma Grey,CNG,Automatic,2024
VIN01587,ENG-VIN01587,Alto,VXI,Arctic White,CNG,Manual,2024
VIN01588,ENG-VIN01588,Brezza,VXI,Magma Grey,CNG,Manual,2024
VIN01589,ENG-VIN01589,Swift,VXI,Midnight Black,CNG,Automatic,2024
VIN01590,ENG-VIN01590,Baleno,VXI,Magma Grey,CNG,Automatic,2024
VIN01591,ENG-VIN01591,Brezza,VXI,Arctic White,CNG,Automatic,2024
VIN01592,ENG-VIN01592,Alto,VXI,Midnight Black,Petrol,Manual,2024
VIN01593,ENG-VIN01593,Alto,VXI,Midnight Black,Petrol,Automatic,2024
VIN01594,ENG-VIN01594,Baleno,VXI,Arctic White,CNG,Manual,2024
VIN01595,ENG-VIN01595,Baleno,VXI,Midnight Black,CNG,Automatic,2024
VIN01596,ENG-VIN01596,Baleno,VXI,Arctic White,CNG,Automatic,2024
VIN01597,ENG-VIN01597,Baleno,VXI,Arctic White,CNG,Automatic,2024
VIN01598,ENG-VIN01598,Baleno,VXI,Magma Grey,CNG,Manual,2024
VIN01599,ENG-VIN01599,Grand Vitara,VXI,Arctic White,CNG,Automatic,2024
VIN01600,ENG-VIN01600,Grand Vitara,VXI,Midnight Black,CNG,Manual,2024
VIN01601,ENG-VIN01601,Ignis,VXI,Magma Grey,CNG,Automatic,2024
VIN01602,ENG-VIN01602,Baleno,VXI,Midnight Black,Petrol,Automatic,2024
VIN01603,ENG-VIN01603,Alto,VXI,Midnight Black,Petrol,Automatic,2024
VIN01604,ENG-VIN01604,Ertiga,VXI,Magma Grey,CNG,Manual,2024
VIN01605,ENG-VIN01605,Ertiga,VXI,Midnight Black,CNG,Automatic,2024
VIN01606,ENG-VIN01606,Baleno,VXI,Magma Grey,CNG,Manual,2024
VIN01607,ENG-VIN01607,Ignis,VXI,Midnight Black,Petrol,Automatic,2024
VIN01608,ENG-VIN01608,Ignis,VXI,Magma Grey,CNG,Manual,2024
VIN01609,ENG-VIN01609,Brezza,VXI,Arctic White,CNG,Manual,2024
VIN01610,ENG-VIN01610,Grand Vitara,VXI,Magma Grey,Petrol,Manual,2024
VIN01611,ENG-VIN01611,Swift,VXI,Magma Grey,Petrol,Manual,2024
VIN01612,ENG-VIN01612,Celerio,VXI,Arctic White,CNG,Automatic,2024
VIN01613,ENG-VIN01613,Brezza,VXI,Arctic White,CNG,Automatic,2024
VIN01614,ENG-VIN01614,Grand Vitara,VXI,Magma Grey,CNG,Manual,2024
VIN01615,ENG-VIN01615,Alto,VXI,Arctic White,Petrol,Manual,2024
VIN01616,ENG-VIN01616,Ertiga,VXI,Midnight Black,CNG,Automatic,2024
VIN01617,ENG-VIN01617,Baleno,VXI,Magma Grey,CNG,Manual,2024
VIN01618,ENG-VIN01618,Celerio,VXI,Midnight Black,CNG,Automatic,2024
VIN01619,ENG-VIN01619,Ertiga,VXI,Magma Grey,Petrol,Manual,2024
VIN01620,ENG-VIN01620,Ignis,VXI,Midnight Black,Petrol,Manual,2024
VIN01621,ENG-VIN01621,Baleno,VXI,Magma Grey,CNG,Automatic,2024
VIN01622,ENG-VIN01622,Ertiga,VXI,Magma Grey,Petrol,Manual,2024
VIN01623,ENG-VIN01623,Grand Vitara,VXI,Magma Grey,CNG,Automatic,2024
VIN01624,ENG-VIN01624,Brezza,VXI,Magma Grey,CNG,Automatic,2024
VIN01625,ENG-VIN01625,Celerio,VXI,Arctic White,CNG,Manual,2024
VIN01626,ENG-VIN01626,Baleno,VXI,Magma Grey,CNG,Manual,2024
VIN01627,ENG-VIN01627,Brezza,VXI,Magma Grey,CNG,Manual,2024
VIN01628,ENG-VIN01628,Grand Vitara,VXI,Arctic White,Petrol,Manual,2024
VIN01629,ENG-VIN01629,Celerio,VXI,Midnight Black,Petrol,Manual,2024
VIN01630,ENG-VIN01630,Ertiga,VXI,Arctic White,CNG,Automatic,2024
VIN01631,ENG-VIN01631,Celerio,VXI,Midnight Black,Petrol,Automatic,2024
VIN01632,ENG-VIN01632,Grand Vitara,VXI,Magma Grey,Petrol,Automatic,2024
VIN01633,ENG-VIN01633,Celerio,VXI,Arctic White,Petrol,Automatic,2024
VIN01634,ENG-VIN01634,Alto,VXI,Arctic White,CNG,Automatic,2024
VIN01635,ENG-VIN01635,Celerio,VXI,Arctic White,CNG,Manual,2024
VIN01636,ENG-VIN01636,Brezza,VXI,Arctic White,Petrol,Manual,2024
VIN01637,ENG-VIN01637,Baleno,VXI,Arctic White,CNG,Automatic,2024
VIN01638,ENG-VIN01638,Ignis,VXI,Midnight Black,CNG,Automatic,2024
VIN01639,ENG-VIN01639,Brezza,VXI,Midnight Black,Petrol,Manual,2024
VIN01640,ENG-VIN01640,Grand Vitara,VXI,Midnight Black,Petrol,Automatic,2024
VIN01641,ENG-VIN01641,Grand Vitara,VXI,Midnight Black,Petrol,Automatic,2024
VIN01642,ENG-VIN01642,Celerio,VXI,Magma Grey,Petrol,Manual,2024
VIN01643,ENG-VIN01643,Alto,VXI,Arctic White,Petrol,Manual,2024
VIN01644,ENG-VIN01644,Ertiga,VXI,Magma Grey,CNG,Automatic,2024
VIN01645,ENG-VIN01645,Brezza,VXI,Magma Grey,Petrol,Manual,2024
VIN01646,ENG-VIN01646,Brezza,VXI,Arctic White,CNG,Manual,2024
VIN01647,ENG-VIN01647,Celerio,VXI,Arctic White,CNG,Automatic,2024
VIN01648,ENG-VIN01648,Brezza,VXI,Magma Grey,Petrol,Automatic,2024
VIN01649,ENG-VIN01649,Baleno,VXI,Midnight Black,CNG,Manual,2024
VIN01650,ENG-VIN01650,Ignis,VXI,Midnight Black,Petrol,Automatic,2024
VIN01651,ENG-VIN01651,Swift,VXI,Midnight Black,CNG,Automatic,2024
VIN01652,ENG-VIN01652,Dzire,VXI,Arctic White,CNG,Automatic,2024
VIN01653,ENG-VIN01653,Brezza,VXI,Magma Grey,Petrol,Manual,2024
VIN01654,ENG-VIN01654,Brezza,VXI,Arctic White,CNG,Automatic,2024
VIN01655,ENG-VIN01655,Grand Vitara,VXI,Arctic White,CNG,Automatic,2024
VIN01656,ENG-VIN01656,Brezza,VXI,Magma Grey,Petrol,Automatic,2024
VIN01657,ENG-VIN01657,Alto,VXI,Magma Grey,CNG,Manual,2024
VIN01658,ENG-VIN01658,Ignis,VXI,Midnight Black,CNG,Automatic,2024
VIN01659,ENG-VIN01659,Ertiga,VXI,Midnight Black,CNG,Manual,2024
VIN01660,ENG-VIN01660,Swift,VXI,Arctic White,CNG,Automatic,2024
VIN01661,ENG-VIN01661,Celerio,VXI,Arctic White,CNG,Automatic,2024
VIN01662,ENG-VIN01662,Celerio,VXI,Magma Grey,CNG,Automatic,2024
VIN01663,ENG-VIN01663,Dzire,VXI,Arctic White,Petrol,Automatic,2024
VIN01664,ENG-VIN01664,Ignis,VXI,Magma Grey,CNG,Manual,2024
VIN01665,ENG-VIN01665,Celerio,VXI,Arctic White,CNG,Automatic,2024
VIN01666,ENG-VIN01666,Grand Vitara,VXI,Magma Grey,CNG,Automatic,2024
VIN01667,ENG-VIN01667,Baleno,VXI,Magma Grey,CNG,Manual,2024
VIN01668,ENG-VIN01668,Celerio,VXI,Magma Grey,Petrol,Manual,2024
VIN01669,ENG-VIN01669,Grand Vitara,VXI,Arctic White,Petrol,Automatic,2024
VIN01670,ENG-VIN01670,Baleno,VXI,Midnight Black,CNG,Manual,2024
VIN01671,ENG-VIN01671,Baleno,VXI,Midnight Black,CNG,Automatic,2024
VIN01672,ENG-VIN01672,Grand Vitara,VXI,Magma Grey,CNG,Manual,2024
VIN01673,ENG-VIN01673,Alto,VXI,Arctic White,CNG,Manual,2024
VIN01674,ENG-VIN01674,Ertiga,VXI,Midnight Black,Petrol,Automatic,2024
VIN01675,ENG-VIN01675,Baleno,VXI,Magma Grey,Petrol,Manual,2024
VIN01676,ENG-VIN01676,Celerio,VXI,Arctic White,Petrol,Automatic,2024
VIN01677,ENG-VIN01677,Ignis,VXI,Midnight Black,Petrol,Automatic,2024
VIN01678,ENG-VIN01678,Swift,VXI,Arctic White,Petrol,Automatic,2024
VIN01679,ENG-VIN01679,Ignis,VXI,Magma Grey,CNG,Manual,2024
VIN01680,ENG-VIN01680,Ignis,VXI,Arctic White,CNG,Manual,2024
VIN01681,ENG-VIN01681,Baleno,VXI,Midnight Black,CNG,Manual,2024
VIN01682,ENG-VIN01682,Celerio,VXI,Midnight Black,Petrol,Automatic,2024
VIN01683,ENG-VIN01683,Celerio,VXI,Magma Grey,CNG,Automatic,2024
VIN01684,ENG-VIN01684,Dzire,VXI,Midnight Black,CNG,Manual,2024
VIN01685,ENG-VIN01685,Celerio,VXI,Magma Grey,CNG,Automatic,2024
VIN01686,ENG-VIN01686,Celerio,VXI,Midnight Black,Petrol,Automatic,2024
VIN01687,ENG-VIN01687,Dzire,VXI,Midnight Black,Petrol,Manual,2024
VIN01688,ENG-VIN01688,Swift,VXI,Midnight Black,CNG,Automatic,2024
VIN01689,ENG-VIN01689,Baleno,VXI,Midnight Black,CNG,Manual,2024
VIN01690,ENG-VIN01690,Grand Vitara,VXI,Magma Grey,Petrol,Manual,2024
VIN01691,ENG-VIN01691,Ertiga,VXI,Magma Grey,Petrol,Manual,2024
VIN01692,ENG-VIN01692,Dzire,VXI,Midnight Black,Petrol,Automatic,2024
VIN01693,ENG-VIN01693,Ertiga,VXI,Magma Grey,CNG,Manual,2024
VIN01694,ENG-VIN01694,Alto,VXI,Magma Grey,Petrol,Manual,2024
VIN01695,ENG-VIN01695,Ignis,VXI,Magma Grey,CNG,Manual,2024
VIN01696,ENG-VIN01696,Dzire,VXI,Arctic White,CNG,Automatic,2024
VIN01697,ENG-VIN01697,Baleno,VXI,Midnight Black,CNG,Automatic,2024
VIN01698,ENG-VIN01698,Brezza,VXI,Arctic White,Petrol,Automatic,2024
VIN01699,ENG-VIN01699,Ertiga,VXI,Arctic White,CNG,Manual,2024
VIN01700,ENG-VIN01700,Baleno,VXI,Magma Grey,CNG,Automatic,2024
VIN01701,ENG-VIN01701,Ertiga,VXI,Arctic White,Petrol,Manual,2024
VIN01702,ENG-VIN01702,Alto,VXI,Midnight Black,Petrol,Automatic,2024
VIN01703,ENG-VIN01703,Dzire,VXI,Arctic White,CNG,Manual,2024
VIN01704,ENG-VIN01704,Baleno,VXI,Midnight Black,CNG,Automatic,2024
VIN01705,ENG-VIN01705,Ignis,VXI,Magma Grey,Petrol,Automatic,2024
VIN01706,ENG-VIN01706,Grand Vitara,VXI,Magma Grey,CNG,Automatic,2024
VIN01707,ENG-VIN01707,Dzire,VXI,Arctic White,Petrol,Automatic,2024
VIN01708,ENG-VIN01708,Alto,VXI,Arctic White,CNG,Automatic,2024
VIN01709,ENG-VIN01709,Celerio,VXI,Magma Grey,CNG,Manual,2024
VIN01710,ENG-VIN01710,Baleno,VXI,Midnight Black,Petrol,Manual,2024
VIN01711,ENG-VIN01711,Swift,VXI,Arctic White,CNG,Automatic,2024
VIN01712,ENG-VIN01712,Dzire,VXI,Midnight Black,CNG,Manual,2024
VIN01713,ENG-VIN01713,Baleno,VXI,Magma Grey,Petrol,Manual,2024
VIN01714,ENG-VIN01714,Celerio,VXI,Arctic White,CNG,Manual,2024
VIN01715,ENG-VIN01715,Alto,VXI,Arctic White,CNG,Manual,2024
VIN01716,ENG-VIN01716,Grand Vitara,VXI,Midnight Black,CNG,Manual,2024
VIN01717,ENG-VIN01717,Ertiga,VXI,Midnight Black,Petrol,Automatic,2024
VIN01718,ENG-VIN01718,Dzire,VXI,Midnight Black,Petrol,Automatic,2024
VIN01719,ENG-VIN01719,Baleno,VXI,Magma Grey,CNG,Manual,2024
VIN01720,ENG-VIN01720,Celerio,VXI,Magma Grey,CNG,Manual,2024
VIN01721,ENG-VIN01721,Swift,VXI,Midnight Black,Petrol,Automatic,2024
VIN01722,ENG-VIN01722,Grand Vitara,VXI,Magma Grey,Petrol,Automatic,2024
VIN01723,ENG-VIN01723,Grand Vitara,VXI,Arctic White,CNG,Manual,2024
VIN01724,ENG-VIN01724,Swift,VXI,Magma Grey,Petrol,Automatic,2024
VIN01725,ENG-VIN01725,Dzire,VXI,Arctic White,CNG,Automatic,2024
VIN01726,ENG-VIN01726,Dzire,VXI,Magma Grey,CNG,Manual,2024
VIN01727,ENG-VIN01727,Ignis,VXI,Magma Grey,Petrol,Manual,2024
VIN01728,ENG-VIN01728,Ertiga,VXI,Midnight Black,Petrol,Automatic,2024
VIN01729,ENG-VIN01729,Grand Vitara,VXI,Midnight Black,Petrol,Automatic,2024
VIN01730,ENG-VIN01730,Swift,VXI,Midnight Black,CNG,Manual,2024
VIN01731,ENG-VIN01731,Ignis,VXI,Magma Grey,CNG,Automatic,2024
VIN01732,ENG-VIN01732,Dzire,VXI,Magma Grey,Petrol,Automatic,2024
VIN01733,ENG-VIN01733,Celerio,VXI,Arctic White,CNG,Manual,2024
VIN01734,ENG-VIN01734,Baleno,VXI,Midnight Black,Petrol,Manual,2024
VIN01735,ENG-VIN01735,Grand Vitara,VXI,Magma Grey,Petrol,Automatic,2024
VIN01736,ENG-VIN01736,Grand Vitara,VXI,Arctic White,Petrol,Manual,2024
VIN01737,ENG-VIN01737,Dzire,VXI,Arctic White,CNG,Manual,2024
VIN01738,ENG-VIN01738,Grand Vitara,VXI,Arctic White,CNG,Automatic,2024
VIN01739,ENG-VIN01739,Alto,VXI,Magma Grey,CNG,Automatic,2024
VIN01740,ENG-VIN01740,Celerio,VXI,Midnight Black,Petrol,Manual,2024
VIN01741,ENG-VIN01741,Swift,VXI,Arctic White,Petrol,Manual,2024
VIN01742,ENG-VIN01742,Ertiga,VXI,Midnight Black,Petrol,Manual,2024
VIN01743,ENG-VIN01743,Ignis,VXI,Magma Grey,Petrol,Manual,2024
VIN01744,ENG-VIN01744,Swift,VXI,Magma Grey,Petrol,Automatic,2024
VIN01745,ENG-VIN01745,Swift,VXI,Magma Grey,Petrol,Automatic,2024
VIN01746,ENG-VIN01746,Brezza,VXI,Midnight Black,CNG,Automatic,2024
VIN01747,ENG-VIN01747,Baleno,VXI,Magma Grey,CNG,Automatic,2024
VIN01748,ENG-VIN01748,Alto,VXI,Magma Grey,CNG,Automatic,2024
VIN01749,ENG-VIN01749,Dzire,VXI,Midnight Black,Petrol,Automatic,2024
VIN01750,ENG-VIN01750,Ertiga,VXI,Magma Grey,CNG,Automatic,2024
VIN01751,ENG-VIN01751,Celerio,VXI,Magma Grey,CNG,Manual,2024
VIN01752,ENG-VIN01752,Brezza,VXI,Arctic White,Petrol,Automatic,2024
VIN01753,ENG-VIN01753,Grand Vitara,VXI,Arctic White,CNG,Manual,2024
VIN01754,ENG-VIN01754,Swift,VXI,Arctic White,Petrol,Automatic,2024
VIN01755,ENG-VIN01755,Celerio,VXI,Magma Grey,Petrol,Automatic,2024
VIN01756,ENG-VIN01756,Ertiga,VXI,Arctic White,Petrol,Manual,2024
VIN01757,ENG-VIN01757,Swift,VXI,Magma Grey,Petrol,Automatic,2024
VIN01758,ENG-VIN01758,Dzire,VXI,Magma Grey,CNG,Automatic,2024
VIN01759,ENG-VIN01759,Alto,VXI,Arctic White,CNG,Automatic,2024
VIN01760,ENG-VIN01760,Alto,VXI,Midnight Black,CNG,Manual,2024
VIN01761,ENG-VIN01761,Ignis,VXI,Magma Grey,CNG,Manual,2024
VIN01762,ENG-VIN01762,Dzire,VXI,Midnight Black,Petrol,Automatic,2024
VIN01763,ENG-VIN01763,Swift,VXI,Arctic White,CNG,Manual,2024
VIN01764,ENG-VIN01764,Celerio,VXI,Arctic White,Petrol,Automatic,2024
VIN01765,ENG-VIN01765,Grand Vitara,VXI,Magma Grey,Petrol,Manual,2024
VIN01766,ENG-VIN01766,Baleno,VXI,Midnight Black,CNG,Automatic,2024
VIN01767,ENG-VIN01767,Ertiga,VXI,Midnight Black,CNG,Manual,2024
VIN01768,ENG-VIN01768,Alto,VXI,Midnight Black,CNG,Manual,2024
VIN01769,ENG-VIN01769,Celerio,VXI,Arctic White,CNG,Automatic,2024
VIN01770,ENG-VIN01770,Swift,VXI,Magma Grey,Petrol,Automatic,2024
VIN01771,ENG-VIN01771,Alto,VXI,Magma Grey,Petrol,Manual,2024
VIN01772,ENG-VIN01772,Brezza,VXI,Magma Grey,Petrol,Manual,2024
VIN01773,ENG-VIN01773,Alto,VXI,Midnight Black,Petrol,Automatic,2024
VIN01774,ENG-VIN01774,Alto,VXI,Arctic White,CNG,Automatic,2024
VIN01775,ENG-VIN01775,Ignis,VXI,Magma Grey,Petrol,Manual,2024
VIN01776,ENG-VIN01776,Ertiga,VXI,Midnight Black,CNG,Automatic,2024
VIN01777,ENG-VIN01777,Grand Vitara,VXI,Midnight Black,Petrol,Automatic,2024
VIN01778,ENG-VIN01778,Grand Vitara,VXI,Midnight Black,CNG,Automatic,2024
VIN01779,ENG-VIN01779,Dzire,VXI,Magma Grey,Petrol,Automatic,2024
VIN01780,ENG-VIN01780,Alto,VXI,Magma Grey,CNG,Manual,2024
VIN01781,ENG-VIN01781,Swift,VXI,Midnight Black,CNG,Manual,2024
VIN01782,ENG-VIN01782,Ertiga,VXI,Arctic White,CNG,Automatic,2024
VIN01783,ENG-VIN01783,Ertiga,VXI,Midnight Black,Petrol,Manual,2024
VIN01784,ENG-VIN01784,Swift,VXI,Arctic White,CNG,Manual,2024
VIN01785,ENG-VIN01785,Dzire,VXI,Arctic White,Petrol,Manual,2024
VIN01786,ENG-VIN01786,Grand Vitara,VXI,Midnight Black,CNG,Manual,2024
VIN01787,ENG-VIN01787,Ignis,VXI,Magma Grey,Petrol,Automatic,2024
VIN01788,ENG-VIN01788,Alto,VXI,Midnight Black,CNG,Automatic,2024
VIN01789,ENG-VIN01789,Grand Vitara,VXI,Magma Grey,Petrol,Automatic,2024
VIN01790,ENG-VIN01790,Alto,VXI,Arctic White,CNG,Automatic,2024
VIN01791,ENG-VIN01791,Ignis,VXI,Magma Grey,CNG,Automatic,2024
VIN01792,ENG-VIN01792,Celerio,VXI,Midnight Black,CNG,Manual,2024
VIN01793,ENG-VIN01793,Alto,VXI,Midnight Black,CNG,Manual,2024
VIN01794,ENG-VIN01794,Baleno,VXI,Arctic White,CNG,Manual,2024
VIN01795,ENG-VIN01795,Alto,VXI,Arctic White,CNG,Automatic,2024
VIN01796,ENG-VIN01796,Grand Vitara,VXI,Magma Grey,Petrol,Manual,2024
VIN01797,ENG-VIN01797,Ignis,VXI,Arctic White,Petrol,Automatic,2024
VIN01798,ENG-VIN01798,Grand Vitara,VXI,Magma Grey,CNG,Automatic,2024
VIN01799,ENG-VIN01799,Ertiga,VXI,Arctic White,CNG,Manual,2024
VIN01800,ENG-VIN01800,Dzire,VXI,Midnight Black,Petrol,Automatic,2024
VIN01801,ENG-VIN01801,Swift,VXI,Midnight Black,CNG,Automatic,2024
VIN01802,ENG-VIN01802,Alto,VXI,Magma Grey,CNG,Automatic,2024
VIN01803,ENG-VIN01803,Dzire,VXI,Midnight Black,CNG,Manual,2024
VIN01804,ENG-VIN01804,Alto,VXI,Magma Grey,Petrol,Manual,2024
VIN01805,ENG-VIN01805,Ertiga,VXI,Midnight Black,Petrol,Manual,2024
VIN01806,ENG-VIN01806,Grand Vitara,VXI,Arctic White,CNG,Manual,2024
VIN01807,ENG-VIN01807,Ignis,VXI,Midnight Black,CNG,Manual,2024
VIN01808,ENG-VIN01808,Dzire,VXI,Magma Grey,Petrol,Automatic,2024
VIN01809,ENG-VIN01809,Alto,VXI,Midnight Black,CNG,Manual,2024
VIN01810,ENG-VIN01810,Brezza,VXI,Midnight Black,CNG,Manual,2024
VIN01811,ENG-VIN01811,Baleno,VXI,Magma Grey,Petrol,Manual,2024
VIN01812,ENG-VIN01812,Baleno,VXI,Arctic White,CNG,Manual,2024
VIN01813,ENG-VIN01813,Baleno,VXI,Midnight Black,CNG,Manual,2024
VIN01814,ENG-VIN01814,Ignis,VXI,Midnight Black,CNG,Automatic,2024
VIN01815,ENG-VIN01815,Alto,VXI,Magma Grey,Petrol,Manual,2024
VIN01816,ENG-VIN01816,Alto,VXI,Arctic White,CNG,Automatic,2024
VIN01817,ENG-VIN01817,Ertiga,VXI,Arctic White,Petrol,Manual,2024
VIN01818,ENG-VIN01818,Ertiga,VXI,Magma Grey,CNG,Automatic,2024
VIN01819,ENG-VIN01819,Grand Vitara,VXI,Midnight Black,Petrol,Automatic,2024
VIN01820,ENG-VIN01820,Ertiga,VXI,Arctic White,Petrol,Automatic,2024
VIN01821,ENG-VIN01821,Grand Vitara,VXI,Arctic White,CNG,Manual,2024
VIN01822,ENG-VIN01822,Swift,VXI,Magma Grey,Petrol,Manual,2024
VIN01823,ENG-VIN01823,Ignis,VXI,Midnight Black,Petrol,Automatic,2024
VIN01824,ENG-VIN01824,Grand Vitara,VXI,Magma Grey,CNG,Automatic,2024
VIN01825,ENG-VIN01825,Alto,VXI,Arctic White,Petrol,Automatic,2024
VIN01826,ENG-VIN01826,Dzire,VXI,Magma Grey,Petrol,Automatic,2024
VIN01827,ENG-VIN01827,Alto,VXI,Midnight Black,CNG,Automatic,2024
VIN01828,ENG-VIN01828,Brezza,VXI,Midnight Black,Petrol,Manual,2024
VIN01829,ENG-VIN01829,Celerio,VXI,Midnight Black,Petrol,Manual,2024
VIN01830,ENG-VIN01830,Ertiga,VXI,Magma Grey,CNG,Automatic,2024
VIN01831,ENG-VIN01831,Grand Vitara,VXI,Magma Grey,Petrol,Manual,2024
VIN01832,ENG-VIN01832,Baleno,VXI,Arctic White,Petrol,Manual,2024
VIN01833,ENG-VIN01833,Ignis,VXI,Midnight Black,Petrol,Automatic,2024
VIN01834,ENG-VIN01834,Ertiga,VXI,Arctic White,Petrol,Manual,2024
VIN01835,ENG-VIN01835,Ignis,VXI,Magma Grey,Petrol,Manual,2024
VIN01836,ENG-VIN01836,Ertiga,VXI,Magma Grey,CNG,Automatic,2024
VIN01837,ENG-VIN01837,Swift,VXI,Arctic White,Petrol,Manual,2024
VIN01838,ENG-VIN01838,Baleno,VXI,Arctic White,Petrol,Automatic,2024
VIN01839,ENG-VIN01839,Baleno,VXI,Magma Grey,CNG,Manual,2024
VIN01840,ENG-VIN01840,Grand Vitara,VXI,Arctic White,Petrol,Automatic,2024
VIN01841,ENG-VIN01841,Brezza,VXI,Arctic White,Petrol,Automatic,2024
VIN01842,ENG-VIN01842,Ignis,VXI,Magma Grey,Petrol,Manual,2024
VIN01843,ENG-VIN01843,Swift,VXI,Arctic White,Petrol,Automatic,2024
VIN01844,ENG-VIN01844,Baleno,VXI,Midnight Black,Petrol,Automatic,2024
VIN01845,ENG-VIN01845,Celerio,VXI,Arctic White,CNG,Automatic,2024
VIN01846,ENG-VIN01846,Baleno,VXI,Midnight Black,Petrol,Automatic,2024
VIN01847,ENG-VIN01847,Brezza,VXI,Arctic White,Petrol,Manual,2024
VIN01848,ENG-VIN01848,Swift,VXI,Magma Grey,CNG,Manual,2024
VIN01849,ENG-VIN01849,Dzire,VXI,Midnight Black,Petrol,Manual,2024
VIN01850,ENG-VIN01850,Swift,VXI,Midnight Black,Petrol,Manual,2024
VIN01851,ENG-VIN01851,Alto,VXI,Magma Grey,Petrol,Automatic,2024
VIN01852,ENG-VIN01852,Ertiga,VXI,Arctic White,CNG,Automatic,2024
VIN01853,ENG-VIN01853,Brezza,VXI,Magma Grey,CNG,Automatic,2024
VIN01854,ENG-VIN01854,Swift,VXI,Magma Grey,Petrol,Manual,2024
VIN01855,ENG-VIN01855,Brezza,VXI,Arctic White,Petrol,Automatic,2024
VIN01856,ENG-VIN01856,Swift,VXI,Magma Grey,Petrol,Manual,2024
VIN01857,ENG-VIN01857,Celerio,VXI,Midnight Black,CNG,Automatic,2024
VIN01858,ENG-VIN01858,Dzire,VXI,Magma Grey,Petrol,Automatic,2024
VIN01859,ENG-VIN01859,Celerio,VXI,Arctic White,CNG,Automatic,2024
VIN01860,ENG-VIN01860,Dzire,VXI,Midnight Black,Petrol,Manual,2024
VIN01861,ENG-VIN01861,Swift,VXI,Magma Grey,Petrol,Automatic,2024
VIN01862,ENG-VIN01862,Alto,VXI,Magma Grey,CNG,Automatic,2024
VIN01863,ENG-VIN01863,Dzire,VXI,Magma Grey,CNG,Manual,2024
VIN01864,ENG-VIN01864,Brezza,VXI,Midnight Black,CNG,Manual,2024
VIN01865,ENG-VIN01865,Ignis,VXI,Midnight Black,CNG,Automatic,2024
VIN01866,ENG-VIN01866,Grand Vitara,VXI,Arctic White,CNG,Manual,2024
VIN01867,ENG-VIN01867,Swift,VXI,Arctic White,Petrol,Automatic,2024
VIN01868,ENG-VIN01868,Dzire,VXI,Magma Grey,Petrol,Automatic,2024
VIN01869,ENG-VIN01869,Ertiga,VXI,Midnight Black,CNG,Manual,2024
VIN01870,ENG-VIN01870,Baleno,VXI,Midnight Black,CNG,Automatic,2024
VIN01871,ENG-VIN01871,Dzire,VXI,Midnight Black,CNG,Automatic,2024
VIN01872,ENG-VIN01872,Swift,VXI,Midnight Black,CNG,Manual,2024
VIN01873,ENG-VIN01873,Ignis,VXI,Midnight Black,Petrol,Manual,2024
VIN01874,ENG-VIN01874,Alto,VXI,Magma Grey,CNG,Automatic,2024
VIN01875,ENG-VIN01875,Swift,VXI,Magma Grey,Petrol,Manual,2024
VIN01876,ENG-VIN01876,Grand Vitara,VXI,Midnight Black,CNG,Manual,2024
VIN01877,ENG-VIN01877,Celerio,VXI,Midnight Black,CNG,Automatic,2024
VIN01878,ENG-VIN01878,Brezza,VXI,Arctic White,CNG,Manual,2024
VIN01879,ENG-VIN01879,Grand Vitara,VXI,Midnight Black,Petrol,Manual,2024
VIN01880,ENG-VIN01880,Dzire,VXI,Arctic White,CNG,Manual,2024
VIN01881,ENG-VIN01881,Dzire,VXI,Magma Grey,CNG,Manual,2024
VIN01882,ENG-VIN01882,Dzire,VXI,Magma Grey,Petrol,Automatic,2024
VIN01883,ENG-VIN01883,Dzire,VXI,Magma Grey,Petrol,Automatic,2024
VIN01884,ENG-VIN01884,Ignis,VXI,Magma Grey,Petrol,Manual,2024
VIN01885,ENG-VIN01885,Alto,VXI,Midnight Black,Petrol,Automatic,2024
VIN01886,ENG-VIN01886,Ignis,VXI,Midnight Black,Petrol,Manual,2024
VIN01887,ENG-VIN01887,Baleno,VXI,Midnight Black,CNG,Manual,2024
VIN01888,ENG-VIN01888,Alto,VXI,Magma Grey,Petrol,Manual,2024
VIN01889,ENG-VIN01889,Ertiga,VXI,Arctic White,Petrol,Manual,2024
VIN01890,ENG-VIN01890,Ignis,VXI,Magma Grey,Petrol,Manual,2024
VIN01891,ENG-VIN01891,Celerio,VXI,Arctic White,CNG,Automatic,2024
VIN01892,ENG-VIN01892,Swift,VXI,Magma Grey,CNG,Manual,2024
VIN01893,ENG-VIN01893,Brezza,VXI,Arctic White,CNG,Manual,2024
VIN01894,ENG-VIN01894,Alto,VXI,Midnight Black,Petrol,Manual,2024
VIN01895,ENG-VIN01895,Grand Vitara,VXI,Arctic White,CNG,Manual,2024
VIN01896,ENG-VIN01896,Brezza,VXI,Magma Grey,CNG,Automatic,2024
VIN01897,ENG-VIN01897,Dzire,VXI,Midnight Black,CNG,Automatic,2024
VIN01898,ENG-VIN01898,Ertiga,VXI,Magma Grey,CNG,Manual,2024
VIN01899,ENG-VIN01899,Swift,VXI,Arctic White,CNG,Manual,2024
VIN01900,ENG-VIN01900,Celerio,VXI,Magma Grey,CNG,Manual,2024
VIN01901,ENG-VIN01901,Swift,VXI,Arctic White,CNG,Manual,2024
VIN01902,ENG-VIN01902,Celerio,VXI,Magma Grey,CNG,Automatic,2024
VIN01903,ENG-VIN01903,Baleno,VXI,Midnight Black,CNG,Manual,2024
VIN01904,ENG-VIN01904,Baleno,VXI,Midnight Black,Petrol,Manual,2024
VIN01905,ENG-VIN01905,Baleno,VXI,Magma Grey,CNG,Manual,2024
VIN01906,ENG-VIN01906,Brezza,VXI,Arctic White,CNG,Manual,2024
VIN01907,ENG-VIN01907,Ignis,VXI,Midnight Black,CNG,Manual,2024
VIN01908,ENG-VIN01908,Ertiga,VXI,Arctic White,CNG,Manual,2024
VIN01909,ENG-VIN01909,Dzire,VXI,Arctic White,Petrol,Manual,2024
VIN01910,ENG-VIN01910,Swift,VXI,Midnight Black,CNG,Automatic,2024
VIN01911,ENG-VIN01911,Ertiga,VXI,Magma Grey,CNG,Automatic,2024
VIN01912,ENG-VIN01912,Ertiga,VXI,Magma Grey,Petrol,Automatic,2024
VIN01913,ENG-VIN01913,Dzire,VXI,Arctic White,CNG,Manual,2024
VIN01914,ENG-VIN01914,Celerio,VXI,Midnight Black,Petrol,Automatic,2024
VIN01915,ENG-VIN01915,Grand Vitara,VXI,Midnight Black,CNG,Manual,2024
VIN01916,ENG-VIN01916,Ertiga,VXI,Midnight Black,Petrol,Manual,2024
VIN01917,ENG-VIN01917,Alto,VXI,Magma Grey,Petrol,Manual,2024
VIN01918,ENG-VIN01918,Ertiga,VXI,Magma Grey,Petrol,Manual,2024
VIN01919,ENG-VIN01919,Alto,VXI,Midnight Black,CNG,Manual,2024
VIN01920,ENG-VIN01920,Brezza,VXI,Magma Grey,Petrol,Manual,2024
VIN01921,ENG-VIN01921,Grand Vitara,VXI,Arctic White,Petrol,Automatic,2024
VIN01922,ENG-VIN01922,Brezza,VXI,Midnight Black,Petrol,Automatic,2024
VIN01923,ENG-VIN01923,Baleno,VXI,Arctic White,CNG,Manual,2024
VIN01924,ENG-VIN01924,Ignis,VXI,Arctic White,CNG,Automatic,2024
VIN01925,ENG-VIN01925,Dzire,VXI,Magma Grey,CNG,Automatic,2024
VIN01926,ENG-VIN01926,Grand Vitara,VXI,Midnight Black,Petrol,Automatic,2024
VIN01927,ENG-VIN01927,Ignis,VXI,Midnight Black,Petrol,Manual,2024
VIN01928,ENG-VIN01928,Baleno,VXI,Arctic White,CNG,Automatic,2024
VIN01929,ENG-VIN01929,Ignis,VXI,Magma Grey,CNG,Manual,2024
VIN01930,ENG-VIN01930,Swift,VXI,Midnight Black,Petrol,Automatic,2024
VIN01931,ENG-VIN01931,Swift,VXI,Magma Grey,CNG,Automatic,2024
VIN01932,ENG-VIN01932,Brezza,VXI,Arctic White,Petrol,Manual,2024
VIN01933,ENG-VIN01933,Ignis,VXI,Midnight Black,Petrol,Automatic,2024
VIN01934,ENG-VIN01934,Brezza,VXI,Magma Grey,Petrol,Manual,2024
VIN01935,ENG-VIN01935,Dzire,VXI,Magma Grey,CNG,Manual,2024
VIN01936,ENG-VIN01936,Ertiga,VXI,Midnight Black,Petrol,Manual,2024
VIN01937,ENG-VIN01937,Dzire,VXI,Magma Grey,Petrol,Manual,2024
VIN01938,ENG-VIN01938,Celerio,VXI,Magma Grey,Petrol,Manual,2024
VIN01939,ENG-VIN01939,Baleno,VXI,Magma Grey,Petrol,Automatic,2024
VIN01940,ENG-VIN01940,Swift,VXI,Midnight Black,CNG,Manual,2024
VIN01941,ENG-VIN01941,Celerio,VXI,Midnight Black,Petrol,Manual,2024
VIN01942,ENG-VIN01942,Dzire,VXI,Magma Grey,CNG,Automatic,2024
VIN01943,ENG-VIN01943,Brezza,VXI,Arctic White,Petrol,Automatic,2024
VIN01944,ENG-VIN01944,Alto,VXI,Magma Grey,Petrol,Manual,2024
VIN01945,ENG-VIN01945,Baleno,VXI,Magma Grey,CNG,Manual,2024
VIN01946,ENG-VIN01946,Grand Vitara,VXI,Magma Grey,CNG,Automatic,2024
VIN01947,ENG-VIN01947,Dzire,VXI,Arctic White,CNG,Manual,2024
VIN01948,ENG-VIN01948,Grand Vitara,VXI,Magma Grey,CNG,Automatic,2024
VIN01949,ENG-VIN01949,Brezza,VXI,Magma Grey,CNG,Automatic,2024
VIN01950,ENG-VIN01950,Ignis,VXI,Midnight Black,Petrol,Automatic,2024
VIN01951,ENG-VIN01951,Ignis,VXI,Magma Grey,CNG,Manual,2024
VIN01952,ENG-VIN01952,Brezza,VXI,Midnight Black,CNG,Manual,2024
VIN01953,ENG-VIN01953,Dzire,VXI,Arctic White,Petrol,Manual,2024
VIN01954,ENG-VIN01954,Dzire,VXI,Midnight Black,CNG,Automatic,2024
VIN01955,ENG-VIN01955,Ignis,VXI,Magma Grey,CNG,Automatic,2024
VIN01956,ENG-VIN01956,Celerio,VXI,Magma Grey,CNG,Manual,2024
VIN01957,ENG-VIN01957,Ertiga,VXI,Arctic White,Petrol,Manual,2024
VIN01958,ENG-VIN01958,Alto,VXI,Midnight Black,CNG,Automatic,2024
VIN01959,ENG-VIN01959,Grand Vitara,VXI,Magma Grey,Petrol,Manual,2024
VIN01960,ENG-VIN01960,Brezza,VXI,Magma Grey,CNG,Manual,2024
VIN01961,ENG-VIN01961,Alto,VXI,Midnight Black,Petrol,Manual,2024
VIN01962,ENG-VIN01962,Ertiga,VXI,Magma Grey,Petrol,Automatic,2024
VIN01963,ENG-VIN01963,Grand Vitara,VXI,Midnight Black,CNG,Manual,2024
VIN01964,ENG-VIN01964,Grand Vitara,VXI,Magma Grey,CNG,Automatic,2024
VIN01965,ENG-VIN01965,Ignis,VXI,Magma Grey,Petrol,Automatic,2024
VIN01966,ENG-VIN01966,Baleno,VXI,Midnight Black,CNG,Manual,2024
VIN01967,ENG-VIN01967,Baleno,VXI,Midnight Black,CNG,Manual,2024
VIN01968,ENG-VIN01968,Swift,VXI,Arctic White,Petrol,Automatic,2024
VIN01969,ENG-VIN01969,Alto,VXI,Midnight Black,Petrol,Automatic,2024
VIN01970,ENG-VIN01970,Ertiga,VXI,Arctic White,CNG,Manual,2024
VIN01971,ENG-VIN01971,Ignis,VXI,Magma Grey,CNG,Manual,2024
VIN01972,ENG-VIN01972,Baleno,VXI,Magma Grey,Petrol,Automatic,2024
VIN01973,ENG-VIN01973,Dzire,VXI,Magma Grey,CNG,Manual,2024
VIN01974,ENG-VIN01974,Baleno,VXI,Midnight Black,CNG,Manual,2024
VIN01975,ENG-VIN01975,Swift,VXI,Magma Grey,CNG,Automatic,2024
VIN01976,ENG-VIN01976,Baleno,VXI,Midnight Black,CNG,Automatic,2024
VIN01977,ENG-VIN01977,Celerio,VXI,Midnight Black,Petrol,Manual,2024
VIN01978,ENG-VIN01978,Ignis,VXI,Arctic White,Petrol,Manual,2024
VIN01979,ENG-VIN01979,Alto,VXI,Magma Grey,Petrol,Automatic,2024
VIN01980,ENG-VIN01980,Grand Vitara,VXI,Magma Grey,CNG,Automatic,2024
VIN01981,ENG-VIN01981,Alto,VXI,Magma Grey,Petrol,Automatic,2024
VIN01982,ENG-VIN01982,Ignis,VXI,Arctic White,Petrol,Manual,2024
VIN01983,ENG-VIN01983,Dzire,VXI,Midnight Black,CNG,Automatic,2024
VIN01984,ENG-VIN01984,Swift,VXI,Magma Grey,CNG,Automatic,2024
VIN01985,ENG-VIN01985,Grand Vitara,VXI,Arctic White,CNG,Automatic,2024
VIN01986,ENG-VIN01986,Dzire,VXI,Arctic White,CNG,Manual,2024
VIN01987,ENG-VIN01987,Baleno,VXI,Midnight Black,Petrol,Manual,2024
VIN01988,ENG-VIN01988,Ignis,VXI,Midnight Black,CNG,Automatic,2024
VIN01989,ENG-VIN01989,Ignis,VXI,Midnight Black,Petrol,Automatic,2024
VIN01990,ENG-VIN01990,Dzire,VXI,Magma Grey,Petrol,Manual,2024
VIN01991,ENG-VIN01991,Swift,VXI,Midnight Black,Petrol,Automatic,2024
VIN01992,ENG-VIN01992,Ignis,VXI,Magma Grey,CNG,Automatic,2024
VIN01993,ENG-VIN01993,Ertiga,VXI,Midnight Black,Petrol,Automatic,2024
VIN01994,ENG-VIN01994,Swift,VXI,Arctic White,Petrol,Manual,2024
VIN01995,ENG-VIN01995,Celerio,VXI,Magma Grey,CNG,Manual,2024
VIN01996,ENG-VIN01996,Brezza,VXI,Magma Grey,Petrol,Manual,2024
VIN01997,ENG-VIN01997,Dzire,VXI,Magma Grey,CNG,Manual,2024
VIN01998,ENG-VIN01998,Swift,VXI,Arctic White,Petrol,Manual,2024
VIN01999,ENG-VIN01999,Brezza,VXI,Midnight Black,CNG,Automatic,2024
VIN02000,ENG-VIN02000,Alto,VXI,Arctic White,CNG,Automatic,2024
VIN02001,ENG-VIN02001,Brezza,VXI,Midnight Black,Petrol,Automatic,2024
VIN02002,ENG-VIN02002,Baleno,VXI,Midnight Black,Petrol,Automatic,2024
VIN02003,ENG-VIN02003,Swift,VXI,Arctic White,Petrol,Automatic,2024
VIN02004,ENG-VIN02004,Grand Vitara,VXI,Magma Grey,Petrol,Automatic,2024
VIN02005,ENG-VIN02005,Ertiga,VXI,Midnight Black,Petrol,Manual,2024
VIN02006,ENG-VIN02006,Alto,VXI,Midnight Black,CNG,Manual,2024
VIN02007,ENG-VIN02007,Ignis,VXI,Magma Grey,CNG,Manual,2024
VIN02008,ENG-VIN02008,Grand Vitara,VXI,Magma Grey,Petrol,Automatic,2024
VIN02009,ENG-VIN02009,Swift,VXI,Magma Grey,CNG,Manual,2024
VIN02010,ENG-VIN02010,Ertiga,VXI,Magma Grey,Petrol,Automatic,2024
VIN02011,ENG-VIN02011,Dzire,VXI,Arctic White,Petrol,Automatic,2024
VIN02012,ENG-VIN02012,Brezza,VXI,Arctic White,Petrol,Automatic,2024
VIN02013,ENG-VIN02013,Swift,VXI,Midnight Black,Petrol,Automatic,2024
VIN02014,ENG-VIN02014,Grand Vitara,VXI,Midnight Black,CNG,Automatic,2024
VIN02015,ENG-VIN02015,Dzire,VXI,Arctic White,CNG,Automatic,2024
VIN02016,ENG-VIN02016,Celerio,VXI,Arctic White,CNG,Manual,2024
VIN02017,ENG-VIN02017,Brezza,VXI,Midnight Black,CNG,Automatic,2024
VIN02018,ENG-VIN02018,Swift,VXI,Midnight Black,Petrol,Manual,2024
VIN02019,ENG-VIN02019,Dzire,VXI,Arctic White,Petrol,Automatic,2024
VIN02020,ENG-VIN02020,Grand Vitara,VXI,Magma Grey,CNG,Automatic,2024
VIN02021,ENG-VIN02021,Grand Vitara,VXI,Midnight Black,CNG,Manual,2024
VIN02022,ENG-VIN02022,Alto,VXI,Arctic White,Petrol,Automatic,2024
VIN02023,ENG-VIN02023,Grand Vitara,VXI,Arctic White,CNG,Automatic,2024
VIN02024,ENG-VIN02024,Ignis,VXI,Arctic White,CNG,Manual,2024
VIN02025,ENG-VIN02025,Ertiga,VXI,Arctic White,Petrol,Automatic,2024
VIN02026,ENG-VIN02026,Swift,VXI,Magma Grey,Petrol,Automatic,2024
VIN02027,ENG-VIN02027,Dzire,VXI,Midnight Black,Petrol,Manual,2024
VIN02028,ENG-VIN02028,Ignis,VXI,Arctic White,Petrol,Manual,2024
VIN02029,ENG-VIN02029,Alto,VXI,Midnight Black,Petrol,Automatic,2024
VIN02030,ENG-VIN02030,Dzire,VXI,Midnight Black,Petrol,Automatic,2024
VIN02031,ENG-VIN02031,Brezza,VXI,Magma Grey,Petrol,Automatic,2024
VIN02032,ENG-VIN02032,Baleno,VXI,Midnight Black,Petrol,Manual,2024
VIN02033,ENG-VIN02033,Dzire,VXI,Arctic White,CNG,Automatic,2024
VIN02034,ENG-VIN02034,Dzire,VXI,Midnight Black,CNG,Automatic,2024
VIN02035,ENG-VIN02035,Celerio,VXI,Magma Grey,CNG,Manual,2024
VIN02036,ENG-VIN02036,Ignis,VXI,Arctic White,Petrol,Manual,2024
VIN02037,ENG-VIN02037,Alto,VXI,Magma Grey,CNG,Manual,2024
VIN02038,ENG-VIN02038,Baleno,VXI,Arctic White,Petrol,Automatic,2024
VIN02039,ENG-VIN02039,Dzire,VXI,Arctic White,CNG,Manual,2024
VIN02040,ENG-VIN02040,Brezza,VXI,Magma Grey,CNG,Automatic,2024
VIN02041,ENG-VIN02041,Swift,VXI,Arctic White,CNG,Automatic,2024
VIN02042,ENG-VIN02042,Alto,VXI,Arctic White,Petrol,Automatic,2024
VIN02043,ENG-VIN02043,Dzire,VXI,Magma Grey,CNG,Manual,2024
VIN02044,ENG-VIN02044,Swift,VXI,Magma Grey,CNG,Automatic,2024
VIN02045,ENG-VIN02045,Dzire,VXI,Arctic White,Petrol,Manual,2024
VIN02046,ENG-VIN02046,Brezza,VXI,Magma Grey,CNG,Automatic,2024
VIN02047,ENG-VIN02047,Brezza,VXI,Magma Grey,CNG,Automatic,2024
VIN02048,ENG-VIN02048,Baleno,VXI,Midnight Black,Petrol,Manual,2024
VIN02049,ENG-VIN02049,Ignis,VXI,Midnight Black,Petrol,Automatic,2024
VIN02050,ENG-VIN02050,Celerio,VXI,Magma Grey,CNG,Manual,2024
VIN02051,ENG-VIN02051,Ertiga,VXI,Magma Grey,Petrol,Manual,2024
VIN02052,ENG-VIN02052,Ignis,VXI,Arctic White,CNG,Automatic,2024
VIN02053,ENG-VIN02053,Dzire,VXI,Arctic White,Petrol,Manual,2024
VIN02054,ENG-VIN02054,Brezza,VXI,Magma Grey,CNG,Manual,2024
VIN02055,ENG-VIN02055,Celerio,VXI,Midnight Black,Petrol,Manual,2024
VIN02056,ENG-VIN02056,Brezza,VXI,Midnight Black,CNG,Automatic,2024
VIN02057,ENG-VIN02057,Ignis,VXI,Midnight Black,CNG,Manual,2024
VIN02058,ENG-VIN02058,Alto,VXI,Magma Grey,CNG,Automatic,2024
VIN02059,ENG-VIN02059,Grand Vitara,VXI,Magma Grey,Petrol,Manual,2024
VIN02060,ENG-VIN02060,Baleno,VXI,Arctic White,Petrol,Manual,2024
VIN02061,ENG-VIN02061,Dzire,VXI,Arctic White,CNG,Manual,2024
VIN02062,ENG-VIN02062,Grand Vitara,VXI,Midnight Black,Petrol,Manual,2024
VIN02063,ENG-VIN02063,Grand Vitara,VXI,Arctic White,Petrol,Manual,2024
VIN02064,ENG-VIN02064,Ignis,VXI,Magma Grey,Petrol,Manual,2024
VIN02065,ENG-VIN02065,Grand Vitara,VXI,Midnight Black,CNG,Manual,2024
VIN02066,ENG-VIN02066,Grand Vitara,VXI,Midnight Black,CNG,Automatic,2024
VIN02067,ENG-VIN02067,Celerio,VXI,Arctic White,CNG,Automatic,2024
VIN02068,ENG-VIN02068,Brezza,VXI,Midnight Black,Petrol,Manual,2024
VIN02069,ENG-VIN02069,Swift,VXI,Arctic White,Petrol,Manual,2024
VIN02070,ENG-VIN02070,Celerio,VXI,Arctic White,Petrol,Automatic,2024
VIN02071,ENG-VIN02071,Baleno,VXI,Midnight Black,Petrol,Manual,2024
VIN02072,ENG-VIN02072,Alto,VXI,Arctic White,CNG,Automatic,2024
VIN02073,ENG-VIN02073,Alto,VXI,Magma Grey,Petrol,Automatic,2024
VIN02074,ENG-VIN02074,Grand Vitara,VXI,Magma Grey,Petrol,Automatic,2024
VIN02075,ENG-VIN02075,Ignis,VXI,Arctic White,Petrol,Automatic,2024
VIN02076,ENG-VIN02076,Swift,VXI,Magma Grey,Petrol,Manual,2024
VIN02077,ENG-VIN02077,Alto,VXI,Midnight Black,CNG,Manual,2024
VIN02078,ENG-VIN02078,Alto,VXI,Arctic White,Petrol,Manual,2024
VIN02079,ENG-VIN02079,Swift,VXI,Magma Grey,Petrol,Manual,2024
VIN02080,ENG-VIN02080,Brezza,VXI,Arctic White,CNG,Automatic,2024
VIN02081,ENG-VIN02081,Alto,VXI,Arctic White,CNG,Automatic,2024
VIN02082,ENG-VIN02082,Alto,VXI,Midnight Black,Petrol,Manual,2024
VIN02083,ENG-VIN02083,Baleno,VXI,Midnight Black,CNG,Manual,2024
VIN02084,ENG-VIN02084,Dzire,VXI,Magma Grey,Petrol,Automatic,2024
VIN02085,ENG-VIN02085,Ertiga,VXI,Midnight Black,Petrol,Manual,2024
VIN02086,ENG-VIN02086,Brezza,VXI,Arctic White,CNG,Automatic,2024
VIN02087,ENG-VIN02087,Swift,VXI,Midnight Black,CNG,Manual,2024
VIN02088,ENG-VIN02088,Grand Vitara,VXI,Arctic White,CNG,Automatic,2024
VIN02089,ENG-VIN02089,Swift,VXI,Midnight Black,Petrol,Automatic,2024
VIN02090,ENG-VIN02090,Ertiga,VXI,Arctic White,CNG,Automatic,2024
VIN02091,ENG-VIN02091,Ignis,VXI,Magma Grey,Petrol,Manual,2024
VIN02092,ENG-VIN02092,Swift,VXI,Arctic White,CNG,Automatic,2024
VIN02093,ENG-VIN02093,Ignis,VXI,Magma Grey,CNG,Automatic,2024
VIN02094,ENG-VIN02094,Ignis,VXI,Magma Grey,Petrol,Manual,2024
VIN02095,ENG-VIN02095,Celerio,VXI,Midnight Black,Petrol,Manual,2024
VIN02096,ENG-VIN02096,Ertiga,VXI,Magma Grey,Petrol,Automatic,2024
VIN02097,ENG-VIN02097,Celerio,VXI,Midnight Black,Petrol,Automatic,2024
VIN02098,ENG-VIN02098,Ignis,VXI,Midnight Black,Petrol,Manual,2024
VIN02099,ENG-VIN02099,Ignis,VXI,Arctic White,CNG,Manual,2024
VIN02100,ENG-VIN02100,Ignis,VXI,Midnight Black,CNG,Manual,2024
VIN02101,ENG-VIN02101,Baleno,VXI,Magma Grey,Petrol,Manual,2024
VIN02102,ENG-VIN02102,Brezza,VXI,Arctic White,Petrol,Manual,2024
VIN02103,ENG-VIN02103,Grand Vitara,VXI,Midnight Black,Petrol,Automatic,2024
VIN02104,ENG-VIN02104,Alto,VXI,Midnight Black,CNG,Automatic,2024
VIN02105,ENG-VIN02105,Alto,VXI,Arctic White,Petrol,Manual,2024
VIN02106,ENG-VIN02106,Dzire,VXI,Midnight Black,CNG,Automatic,2024
VIN02107,ENG-VIN02107,Brezza,VXI,Magma Grey,CNG,Manual,2024
VIN02108,ENG-VIN02108,Alto,VXI,Midnight Black,CNG,Manual,2024
VIN02109,ENG-VIN02109,Ignis,VXI,Midnight Black,CNG,Manual,2024
VIN02110,ENG-VIN02110,Brezza,VXI,Arctic White,Petrol,Automatic,2024
VIN02111,ENG-VIN02111,Baleno,VXI,Midnight Black,CNG,Automatic,2024
VIN02112,ENG-VIN02112,Celerio,VXI,Midnight Black,CNG,Automatic,2024
VIN02113,ENG-VIN02113,Ignis,VXI,Arctic White,CNG,Automatic,2024
VIN02114,ENG-VIN02114,Dzire,VXI,Magma Grey,CNG,Automatic,2024
VIN02115,ENG-VIN02115,Grand Vitara,VXI,Midnight Black,CNG,Automatic,2024
VIN02116,ENG-VIN02116,Grand Vitara,VXI,Arctic White,Petrol,Manual,2024
VIN02117,ENG-VIN02117,Grand Vitara,VXI,Arctic White,CNG,Automatic,2024
VIN02118,ENG-VIN02118,Swift,VXI,Magma Grey,CNG,Automatic,2024
VIN02119,ENG-VIN02119,Swift,VXI,Arctic White,Petrol,Automatic,2024
VIN02120,ENG-VIN02120,Celerio,VXI,Magma Grey,Petrol,Automatic,2024
VIN02121,ENG-VIN02121,Ertiga,VXI,Magma Grey,Petrol,Automatic,2024
VIN02122,ENG-VIN02122,Dzire,VXI,Midnight Black,Petrol,Automatic,2024
VIN02123,ENG-VIN02123,Dzire,VXI,Midnight Black,Petrol,Manual,2024
VIN02124,ENG-VIN02124,Grand Vitara,VXI,Arctic White,CNG,Manual,2024
VIN02125,ENG-VIN02125,Dzire,VXI,Magma Grey,CNG,Manual,2024
VIN02126,ENG-VIN02126,Dzire,VXI,Arctic White,CNG,Automatic,2024
VIN02127,ENG-VIN02127,Baleno,VXI,Midnight Black,CNG,Automatic,2024
VIN02128,ENG-VIN02128,Grand Vitara,VXI,Magma Grey,Petrol,Automatic,2024
VIN02129,ENG-VIN02129,Celerio,VXI,Midnight Black,Petrol,Manual,2024
VIN02130,ENG-VIN02130,Ertiga,VXI,Magma Grey,Petrol,Manual,2024
VIN02131,ENG-VIN02131,Ertiga,VXI,Midnight Black,CNG,Automatic,2024
VIN02132,ENG-VIN02132,Swift,VXI,Midnight Black,Petrol,Manual,2024
VIN02133,ENG-VIN02133,Swift,VXI,Midnight Black,CNG,Manual,2024
VIN02134,ENG-VIN02134,Dzire,VXI,Midnight Black,Petrol,Manual,2024
VIN02135,ENG-VIN02135,Alto,VXI,Midnight Black,Petrol,Manual,2024
VIN02136,ENG-VIN02136,Dzire,VXI,Arctic White,CNG,Manual,2024
VIN02137,ENG-VIN02137,Celerio,VXI,Arctic White,CNG,Manual,2024
VIN02138,ENG-VIN02138,Grand Vitara,VXI,Midnight Black,CNG,Manual,2024
VIN02139,ENG-VIN02139,Dzire,VXI,Magma Grey,Petrol,Automatic,2024
VIN02140,ENG-VIN02140,Alto,VXI,Midnight Black,CNG,Automatic,2024
VIN02141,ENG-VIN02141,Dzire,VXI,Midnight Black,Petrol,Manual,2024
VIN02142,ENG-VIN02142,Baleno,VXI,Magma Grey,Petrol,Automatic,2024
VIN02143,ENG-VIN02143,Swift,VXI,Midnight Black,Petrol,Manual,2024
VIN02144,ENG-VIN02144,Baleno,VXI,Midnight Black,CNG,Automatic,2024
VIN02145,ENG-VIN02145,Brezza,VXI,Magma Grey,CNG,Manual,2024
VIN02146,ENG-VIN02146,Celerio,VXI,Midnight Black,CNG,Manual,2024
VIN02147,ENG-VIN02147,Ertiga,VXI,Midnight Black,CNG,Manual,2024
VIN02148,ENG-VIN02148,Ignis,VXI,Magma Grey,Petrol,Manual,2024
VIN02149,ENG-VIN02149,Ignis,VXI,Magma Grey,Petrol,Automatic,2024
VIN02150,ENG-VIN02150,Grand Vitara,VXI,Magma Grey,CNG,Manual,2024
VIN02151,ENG-VIN02151,Brezza,VXI,Arctic White,Petrol,Automatic,2024
VIN02152,ENG-VIN02152,Dzire,VXI,Midnight Black,Petrol,Manual,2024
VIN02153,ENG-VIN02153,Swift,VXI,Midnight Black,CNG,Automatic,2024
VIN02154,ENG-VIN02154,Ertiga,VXI,Arctic White,Petrol,Automatic,2024
VIN02155,ENG-VIN02155,Brezza,VXI,Arctic White,CNG,Manual,2024
VIN02156,ENG-VIN02156,Ertiga,VXI,Midnight Black,Petrol,Manual,2024
VIN02157,ENG-VIN02157,Ignis,VXI,Arctic White,Petrol,Manual,2024
VIN02158,ENG-VIN02158,Grand Vitara,VXI,Midnight Black,CNG,Automatic,2024
VIN02159,ENG-VIN02159,Grand Vitara,VXI,Midnight Black,CNG,Manual,2024
VIN02160,ENG-VIN02160,Ertiga,VXI,Arctic White,CNG,Automatic,2024
VIN02161,ENG-VIN02161,Ertiga,VXI,Arctic White,CNG,Manual,2024
VIN02162,ENG-VIN02162,Alto,VXI,Arctic White,CNG,Automatic,2024
VIN02163,ENG-VIN02163,Celerio,VXI,Magma Grey,Petrol,Manual,2024
VIN02164,ENG-VIN02164,Ignis,VXI,Arctic White,Petrol,Automatic,2024
VIN02165,ENG-VIN02165,Brezza,VXI,Magma Grey,Petrol,Automatic,2024
VIN02166,ENG-VIN02166,Swift,VXI,Midnight Black,Petrol,Automatic,2024
VIN02167,ENG-VIN02167,Grand Vitara,VXI,Midnight Black,CNG,Automatic,2024
VIN02168,ENG-VIN02168,Dzire,VXI,Magma Grey,CNG,Manual,2024
VIN02169,ENG-VIN02169,Swift,VXI,Magma Grey,CNG,Automatic,2024
VIN02170,ENG-VIN02170,Brezza,VXI,Midnight Black,CNG,Automatic,2024
VIN02171,ENG-VIN02171,Alto,VXI,Midnight Black,Petrol,Automatic,2024
VIN02172,ENG-VIN02172,Dzire,VXI,Arctic White,Petrol,Automatic,2024
VIN02173,ENG-VIN02173,Celerio,VXI,Midnight Black,Petrol,Automatic,2024
VIN02174,ENG-VIN02174,Brezza,VXI,Midnight Black,CNG,Automatic,2024
VIN02175,ENG-VIN02175,Celerio,VXI,Midnight Black,Petrol,Manual,2024
VIN02176,ENG-VIN02176,Ignis,VXI,Midnight Black,Petrol,Automatic,2024
VIN02177,ENG-VIN02177,Alto,VXI,Arctic White,Petrol,Manual,2024
VIN02178,ENG-VIN02178,Ertiga,VXI,Magma Grey,Petrol,Manual,2024
VIN02179,ENG-VIN02179,Brezza,VXI,Magma Grey,Petrol,Manual,2024
VIN02180,ENG-VIN02180,Alto,VXI,Magma Grey,CNG,Manual,2024
VIN02181,ENG-VIN02181,Dzire,VXI,Midnight Black,CNG,Manual,2024
VIN02182,ENG-VIN02182,Alto,VXI,Midnight Black,Petrol,Automatic,2024
VIN02183,ENG-VIN02183,Dzire,VXI,Midnight Black,Petrol,Manual,2024
VIN02184,ENG-VIN02184,Dzire,VXI,Arctic White,Petrol,Manual,2024
VIN02185,ENG-VIN02185,Swift,VXI,Arctic White,Petrol,Automatic,2024
VIN02186,ENG-VIN02186,Celerio,VXI,Magma Grey,CNG,Manual,2024
VIN02187,ENG-VIN02187,Ertiga,VXI,Midnight Black,Petrol,Automatic,2024
VIN02188,ENG-VIN02188,Ertiga,VXI,Magma Grey,Petrol,Manual,2024
VIN02189,ENG-VIN02189,Ertiga,VXI,Magma Grey,CNG,Automatic,2024
VIN02190,ENG-VIN02190,Grand Vitara,VXI,Arctic White,Petrol,Manual,2024
VIN02191,ENG-VIN02191,Dzire,VXI,Midnight Black,Petrol,Manual,2024
VIN02192,ENG-VIN02192,Ertiga,VXI,Arctic White,CNG,Automatic,2024
VIN02193,ENG-VIN02193,Swift,VXI,Magma Grey,Petrol,Automatic,2024
VIN02194,ENG-VIN02194,Brezza,VXI,Magma Grey,Petrol,Manual,2024
VIN02195,ENG-VIN02195,Ertiga,VXI,Midnight Black,CNG,Manual,2024
VIN02196,ENG-VIN02196,Dzire,VXI,Magma Grey,CNG,Manual,2024
VIN02197,ENG-VIN02197,Baleno,VXI,Arctic White,Petrol,Manual,2024
VIN02198,ENG-VIN02198,Ignis,VXI,Magma Grey,Petrol,Manual,2024
VIN02199,ENG-VIN02199,Ignis,VXI,Midnight Black,Petrol,Automatic,2024
VIN02200,ENG-VIN02200,Ignis,VXI,Midnight Black,Petrol,Automatic,2024
VIN02201,ENG-VIN02201,Dzire,VXI,Arctic White,Petrol,Manual,2024
VIN02202,ENG-VIN02202,Dzire,VXI,Midnight Black,CNG,Automatic,2024
VIN02203,ENG-VIN02203,Brezza,VXI,Arctic White,CNG,Automatic,2024
VIN02204,ENG-VIN02204,Swift,VXI,Arctic White,Petrol,Automatic,2024
VIN02205,ENG-VIN02205,Dzire,VXI,Arctic White,CNG,Manual,2024
VIN02206,ENG-VIN02206,Brezza,VXI,Magma Grey,CNG,Automatic,2024
VIN02207,ENG-VIN02207,Alto,VXI,Midnight Black,CNG,Manual,2024
VIN02208,ENG-VIN02208,Ignis,VXI,Magma Grey,Petrol,Automatic,2024
VIN02209,ENG-VIN02209,Swift,VXI,Magma Grey,CNG,Manual,2024
VIN02210,ENG-VIN02210,Brezza,VXI,Magma Grey,Petrol,Manual,2024
VIN02211,ENG-VIN02211,Celerio,VXI,Magma Grey,CNG,Automatic,2024
VIN02212,ENG-VIN02212,Swift,VXI,Midnight Black,Petrol,Automatic,2024
VIN02213,ENG-VIN02213,Dzire,VXI,Midnight Black,Petrol,Manual,2024
VIN02214,ENG-VIN02214,Dzire,VXI,Midnight Black,CNG,Automatic,2024
VIN02215,ENG-VIN02215,Dzire,VXI,Arctic White,Petrol,Automatic,2024
VIN02216,ENG-VIN02216,Dzire,VXI,Arctic White,Petrol,Automatic,2024
VIN02217,ENG-VIN02217,Grand Vitara,VXI,Magma Grey,CNG,Manual,2024
VIN02218,ENG-VIN02218,Baleno,VXI,Arctic White,Petrol,Automatic,2024
VIN02219,ENG-VIN02219,Celerio,VXI,Magma Grey,Petrol,Automatic,2024
VIN02220,ENG-VIN02220,Celerio,VXI,Magma Grey,CNG,Manual,2024
VIN02221,ENG-VIN02221,Ertiga,VXI,Midnight Black,CNG,Manual,2024
VIN02222,ENG-VIN02222,Alto,VXI,Midnight Black,CNG,Automatic,2024
VIN02223,ENG-VIN02223,Ertiga,VXI,Arctic White,CNG,Automatic,2024
VIN02224,ENG-VIN02224,Dzire,VXI,Arctic White,Petrol,Automatic,2024
VIN02225,ENG-VIN02225,Grand Vitara,VXI,Midnight Black,Petrol,Manual,2024
VIN02226,ENG-VIN02226,Celerio,VXI,Arctic White,CNG,Automatic,2024
VIN02227,ENG-VIN02227,Ertiga,VXI,Midnight Black,CNG,Automatic,2024
VIN02228,ENG-VIN02228,Alto,VXI,Magma Grey,CNG,Manual,2024
VIN02229,ENG-VIN02229,Alto,VXI,Magma Grey,CNG,Manual,2024
VIN02230,ENG-VIN02230,Alto,VXI,Magma Grey,Petrol,Manual,2024
VIN02231,ENG-VIN02231,Grand Vitara,VXI,Midnight Black,CNG,Manual,2024
VIN02232,ENG-VIN02232,Brezza,VXI,Magma Grey,Petrol,Automatic,2024
VIN02233,ENG-VIN02233,Ignis,VXI,Magma Grey,CNG,Automatic,2024
VIN02234,ENG-VIN02234,Swift,VXI,Magma Grey,CNG,Manual,2024
VIN02235,ENG-VIN02235,Dzire,VXI,Midnight Black,Petrol,Manual,2024
VIN02236,ENG-VIN02236,Grand Vitara,VXI,Arctic White,Petrol,Manual,2024
VIN02237,ENG-VIN02237,Swift,VXI,Arctic White,Petrol,Manual,2024
VIN02238,ENG-VIN02238,Ignis,VXI,Midnight Black,Petrol,Manual,2024
VIN02239,ENG-VIN02239,Celerio,VXI,Magma Grey,Petrol,Manual,2024
VIN02240,ENG-VIN02240,Baleno,VXI,Arctic White,Petrol,Manual,2024
VIN02241,ENG-VIN02241,Alto,VXI,Magma Grey,Petrol,Automatic,2024
VIN02242,ENG-VIN02242,Alto,VXI,Magma Grey,CNG,Automatic,2024
VIN02243,ENG-VIN02243,Ignis,VXI,Midnight Black,CNG,Manual,2024
VIN02244,ENG-VIN02244,Alto,VXI,Midnight Black,CNG,Automatic,2024
VIN02245,ENG-VIN02245,Swift,VXI,Midnight Black,CNG,Manual,2024
VIN02246,ENG-VIN02246,Grand Vitara,VXI,Midnight Black,Petrol,Manual,2024
VIN02247,ENG-VIN02247,Grand Vitara,VXI,Midnight Black,Petrol,Automatic,2024
VIN02248,ENG-VIN02248,Dzire,VXI,Magma Grey,CNG,Automatic,2024
VIN02249,ENG-VIN02249,Ertiga,VXI,Midnight Black,Petrol,Automatic,2024
VIN02250,ENG-VIN02250,Swift,VXI,Magma Grey,CNG,Manual,2024
VIN02251,ENG-VIN02251,Dzire,VXI,Midnight Black,Petrol,Automatic,2024
VIN02252,ENG-VIN02252,Baleno,VXI,Arctic White,CNG,Manual,2024
VIN02253,ENG-VIN02253,Baleno,VXI,Arctic White,CNG,Automatic,2024
VIN02254,ENG-VIN02254,Alto,VXI,Arctic White,CNG,Automatic,2024
VIN02255,ENG-VIN02255,Brezza,VXI,Arctic White,CNG,Automatic,2024
VIN02256,ENG-VIN02256,Swift,VXI,Magma Grey,Petrol,Manual,2024
VIN02257,ENG-VIN02257,Baleno,VXI,Midnight Black,Petrol,Manual,2024
VIN02258,ENG-VIN02258,Dzire,VXI,Arctic White,CNG,Manual,2024
VIN02259,ENG-VIN02259,Alto,VXI,Arctic White,Petrol,Manual,2024
VIN02260,ENG-VIN02260,Alto,VXI,Magma Grey,CNG,Automatic,2024
VIN02261,ENG-VIN02261,Brezza,VXI,Magma Grey,Petrol,Manual,2024
VIN02262,ENG-VIN02262,Swift,VXI,Magma Grey,Petrol,Manual,2024
VIN02263,ENG-VIN02263,Alto,VXI,Magma Grey,CNG,Manual,2024
VIN02264,ENG-VIN02264,Baleno,VXI,Magma Grey,CNG,Manual,2024
VIN02265,ENG-VIN02265,Brezza,VXI,Midnight Black,CNG,Automatic,2024
VIN02266,ENG-VIN02266,Ignis,VXI,Midnight Black,CNG,Manual,2024
VIN02267,ENG-VIN02267,Celerio,VXI,Magma Grey,Petrol,Manual,2024
VIN02268,ENG-VIN02268,Celerio,VXI,Magma Grey,Petrol,Automatic,2024
VIN02269,ENG-VIN02269,Ertiga,VXI,Arctic White,Petrol,Manual,2024
VIN02270,ENG-VIN02270,Baleno,VXI,Magma Grey,CNG,Manual,2024
VIN02271,ENG-VIN02271,Ertiga,VXI,Magma Grey,Petrol,Manual,2024
VIN02272,ENG-VIN02272,Ignis,VXI,Arctic White,Petrol,Manual,2024
VIN02273,ENG-VIN02273,Dzire,VXI,Magma Grey,Petrol,Automatic,2024
VIN02274,ENG-VIN02274,Ignis,VXI,Arctic White,CNG,Automatic,2024
VIN02275,ENG-VIN02275,Ertiga,VXI,Arctic White,CNG,Automatic,2024
VIN02276,ENG-VIN02276,Grand Vitara,VXI,Arctic White,Petrol,Automatic,2024
VIN02277,ENG-VIN02277,Brezza,VXI,Magma Grey,Petrol,Automatic,2024
VIN02278,ENG-VIN02278,Dzire,VXI,Midnight Black,Petrol,Automatic,2024
VIN02279,ENG-VIN02279,Celerio,VXI,Magma Grey,CNG,Manual,2024
VIN02280,ENG-VIN02280,Swift,VXI,Arctic White,CNG,Automatic,2024
VIN02281,ENG-VIN02281,Celerio,VXI,Midnight Black,Petrol,Automatic,2024
VIN02282,ENG-VIN02282,Dzire,VXI,Arctic White,CNG,Manual,2024
VIN02283,ENG-VIN02283,Alto,VXI,Midnight Black,Petrol,Manual,2024
VIN02284,ENG-VIN02284,Swift,VXI,Midnight Black,Petrol,Automatic,2024
VIN02285,ENG-VIN02285,Grand Vitara,VXI,Magma Grey,CNG,Manual,2024
VIN02286,ENG-VIN02286,Alto,VXI,Magma Grey,Petrol,Manual,2024
VIN02287,ENG-VIN02287,Ignis,VXI,Magma Grey,Petrol,Automatic,2024
VIN02288,ENG-VIN02288,Ignis,VXI,Arctic White,Petrol,Automatic,2024
VIN02289,ENG-VIN02289,Ertiga,VXI,Arctic White,CNG,Automatic,2024
VIN02290,ENG-VIN02290,Brezza,VXI,Arctic White,Petrol,Automatic,2024
VIN02291,ENG-VIN02291,Grand Vitara,VXI,Magma Grey,CNG,Automatic,2024
VIN02292,ENG-VIN02292,Brezza,VXI,Arctic White,CNG,Manual,2024
VIN02293,ENG-VIN02293,Celerio,VXI,Magma Grey,CNG,Automatic,2024
VIN02294,ENG-VIN02294,Grand Vitara,VXI,Magma Grey,CNG,Manual,2024
VIN02295,ENG-VIN02295,Dzire,VXI,Midnight Black,Petrol,Automatic,2024
VIN02296,ENG-VIN02296,Alto,VXI,Midnight Black,CNG,Automatic,2024
VIN02297,ENG-VIN02297,Ertiga,VXI,Arctic White,Petrol,Automatic,2024
VIN02298,ENG-VIN02298,Celerio,VXI,Midnight Black,CNG,Manual,2024
VIN02299,ENG-VIN02299,Baleno,VXI,Midnight Black,CNG,Automatic,2024
VIN02300,ENG-VIN02300,Alto,VXI,Magma Grey,Petrol,Automatic,2024
VIN02301,ENG-VIN02301,Swift,VXI,Arctic White,CNG,Manual,2024
VIN02302,ENG-VIN02302,Dzire,VXI,Midnight Black,Petrol,Manual,2024
VIN02303,ENG-VIN02303,Dzire,VXI,Arctic White,CNG,Automatic,2024
VIN02304,ENG-VIN02304,Dzire,VXI,Midnight Black,CNG,Manual,2024
VIN02305,ENG-VIN02305,Alto,VXI,Arctic White,CNG,Automatic,2024
VIN02306,ENG-VIN02306,Celerio,VXI,Midnight Black,Petrol,Automatic,2024
VIN02307,ENG-VIN02307,Swift,VXI,Magma Grey,Petrol,Manual,2024
VIN02308,ENG-VIN02308,Celerio,VXI,Arctic White,Petrol,Manual,2024
VIN02309,ENG-VIN02309,Celerio,VXI,Arctic White,CNG,Manual,2024
VIN02310,ENG-VIN02310,Ignis,VXI,Magma Grey,CNG,Manual,2024
VIN02311,ENG-VIN02311,Swift,VXI,Midnight Black,Petrol,Manual,2024
VIN02312,ENG-VIN02312,Brezza,VXI,Magma Grey,Petrol,Automatic,2024
VIN02313,ENG-VIN02313,Grand Vitara,VXI,Magma Grey,CNG,Manual,2024
VIN02314,ENG-VIN02314,Brezza,VXI,Arctic White,Petrol,Manual,2024
VIN02315,ENG-VIN02315,Baleno,VXI,Midnight Black,CNG,Automatic,2024
VIN02316,ENG-VIN02316,Grand Vitara,VXI,Midnight Black,CNG,Manual,2024
VIN02317,ENG-VIN02317,Ignis,VXI,Arctic White,CNG,Manual,2024
VIN02318,ENG-VIN02318,Brezza,VXI,Arctic White,CNG,Manual,2024
VIN02319,ENG-VIN02319,Ertiga,VXI,Midnight Black,Petrol,Manual,2024
VIN02320,ENG-VIN02320,Swift,VXI,Magma Grey,CNG,Automatic,2024
VIN02321,ENG-VIN02321,Alto,VXI,Midnight Black,CNG,Manual,2024
VIN02322,ENG-VIN02322,Baleno,VXI,Magma Grey,Petrol,Manual,2024
VIN02323,ENG-VIN02323,Ignis,VXI,Magma Grey,Petrol,Manual,2024
VIN02324,ENG-VIN02324,Brezza,VXI,Arctic White,Petrol,Automatic,2024
VIN02325,ENG-VIN02325,Baleno,VXI,Magma Grey,CNG,Manual,2024
VIN02326,ENG-VIN02326,Ertiga,VXI,Magma Grey,CNG,Manual,2024
VIN02327,ENG-VIN02327,Swift,VXI,Midnight Black,CNG,Automatic,2024
VIN02328,ENG-VIN02328,Brezza,VXI,Magma Grey,Petrol,Automatic,2024
VIN02329,ENG-VIN02329,Brezza,VXI,Arctic White,CNG,Manual,2024
VIN02330,ENG-VIN02330,Ertiga,VXI,Arctic White,Petrol,Manual,2024
VIN02331,ENG-VIN02331,Ertiga,VXI,Magma Grey,CNG,Manual,2024
VIN02332,ENG-VIN02332,Dzire,VXI,Arctic White,CNG,Manual,2024
VIN02333,ENG-VIN02333,Grand Vitara,VXI,Midnight Black,Petrol,Manual,2024
VIN02334,ENG-VIN02334,Alto,VXI,Midnight Black,Petrol,Automatic,2024
VIN02335,ENG-VIN02335,Dzire,VXI,Arctic White,CNG,Manual,2024
VIN02336,ENG-VIN02336,Celerio,VXI,Midnight Black,CNG,Automatic,2024
VIN02337,ENG-VIN02337,Brezza,VXI,Arctic White,Petrol,Manual,2024
VIN02338,ENG-VIN02338,Swift,VXI,Magma Grey,CNG,Manual,2024
VIN02339,ENG-VIN02339,Ignis,VXI,Midnight Black,CNG,Manual,2024
VIN02340,ENG-VIN02340,Baleno,VXI,Magma Grey,CNG,Manual,2024
VIN02341,ENG-VIN02341,Alto,VXI,Magma Grey,CNG,Manual,2024
VIN02342,ENG-VIN02342,Alto,VXI,Arctic White,CNG,Manual,2024
VIN02343,ENG-VIN02343,Brezza,VXI,Magma Grey,Petrol,Manual,2024
VIN02344,ENG-VIN02344,Celerio,VXI,Arctic White,Petrol,Manual,2024
VIN02345,ENG-VIN02345,Dzire,VXI,Arctic White,CNG,Automatic,2024
VIN02346,ENG-VIN02346,Grand Vitara,VXI,Arctic White,CNG,Automatic,2024
VIN02347,ENG-VIN02347,Brezza,VXI,Midnight Black,CNG,Automatic,2024
VIN02348,ENG-VIN02348,Brezza,VXI,Magma Grey,CNG,Automatic,2024
VIN02349,ENG-VIN02349,Dzire,VXI,Arctic White,CNG,Automatic,2024
VIN02350,ENG-VIN02350,Ertiga,VXI,Magma Grey,Petrol,Automatic,2024
VIN02351,ENG-VIN02351,Baleno,VXI,Magma Grey,Petrol,Automatic,2024
VIN02352,ENG-VIN02352,Ignis,VXI,Arctic White,CNG,Automatic,2024
VIN02353,ENG-VIN02353,Celerio,VXI,Arctic White,CNG,Manual,2024
VIN02354,ENG-VIN02354,Dzire,VXI,Magma Grey,Petrol,Automatic,2024
VIN02355,ENG-VIN02355,Ignis,VXI,Arctic White,CNG,Automatic,2024
VIN02356,ENG-VIN02356,Ignis,VXI,Midnight Black,CNG,Manual,2024
VIN02357,ENG-VIN02357,Dzire,VXI,Arctic White,CNG,Automatic,2024
VIN02358,ENG-VIN02358,Swift,VXI,Magma Grey,CNG,Manual,2024
VIN02359,ENG-VIN02359,Ertiga,VXI,Magma Grey,CNG,Manual,2024
VIN02360,ENG-VIN02360,Baleno,VXI,Magma Grey,CNG,Manual,2024
VIN02361,ENG-VIN02361,Ertiga,VXI,Magma Grey,CNG,Automatic,2024
VIN02362,ENG-VIN02362,Brezza,VXI,Midnight Black,CNG,Automatic,2024
VIN02363,ENG-VIN02363,Celerio,VXI,Arctic White,Petrol,Manual,2024
VIN02364,ENG-VIN02364,Ertiga,VXI,Magma Grey,Petrol,Manual,2024
VIN02365,ENG-VIN02365,Celerio,VXI,Midnight Black,CNG,Automatic,2024
VIN02366,ENG-VIN02366,Swift,VXI,Magma Grey,Petrol,Manual,2024
VIN02367,ENG-VIN02367,Swift,VXI,Magma Grey,Petrol,Manual,2024
VIN02368,ENG-VIN02368,Dzire,VXI,Midnight Black,Petrol,Automatic,2024
VIN02369,ENG-VIN02369,Ignis,VXI,Arctic White,CNG,Automatic,2024
VIN02370,ENG-VIN02370,Grand Vitara,VXI,Magma Grey,Petrol,Manual,2024
VIN02371,ENG-VIN02371,Celerio,VXI,Arctic White,Petrol,Manual,2024
VIN02372,ENG-VIN02372,Baleno,VXI,Midnight Black,Petrol,Manual,2024
VIN02373,ENG-VIN02373,Baleno,VXI,Magma Grey,Petrol,Automatic,2024
VIN02374,ENG-VIN02374,Brezza,VXI,Midnight Black,Petrol,Automatic,2024
VIN02375,ENG-VIN02375,Ertiga,VXI,Midnight Black,CNG,Manual,2024
VIN02376,ENG-VIN02376,Ignis,VXI,Arctic White,Petrol,Manual,2024
VIN02377,ENG-VIN02377,Baleno,VXI,Arctic White,CNG,Automatic,2024
VIN02378,ENG-VIN02378,Celerio,VXI,Midnight Black,CNG,Automatic,2024
VIN02379,ENG-VIN02379,Baleno,VXI,Arctic White,Petrol,Manual,2024
VIN02380,ENG-VIN02380,Dzire,VXI,Arctic White,Petrol,Manual,2024
VIN02381,ENG-VIN02381,Brezza,VXI,Midnight Black,Petrol,Manual,2024
VIN02382,ENG-VIN02382,Dzire,VXI,Magma Grey,CNG,Automatic,2024
VIN02383,ENG-VIN02383,Ignis,VXI,Midnight Black,CNG,Automatic,2024
VIN02384,ENG-VIN02384,Celerio,VXI,Arctic White,Petrol,Automatic,2024
VIN02385,ENG-VIN02385,Celerio,VXI,Midnight Black,Petrol,Automatic,2024
VIN02386,ENG-VIN02386,Alto,VXI,Midnight Black,Petrol,Manual,2024
VIN02387,ENG-VIN02387,Swift,VXI,Magma Grey,CNG,Manual,2024
VIN02388,ENG-VIN02388,Swift,VXI,Midnight Black,Petrol,Manual,2024
VIN02389,ENG-VIN02389,Brezza,VXI,Midnight Black,CNG,Manual,2024
VIN02390,ENG-VIN02390,Swift,VXI,Midnight Black,CNG,Automatic,2024
VIN02391,ENG-VIN02391,Baleno,VXI,Arctic White,Petrol,Manual,2024
VIN02392,ENG-VIN02392,Baleno,VXI,Arctic White,CNG,Automatic,2024
VIN02393,ENG-VIN02393,Dzire,VXI,Arctic White,Petrol,Automatic,2024
VIN02394,ENG-VIN02394,Ignis,VXI,Midnight Black,Petrol,Manual,2024
VIN02395,ENG-VIN02395,Swift,VXI,Arctic White,Petrol,Manual,2024
VIN02396,ENG-VIN02396,Celerio,VXI,Arctic White,Petrol,Manual,2024
VIN02397,ENG-VIN02397,Swift,VXI,Magma Grey,CNG,Automatic,2024
VIN02398,ENG-VIN02398,Brezza,VXI,Midnight Black,Petrol,Automatic,2024
VIN02399,ENG-VIN02399,Baleno,VXI,Arctic White,CNG,Automatic,2024
VIN02400,ENG-VIN02400,Dzire,VXI,Midnight Black,Petrol,Automatic,2024
VIN02401,ENG-VIN02401,Baleno,VXI,Arctic White,Petrol,Manual,2024
VIN02402,ENG-VIN02402,Alto,VXI,Midnight Black,CNG,Automatic,2024
VIN02403,ENG-VIN02403,Swift,VXI,Magma Grey,Petrol,Manual,2024
VIN02404,ENG-VIN02404,Ignis,VXI,Magma Grey,Petrol,Automatic,2024
VIN02405,ENG-VIN02405,Celerio,VXI,Magma Grey,CNG,Manual,2024
VIN02406,ENG-VIN02406,Ertiga,VXI,Midnight Black,CNG,Automatic,2024
VIN02407,ENG-VIN02407,Ignis,VXI,Arctic White,CNG,Manual,2024
VIN02408,ENG-VIN02408,Dzire,VXI,Arctic White,Petrol,Manual,2024
VIN02409,ENG-VIN02409,Swift,VXI,Midnight Black,CNG,Manual,2024
VIN02410,ENG-VIN02410,Dzire,VXI,Magma Grey,Petrol,Automatic,2024
VIN02411,ENG-VIN02411,Brezza,VXI,Midnight Black,CNG,Automatic,2024
VIN02412,ENG-VIN02412,Grand Vitara,VXI,Magma Grey,CNG,Automatic,2024
VIN02413,ENG-VIN02413,Ignis,VXI,Magma Grey,CNG,Automatic,2024
VIN02414,ENG-VIN02414,Brezza,VXI,Arctic White,Petrol,Automatic,2024
VIN02415,ENG-VIN02415,Grand Vitara,VXI,Magma Grey,Petrol,Manual,2024
VIN02416,ENG-VIN02416,Ignis,VXI,Magma Grey,CNG,Automatic,2024
VIN02417,ENG-VIN02417,Celerio,VXI,Arctic White,CNG,Manual,2024
VIN02418,ENG-VIN02418,Alto,VXI,Arctic White,CNG,Automatic,2024
VIN02419,ENG-VIN02419,Swift,VXI,Midnight Black,Petrol,Automatic,2024
VIN02420,ENG-VIN02420,Dzire,VXI,Magma Grey,CNG,Automatic,2024
VIN02421,ENG-VIN02421,Grand Vitara,VXI,Arctic White,CNG,Automatic,2024
VIN02422,ENG-VIN02422,Baleno,VXI,Arctic White,Petrol,Manual,2024
VIN02423,ENG-VIN02423,Ertiga,VXI,Magma Grey,CNG,Manual,2024
VIN02424,ENG-VIN02424,Ignis,VXI,Midnight Black,Petrol,Automatic,2024
VIN02425,ENG-VIN02425,Brezza,VXI,Magma Grey,Petrol,Automatic,2024
VIN02426,ENG-VIN02426,Ignis,VXI,Magma Grey,CNG,Automatic,2024
VIN02427,ENG-VIN02427,Celerio,VXI,Midnight Black,Petrol,Automatic,2024
VIN02428,ENG-VIN02428,Ertiga,VXI,Midnight Black,CNG,Automatic,2024
VIN02429,ENG-VIN02429,Ertiga,VXI,Midnight Black,CNG,Manual,2024
VIN02430,ENG-VIN02430,Baleno,VXI,Arctic White,CNG,Automatic,2024
VIN02431,ENG-VIN02431,Grand Vitara,VXI,Arctic White,Petrol,Automatic,2024
VIN02432,ENG-VIN02432,Alto,VXI,Magma Grey,CNG,Automatic,2024
VIN02433,ENG-VIN02433,Alto,VXI,Magma Grey,Petrol,Automatic,2024
VIN02434,ENG-VIN02434,Ertiga,VXI,Arctic White,CNG,Manual,2024
VIN02435,ENG-VIN02435,Ignis,VXI,Magma Grey,Petrol,Automatic,2024
VIN02436,ENG-VIN02436,Dzire,VXI,Midnight Black,Petrol,Manual,2024
VIN02437,ENG-VIN02437,Alto,VXI,Magma Grey,Petrol,Automatic,2024
VIN02438,ENG-VIN02438,Baleno,VXI,Arctic White,Petrol,Automatic,2024
VIN02439,ENG-VIN02439,Alto,VXI,Arctic White,Petrol,Manual,2024
VIN02440,ENG-VIN02440,Grand Vitara,VXI,Midnight Black,Petrol,Automatic,2024
VIN02441,ENG-VIN02441,Swift,VXI,Arctic White,CNG,Manual,2024
VIN02442,ENG-VIN02442,Ignis,VXI,Magma Grey,CNG,Automatic,2024
VIN02443,ENG-VIN02443,Alto,VXI,Magma Grey,CNG,Manual,2024
VIN02444,ENG-VIN02444,Alto,VXI,Magma Grey,CNG,Manual,2024
VIN02445,ENG-VIN02445,Brezza,VXI,Arctic White,CNG,Automatic,2024
VIN02446,ENG-VIN02446,Ertiga,VXI,Magma Grey,CNG,Manual,2024
VIN02447,ENG-VIN02447,Swift,VXI,Magma Grey,Petrol,Automatic,2024
VIN02448,ENG-VIN02448,Swift,VXI,Midnight Black,CNG,Manual,2024
VIN02449,ENG-VIN02449,Ignis,VXI,Magma Grey,Petrol,Manual,2024
VIN02450,ENG-VIN02450,Baleno,VXI,Midnight Black,Petrol,Manual,2024
VIN02451,ENG-VIN02451,Alto,VXI,Midnight Black,Petrol,Manual,2024
VIN02452,ENG-VIN02452,Celerio,VXI,Arctic White,Petrol,Automatic,2024
VIN02453,ENG-VIN02453,Swift,VXI,Magma Grey,Petrol,Automatic,2024
VIN02454,ENG-VIN02454,Grand Vitara,VXI,Arctic White,CNG,Automatic,2024
VIN02455,ENG-VIN02455,Dzire,VXI,Magma Grey,CNG,Automatic,2024
VIN02456,ENG-VIN02456,Dzire,VXI,Magma Grey,CNG,Manual,2024
VIN02457,ENG-VIN02457,Grand Vitara,VXI,Arctic White,Petrol,Manual,2024
VIN02458,ENG-VIN02458,Baleno,VXI,Magma Grey,Petrol,Automatic,2024
VIN02459,ENG-VIN02459,Brezza,VXI,Midnight Black,CNG,Manual,2024
VIN02460,ENG-VIN02460,Brezza,VXI,Arctic White,Petrol,Manual,2024
VIN02461,ENG-VIN02461,Dzire,VXI,Magma Grey,CNG,Manual,2024
VIN02462,ENG-VIN02462,Celerio,VXI,Magma Grey,CNG,Manual,2024
VIN02463,ENG-VIN02463,Brezza,VXI,Magma Grey,CNG,Manual,2024
VIN02464,ENG-VIN02464,Ertiga,VXI,Midnight Black,CNG,Manual,2024
VIN02465,ENG-VIN02465,Baleno,VXI,Arctic White,Petrol,Automatic,2024
VIN02466,ENG-VIN02466,Brezza,VXI,Arctic White,Petrol,Manual,2024
VIN02467,ENG-VIN02467,Swift,VXI,Midnight Black,Petrol,Manual,2024
VIN02468,ENG-VIN02468,Grand Vitara,VXI,Magma Grey,Petrol,Automatic,2024
VIN02469,ENG-VIN02469,Swift,VXI,Midnight Black,Petrol,Manual,2024
VIN02470,ENG-VIN02470,Baleno,VXI,Arctic White,CNG,Automatic,2024
VIN02471,ENG-VIN02471,Celerio,VXI,Arctic White,CNG,Manual,2024
VIN02472,ENG-VIN02472,Swift,VXI,Midnight Black,Petrol,Manual,2024
VIN02473,ENG-VIN02473,Ertiga,VXI,Arctic White,Petrol,Automatic,2024
VIN02474,ENG-VIN02474,Grand Vitara,VXI,Magma Grey,Petrol,Automatic,2024
VIN02475,ENG-VIN02475,Alto,VXI,Arctic White,CNG,Manual,2024
VIN02476,ENG-VIN02476,Baleno,VXI,Midnight Black,Petrol,Manual,2024
VIN02477,ENG-VIN02477,Brezza,VXI,Arctic White,Petrol,Automatic,2024
VIN02478,ENG-VIN02478,Baleno,VXI,Midnight Black,Petrol,Automatic,2024
VIN02479,ENG-VIN02479,Ignis,VXI,Midnight Black,CNG,Automatic,2024
VIN02480,ENG-VIN02480,Alto,VXI,Midnight Black,Petrol,Manual,2024
VIN02481,ENG-VIN02481,Ertiga,VXI,Arctic White,CNG,Automatic,2024
VIN02482,ENG-VIN02482,Ignis,VXI,Midnight Black,CNG,Automatic,2024
VIN02483,ENG-VIN02483,Celerio,VXI,Arctic White,CNG,Manual,2024
VIN02484,ENG-VIN02484,Grand Vitara,VXI,Magma Grey,CNG,Manual,2024
VIN02485,ENG-VIN02485,Grand Vitara,VXI,Midnight Black,CNG,Manual,2024
VIN02486,ENG-VIN02486,Grand Vitara,VXI,Magma Grey,Petrol,Manual,2024
VIN02487,ENG-VIN02487,Ignis,VXI,Arctic White,Petrol,Automatic,2024
VIN02488,ENG-VIN02488,Alto,VXI,Midnight Black,CNG,Automatic,2024
VIN02489,ENG-VIN02489,Alto,VXI,Arctic White,CNG,Manual,2024
VIN02490,ENG-VIN02490,Baleno,VXI,Midnight Black,CNG,Manual,2024
VIN02491,ENG-VIN02491,Swift,VXI,Magma Grey,Petrol,Automatic,2024
VIN02492,ENG-VIN02492,Celerio,VXI,Arctic White,Petrol,Automatic,2024
VIN02493,ENG-VIN02493,Alto,VXI,Arctic White,CNG,Automatic,2024
VIN02494,ENG-VIN02494,Baleno,VXI,Magma Grey,CNG,Manual,2024
VIN02495,ENG-VIN02495,Celerio,VXI,Midnight Black,CNG,Manual,2024
VIN02496,ENG-VIN02496,Dzire,VXI,Arctic White,CNG,Automatic,2024
VIN02497,ENG-VIN02497,Celerio,VXI,Magma Grey,Petrol,Automatic,2024
VIN02498,ENG-VIN02498,Dzire,VXI,Midnight Black,Petrol,Manual,2024
VIN02499,ENG-VIN02499,Grand Vitara,VXI,Midnight Black,Petrol,Automatic,2024
VIN02500,ENG-VIN02500,Alto,VXI,Arctic White,CNG,Manual,2024
VIN02501,ENG-VIN02501,Dzire,VXI,Midnight Black,Petrol,Automatic,2024
VIN02502,ENG-VIN02502,Celerio,VXI,Magma Grey,CNG,Automatic,2024
VIN02503,ENG-VIN02503,Brezza,VXI,Magma Grey,CNG,Automatic,2024
VIN02504,ENG-VIN02504,Brezza,VXI,Midnight Black,CNG,Manual,2024
VIN02505,ENG-VIN02505,Ignis,VXI,Magma Grey,CNG,Automatic,2024
VIN02506,ENG-VIN02506,Baleno,VXI,Arctic White,Petrol,Manual,2024
VIN02507,ENG-VIN02507,Ignis,VXI,Midnight Black,Petrol,Automatic,2024
VIN02508,ENG-VIN02508,Grand Vitara,VXI,Magma Grey,CNG,Automatic,2024
VIN02509,ENG-VIN02509,Swift,VXI,Midnight Black,CNG,Manual,2024
VIN02510,ENG-VIN02510,Grand Vitara,VXI,Midnight Black,Petrol,Automatic,2024
VIN02511,ENG-VIN02511,Swift,VXI,Arctic White,Petrol,Automatic,2024
VIN02512,ENG-VIN02512,Ignis,VXI,Magma Grey,CNG,Automatic,2024
VIN02513,ENG-VIN02513,Dzire,VXI,Magma Grey,CNG,Manual,2024
VIN02514,ENG-VIN02514,Dzire,VXI,Midnight Black,Petrol,Manual,2024
VIN02515,ENG-VIN02515,Swift,VXI,Magma Grey,Petrol,Automatic,2024
VIN02516,ENG-VIN02516,Brezza,VXI,Arctic White,CNG,Automatic,2024
VIN02517,ENG-VIN02517,Dzire,VXI,Magma Grey,Petrol,Manual,2024
VIN02518,ENG-VIN02518,Dzire,VXI,Magma Grey,Petrol,Manual,2024
VIN02519,ENG-VIN02519,Dzire,VXI,Magma Grey,Petrol,Automatic,2024
VIN02520,ENG-VIN02520,Celerio,VXI,Midnight Black,Petrol,Manual,2024
VIN02521,ENG-VIN02521,Alto,VXI,Midnight Black,Petrol,Manual,2024
VIN02522,ENG-VIN02522,Swift,VXI,Midnight Black,Petrol,Manual,2024
VIN02523,ENG-VIN02523,Swift,VXI,Magma Grey,CNG,Automatic,2024
VIN02524,ENG-VIN02524,Alto,VXI,Arctic White,CNG,Manual,2024
VIN02525,ENG-VIN02525,Ignis,VXI,Magma Grey,CNG,Manual,2024
VIN02526,ENG-VIN02526,Grand Vitara,VXI,Magma Grey,CNG,Automatic,2024
VIN02527,ENG-VIN02527,Swift,VXI,Magma Grey,CNG,Manual,2024
VIN02528,ENG-VIN02528,Celerio,VXI,Midnight Black,CNG,Automatic,2024
VIN02529,ENG-VIN02529,Ignis,VXI,Midnight Black,CNG,Manual,2024
VIN02530,ENG-VIN02530,Baleno,VXI,Magma Grey,Petrol,Manual,2024
VIN02531,ENG-VIN02531,Grand Vitara,VXI,Midnight Black,Petrol,Manual,2024
VIN02532,ENG-VIN02532,Baleno,VXI,Midnight Black,Petrol,Automatic,2024
VIN02533,ENG-VIN02533,Grand Vitara,VXI,Midnight Black,CNG,Manual,2024
VIN02534,ENG-VIN02534,Ertiga,VXI,Midnight Black,Petrol,Manual,2024
VIN02535,ENG-VIN02535,Alto,VXI,Midnight Black,Petrol,Manual,2024
VIN02536,ENG-VIN02536,Swift,VXI,Magma Grey,CNG,Automatic,2024
VIN02537,ENG-VIN02537,Swift,VXI,Arctic White,CNG,Automatic,2024
VIN02538,ENG-VIN02538,Baleno,VXI,Magma Grey,CNG,Automatic,2024
VIN02539,ENG-VIN02539,Swift,VXI,Arctic White,CNG,Automatic,2024
VIN02540,ENG-VIN02540,Ertiga,VXI,Magma Grey,CNG,Manual,2024
VIN02541,ENG-VIN02541,Brezza,VXI,Midnight Black,CNG,Automatic,2024
VIN02542,ENG-VIN02542,Alto,VXI,Midnight Black,Petrol,Manual,2024
VIN02543,ENG-VIN02543,Dzire,VXI,Magma Grey,Petrol,Manual,2024
VIN02544,ENG-VIN02544,Dzire,VXI,Midnight Black,Petrol,Manual,2024
VIN02545,ENG-VIN02545,Celerio,VXI,Magma Grey,CNG,Manual,2024
VIN02546,ENG-VIN02546,Swift,VXI,Magma Grey,Petrol,Automatic,2024
VIN02547,ENG-VIN02547,Dzire,VXI,Midnight Black,CNG,Manual,2024
VIN02548,ENG-VIN02548,Celerio,VXI,Magma Grey,CNG,Automatic,2024
VIN02549,ENG-VIN02549,Ertiga,VXI,Arctic White,Petrol,Automatic,2024
VIN02550,ENG-VIN02550,Ignis,VXI,Arctic White,CNG,Automatic,2024
VIN02551,ENG-VIN02551,Swift,VXI,Arctic White,CNG,Automatic,2024
VIN02552,ENG-VIN02552,Brezza,VXI,Midnight Black,Petrol,Manual,2024
VIN02553,ENG-VIN02553,Grand Vitara,VXI,Midnight Black,Petrol,Automatic,2024
VIN02554,ENG-VIN02554,Ignis,VXI,Midnight Black,CNG,Automatic,2024
VIN02555,ENG-VIN02555,Grand Vitara,VXI,Midnight Black,Petrol,Manual,2024
VIN02556,ENG-VIN02556,Celerio,VXI,Midnight Black,Petrol,Automatic,2024
VIN02557,ENG-VIN02557,Brezza,VXI,Magma Grey,CNG,Automatic,2024
VIN02558,ENG-VIN02558,Ertiga,VXI,Arctic White,Petrol,Manual,2024
VIN02559,ENG-VIN02559,Baleno,VXI,Midnight Black,Petrol,Manual,2024
VIN02560,ENG-VIN02560,Dzire,VXI,Arctic White,CNG,Manual,2024
VIN02561,ENG-VIN02561,Ignis,VXI,Arctic White,Petrol,Manual,2024
VIN02562,ENG-VIN02562,Swift,VXI,Arctic White,Petrol,Automatic,2024
VIN02563,ENG-VIN02563,Alto,VXI,Midnight Black,Petrol,Automatic,2024
VIN02564,ENG-VIN02564,Baleno,VXI,Magma Grey,Petrol,Manual,2024
VIN02565,ENG-VIN02565,Brezza,VXI,Magma Grey,CNG,Manual,2024
VIN02566,ENG-VIN02566,Grand Vitara,VXI,Magma Grey,Petrol,Manual,2024
VIN02567,ENG-VIN02567,Alto,VXI,Magma Grey,CNG,Manual,2024
VIN02568,ENG-VIN02568,Swift,VXI,Midnight Black,Petrol,Automatic,2024
VIN02569,ENG-VIN02569,Brezza,VXI,Arctic White,Petrol,Manual,2024
VIN02570,ENG-VIN02570,Ertiga,VXI,Arctic White,Petrol,Manual,2024
VIN02571,ENG-VIN02571,Swift,VXI,Magma Grey,Petrol,Manual,2024
VIN02572,ENG-VIN02572,Dzire,VXI,Magma Grey,Petrol,Automatic,2024
VIN02573,ENG-VIN02573,Brezza,VXI,Arctic White,CNG,Automatic,2024
VIN02574,ENG-VIN02574,Brezza,VXI,Magma Grey,CNG,Manual,2024
VIN02575,ENG-VIN02575,Baleno,VXI,Arctic White,CNG,Automatic,2024
VIN02576,ENG-VIN02576,Grand Vitara,VXI,Magma Grey,Petrol,Manual,2024
VIN02577,ENG-VIN02577,Grand Vitara,VXI,Arctic White,Petrol,Manual,2024
VIN02578,ENG-VIN02578,Brezza,VXI,Arctic White,CNG,Manual,2024
VIN02579,ENG-VIN02579,Ignis,VXI,Arctic White,Petrol,Automatic,2024
VIN02580,ENG-VIN02580,Ertiga,VXI,Magma Grey,Petrol,Automatic,2024
VIN02581,ENG-VIN02581,Ertiga,VXI,Arctic White,CNG,Manual,2024
VIN02582,ENG-VIN02582,Grand Vitara,VXI,Magma Grey,Petrol,Automatic,2024
VIN02583,ENG-VIN02583,Dzire,VXI,Midnight Black,CNG,Manual,2024
VIN02584,ENG-VIN02584,Dzire,VXI,Magma Grey,CNG,Automatic,2024
VIN02585,ENG-VIN02585,Grand Vitara,VXI,Midnight Black,CNG,Automatic,2024
VIN02586,ENG-VIN02586,Dzire,VXI,Arctic White,CNG,Automatic,2024
VIN02587,ENG-VIN02587,Celerio,VXI,Midnight Black,Petrol,Automatic,2024
VIN02588,ENG-VIN02588,Alto,VXI,Magma Grey,Petrol,Manual,2024
VIN02589,ENG-VIN02589,Brezza,VXI,Midnight Black,Petrol,Manual,2024
VIN02590,ENG-VIN02590,Celerio,VXI,Arctic White,CNG,Automatic,2024
VIN02591,ENG-VIN02591,Grand Vitara,VXI,Arctic White,CNG,Automatic,2024
VIN02592,ENG-VIN02592,Dzire,VXI,Arctic White,Petrol,Automatic,2024
VIN02593,ENG-VIN02593,Grand Vitara,VXI,Arctic White,Petrol,Manual,2024
VIN02594,ENG-VIN02594,Alto,VXI,Midnight Black,Petrol,Manual,2024
VIN02595,ENG-VIN02595,Brezza,VXI,Arctic White,Petrol,Automatic,2024
VIN02596,ENG-VIN02596,Baleno,VXI,Magma Grey,Petrol,Manual,2024
VIN02597,ENG-VIN02597,Swift,VXI,Arctic White,Petrol,Automatic,2024
VIN02598,ENG-VIN02598,Swift,VXI,Midnight Black,CNG,Automatic,2024
VIN02599,ENG-VIN02599,Brezza,VXI,Magma Grey,CNG,Manual,2024
VIN02600,ENG-VIN02600,Swift,VXI,Magma Grey,Petrol,Automatic,2024
VIN02601,ENG-VIN02601,Ertiga,VXI,Midnight Black,Petrol,Manual,2024
VIN02602,ENG-VIN02602,Ignis,VXI,Arctic White,CNG,Manual,2024
VIN02603,ENG-VIN02603,Brezza,VXI,Arctic White,CNG,Automatic,2024
VIN02604,ENG-VIN02604,Celerio,VXI,Midnight Black,Petrol,Manual,2024
VIN02605,ENG-VIN02605,Ignis,VXI,Magma Grey,Petrol,Automatic,2024
VIN02606,ENG-VIN02606,Grand Vitara,VXI,Magma Grey,CNG,Manual,2024
VIN02607,ENG-VIN02607,Ertiga,VXI,Magma Grey,Petrol,Automatic,2024
VIN02608,ENG-VIN02608,Celerio,VXI,Midnight Black,Petrol,Manual,2024
VIN02609,ENG-VIN02609,Celerio,VXI,Arctic White,Petrol,Manual,2024
VIN02610,ENG-VIN02610,Brezza,VXI,Arctic White,CNG,Manual,2024
VIN02611,ENG-VIN02611,Alto,VXI,Midnight Black,Petrol,Manual,2024
VIN02612,ENG-VIN02612,Swift,VXI,Magma Grey,CNG,Automatic,2024
VIN02613,ENG-VIN02613,Celerio,VXI,Midnight Black,Petrol,Automatic,2024
VIN02614,ENG-VIN02614,Grand Vitara,VXI,Magma Grey,Petrol,Automatic,2024
VIN02615,ENG-VIN02615,Dzire,VXI,Arctic White,Petrol,Automatic,2024
VIN02616,ENG-VIN02616,Brezza,VXI,Arctic White,CNG,Manual,2024
VIN02617,ENG-VIN02617,Celerio,VXI,Arctic White,Petrol,Automatic,2024
VIN02618,ENG-VIN02618,Alto,VXI,Magma Grey,CNG,Automatic,2024
VIN02619,ENG-VIN02619,Baleno,VXI,Arctic White,Petrol,Automatic,2024
VIN02620,ENG-VIN02620,Alto,VXI,Midnight Black,Petrol,Automatic,2024
VIN02621,ENG-VIN02621,Ertiga,VXI,Midnight Black,CNG,Automatic,2024
VIN02622,ENG-VIN02622,Grand Vitara,VXI,Arctic White,CNG,Manual,2024
VIN02623,ENG-VIN02623,Baleno,VXI,Arctic White,Petrol,Manual,2024
VIN02624,ENG-VIN02624,Grand Vitara,VXI,Magma Grey,Petrol,Manual,2024
VIN02625,ENG-VIN02625,Baleno,VXI,Midnight Black,Petrol,Automatic,2024
VIN02626,ENG-VIN02626,Ignis,VXI,Arctic White,Petrol,Automatic,2024
VIN02627,ENG-VIN02627,Dzire,VXI,Midnight Black,Petrol,Manual,2024
VIN02628,ENG-VIN02628,Grand Vitara,VXI,Midnight Black,Petrol,Manual,2024
VIN02629,ENG-VIN02629,Celerio,VXI,Arctic White,Petrol,Automatic,2024
VIN02630,ENG-VIN02630,Celerio,VXI,Magma Grey,Petrol,Automatic,2024
VIN02631,ENG-VIN02631,Brezza,VXI,Arctic White,Petrol,Automatic,2024
VIN02632,ENG-VIN02632,Baleno,VXI,Arctic White,Petrol,Manual,2024
VIN02633,ENG-VIN02633,Ertiga,VXI,Magma Grey,Petrol,Automatic,2024
VIN02634,ENG-VIN02634,Celerio,VXI,Midnight Black,CNG,Automatic,2024
VIN02635,ENG-VIN02635,Ertiga,VXI,Magma Grey,Petrol,Automatic,2024
VIN02636,ENG-VIN02636,Celerio,VXI,Arctic White,CNG,Manual,2024
VIN02637,ENG-VIN02637,Ertiga,VXI,Arctic White,Petrol,Manual,2024
VIN02638,ENG-VIN02638,Celerio,VXI,Magma Grey,Petrol,Manual,2024
VIN02639,ENG-VIN02639,Ertiga,VXI,Magma Grey,Petrol,Manual,2024
VIN02640,ENG-VIN02640,Celerio,VXI,Midnight Black,Petrol,Manual,2024
VIN02641,ENG-VIN02641,Baleno,VXI,Arctic White,Petrol,Manual,2024
VIN02642,ENG-VIN02642,Ignis,VXI,Arctic White,CNG,Manual,2024
VIN02643,ENG-VIN02643,Ignis,VXI,Magma Grey,CNG,Automatic,2024
VIN02644,ENG-VIN02644,Grand Vitara,VXI,Magma Grey,Petrol,Automatic,2024
VIN02645,ENG-VIN02645,Grand Vitara,VXI,Midnight Black,CNG,Automatic,2024
VIN02646,ENG-VIN02646,Grand Vitara,VXI,Midnight Black,Petrol,Manual,2024
VIN02647,ENG-VIN02647,Alto,VXI,Midnight Black,Petrol,Automatic,2024
VIN02648,ENG-VIN02648,Dzire,VXI,Magma Grey,Petrol,Automatic,2024
VIN02649,ENG-VIN02649,Ertiga,VXI,Magma Grey,CNG,Manual,2024
VIN02650,ENG-VIN02650,Ertiga,VXI,Midnight Black,CNG,Manual,2024
VIN02651,ENG-VIN02651,Swift,VXI,Arctic White,CNG,Manual,2024
VIN02652,ENG-VIN02652,Brezza,VXI,Arctic White,CNG,Manual,2024
VIN02653,ENG-VIN02653,Ertiga,VXI,Midnight Black,Petrol,Automatic,2024
VIN02654,ENG-VIN02654,Alto,VXI,Arctic White,CNG,Manual,2024
VIN02655,ENG-VIN02655,Baleno,VXI,Midnight Black,CNG,Automatic,2024
VIN02656,ENG-VIN02656,Celerio,VXI,Arctic White,CNG,Automatic,2024
VIN02657,ENG-VIN02657,Ertiga,VXI,Arctic White,CNG,Automatic,2024
VIN02658,ENG-VIN02658,Baleno,VXI,Arctic White,CNG,Automatic,2024
VIN02659,ENG-VIN02659,Brezza,VXI,Magma Grey,Petrol,Manual,2024
VIN02660,ENG-VIN02660,Celerio,VXI,Magma Grey,CNG,Automatic,2024
VIN02661,ENG-VIN02661,Alto,VXI,Magma Grey,CNG,Automatic,2024
VIN02662,ENG-VIN02662,Alto,VXI,Midnight Black,Petrol,Automatic,2024
VIN02663,ENG-VIN02663,Ignis,VXI,Arctic White,Petrol,Automatic,2024
VIN02664,ENG-VIN02664,Alto,VXI,Midnight Black,Petrol,Manual,2024
VIN02665,ENG-VIN02665,Alto,VXI,Magma Grey,CNG,Automatic,2024
VIN02666,ENG-VIN02666,Ertiga,VXI,Magma Grey,Petrol,Manual,2024
VIN02667,ENG-VIN02667,Celerio,VXI,Midnight Black,Petrol,Automatic,2024
VIN02668,ENG-VIN02668,Celerio,VXI,Arctic White,CNG,Automatic,2024
VIN02669,ENG-VIN02669,Brezza,VXI,Arctic White,CNG,Automatic,2024
VIN02670,ENG-VIN02670,Ignis,VXI,Magma Grey,CNG,Automatic,2024
VIN02671,ENG-VIN02671,Ignis,VXI,Magma Grey,Petrol,Automatic,2024
VIN02672,ENG-VIN02672,Ignis,VXI,Midnight Black,Petrol,Automatic,2024
VIN02673,ENG-VIN02673,Ignis,VXI,Magma Grey,Petrol,Manual,2024
VIN02674,ENG-VIN02674,Baleno,VXI,Arctic White,Petrol,Manual,2024
VIN02675,ENG-VIN02675,Alto,VXI,Midnight Black,Petrol,Manual,2024
VIN02676,ENG-VIN02676,Grand Vitara,VXI,Arctic White,Petrol,Manual,2024
VIN02677,ENG-VIN02677,Grand Vitara,VXI,Arctic White,CNG,Manual,2024
VIN02678,ENG-VIN02678,Brezza,VXI,Midnight Black,Petrol,Automatic,2024
VIN02679,ENG-VIN02679,Dzire,VXI,Magma Grey,CNG,Automatic,2024
VIN02680,ENG-VIN02680,Swift,VXI,Arctic White,Petrol,Automatic,2024
VIN02681,ENG-VIN02681,Alto,VXI,Magma Grey,Petrol,Automatic,2024
VIN02682,ENG-VIN02682,Dzire,VXI,Magma Grey,CNG,Automatic,2024
VIN02683,ENG-VIN02683,Ignis,VXI,Magma Grey,CNG,Manual,2024
VIN02684,ENG-VIN02684,Ertiga,VXI,Magma Grey,CNG,Automatic,2024
VIN02685,ENG-VIN02685,Ignis,VXI,Midnight Black,CNG,Automatic,2024
VIN02686,ENG-VIN02686,Alto,VXI,Magma Grey,Petrol,Automatic,2024
VIN02687,ENG-VIN02687,Swift,VXI,Magma Grey,Petrol,Manual,2024
VIN02688,ENG-VIN02688,Celerio,VXI,Midnight Black,Petrol,Manual,2024
VIN02689,ENG-VIN02689,Alto,VXI,Midnight Black,Petrol,Automatic,2024
VIN02690,ENG-VIN02690,Dzire,VXI,Magma Grey,CNG,Automatic,2024
VIN02691,ENG-VIN02691,Ignis,VXI,Arctic White,CNG,Manual,2024
VIN02692,ENG-VIN02692,Dzire,VXI,Midnight Black,Petrol,Automatic,2024
VIN02693,ENG-VIN02693,Ertiga,VXI,Midnight Black,CNG,Manual,2024
VIN02694,ENG-VIN02694,Grand Vitara,VXI,Midnight Black,Petrol,Automatic,2024
VIN02695,ENG-VIN02695,Dzire,VXI,Arctic White,CNG,Manual,2024
VIN02696,ENG-VIN02696,Grand Vitara,VXI,Midnight Black,Petrol,Manual,2024
VIN02697,ENG-VIN02697,Baleno,VXI,Arctic White,CNG,Manual,2024
VIN02698,ENG-VIN02698,Brezza,VXI,Magma Grey,CNG,Manual,2024
VIN02699,ENG-VIN02699,Ignis,VXI,Magma Grey,Petrol,Automatic,2024
VIN02700,ENG-VIN02700,Ignis,VXI,Arctic White,CNG,Manual,2024
VIN02701,ENG-VIN02701,Celerio,VXI,Arctic White,Petrol,Manual,2024
VIN02702,ENG-VIN02702,Celerio,VXI,Midnight Black,Petrol,Manual,2024
VIN02703,ENG-VIN02703,Alto,VXI,Magma Grey,Petrol,Automatic,2024
VIN02704,ENG-VIN02704,Brezza,VXI,Arctic White,Petrol,Manual,2024
VIN02705,ENG-VIN02705,Ertiga,VXI,Arctic White,CNG,Automatic,2024
VIN02706,ENG-VIN02706,Ertiga,VXI,Magma Grey,Petrol,Automatic,2024
VIN02707,ENG-VIN02707,Baleno,VXI,Arctic White,Petrol,Automatic,2024
VIN02708,ENG-VIN02708,Dzire,VXI,Arctic White,Petrol,Manual,2024
VIN02709,ENG-VIN02709,Brezza,VXI,Magma Grey,CNG,Automatic,2024
VIN02710,ENG-VIN02710,Dzire,VXI,Magma Grey,CNG,Automatic,2024
VIN02711,ENG-VIN02711,Ertiga,VXI,Midnight Black,Petrol,Automatic,2024
VIN02712,ENG-VIN02712,Ignis,VXI,Midnight Black,Petrol,Manual,2024
VIN02713,ENG-VIN02713,Ignis,VXI,Midnight Black,Petrol,Manual,2024
VIN02714,ENG-VIN02714,Ertiga,VXI,Arctic White,Petrol,Automatic,2024
VIN02715,ENG-VIN02715,Dzire,VXI,Arctic White,Petrol,Manual,2024
VIN02716,ENG-VIN02716,Dzire,VXI,Arctic White,CNG,Automatic,2024
VIN02717,ENG-VIN02717,Grand Vitara,VXI,Midnight Black,CNG,Manual,2024
VIN02718,ENG-VIN02718,Brezza,VXI,Magma Grey,CNG,Manual,2024
VIN02719,ENG-VIN02719,Brezza,VXI,Magma Grey,CNG,Automatic,2024
VIN02720,ENG-VIN02720,Brezza,VXI,Arctic White,CNG,Automatic,2024
VIN02721,ENG-VIN02721,Dzire,VXI,Magma Grey,Petrol,Manual,2024
VIN02722,ENG-VIN02722,Alto,VXI,Magma Grey,Petrol,Automatic,2024
VIN02723,ENG-VIN02723,Celerio,VXI,Midnight Black,Petrol,Manual,2024
VIN02724,ENG-VIN02724,Celerio,VXI,Arctic White,CNG,Automatic,2024
VIN02725,ENG-VIN02725,Grand Vitara,VXI,Midnight Black,CNG,Automatic,2024
VIN02726,ENG-VIN02726,Brezza,VXI,Midnight Black,CNG,Automatic,2024
VIN02727,ENG-VIN02727,Grand Vitara,VXI,Midnight Black,Petrol,Manual,2024
VIN02728,ENG-VIN02728,Grand Vitara,VXI,Magma Grey,CNG,Manual,2024
VIN02729,ENG-VIN02729,Swift,VXI,Midnight Black,CNG,Manual,2024
VIN02730,ENG-VIN02730,Celerio,VXI,Magma Grey,CNG,Manual,2024
VIN02731,ENG-VIN02731,Grand Vitara,VXI,Magma Grey,CNG,Automatic,2024
VIN02732,ENG-VIN02732,Baleno,VXI,Midnight Black,CNG,Automatic,2024
VIN02733,ENG-VIN02733,Ertiga,VXI,Arctic White,Petrol,Manual,2024
VIN02734,ENG-VIN02734,Dzire,VXI,Arctic White,Petrol,Automatic,2024
VIN02735,ENG-VIN02735,Dzire,VXI,Midnight Black,CNG,Automatic,2024
VIN02736,ENG-VIN02736,Brezza,VXI,Magma Grey,Petrol,Manual,2024
VIN02737,ENG-VIN02737,Celerio,VXI,Midnight Black,CNG,Manual,2024
VIN02738,ENG-VIN02738,Brezza,VXI,Arctic White,Petrol,Manual,2024
VIN02739,ENG-VIN02739,Baleno,VXI,Magma Grey,CNG,Manual,2024
VIN02740,ENG-VIN02740,Brezza,VXI,Arctic White,Petrol,Automatic,2024
VIN02741,ENG-VIN02741,Baleno,VXI,Midnight Black,CNG,Automatic,2024
VIN02742,ENG-VIN02742,Alto,VXI,Arctic White,CNG,Manual,2024
VIN02743,ENG-VIN02743,Baleno,VXI,Magma Grey,CNG,Automatic,2024
VIN02744,ENG-VIN02744,Dzire,VXI,Magma Grey,CNG,Automatic,2024
VIN02745,ENG-VIN02745,Grand Vitara,VXI,Arctic White,CNG,Automatic,2024
VIN02746,ENG-VIN02746,Grand Vitara,VXI,Midnight Black,CNG,Manual,2024
VIN02747,ENG-VIN02747,Ertiga,VXI,Magma Grey,Petrol,Manual,2024
VIN02748,ENG-VIN02748,Ertiga,VXI,Arctic White,CNG,Automatic,2024
VIN02749,ENG-VIN02749,Swift,VXI,Arctic White,CNG,Manual,2024
VIN02750,ENG-VIN02750,Baleno,VXI,Midnight Black,CNG,Manual,2024
VIN02751,ENG-VIN02751,Dzire,VXI,Magma Grey,CNG,Automatic,2024
VIN02752,ENG-VIN02752,Baleno,VXI,Arctic White,Petrol,Automatic,2024
VIN02753,ENG-VIN02753,Brezza,VXI,Arctic White,CNG,Automatic,2024
VIN02754,ENG-VIN02754,Brezza,VXI,Midnight Black,Petrol,Manual,2024
VIN02755,ENG-VIN02755,Ertiga,VXI,Midnight Black,CNG,Automatic,2024
VIN02756,ENG-VIN02756,Grand Vitara,VXI,Arctic White,CNG,Manual,2024
VIN02757,ENG-VIN02757,Baleno,VXI,Midnight Black,CNG,Automatic,2024
VIN02758,ENG-VIN02758,Dzire,VXI,Arctic White,Petrol,Automatic,2024
VIN02759,ENG-VIN02759,Baleno,VXI,Midnight Black,CNG,Automatic,2024
VIN02760,ENG-VIN02760,Celerio,VXI,Arctic White,CNG,Automatic,2024
VIN02761,ENG-VIN02761,Grand Vitara,VXI,Arctic White,Petrol,Manual,2024
VIN02762,ENG-VIN02762,Alto,VXI,Midnight Black,CNG,Automatic,2024
VIN02763,ENG-VIN02763,Brezza,VXI,Magma Grey,Petrol,Automatic,2024
VIN02764,ENG-VIN02764,Alto,VXI,Magma Grey,Petrol,Automatic,2024
VIN02765,ENG-VIN02765,Dzire,VXI,Arctic White,Petrol,Automatic,2024
VIN02766,ENG-VIN02766,Ignis,VXI,Arctic White,Petrol,Manual,2024
VIN02767,ENG-VIN02767,Ertiga,VXI,Magma Grey,CNG,Automatic,2024
VIN02768,ENG-VIN02768,Dzire,VXI,Midnight Black,CNG,Automatic,2024
VIN02769,ENG-VIN02769,Baleno,VXI,Arctic White,Petrol,Automatic,2024
VIN02770,ENG-VIN02770,Dzire,VXI,Midnight Black,Petrol,Automatic,2024
VIN02771,ENG-VIN02771,Celerio,VXI,Magma Grey,Petrol,Manual,2024
VIN02772,ENG-VIN02772,Alto,VXI,Magma Grey,Petrol,Automatic,2024
VIN02773,ENG-VIN02773,Alto,VXI,Magma Grey,CNG,Automatic,2024
VIN02774,ENG-VIN02774,Ignis,VXI,Midnight Black,CNG,Automatic,2024
VIN02775,ENG-VIN02775,Ignis,VXI,Arctic White,Petrol,Automatic,2024
VIN02776,ENG-VIN02776,Grand Vitara,VXI,Magma Grey,CNG,Manual,2024
VIN02777,ENG-VIN02777,Ignis,VXI,Arctic White,CNG,Automatic,2024
VIN02778,ENG-VIN02778,Celerio,VXI,Magma Grey,CNG,Manual,2024
VIN02779,ENG-VIN02779,Swift,VXI,Midnight Black,CNG,Automatic,2024
VIN02780,ENG-VIN02780,Baleno,VXI,Midnight Black,Petrol,Manual,2024
VIN02781,ENG-VIN02781,Brezza,VXI,Midnight Black,Petrol,Manual,2024
VIN02782,ENG-VIN02782,Celerio,VXI,Magma Grey,CNG,Manual,2024
VIN02783,ENG-VIN02783,Celerio,VXI,Midnight Black,CNG,Automatic,2024
VIN02784,ENG-VIN02784,Celerio,VXI,Midnight Black,Petrol,Manual,2024
VIN02785,ENG-VIN02785,Brezza,VXI,Midnight Black,Petrol,Automatic,2024
VIN02786,ENG-VIN02786,Swift,VXI,Arctic White,CNG,Manual,2024
VIN02787,ENG-VIN02787,Baleno,VXI,Magma Grey,Petrol,Manual,2024
VIN02788,ENG-VIN02788,Alto,VXI,Midnight Black,CNG,Manual,2024
VIN02789,ENG-VIN02789,Ignis,VXI,Midnight Black,Petrol,Automatic,2024
VIN02790,ENG-VIN02790,Grand Vitara,VXI,Midnight Black,CNG,Automatic,2024
VIN02791,ENG-VIN02791,Grand Vitara,VXI,Arctic White,CNG,Automatic,2024
VIN02792,ENG-VIN02792,Baleno,VXI,Magma Grey,CNG,Automatic,2024
VIN02793,ENG-VIN02793,Ertiga,VXI,Arctic White,CNG,Manual,2024
VIN02794,ENG-VIN02794,Alto,VXI,Arctic White,CNG,Manual,2024
VIN02795,ENG-VIN02795,Alto,VXI,Arctic White,CNG,Manual,2024
VIN02796,ENG-VIN02796,Ertiga,VXI,Magma Grey,Petrol,Manual,2024
VIN02797,ENG-VIN02797,Brezza,VXI,Midnight Black,CNG,Manual,2024
VIN02798,ENG-VIN02798,Ertiga,VXI,Arctic White,CNG,Manual,2024
VIN02799,ENG-VIN02799,Baleno,VXI,Arctic White,CNG,Automatic,2024
VIN02800,ENG-VIN02800,Ertiga,VXI,Arctic White,CNG,Manual,2024
VIN02801,ENG-VIN02801,Ertiga,VXI,Midnight Black,CNG,Manual,2024
VIN02802,ENG-VIN02802,Ignis,VXI,Arctic White,Petrol,Automatic,2024
VIN02803,ENG-VIN02803,Dzire,VXI,Midnight Black,CNG,Automatic,2024
VIN02804,ENG-VIN02804,Grand Vitara,VXI,Midnight Black,Petrol,Automatic,2024
VIN02805,ENG-VIN02805,Alto,VXI,Midnight Black,CNG,Manual,2024
VIN02806,ENG-VIN02806,Grand Vitara,VXI,Magma Grey,Petrol,Manual,2024
VIN02807,ENG-VIN02807,Swift,VXI,Magma Grey,CNG,Automatic,2024
VIN02808,ENG-VIN02808,Grand Vitara,VXI,Arctic White,CNG,Manual,2024
VIN02809,ENG-VIN02809,Alto,VXI,Arctic White,CNG,Automatic,2024
VIN02810,ENG-VIN02810,Brezza,VXI,Magma Grey,CNG,Automatic,2024
VIN02811,ENG-VIN02811,Swift,VXI,Arctic White,CNG,Manual,2024
VIN02812,ENG-VIN02812,Ignis,VXI,Magma Grey,Petrol,Automatic,2024
VIN02813,ENG-VIN02813,Swift,VXI,Arctic White,Petrol,Manual,2024
VIN02814,ENG-VIN02814,Celerio,VXI,Arctic White,Petrol,Manual,2024
VIN02815,ENG-VIN02815,Dzire,VXI,Magma Grey,Petrol,Automatic,2024
VIN02816,ENG-VIN02816,Ignis,VXI,Midnight Black,Petrol,Automatic,2024
VIN02817,ENG-VIN02817,Ignis,VXI,Magma Grey,Petrol,Manual,2024
VIN02818,ENG-VIN02818,Swift,VXI,Magma Grey,CNG,Manual,2024
VIN02819,ENG-VIN02819,Grand Vitara,VXI,Midnight Black,CNG,Manual,2024
VIN02820,ENG-VIN02820,Ertiga,VXI,Arctic White,Petrol,Manual,2024
VIN02821,ENG-VIN02821,Grand Vitara,VXI,Arctic White,CNG,Manual,2024
VIN02822,ENG-VIN02822,Baleno,VXI,Midnight Black,CNG,Manual,2024
VIN02823,ENG-VIN02823,Baleno,VXI,Arctic White,CNG,Automatic,2024
VIN02824,ENG-VIN02824,Swift,VXI,Midnight Black,CNG,Automatic,2024
VIN02825,ENG-VIN02825,Swift,VXI,Arctic White,CNG,Automatic,2024
VIN02826,ENG-VIN02826,Dzire,VXI,Arctic White,Petrol,Manual,2024
VIN02827,ENG-VIN02827,Ertiga,VXI,Magma Grey,Petrol,Automatic,2024
VIN02828,ENG-VIN02828,Ertiga,VXI,Magma Grey,Petrol,Automatic,2024
VIN02829,ENG-VIN02829,Swift,VXI,Arctic White,CNG,Manual,2024
VIN02830,ENG-VIN02830,Celerio,VXI,Magma Grey,CNG,Manual,2024
VIN02831,ENG-VIN02831,Dzire,VXI,Arctic White,Petrol,Automatic,2024
VIN02832,ENG-VIN02832,Ertiga,VXI,Arctic White,Petrol,Automatic,2024
VIN02833,ENG-VIN02833,Brezza,VXI,Midnight Black,Petrol,Manual,2024
VIN02834,ENG-VIN02834,Grand Vitara,VXI,Magma Grey,Petrol,Manual,2024
VIN02835,ENG-VIN02835,Dzire,VXI,Midnight Black,CNG,Automatic,2024
VIN02836,ENG-VIN02836,Dzire,VXI,Magma Grey,CNG,Automatic,2024
VIN02837,ENG-VIN02837,Grand Vitara,VXI,Arctic White,CNG,Manual,2024
VIN02838,ENG-VIN02838,Ertiga,VXI,Midnight Black,CNG,Manual,2024
VIN02839,ENG-VIN02839,Alto,VXI,Arctic White,CNG,Manual,2024
VIN02840,ENG-VIN02840,Ignis,VXI,Arctic White,Petrol,Automatic,2024
VIN02841,ENG-VIN02841,Ignis,VXI,Magma Grey,Petrol,Automatic,2024
VIN02842,ENG-VIN02842,Swift,VXI,Arctic White,Petrol,Manual,2024
VIN02843,ENG-VIN02843,Grand Vitara,VXI,Arctic White,CNG,Automatic,2024
VIN02844,ENG-VIN02844,Swift,VXI,Magma Grey,CNG,Manual,2024
VIN02845,ENG-VIN02845,Ignis,VXI,Magma Grey,Petrol,Automatic,2024
VIN02846,ENG-VIN02846,Grand Vitara,VXI,Magma Grey,Petrol,Automatic,2024
VIN02847,ENG-VIN02847,Ertiga,VXI,Midnight Black,Petrol,Manual,2024
VIN02848,ENG-VIN02848,Baleno,VXI,Midnight Black,CNG,Automatic,2024
VIN02849,ENG-VIN02849,Ertiga,VXI,Magma Grey,CNG,Automatic,2024
VIN02850,ENG-VIN02850,Swift,VXI,Magma Grey,CNG,Automatic,2024
VIN02851,ENG-VIN02851,Celerio,VXI,Midnight Black,CNG,Automatic,2024
VIN02852,ENG-VIN02852,Swift,VXI,Arctic White,Petrol,Manual,2024
VIN02853,ENG-VIN02853,Ignis,VXI,Arctic White,CNG,Manual,2024
VIN02854,ENG-VIN02854,Baleno,VXI,Midnight Black,Petrol,Automatic,2024
VIN02855,ENG-VIN02855,Grand Vitara,VXI,Midnight Black,Petrol,Manual,2024
VIN02856,ENG-VIN02856,Ertiga,VXI,Magma Grey,CNG,Manual,2024
VIN02857,ENG-VIN02857,Swift,VXI,Magma Grey,Petrol,Manual,2024
VIN02858,ENG-VIN02858,Ignis,VXI,Arctic White,CNG,Manual,2024
VIN02859,ENG-VIN02859,Alto,VXI,Magma Grey,Petrol,Manual,2024
VIN02860,ENG-VIN02860,Grand Vitara,VXI,Arctic White,Petrol,Manual,2024
VIN02861,ENG-VIN02861,Brezza,VXI,Arctic White,CNG,Manual,2024
VIN02862,ENG-VIN02862,Baleno,VXI,Arctic White,Petrol,Automatic,2024
VIN02863,ENG-VIN02863,Grand Vitara,VXI,Magma Grey,Petrol,Automatic,2024
VIN02864,ENG-VIN02864,Ignis,VXI,Arctic White,CNG,Automatic,2024
VIN02865,ENG-VIN02865,Ignis,VXI,Arctic White,CNG,Automatic,2024
VIN02866,ENG-VIN02866,Dzire,VXI,Midnight Black,Petrol,Manual,2024
VIN02867,ENG-VIN02867,Swift,VXI,Midnight Black,Petrol,Automatic,2024
VIN02868,ENG-VIN02868,Swift,VXI,Arctic White,CNG,Automatic,2024
VIN02869,ENG-VIN02869,Brezza,VXI,Magma Grey,CNG,Automatic,2024
VIN02870,ENG-VIN02870,Celerio,VXI,Arctic White,Petrol,Automatic,2024
VIN02871,ENG-VIN02871,Ertiga,VXI,Midnight Black,CNG,Automatic,2024
VIN02872,ENG-VIN02872,Brezza,VXI,Magma Grey,Petrol,Automatic,2024
VIN02873,ENG-VIN02873,Ignis,VXI,Magma Grey,Petrol,Automatic,2024
VIN02874,ENG-VIN02874,Ignis,VXI,Midnight Black,Petrol,Automatic,2024
VIN02875,ENG-VIN02875,Ignis,VXI,Magma Grey,Petrol,Automatic,2024
VIN02876,ENG-VIN02876,Celerio,VXI,Arctic White,Petrol,Automatic,2024
VIN02877,ENG-VIN02877,Dzire,VXI,Magma Grey,Petrol,Manual,2024
VIN02878,ENG-VIN02878,Swift,VXI,Arctic White,CNG,Automatic,2024
VIN02879,ENG-VIN02879,Baleno,VXI,Midnight Black,Petrol,Manual,2024
VIN02880,ENG-VIN02880,Alto,VXI,Midnight Black,Petrol,Automatic,2024
VIN02881,ENG-VIN02881,Grand Vitara,VXI,Midnight Black,CNG,Manual,2024
VIN02882,ENG-VIN02882,Baleno,VXI,Arctic White,CNG,Automatic,2024
VIN02883,ENG-VIN02883,Celerio,VXI,Midnight Black,Petrol,Automatic,2024
VIN02884,ENG-VIN02884,Grand Vitara,VXI,Midnight Black,Petrol,Automatic,2024
VIN02885,ENG-VIN02885,Celerio,VXI,Midnight Black,CNG,Manual,2024
VIN02886,ENG-VIN02886,Alto,VXI,Magma Grey,Petrol,Automatic,2024
VIN02887,ENG-VIN02887,Alto,VXI,Arctic White,Petrol,Automatic,2024
VIN02888,ENG-VIN02888,Dzire,VXI,Magma Grey,CNG,Manual,2024
VIN02889,ENG-VIN02889,Ertiga,VXI,Midnight Black,CNG,Manual,2024
VIN02890,ENG-VIN02890,Grand Vitara,VXI,Arctic White,CNG,Automatic,2024
VIN02891,ENG-VIN02891,Ertiga,VXI,Midnight Black,Petrol,Manual,2024
VIN02892,ENG-VIN02892,Ertiga,VXI,Magma Grey,CNG,Manual,2024
VIN02893,ENG-VIN02893,Ertiga,VXI,Magma Grey,CNG,Automatic,2024
VIN02894,ENG-VIN02894,Ignis,VXI,Magma Grey,CNG,Automatic,2024
VIN02895,ENG-VIN02895,Ertiga,VXI,Magma Grey,Petrol,Automatic,2024
VIN02896,ENG-VIN02896,Swift,VXI,Magma Grey,CNG,Automatic,2024
VIN02897,ENG-VIN02897,Grand Vitara,VXI,Midnight Black,Petrol,Manual,2024
VIN02898,ENG-VIN02898,Celerio,VXI,Midnight Black,Petrol,Automatic,2024
VIN02899,ENG-VIN02899,Alto,VXI,Magma Grey,CNG,Manual,2024
VIN02900,ENG-VIN02900,Celerio,VXI,Magma Grey,CNG,Automatic,2024
VIN02901,ENG-VIN02901,Ertiga,VXI,Arctic White,CNG,Automatic,2024
VIN02902,ENG-VIN02902,Celerio,VXI,Arctic White,CNG,Automatic,2024
VIN02903,ENG-VIN02903,Grand Vitara,VXI,Midnight Black,CNG,Manual,2024
VIN02904,ENG-VIN02904,Baleno,VXI,Arctic White,CNG,Automatic,2024
VIN02905,ENG-VIN02905,Baleno,VXI,Magma Grey,Petrol,Manual,2024
VIN02906,ENG-VIN02906,Alto,VXI,Magma Grey,Petrol,Manual,2024
VIN02907,ENG-VIN02907,Swift,VXI,Arctic White,CNG,Manual,2024
VIN02908,ENG-VIN02908,Swift,VXI,Magma Grey,CNG,Automatic,2024
VIN02909,ENG-VIN02909,Alto,VXI,Midnight Black,Petrol,Automatic,2024
VIN02910,ENG-VIN02910,Ignis,VXI,Midnight Black,Petrol,Manual,2024
VIN02911,ENG-VIN02911,Ertiga,VXI,Magma Grey,CNG,Automatic,2024
VIN02912,ENG-VIN02912,Alto,VXI,Arctic White,Petrol,Automatic,2024
VIN02913,ENG-VIN02913,Celerio,VXI,Midnight Black,CNG,Automatic,2024
VIN02914,ENG-VIN02914,Celerio,VXI,Arctic White,CNG,Automatic,2024
VIN02915,ENG-VIN02915,Swift,VXI,Midnight Black,CNG,Manual,2024
VIN02916,ENG-VIN02916,Celerio,VXI,Magma Grey,CNG,Manual,2024
VIN02917,ENG-VIN02917,Swift,VXI,Magma Grey,Petrol,Manual,2024
VIN02918,ENG-VIN02918,Alto,VXI,Magma Grey,CNG,Automatic,2024
VIN02919,ENG-VIN02919,Alto,VXI,Magma Grey,Petrol,Automatic,2024
VIN02920,ENG-VIN02920,Baleno,VXI,Midnight Black,CNG,Automatic,2024
VIN02921,ENG-VIN02921,Grand Vitara,VXI,Magma Grey,CNG,Automatic,2024
VIN02922,ENG-VIN02922,Ertiga,VXI,Arctic White,Petrol,Manual,2024
VIN02923,ENG-VIN02923,Ignis,VXI,Midnight Black,Petrol,Manual,2024
VIN02924,ENG-VIN02924,Swift,VXI,Magma Grey,Petrol,Manual,2024
VIN02925,ENG-VIN02925,Brezza,VXI,Midnight Black,CNG,Manual,2024
VIN02926,ENG-VIN02926,Ertiga,VXI,Magma Grey,CNG,Manual,2024
VIN02927,ENG-VIN02927,Brezza,VXI,Midnight Black,Petrol,Manual,2024
VIN02928,ENG-VIN02928,Celerio,VXI,Midnight Black,CNG,Automatic,2024
VIN02929,ENG-VIN02929,Ignis,VXI,Midnight Black,Petrol,Manual,2024
VIN02930,ENG-VIN02930,Brezza,VXI,Magma Grey,Petrol,Automatic,2024
VIN02931,ENG-VIN02931,Baleno,VXI,Arctic White,CNG,Manual,2024
VIN02932,ENG-VIN02932,Alto,VXI,Midnight Black,Petrol,Manual,2024
VIN02933,ENG-VIN02933,Dzire,VXI,Magma Grey,CNG,Automatic,2024
VIN02934,ENG-VIN02934,Brezza,VXI,Arctic White,CNG,Automatic,2024
VIN02935,ENG-VIN02935,Baleno,VXI,Midnight Black,CNG,Automatic,2024
VIN02936,ENG-VIN02936,Swift,VXI,Arctic White,CNG,Manual,2024
VIN02937,ENG-VIN02937,Baleno,VXI,Arctic White,Petrol,Automatic,2024
VIN02938,ENG-VIN02938,Baleno,VXI,Magma Grey,CNG,Automatic,2024
VIN02939,ENG-VIN02939,Grand Vitara,VXI,Magma Grey,Petrol,Manual,2024
VIN02940,ENG-VIN02940,Ignis,VXI,Magma Grey,CNG,Automatic,2024
VIN02941,ENG-VIN02941,Alto,VXI,Magma Grey,Petrol,Manual,2024
VIN02942,ENG-VIN02942,Dzire,VXI,Midnight Black,CNG,Automatic,2024
VIN02943,ENG-VIN02943,Baleno,VXI,Magma Grey,CNG,Manual,2024
VIN02944,ENG-VIN02944,Alto,VXI,Midnight Black,CNG,Automatic,2024
VIN02945,ENG-VIN02945,Baleno,VXI,Arctic White,CNG,Automatic,2024
VIN02946,ENG-VIN02946,Dzire,VXI,Magma Grey,CNG,Manual,2024
VIN02947,ENG-VIN02947,Ertiga,VXI,Midnight Black,Petrol,Automatic,2024
VIN02948,ENG-VIN02948,Grand Vitara,VXI,Arctic White,CNG,Manual,2024
VIN02949,ENG-VIN02949,Baleno,VXI,Arctic White,Petrol,Automatic,2024
VIN02950,ENG-VIN02950,Grand Vitara,VXI,Magma Grey,Petrol,Manual,2024
VIN02951,ENG-VIN02951,Grand Vitara,VXI,Arctic White,Petrol,Automatic,2024
VIN02952,ENG-VIN02952,Dzire,VXI,Midnight Black,Petrol,Automatic,2024
VIN02953,ENG-VIN02953,Swift,VXI,Midnight Black,Petrol,Automatic,2024
VIN02954,ENG-VIN02954,Ertiga,VXI,Arctic White,CNG,Manual,2024
VIN02955,ENG-VIN02955,Swift,VXI,Midnight Black,CNG,Manual,2024
VIN02956,ENG-VIN02956,Ertiga,VXI,Magma Grey,Petrol,Manual,2024
VIN02957,ENG-VIN02957,Ertiga,VXI,Magma Grey,CNG,Automatic,2024
VIN02958,ENG-VIN02958,Dzire,VXI,Arctic White,CNG,Manual,2024
VIN02959,ENG-VIN02959,Brezza,VXI,Arctic White,CNG,Automatic,2024
VIN02960,ENG-VIN02960,Celerio,VXI,Midnight Black,Petrol,Automatic,2024
VIN02961,ENG-VIN02961,Dzire,VXI,Arctic White,Petrol,Automatic,2024
VIN02962,ENG-VIN02962,Alto,VXI,Arctic White,Petrol,Manual,2024
VIN02963,ENG-VIN02963,Swift,VXI,Midnight Black,Petrol,Manual,2024
VIN02964,ENG-VIN02964,Dzire,VXI,Magma Grey,Petrol,Manual,2024
VIN02965,ENG-VIN02965,Grand Vitara,VXI,Magma Grey,CNG,Automatic,2024
VIN02966,ENG-VIN02966,Grand Vitara,VXI,Arctic White,Petrol,Automatic,2024
VIN02967,ENG-VIN02967,Brezza,VXI,Midnight Black,CNG,Manual,2024
VIN02968,ENG-VIN02968,Grand Vitara,VXI,Midnight Black,CNG,Manual,2024
VIN02969,ENG-VIN02969,Grand Vitara,VXI,Midnight Black,CNG,Automatic,2024
VIN02970,ENG-VIN02970,Ertiga,VXI,Magma Grey,CNG,Automatic,2024
VIN02971,ENG-VIN02971,Dzire,VXI,Magma Grey,Petrol,Automatic,2024
VIN02972,ENG-VIN02972,Alto,VXI,Arctic White,CNG,Automatic,2024
VIN02973,ENG-VIN02973,Baleno,VXI,Arctic White,Petrol,Manual,2024
VIN02974,ENG-VIN02974,Alto,VXI,Magma Grey,CNG,Manual,2024
VIN02975,ENG-VIN02975,Baleno,VXI,Arctic White,Petrol,Manual,2024
VIN02976,ENG-VIN02976,Dzire,VXI,Midnight Black,Petrol,Automatic,2024
VIN02977,ENG-VIN02977,Brezza,VXI,Magma Grey,Petrol,Manual,2024
VIN02978,ENG-VIN02978,Dzire,VXI,Magma Grey,Petrol,Manual,2024
VIN02979,ENG-VIN02979,Alto,VXI,Arctic White,CNG,Manual,2024
VIN02980,ENG-VIN02980,Celerio,VXI,Magma Grey,CNG,Manual,2024
VIN02981,ENG-VIN02981,Brezza,VXI,Arctic White,Petrol,Automatic,2024
VIN02982,ENG-VIN02982,Brezza,VXI,Magma Grey,CNG,Manual,2024
VIN02983,ENG-VIN02983,Grand Vitara,VXI,Arctic White,Petrol,Manual,2024
VIN02984,ENG-VIN02984,Dzire,VXI,Arctic White,Petrol,Automatic,2024
VIN02985,ENG-VIN02985,Ignis,VXI,Midnight Black,Petrol,Manual,2024
VIN02986,ENG-VIN02986,Alto,VXI,Magma Grey,CNG,Automatic,2024
VIN02987,ENG-VIN02987,Ertiga,VXI,Arctic White,Petrol,Manual,2024
VIN02988,ENG-VIN02988,Dzire,VXI,Magma Grey,Petrol,Manual,2024
VIN02989,ENG-VIN02989,Celerio,VXI,Midnight Black,CNG,Automatic,2024
VIN02990,ENG-VIN02990,Ertiga,VXI,Midnight Black,Petrol,Automatic,2024
VIN02991,ENG-VIN02991,Ertiga,VXI,Arctic White,Petrol,Automatic,2024
VIN02992,ENG-VIN02992,Grand Vitara,VXI,Midnight Black,Petrol,Manual,2024
VIN02993,ENG-VIN02993,Swift,VXI,Midnight Black,CNG,Automatic,2024
VIN02994,ENG-VIN02994,Alto,VXI,Midnight Black,CNG,Automatic,2024
VIN02995,ENG-VIN02995,Grand Vitara,VXI,Arctic White,CNG,Automatic,2024
VIN02996,ENG-VIN02996,Alto,VXI,Magma Grey,CNG,Automatic,2024
VIN02997,ENG-VIN02997,Grand Vitara,VXI,Arctic White,Petrol,Automatic,2024
VIN02998,ENG-VIN02998,Brezza,VXI,Arctic White,Petrol,Automatic,2024
VIN02999,ENG-VIN02999,Alto,VXI,Arctic White,Petrol,Automatic,2024
VIN03000,ENG-VIN03000,Dzire,VXI,Arctic White,CNG,Manual,2024
VIN03001,ENG-VIN03001,Grand Vitara,VXI,Arctic White,Petrol,Manual,2024
VIN03002,ENG-VIN03002,Swift,VXI,Magma Grey,CNG,Automatic,2024
VIN03003,ENG-VIN03003,Alto,VXI,Magma Grey,CNG,Manual,2024
VIN03004,ENG-VIN03004,Alto,VXI,Arctic White,CNG,Automatic,2024
VIN03005,ENG-VIN03005,Ertiga,VXI,Magma Grey,Petrol,Automatic,2024
VIN03006,ENG-VIN03006,Ertiga,VXI,Magma Grey,CNG,Manual,2024
VIN03007,ENG-VIN03007,Swift,VXI,Magma Grey,CNG,Automatic,2024
VIN03008,ENG-VIN03008,Grand Vitara,VXI,Midnight Black,CNG,Automatic,2024
VIN03009,ENG-VIN03009,Grand Vitara,VXI,Midnight Black,CNG,Manual,2024
VIN03010,ENG-VIN03010,Grand Vitara,VXI,Midnight Black,Petrol,Manual,2024
VIN03011,ENG-VIN03011,Dzire,VXI,Midnight Black,Petrol,Automatic,2024
VIN03012,ENG-VIN03012,Celerio,VXI,Arctic White,Petrol,Manual,2024
VIN03013,ENG-VIN03013,Ignis,VXI,Magma Grey,CNG,Manual,2024
VIN03014,ENG-VIN03014,Ignis,VXI,Midnight Black,Petrol,Manual,2024
VIN03015,ENG-VIN03015,Swift,VXI,Magma Grey,CNG,Automatic,2024
VIN03016,ENG-VIN03016,Ertiga,VXI,Arctic White,CNG,Manual,2024
VIN03017,ENG-VIN03017,Swift,VXI,Arctic White,Petrol,Automatic,2024
VIN03018,ENG-VIN03018,Baleno,VXI,Midnight Black,CNG,Manual,2024
VIN03019,ENG-VIN03019,Baleno,VXI,Midnight Black,Petrol,Manual,2024
VIN03020,ENG-VIN03020,Dzire,VXI,Magma Grey,CNG,Manual,2024
VIN03021,ENG-VIN03021,Celerio,VXI,Arctic White,CNG,Manual,2024
VIN03022,ENG-VIN03022,Dzire,VXI,Magma Grey,Petrol,Manual,2024
VIN03023,ENG-VIN03023,Dzire,VXI,Arctic White,Petrol,Automatic,2024
VIN03024,ENG-VIN03024,Swift,VXI,Midnight Black,Petrol,Manual,2024
VIN03025,ENG-VIN03025,Grand Vitara,VXI,Arctic White,Petrol,Manual,2024
VIN03026,ENG-VIN03026,Alto,VXI,Magma Grey,Petrol,Manual,2024
VIN03027,ENG-VIN03027,Grand Vitara,VXI,Magma Grey,Petrol,Manual,2024
VIN03028,ENG-VIN03028,Celerio,VXI,Midnight Black,CNG,Automatic,2024
VIN03029,ENG-VIN03029,Ertiga,VXI,Arctic White,CNG,Automatic,2024
VIN03030,ENG-VIN03030,Grand Vitara,VXI,Arctic White,CNG,Manual,2024
VIN03031,ENG-VIN03031,Brezza,VXI,Magma Grey,CNG,Manual,2024
VIN03032,ENG-VIN03032,Alto,VXI,Midnight Black,Petrol,Manual,2024
VIN03033,ENG-VIN03033,Alto,VXI,Midnight Black,Petrol,Automatic,2024
VIN03034,ENG-VIN03034,Ignis,VXI,Arctic White,Petrol,Automatic,2024
VIN03035,ENG-VIN03035,Celerio,VXI,Arctic White,CNG,Manual,2024
VIN03036,ENG-VIN03036,Grand Vitara,VXI,Magma Grey,CNG,Automatic,2024
VIN03037,ENG-VIN03037,Dzire,VXI,Arctic White,CNG,Manual,2024
VIN03038,ENG-VIN03038,Dzire,VXI,Midnight Black,Petrol,Manual,2024
VIN03039,ENG-VIN03039,Alto,VXI,Arctic White,CNG,Manual,2024
VIN03040,ENG-VIN03040,Dzire,VXI,Arctic White,CNG,Automatic,2024
VIN03041,ENG-VIN03041,Dzire,VXI,Arctic White,CNG,Automatic,2024
VIN03042,ENG-VIN03042,Dzire,VXI,Magma Grey,Petrol,Manual,2024
VIN03043,ENG-VIN03043,Dzire,VXI,Magma Grey,Petrol,Automatic,2024
VIN03044,ENG-VIN03044,Ertiga,VXI,Midnight Black,Petrol,Automatic,2024
VIN03045,ENG-VIN03045,Dzire,VXI,Arctic White,Petrol,Manual,2024
VIN03046,ENG-VIN03046,Brezza,VXI,Midnight Black,CNG,Automatic,2024
VIN03047,ENG-VIN03047,Alto,VXI,Magma Grey,Petrol,Manual,2024
VIN03048,ENG-VIN03048,Dzire,VXI,Midnight Black,CNG,Manual,2024
VIN03049,ENG-VIN03049,Alto,VXI,Magma Grey,Petrol,Automatic,2024
VIN03050,ENG-VIN03050,Ertiga,VXI,Arctic White,Petrol,Manual,2024
VIN03051,ENG-VIN03051,Alto,VXI,Arctic White,CNG,Automatic,2024
VIN03052,ENG-VIN03052,Celerio,VXI,Magma Grey,Petrol,Manual,2024
VIN03053,ENG-VIN03053,Baleno,VXI,Arctic White,Petrol,Automatic,2024
VIN03054,ENG-VIN03054,Dzire,VXI,Midnight Black,CNG,Manual,2024
VIN03055,ENG-VIN03055,Celerio,VXI,Midnight Black,Petrol,Automatic,2024
VIN03056,ENG-VIN03056,Ertiga,VXI,Magma Grey,Petrol,Automatic,2024
VIN03057,ENG-VIN03057,Alto,VXI,Arctic White,Petrol,Automatic,2024
VIN03058,ENG-VIN03058,Baleno,VXI,Magma Grey,Petrol,Automatic,2024
VIN03059,ENG-VIN03059,Brezza,VXI,Midnight Black,Petrol,Manual,2024
VIN03060,ENG-VIN03060,Ertiga,VXI,Midnight Black,Petrol,Automatic,2024
VIN03061,ENG-VIN03061,Brezza,VXI,Arctic White,Petrol,Automatic,2024
VIN03062,ENG-VIN03062,Swift,VXI,Arctic White,Petrol,Automatic,2024
VIN03063,ENG-VIN03063,Swift,VXI,Magma Grey,Petrol,Automatic,2024
VIN03064,ENG-VIN03064,Alto,VXI,Arctic White,CNG,Manual,2024
VIN03065,ENG-VIN03065,Ignis,VXI,Arctic White,Petrol,Manual,2024
VIN03066,ENG-VIN03066,Baleno,VXI,Midnight Black,CNG,Manual,2024
VIN03067,ENG-VIN03067,Alto,VXI,Arctic White,CNG,Manual,2024
VIN03068,ENG-VIN03068,Celerio,VXI,Midnight Black,Petrol,Manual,2024
VIN03069,ENG-VIN03069,Ertiga,VXI,Magma Grey,CNG,Manual,2024
VIN03070,ENG-VIN03070,Brezza,VXI,Magma Grey,Petrol,Manual,2024
VIN03071,ENG-VIN03071,Swift,VXI,Magma Grey,Petrol,Automatic,2024
VIN03072,ENG-VIN03072,Grand Vitara,VXI,Arctic White,CNG,Manual,2024
VIN03073,ENG-VIN03073,Swift,VXI,Midnight Black,Petrol,Automatic,2024
VIN03074,ENG-VIN03074,Dzire,VXI,Arctic White,Petrol,Manual,2024
VIN03075,ENG-VIN03075,Baleno,VXI,Arctic White,CNG,Manual,2024
VIN03076,ENG-VIN03076,Baleno,VXI,Magma Grey,CNG,Manual,2024
VIN03077,ENG-VIN03077,Celerio,VXI,Midnight Black,CNG,Automatic,2024
VIN03078,ENG-VIN03078,Celerio,VXI,Magma Grey,CNG,Manual,2024
VIN03079,ENG-VIN03079,Brezza,VXI,Magma Grey,CNG,Manual,2024
VIN03080,ENG-VIN03080,Baleno,VXI,Arctic White,CNG,Automatic,2024
VIN03081,ENG-VIN03081,Ertiga,VXI,Midnight Black,Petrol,Automatic,2024
VIN03082,ENG-VIN03082,Swift,VXI,Magma Grey,Petrol,Automatic,2024
VIN03083,ENG-VIN03083,Baleno,VXI,Magma Grey,CNG,Manual,2024
VIN03084,ENG-VIN03084,Celerio,VXI,Arctic White,CNG,Automatic,2024
VIN03085,ENG-VIN03085,Ertiga,VXI,Midnight Black,Petrol,Manual,2024
VIN03086,ENG-VIN03086,Grand Vitara,VXI,Arctic White,Petrol,Automatic,2024
VIN03087,ENG-VIN03087,Celerio,VXI,Midnight Black,Petrol,Manual,2024
VIN03088,ENG-VIN03088,Alto,VXI,Arctic White,CNG,Automatic,2024
VIN03089,ENG-VIN03089,Alto,VXI,Midnight Black,Petrol,Automatic,2024
VIN03090,ENG-VIN03090,Celerio,VXI,Magma Grey,CNG,Manual,2024
VIN03091,ENG-VIN03091,Brezza,VXI,Arctic White,CNG,Automatic,2024
VIN03092,ENG-VIN03092,Celerio,VXI,Magma Grey,CNG,Automatic,2024
VIN03093,ENG-VIN03093,Brezza,VXI,Magma Grey,Petrol,Automatic,2024
VIN03094,ENG-VIN03094,Grand Vitara,VXI,Midnight Black,Petrol,Manual,2024
VIN03095,ENG-VIN03095,Baleno,VXI,Magma Grey,CNG,Automatic,2024
VIN03096,ENG-VIN03096,Dzire,VXI,Magma Grey,Petrol,Manual,2024
VIN03097,ENG-VIN03097,Dzire,VXI,Arctic White,CNG,Manual,2024
VIN03098,ENG-VIN03098,Baleno,VXI,Arctic White,CNG,Automatic,2024
VIN03099,ENG-VIN03099,Brezza,VXI,Arctic White,Petrol,Manual,2024
VIN03100,ENG-VIN03100,Brezza,VXI,Midnight Black,Petrol,Automatic,2024
VIN03101,ENG-VIN03101,Ignis,VXI,Arctic White,Petrol,Manual,2024
VIN03102,ENG-VIN03102,Swift,VXI,Midnight Black,CNG,Manual,2024
VIN03103,ENG-VIN03103,Grand Vitara,VXI,Magma Grey,Petrol,Automatic,2024
VIN03104,ENG-VIN03104,Alto,VXI,Midnight Black,CNG,Manual,2024
VIN03105,ENG-VIN03105,Brezza,VXI,Arctic White,Petrol,Manual,2024
VIN03106,ENG-VIN03106,Brezza,VXI,Arctic White,CNG,Automatic,2024
VIN03107,ENG-VIN03107,Brezza,VXI,Midnight Black,Petrol,Manual,2024
VIN03108,ENG-VIN03108,Ignis,VXI,Midnight Black,CNG,Automatic,2024
VIN03109,ENG-VIN03109,Swift,VXI,Magma Grey,CNG,Automatic,2024
VIN03110,ENG-VIN03110,Alto,VXI,Arctic White,Petrol,Automatic,2024
VIN03111,ENG-VIN03111,Ignis,VXI,Magma Grey,CNG,Automatic,2024
VIN03112,ENG-VIN03112,Dzire,VXI,Midnight Black,Petrol,Automatic,2024
VIN03113,ENG-VIN03113,Brezza,VXI,Arctic White,CNG,Manual,2024
VIN03114,ENG-VIN03114,Celerio,VXI,Arctic White,Petrol,Manual,2024
VIN03115,ENG-VIN03115,Grand Vitara,VXI,Arctic White,Petrol,Manual,2024
VIN03116,ENG-VIN03116,Dzire,VXI,Magma Grey,CNG,Automatic,2024
VIN03117,ENG-VIN03117,Alto,VXI,Midnight Black,CNG,Automatic,2024
VIN03118,ENG-VIN03118,Grand Vitara,VXI,Midnight Black,CNG,Automatic,2024
VIN03119,ENG-VIN03119,Swift,VXI,Midnight Black,Petrol,Manual,2024
VIN03120,ENG-VIN03120,Ignis,VXI,Magma Grey,CNG,Manual,2024
VIN03121,ENG-VIN03121,Grand Vitara,VXI,Magma Grey,Petrol,Automatic,2024
VIN03122,ENG-VIN03122,Celerio,VXI,Arctic White,CNG,Automatic,2024
VIN03123,ENG-VIN03123,Brezza,VXI,Arctic White,Petrol,Manual,2024
VIN03124,ENG-VIN03124,Grand Vitara,VXI,Midnight Black,CNG,Automatic,2024
VIN03125,ENG-VIN03125,Dzire,VXI,Midnight Black,CNG,Manual,2024
VIN03126,ENG-VIN03126,Baleno,VXI,Midnight Black,Petrol,Manual,2024
VIN03127,ENG-VIN03127,Celerio,VXI,Magma Grey,CNG,Manual,2024
VIN03128,ENG-VIN03128,Dzire,VXI,Midnight Black,Petrol,Automatic,2024
VIN03129,ENG-VIN03129,Dzire,VXI,Midnight Black,Petrol,Automatic,2024
VIN03130,ENG-VIN03130,Baleno,VXI,Midnight Black,Petrol,Manual,2024
VIN03131,ENG-VIN03131,Baleno,VXI,Midnight Black,Petrol,Automatic,2024
VIN03132,ENG-VIN03132,Baleno,VXI,Midnight Black,Petrol,Automatic,2024
VIN03133,ENG-VIN03133,Ertiga,VXI,Magma Grey,Petrol,Manual,2024
VIN03134,ENG-VIN03134,Ignis,VXI,Arctic White,Petrol,Automatic,2024
VIN03135,ENG-VIN03135,Grand Vitara,VXI,Magma Grey,Petrol,Manual,2024
VIN03136,ENG-VIN03136,Swift,VXI,Midnight Black,Petrol,Manual,2024
VIN03137,ENG-VIN03137,Brezza,VXI,Midnight Black,CNG,Automatic,2024
VIN03138,ENG-VIN03138,Ertiga,VXI,Arctic White,Petrol,Automatic,2024
VIN03139,ENG-VIN03139,Celerio,VXI,Magma Grey,CNG,Manual,2024
VIN03140,ENG-VIN03140,Ignis,VXI,Magma Grey,Petrol,Automatic,2024
VIN03141,ENG-VIN03141,Baleno,VXI,Midnight Black,Petrol,Automatic,2024
VIN03142,ENG-VIN03142,Celerio,VXI,Midnight Black,CNG,Manual,2024
VIN03143,ENG-VIN03143,Baleno,VXI,Arctic White,CNG,Manual,2024
VIN03144,ENG-VIN03144,Grand Vitara,VXI,Magma Grey,CNG,Manual,2024
VIN03145,ENG-VIN03145,Dzire,VXI,Magma Grey,CNG,Manual,2024
VIN03146,ENG-VIN03146,Brezza,VXI,Midnight Black,CNG,Automatic,2024
VIN03147,ENG-VIN03147,Baleno,VXI,Arctic White,CNG,Automatic,2024
VIN03148,ENG-VIN03148,Swift,VXI,Midnight Black,CNG,Automatic,2024
VIN03149,ENG-VIN03149,Swift,VXI,Arctic White,Petrol,Manual,2024
VIN03150,ENG-VIN03150,Dzire,VXI,Magma Grey,CNG,Manual,2024
VIN03151,ENG-VIN03151,Alto,VXI,Midnight Black,Petrol,Automatic,2024
VIN03152,ENG-VIN03152,Grand Vitara,VXI,Arctic White,CNG,Manual,2024
VIN03153,ENG-VIN03153,Celerio,VXI,Midnight Black,Petrol,Automatic,2024
VIN03154,ENG-VIN03154,Celerio,VXI,Midnight Black,Petrol,Automatic,2024
VIN03155,ENG-VIN03155,Ertiga,VXI,Midnight Black,CNG,Automatic,2024
VIN03156,ENG-VIN03156,Alto,VXI,Midnight Black,CNG,Automatic,2024
VIN03157,ENG-VIN03157,Alto,VXI,Midnight Black,CNG,Automatic,2024
VIN03158,ENG-VIN03158,Grand Vitara,VXI,Midnight Black,Petrol,Manual,2024
VIN03159,ENG-VIN03159,Dzire,VXI,Arctic White,CNG,Manual,2024
VIN03160,ENG-VIN03160,Baleno,VXI,Arctic White,Petrol,Automatic,2024
VIN03161,ENG-VIN03161,Swift,VXI,Midnight Black,CNG,Automatic,2024
VIN03162,ENG-VIN03162,Brezza,VXI,Midnight Black,Petrol,Manual,2024
VIN03163,ENG-VIN03163,Swift,VXI,Arctic White,Petrol,Automatic,2024
VIN03164,ENG-VIN03164,Brezza,VXI,Magma Grey,Petrol,Manual,2024
VIN03165,ENG-VIN03165,Swift,VXI,Midnight Black,Petrol,Manual,2024
VIN03166,ENG-VIN03166,Celerio,VXI,Arctic White,CNG,Automatic,2024
VIN03167,ENG-VIN03167,Brezza,VXI,Arctic White,CNG,Automatic,2024
VIN03168,ENG-VIN03168,Swift,VXI,Midnight Black,CNG,Manual,2024
VIN03169,ENG-VIN03169,Brezza,VXI,Arctic White,Petrol,Manual,2024
VIN03170,ENG-VIN03170,Baleno,VXI,Arctic White,CNG,Manual,2024
VIN03171,ENG-VIN03171,Grand Vitara,VXI,Magma Grey,Petrol,Automatic,2024
VIN03172,ENG-VIN03172,Grand Vitara,VXI,Magma Grey,Petrol,Manual,2024
VIN03173,ENG-VIN03173,Grand Vitara,VXI,Midnight Black,Petrol,Automatic,2024
VIN03174,ENG-VIN03174,Swift,VXI,Arctic White,Petrol,Automatic,2024
VIN03175,ENG-VIN03175,Ignis,VXI,Magma Grey,CNG,Manual,2024
VIN03176,ENG-VIN03176,Ignis,VXI,Magma Grey,CNG,Manual,2024
VIN03177,ENG-VIN03177,Ertiga,VXI,Arctic White,Petrol,Automatic,2024
VIN03178,ENG-VIN03178,Grand Vitara,VXI,Magma Grey,Petrol,Manual,2024
VIN03179,ENG-VIN03179,Ertiga,VXI,Midnight Black,CNG,Manual,2024
VIN03180,ENG-VIN03180,Swift,VXI,Midnight Black,Petrol,Manual,2024
VIN03181,ENG-VIN03181,Grand Vitara,VXI,Arctic White,CNG,Automatic,2024
VIN03182,ENG-VIN03182,Grand Vitara,VXI,Arctic White,Petrol,Automatic,2024
VIN03183,ENG-VIN03183,Dzire,VXI,Magma Grey,CNG,Manual,2024
VIN03184,ENG-VIN03184,Ertiga,VXI,Midnight Black,CNG,Automatic,2024
VIN03185,ENG-VIN03185,Celerio,VXI,Midnight Black,Petrol,Manual,2024
VIN03186,ENG-VIN03186,Celerio,VXI,Arctic White,Petrol,Manual,2024
VIN03187,ENG-VIN03187,Baleno,VXI,Arctic White,Petrol,Manual,2024
VIN03188,ENG-VIN03188,Swift,VXI,Midnight Black,Petrol,Manual,2024
VIN03189,ENG-VIN03189,Alto,VXI,Midnight Black,CNG,Manual,2024
VIN03190,ENG-VIN03190,Ignis,VXI,Magma Grey,Petrol,Manual,2024
VIN03191,ENG-VIN03191,Alto,VXI,Midnight Black,CNG,Manual,2024
VIN03192,ENG-VIN03192,Ertiga,VXI,Magma Grey,CNG,Manual,2024
VIN03193,ENG-VIN03193,Grand Vitara,VXI,Midnight Black,CNG,Manual,2024
VIN03194,ENG-VIN03194,Dzire,VXI,Arctic White,Petrol,Automatic,2024
VIN03195,ENG-VIN03195,Swift,VXI,Arctic White,CNG,Automatic,2024
VIN03196,ENG-VIN03196,Grand Vitara,VXI,Magma Grey,CNG,Automatic,2024
VIN03197,ENG-VIN03197,Brezza,VXI,Midnight Black,Petrol,Automatic,2024
VIN03198,ENG-VIN03198,Grand Vitara,VXI,Midnight Black,CNG,Automatic,2024
VIN03199,ENG-VIN03199,Celerio,VXI,Arctic White,CNG,Manual,2024
VIN03200,ENG-VIN03200,Alto,VXI,Midnight Black,CNG,Automatic,2024
VIN03201,ENG-VIN03201,Baleno,VXI,Arctic White,Petrol,Automatic,2024
VIN03202,ENG-VIN03202,Alto,VXI,Midnight Black,Petrol,Automatic,2024
VIN03203,ENG-VIN03203,Baleno,VXI,Magma Grey,CNG,Automatic,2024
VIN03204,ENG-VIN03204,Swift,VXI,Arctic White,Petrol,Manual,2024
VIN03205,ENG-VIN03205,Ignis,VXI,Midnight Black,CNG,Automatic,2024
VIN03206,ENG-VIN03206,Dzire,VXI,Magma Grey,CNG,Automatic,2024
VIN03207,ENG-VIN03207,Ertiga,VXI,Midnight Black,CNG,Manual,2024
VIN03208,ENG-VIN03208,Grand Vitara,VXI,Magma Grey,CNG,Manual,2024
VIN03209,ENG-VIN03209,Alto,VXI,Arctic White,CNG,Automatic,2024
VIN03210,ENG-VIN03210,Celerio,VXI,Midnight Black,CNG,Manual,2024
VIN03211,ENG-VIN03211,Ignis,VXI,Arctic White,Petrol,Automatic,2024
VIN03212,ENG-VIN03212,Ertiga,VXI,Midnight Black,CNG,Manual,2024
VIN03213,ENG-VIN03213,Swift,VXI,Arctic White,CNG,Automatic,2024
VIN03214,ENG-VIN03214,Alto,VXI,Magma Grey,CNG,Automatic,2024
VIN03215,ENG-VIN03215,Celerio,VXI,Magma Grey,Petrol,Automatic,2024
VIN03216,ENG-VIN03216,Baleno,VXI,Arctic White,CNG,Automatic,2024
VIN03217,ENG-VIN03217,Alto,VXI,Midnight Black,CNG,Automatic,2024
VIN03218,ENG-VIN03218,Ignis,VXI,Magma Grey,CNG,Manual,2024
VIN03219,ENG-VIN03219,Alto,VXI,Midnight Black,CNG,Manual,2024
VIN03220,ENG-VIN03220,Baleno,VXI,Midnight Black,Petrol,Manual,2024
VIN03221,ENG-VIN03221,Swift,VXI,Arctic White,Petrol,Automatic,2024
VIN03222,ENG-VIN03222,Celerio,VXI,Midnight Black,Petrol,Automatic,2024
VIN03223,ENG-VIN03223,Swift,VXI,Midnight Black,Petrol,Automatic,2024
VIN03224,ENG-VIN03224,Baleno,VXI,Arctic White,CNG,Automatic,2024
VIN03225,ENG-VIN03225,Ertiga,VXI,Midnight Black,Petrol,Manual,2024
VIN03226,ENG-VIN03226,Celerio,VXI,Midnight Black,CNG,Automatic,2024
VIN03227,ENG-VIN03227,Baleno,VXI,Arctic White,CNG,Automatic,2024
VIN03228,ENG-VIN03228,Baleno,VXI,Magma Grey,Petrol,Automatic,2024
VIN03229,ENG-VIN03229,Dzire,VXI,Magma Grey,CNG,Automatic,2024
VIN03230,ENG-VIN03230,Alto,VXI,Arctic White,Petrol,Manual,2024
VIN03231,ENG-VIN03231,Baleno,VXI,Magma Grey,CNG,Manual,2024
VIN03232,ENG-VIN03232,Dzire,VXI,Midnight Black,Petrol,Manual,2024
VIN03233,ENG-VIN03233,Dzire,VXI,Arctic White,Petrol,Automatic,2024
VIN03234,ENG-VIN03234,Brezza,VXI,Arctic White,Petrol,Automatic,2024
VIN03235,ENG-VIN03235,Grand Vitara,VXI,Midnight Black,Petrol,Automatic,2024
VIN03236,ENG-VIN03236,Baleno,VXI,Magma Grey,CNG,Manual,2024
VIN03237,ENG-VIN03237,Ertiga,VXI,Magma Grey,CNG,Automatic,2024
VIN03238,ENG-VIN03238,Grand Vitara,VXI,Midnight Black,CNG,Manual,2024
VIN03239,ENG-VIN03239,Swift,VXI,Arctic White,Petrol,Manual,2024
VIN03240,ENG-VIN03240,Grand Vitara,VXI,Magma Grey,Petrol,Automatic,2024
VIN03241,ENG-VIN03241,Swift,VXI,Magma Grey,CNG,Automatic,2024
VIN03242,ENG-VIN03242,Celerio,VXI,Midnight Black,CNG,Manual,2024
VIN03243,ENG-VIN03243,Ertiga,VXI,Magma Grey,CNG,Manual,2024
VIN03244,ENG-VIN03244,Grand Vitara,VXI,Arctic White,CNG,Automatic,2024
VIN03245,ENG-VIN03245,Ertiga,VXI,Magma Grey,Petrol,Manual,2024
VIN03246,ENG-VIN03246,Ignis,VXI,Magma Grey,Petrol,Automatic,2024
VIN03247,ENG-VIN03247,Baleno,VXI,Midnight Black,CNG,Automatic,2024
VIN03248,ENG-VIN03248,Baleno,VXI,Midnight Black,CNG,Automatic,2024
VIN03249,ENG-VIN03249,Celerio,VXI,Magma Grey,CNG,Automatic,2024
VIN03250,ENG-VIN03250,Alto,VXI,Arctic White,CNG,Automatic,2024
VIN03251,ENG-VIN03251,Baleno,VXI,Magma Grey,Petrol,Automatic,2024
VIN03252,ENG-VIN03252,Celerio,VXI,Arctic White,CNG,Automatic,2024
VIN03253,ENG-VIN03253,Swift,VXI,Arctic White,CNG,Automatic,2024
VIN03254,ENG-VIN03254,Swift,VXI,Midnight Black,CNG,Manual,2024
VIN03255,ENG-VIN03255,Baleno,VXI,Arctic White,CNG,Manual,2024
VIN03256,ENG-VIN03256,Ertiga,VXI,Midnight Black,Petrol,Automatic,2024
VIN03257,ENG-VIN03257,Celerio,VXI,Midnight Black,Petrol,Automatic,2024
VIN03258,ENG-VIN03258,Celerio,VXI,Arctic White,Petrol,Automatic,2024
VIN03259,ENG-VIN03259,Swift,VXI,Arctic White,Petrol,Manual,2024
VIN03260,ENG-VIN03260,Swift,VXI,Arctic White,CNG,Automatic,2024
VIN03261,ENG-VIN03261,Ertiga,VXI,Magma Grey,Petrol,Automatic,2024
VIN03262,ENG-VIN03262,Alto,VXI,Midnight Black,CNG,Manual,2024
VIN03263,ENG-VIN03263,Baleno,VXI,Magma Grey,Petrol,Manual,2024
VIN03264,ENG-VIN03264,Ertiga,VXI,Arctic White,CNG,Automatic,2024
VIN03265,ENG-VIN03265,Alto,VXI,Arctic White,Petrol,Automatic,2024
VIN03266,ENG-VIN03266,Ertiga,VXI,Midnight Black,CNG,Manual,2024
VIN03267,ENG-VIN03267,Alto,VXI,Magma Grey,CNG,Automatic,2024
VIN03268,ENG-VIN03268,Baleno,VXI,Midnight Black,Petrol,Automatic,2024
VIN03269,ENG-VIN03269,Alto,VXI,Arctic White,CNG,Manual,2024
VIN03270,ENG-VIN03270,Baleno,VXI,Midnight Black,CNG,Automatic,2024
VIN03271,ENG-VIN03271,Grand Vitara,VXI,Magma Grey,CNG,Manual,2024
VIN03272,ENG-VIN03272,Ertiga,VXI,Arctic White,CNG,Automatic,2024
VIN03273,ENG-VIN03273,Swift,VXI,Magma Grey,Petrol,Automatic,2024
VIN03274,ENG-VIN03274,Ignis,VXI,Magma Grey,Petrol,Manual,2024
VIN03275,ENG-VIN03275,Swift,VXI,Arctic White,Petrol,Manual,2024
VIN03276,ENG-VIN03276,Swift,VXI,Arctic White,CNG,Manual,2024
VIN03277,ENG-VIN03277,Alto,VXI,Midnight Black,CNG,Automatic,2024
VIN03278,ENG-VIN03278,Baleno,VXI,Arctic White,Petrol,Manual,2024
VIN03279,ENG-VIN03279,Swift,VXI,Arctic White,CNG,Automatic,2024
VIN03280,ENG-VIN03280,Swift,VXI,Midnight Black,CNG,Manual,2024
VIN03281,ENG-VIN03281,Celerio,VXI,Magma Grey,CNG,Automatic,2024
VIN03282,ENG-VIN03282,Baleno,VXI,Magma Grey,CNG,Automatic,2024
VIN03283,ENG-VIN03283,Brezza,VXI,Magma Grey,CNG,Automatic,2024
VIN03284,ENG-VIN03284,Ignis,VXI,Midnight Black,Petrol,Automatic,2024
VIN03285,ENG-VIN03285,Baleno,VXI,Midnight Black,CNG,Manual,2024
VIN03286,ENG-VIN03286,Baleno,VXI,Magma Grey,CNG,Manual,2024
VIN03287,ENG-VIN03287,Brezza,VXI,Midnight Black,CNG,Manual,2024
VIN03288,ENG-VIN03288,Celerio,VXI,Arctic White,Petrol,Automatic,2024
VIN03289,ENG-VIN03289,Grand Vitara,VXI,Arctic White,Petrol,Manual,2024
VIN03290,ENG-VIN03290,Ertiga,VXI,Arctic White,CNG,Manual,2024
VIN03291,ENG-VIN03291,Ignis,VXI,Midnight Black,CNG,Manual,2024
VIN03292,ENG-VIN03292,Baleno,VXI,Magma Grey,CNG,Manual,2024
VIN03293,ENG-VIN03293,Alto,VXI,Arctic White,Petrol,Automatic,2024
VIN03294,ENG-VIN03294,Brezza,VXI,Arctic White,Petrol,Automatic,2024
VIN03295,ENG-VIN03295,Dzire,VXI,Arctic White,CNG,Automatic,2024
VIN03296,ENG-VIN03296,Ignis,VXI,Midnight Black,CNG,Automatic,2024
VIN03297,ENG-VIN03297,Brezza,VXI,Magma Grey,Petrol,Automatic,2024
VIN03298,ENG-VIN03298,Baleno,VXI,Arctic White,CNG,Manual,2024
VIN03299,ENG-VIN03299,Ertiga,VXI,Magma Grey,Petrol,Manual,2024
VIN03300,ENG-VIN03300,Celerio,VXI,Arctic White,CNG,Automatic,2024
VIN03301,ENG-VIN03301,Ignis,VXI,Magma Grey,Petrol,Manual,2024
VIN03302,ENG-VIN03302,Baleno,VXI,Midnight Black,CNG,Manual,2024
VIN03303,ENG-VIN03303,Baleno,VXI,Midnight Black,CNG,Manual,2024
VIN03304,ENG-VIN03304,Ertiga,VXI,Midnight Black,Petrol,Automatic,2024
VIN03305,ENG-VIN03305,Celerio,VXI,Midnight Black,Petrol,Automatic,2024
VIN03306,ENG-VIN03306,Ertiga,VXI,Arctic White,CNG,Automatic,2024
VIN03307,ENG-VIN03307,Dzire,VXI,Magma Grey,Petrol,Automatic,2024
VIN03308,ENG-VIN03308,Baleno,VXI,Magma Grey,Petrol,Automatic,2024
VIN03309,ENG-VIN03309,Baleno,VXI,Arctic White,Petrol,Automatic,2024
VIN03310,ENG-VIN03310,Grand Vitara,VXI,Magma Grey,CNG,Manual,2024
VIN03311,ENG-VIN03311,Dzire,VXI,Midnight Black,Petrol,Automatic,2024
VIN03312,ENG-VIN03312,Celerio,VXI,Arctic White,Petrol,Manual,2024
VIN03313,ENG-VIN03313,Baleno,VXI,Magma Grey,Petrol,Automatic,2024
VIN03314,ENG-VIN03314,Baleno,VXI,Magma Grey,Petrol,Manual,2024
VIN03315,ENG-VIN03315,Ignis,VXI,Midnight Black,CNG,Automatic,2024
VIN03316,ENG-VIN03316,Alto,VXI,Magma Grey,CNG,Automatic,2024
VIN03317,ENG-VIN03317,Brezza,VXI,Arctic White,CNG,Automatic,2024
VIN03318,ENG-VIN03318,Ertiga,VXI,Arctic White,Petrol,Automatic,2024
VIN03319,ENG-VIN03319,Brezza,VXI,Midnight Black,CNG,Automatic,2024
VIN03320,ENG-VIN03320,Ertiga,VXI,Magma Grey,CNG,Manual,2024
VIN03321,ENG-VIN03321,Alto,VXI,Midnight Black,CNG,Automatic,2024
VIN03322,ENG-VIN03322,Celerio,VXI,Magma Grey,CNG,Automatic,2024
VIN03323,ENG-VIN03323,Swift,VXI,Arctic White,CNG,Manual,2024
VIN03324,ENG-VIN03324,Grand Vitara,VXI,Magma Grey,Petrol,Manual,2024
VIN03325,ENG-VIN03325,Baleno,VXI,Magma Grey,CNG,Automatic,2024
VIN03326,ENG-VIN03326,Alto,VXI,Arctic White,CNG,Manual,2024
VIN03327,ENG-VIN03327,Ertiga,VXI,Magma Grey,Petrol,Automatic,2024
VIN03328,ENG-VIN03328,Baleno,VXI,Magma Grey,CNG,Manual,2024
VIN03329,ENG-VIN03329,Baleno,VXI,Midnight Black,Petrol,Manual,2024
VIN03330,ENG-VIN03330,Grand Vitara,VXI,Midnight Black,Petrol,Automatic,2024
VIN03331,ENG-VIN03331,Grand Vitara,VXI,Midnight Black,Petrol,Manual,2024
VIN03332,ENG-VIN03332,Alto,VXI,Midnight Black,Petrol,Manual,2024
VIN03333,ENG-VIN03333,Grand Vitara,VXI,Arctic White,CNG,Automatic,2024
VIN03334,ENG-VIN03334,Brezza,VXI,Arctic White,CNG,Manual,2024
VIN03335,ENG-VIN03335,Baleno,VXI,Magma Grey,Petrol,Automatic,2024
VIN03336,ENG-VIN03336,Ertiga,VXI,Arctic White,CNG,Automatic,2024
VIN03337,ENG-VIN03337,Dzire,VXI,Midnight Black,Petrol,Automatic,2024
VIN03338,ENG-VIN03338,Alto,VXI,Magma Grey,CNG,Manual,2024
VIN03339,ENG-VIN03339,Ignis,VXI,Arctic White,CNG,Manual,2024
VIN03340,ENG-VIN03340,Ignis,VXI,Midnight Black,Petrol,Automatic,2024
VIN03341,ENG-VIN03341,Baleno,VXI,Magma Grey,Petrol,Manual,2024
VIN03342,ENG-VIN03342,Swift,VXI,Magma Grey,CNG,Manual,2024
VIN03343,ENG-VIN03343,Brezza,VXI,Midnight Black,Petrol,Automatic,2024
VIN03344,ENG-VIN03344,Dzire,VXI,Magma Grey,Petrol,Automatic,2024
VIN03345,ENG-VIN03345,Brezza,VXI,Midnight Black,CNG,Automatic,2024
VIN03346,ENG-VIN03346,Alto,VXI,Magma Grey,CNG,Automatic,2024
VIN03347,ENG-VIN03347,Baleno,VXI,Arctic White,CNG,Automatic,2024
VIN03348,ENG-VIN03348,Swift,VXI,Magma Grey,CNG,Manual,2024
VIN03349,ENG-VIN03349,Alto,VXI,Midnight Black,Petrol,Automatic,2024
VIN03350,ENG-VIN03350,Ignis,VXI,Midnight Black,CNG,Automatic,2024
VIN03351,ENG-VIN03351,Celerio,VXI,Magma Grey,CNG,Automatic,2024
VIN03352,ENG-VIN03352,Celerio,VXI,Magma Grey,CNG,Automatic,2024
VIN03353,ENG-VIN03353,Celerio,VXI,Midnight Black,CNG,Manual,2024
VIN03354,ENG-VIN03354,Ertiga,VXI,Arctic White,CNG,Manual,2024
VIN03355,ENG-VIN03355,Swift,VXI,Magma Grey,CNG,Manual,2024
VIN03356,ENG-VIN03356,Ertiga,VXI,Magma Grey,CNG,Manual,2024
VIN03357,ENG-VIN03357,Alto,VXI,Arctic White,CNG,Manual,2024
VIN03358,ENG-VIN03358,Dzire,VXI,Magma Grey,CNG,Automatic,2024
VIN03359,ENG-VIN03359,Baleno,VXI,Midnight Black,CNG,Automatic,2024
VIN03360,ENG-VIN03360,Brezza,VXI,Magma Grey,CNG,Manual,2024
VIN03361,ENG-VIN03361,Baleno,VXI,Arctic White,CNG,Automatic,2024
VIN03362,ENG-VIN03362,Ertiga,VXI,Midnight Black,Petrol,Automatic,2024
VIN03363,ENG-VIN03363,Brezza,VXI,Midnight Black,Petrol,Automatic,2024
VIN03364,ENG-VIN03364,Ertiga,VXI,Arctic White,CNG,Automatic,2024
VIN03365,ENG-VIN03365,Dzire,VXI,Magma Grey,Petrol,Manual,2024
VIN03366,ENG-VIN03366,Alto,VXI,Magma Grey,Petrol,Automatic,2024
VIN03367,ENG-VIN03367,Dzire,VXI,Midnight Black,Petrol,Automatic,2024
VIN03368,ENG-VIN03368,Alto,VXI,Magma Grey,Petrol,Automatic,2024
VIN03369,ENG-VIN03369,Grand Vitara,VXI,Midnight Black,Petrol,Automatic,2024
VIN03370,ENG-VIN03370,Brezza,VXI,Midnight Black,CNG,Automatic,2024
VIN03371,ENG-VIN03371,Alto,VXI,Arctic White,CNG,Manual,2024
VIN03372,ENG-VIN03372,Grand Vitara,VXI,Magma Grey,Petrol,Automatic,2024
VIN03373,ENG-VIN03373,Baleno,VXI,Midnight Black,CNG,Automatic,2024
VIN03374,ENG-VIN03374,Celerio,VXI,Magma Grey,Petrol,Manual,2024
VIN03375,ENG-VIN03375,Baleno,VXI,Midnight Black,Petrol,Manual,2024
VIN03376,ENG-VIN03376,Dzire,VXI,Magma Grey,Petrol,Automatic,2024
VIN03377,ENG-VIN03377,Alto,VXI,Magma Grey,CNG,Manual,2024
VIN03378,ENG-VIN03378,Swift,VXI,Magma Grey,Petrol,Manual,2024
VIN03379,ENG-VIN03379,Swift,VXI,Arctic White,CNG,Automatic,2024
VIN03380,ENG-VIN03380,Brezza,VXI,Midnight Black,Petrol,Automatic,2024
VIN03381,ENG-VIN03381,Alto,VXI,Arctic White,CNG,Automatic,2024
VIN03382,ENG-VIN03382,Swift,VXI,Magma Grey,Petrol,Automatic,2024
VIN03383,ENG-VIN03383,Alto,VXI,Midnight Black,CNG,Automatic,2024
VIN03384,ENG-VIN03384,Brezza,VXI,Arctic White,Petrol,Automatic,2024
VIN03385,ENG-VIN03385,Grand Vitara,VXI,Magma Grey,CNG,Automatic,2024
VIN03386,ENG-VIN03386,Ignis,VXI,Midnight Black,Petrol,Automatic,2024
VIN03387,ENG-VIN03387,Alto,VXI,Midnight Black,CNG,Automatic,2024
VIN03388,ENG-VIN03388,Brezza,VXI,Arctic White,Petrol,Manual,2024
VIN03389,ENG-VIN03389,Celerio,VXI,Arctic White,Petrol,Manual,2024
VIN03390,ENG-VIN03390,Celerio,VXI,Midnight Black,Petrol,Automatic,2024
VIN03391,ENG-VIN03391,Dzire,VXI,Midnight Black,Petrol,Automatic,2024
VIN03392,ENG-VIN03392,Brezza,VXI,Magma Grey,Petrol,Manual,2024
VIN03393,ENG-VIN03393,Dzire,VXI,Arctic White,CNG,Automatic,2024
VIN03394,ENG-VIN03394,Baleno,VXI,Magma Grey,CNG,Automatic,2024
VIN03395,ENG-VIN03395,Ertiga,VXI,Midnight Black,Petrol,Manual,2024
VIN03396,ENG-VIN03396,Baleno,VXI,Magma Grey,Petrol,Manual,2024
VIN03397,ENG-VIN03397,Ertiga,VXI,Arctic White,CNG,Manual,2024
VIN03398,ENG-VIN03398,Baleno,VXI,Magma Grey,Petrol,Automatic,2024
VIN03399,ENG-VIN03399,Dzire,VXI,Midnight Black,Petrol,Manual,2024
VIN03400,ENG-VIN03400,Celerio,VXI,Midnight Black,Petrol,Automatic,2024
VIN03401,ENG-VIN03401,Dzire,VXI,Magma Grey,CNG,Automatic,2024
VIN03402,ENG-VIN03402,Celerio,VXI,Arctic White,CNG,Automatic,2024
VIN03403,ENG-VIN03403,Dzire,VXI,Midnight Black,CNG,Manual,2024
VIN03404,ENG-VIN03404,Alto,VXI,Arctic White,Petrol,Manual,2024
VIN03405,ENG-VIN03405,Swift,VXI,Magma Grey,CNG,Manual,2024
VIN03406,ENG-VIN03406,Grand Vitara,VXI,Magma Grey,CNG,Manual,2024
VIN03407,ENG-VIN03407,Dzire,VXI,Midnight Black,CNG,Automatic,2024
VIN03408,ENG-VIN03408,Grand Vitara,VXI,Arctic White,Petrol,Manual,2024
VIN03409,ENG-VIN03409,Brezza,VXI,Midnight Black,CNG,Manual,2024
VIN03410,ENG-VIN03410,Brezza,VXI,Arctic White,Petrol,Manual,2024
VIN03411,ENG-VIN03411,Alto,VXI,Midnight Black,Petrol,Manual,2024
VIN03412,ENG-VIN03412,Swift,VXI,Magma Grey,CNG,Manual,2024
VIN03413,ENG-VIN03413,Brezza,VXI,Midnight Black,CNG,Automatic,2024
VIN03414,ENG-VIN03414,Grand Vitara,VXI,Magma Grey,Petrol,Automatic,2024
VIN03415,ENG-VIN03415,Ignis,VXI,Arctic White,Petrol,Automatic,2024
VIN03416,ENG-VIN03416,Dzire,VXI,Arctic White,CNG,Automatic,2024
VIN03417,ENG-VIN03417,Brezza,VXI,Midnight Black,CNG,Automatic,2024
VIN03418,ENG-VIN03418,Celerio,VXI,Magma Grey,Petrol,Manual,2024
VIN03419,ENG-VIN03419,Dzire,VXI,Arctic White,CNG,Manual,2024
VIN03420,ENG-VIN03420,Celerio,VXI,Magma Grey,CNG,Automatic,2024
VIN03421,ENG-VIN03421,Ignis,VXI,Midnight Black,CNG,Automatic,2024
VIN03422,ENG-VIN03422,Ertiga,VXI,Arctic White,CNG,Manual,2024
VIN03423,ENG-VIN03423,Swift,VXI,Magma Grey,Petrol,Manual,2024
VIN03424,ENG-VIN03424,Brezza,VXI,Midnight Black,CNG,Manual,2024
VIN03425,ENG-VIN03425,Swift,VXI,Magma Grey,CNG,Manual,2024
VIN03426,ENG-VIN03426,Alto,VXI,Midnight Black,CNG,Automatic,2024
VIN03427,ENG-VIN03427,Swift,VXI,Arctic White,Petrol,Manual,2024
VIN03428,ENG-VIN03428,Brezza,VXI,Magma Grey,Petrol,Automatic,2024
VIN03429,ENG-VIN03429,Ignis,VXI,Midnight Black,Petrol,Automatic,2024
VIN03430,ENG-VIN03430,Alto,VXI,Magma Grey,CNG,Manual,2024
VIN03431,ENG-VIN03431,Ignis,VXI,Magma Grey,CNG,Automatic,2024
VIN03432,ENG-VIN03432,Celerio,VXI,Midnight Black,CNG,Automatic,2024
VIN03433,ENG-VIN03433,Grand Vitara,VXI,Magma Grey,CNG,Automatic,2024
VIN03434,ENG-VIN03434,Baleno,VXI,Magma Grey,Petrol,Automatic,2024
VIN03435,ENG-VIN03435,Dzire,VXI,Midnight Black,CNG,Manual,2024
VIN03436,ENG-VIN03436,Celerio,VXI,Magma Grey,Petrol,Automatic,2024
VIN03437,ENG-VIN03437,Alto,VXI,Midnight Black,CNG,Automatic,2024
VIN03438,ENG-VIN03438,Dzire,VXI,Arctic White,CNG,Manual,2024
VIN03439,ENG-VIN03439,Celerio,VXI,Magma Grey,CNG,Automatic,2024
VIN03440,ENG-VIN03440,Alto,VXI,Magma Grey,CNG,Automatic,2024
VIN03441,ENG-VIN03441,Baleno,VXI,Midnight Black,CNG,Automatic,2024
VIN03442,ENG-VIN03442,Brezza,VXI,Arctic White,Petrol,Automatic,2024
VIN03443,ENG-VIN03443,Celerio,VXI,Midnight Black,Petrol,Automatic,2024
VIN03444,ENG-VIN03444,Dzire,VXI,Arctic White,CNG,Automatic,2024
VIN03445,ENG-VIN03445,Alto,VXI,Arctic White,Petrol,Automatic,2024
VIN03446,ENG-VIN03446,Celerio,VXI,Arctic White,CNG,Manual,2024
VIN03447,ENG-VIN03447,Dzire,VXI,Midnight Black,Petrol,Automatic,2024
VIN03448,ENG-VIN03448,Baleno,VXI,Magma Grey,CNG,Automatic,2024
VIN03449,ENG-VIN03449,Celerio,VXI,Midnight Black,Petrol,Automatic,2024
VIN03450,ENG-VIN03450,Alto,VXI,Magma Grey,Petrol,Manual,2024
VIN03451,ENG-VIN03451,Alto,VXI,Arctic White,Petrol,Automatic,2024
VIN03452,ENG-VIN03452,Celerio,VXI,Arctic White,CNG,Manual,2024
VIN03453,ENG-VIN03453,Ignis,VXI,Arctic White,Petrol,Manual,2024
VIN03454,ENG-VIN03454,Grand Vitara,VXI,Magma Grey,Petrol,Manual,2024
VIN03455,ENG-VIN03455,Celerio,VXI,Arctic White,CNG,Automatic,2024
VIN03456,ENG-VIN03456,Ertiga,VXI,Arctic White,CNG,Manual,2024
VIN03457,ENG-VIN03457,Brezza,VXI,Magma Grey,Petrol,Manual,2024
VIN03458,ENG-VIN03458,Baleno,VXI,Arctic White,CNG,Manual,2024
VIN03459,ENG-VIN03459,Celerio,VXI,Midnight Black,CNG,Manual,2024
VIN03460,ENG-VIN03460,Alto,VXI,Magma Grey,CNG,Manual,2024
VIN03461,ENG-VIN03461,Ertiga,VXI,Magma Grey,Petrol,Automatic,2024
VIN03462,ENG-VIN03462,Ignis,VXI,Arctic White,CNG,Automatic,2024
VIN03463,ENG-VIN03463,Brezza,VXI,Magma Grey,CNG,Manual,2024
VIN03464,ENG-VIN03464,Swift,VXI,Arctic White,CNG,Automatic,2024
VIN03465,ENG-VIN03465,Alto,VXI,Magma Grey,CNG,Manual,2024
VIN03466,ENG-VIN03466,Celerio,VXI,Midnight Black,Petrol,Manual,2024
VIN03467,ENG-VIN03467,Ignis,VXI,Midnight Black,Petrol,Automatic,2024
VIN03468,ENG-VIN03468,Brezza,VXI,Arctic White,Petrol,Manual,2024
VIN03469,ENG-VIN03469,Ignis,VXI,Magma Grey,CNG,Manual,2024
VIN03470,ENG-VIN03470,Baleno,VXI,Arctic White,Petrol,Manual,2024
VIN03471,ENG-VIN03471,Brezza,VXI,Midnight Black,CNG,Automatic,2024
VIN03472,ENG-VIN03472,Alto,VXI,Midnight Black,Petrol,Manual,2024
VIN03473,ENG-VIN03473,Celerio,VXI,Midnight Black,CNG,Manual,2024
VIN03474,ENG-VIN03474,Ignis,VXI,Midnight Black,CNG,Manual,2024
VIN03475,ENG-VIN03475,Ertiga,VXI,Arctic White,Petrol,Manual,2024
VIN03476,ENG-VIN03476,Brezza,VXI,Midnight Black,CNG,Manual,2024
VIN03477,ENG-VIN03477,Dzire,VXI,Magma Grey,CNG,Manual,2024
VIN03478,ENG-VIN03478,Baleno,VXI,Midnight Black,CNG,Manual,2024
VIN03479,ENG-VIN03479,Ertiga,VXI,Magma Grey,Petrol,Manual,2024
VIN03480,ENG-VIN03480,Ignis,VXI,Midnight Black,CNG,Manual,2024
VIN03481,ENG-VIN03481,Swift,VXI,Magma Grey,CNG,Automatic,2024
VIN03482,ENG-VIN03482,Dzire,VXI,Midnight Black,CNG,Automatic,2024
VIN03483,ENG-VIN03483,Alto,VXI,Arctic White,CNG,Automatic,2024
VIN03484,ENG-VIN03484,Ignis,VXI,Arctic White,Petrol,Automatic,2024
VIN03485,ENG-VIN03485,Ertiga,VXI,Midnight Black,Petrol,Automatic,2024
VIN03486,ENG-VIN03486,Grand Vitara,VXI,Midnight Black,CNG,Manual,2024
VIN03487,ENG-VIN03487,Swift,VXI,Magma Grey,CNG,Manual,2024
VIN03488,ENG-VIN03488,Ignis,VXI,Magma Grey,CNG,Manual,2024
VIN03489,ENG-VIN03489,Grand Vitara,VXI,Magma Grey,Petrol,Manual,2024
VIN03490,ENG-VIN03490,Ertiga,VXI,Arctic White,Petrol,Manual,2024
VIN03491,ENG-VIN03491,Alto,VXI,Magma Grey,Petrol,Automatic,2024
VIN03492,ENG-VIN03492,Alto,VXI,Magma Grey,Petrol,Manual,2024
VIN03493,ENG-VIN03493,Grand Vitara,VXI,Magma Grey,CNG,Automatic,2024
VIN03494,ENG-VIN03494,Ignis,VXI,Magma Grey,CNG,Manual,2024
VIN03495,ENG-VIN03495,Baleno,VXI,Arctic White,CNG,Manual,2024
VIN03496,ENG-VIN03496,Brezza,VXI,Midnight Black,CNG,Automatic,2024
VIN03497,ENG-VIN03497,Brezza,VXI,Arctic White,CNG,Manual,2024
VIN03498,ENG-VIN03498,Brezza,VXI,Magma Grey,CNG,Automatic,2024
VIN03499,ENG-VIN03499,Brezza,VXI,Arctic White,CNG,Manual,2024
VIN03500,ENG-VIN03500,Ignis,VXI,Midnight Black,Petrol,Automatic,2024
VIN03501,ENG-VIN03501,Celerio,VXI,Arctic White,Petrol,Manual,2024
VIN03502,ENG-VIN03502,Celerio,VXI,Midnight Black,CNG,Automatic,2024
VIN03503,ENG-VIN03503,Brezza,VXI,Arctic White,Petrol,Manual,2024
VIN03504,ENG-VIN03504,Ertiga,VXI,Magma Grey,CNG,Automatic,2024
VIN03505,ENG-VIN03505,Ignis,VXI,Arctic White,Petrol,Automatic,2024
VIN03506,ENG-VIN03506,Celerio,VXI,Magma Grey,Petrol,Automatic,2024
VIN03507,ENG-VIN03507,Ignis,VXI,Arctic White,CNG,Manual,2024
VIN03508,ENG-VIN03508,Brezza,VXI,Magma Grey,Petrol,Automatic,2024
VIN03509,ENG-VIN03509,Brezza,VXI,Magma Grey,Petrol,Automatic,2024
VIN03510,ENG-VIN03510,Swift,VXI,Arctic White,CNG,Automatic,2024
VIN03511,ENG-VIN03511,Celerio,VXI,Midnight Black,Petrol,Automatic,2024
VIN03512,ENG-VIN03512,Ignis,VXI,Arctic White,Petrol,Manual,2024
VIN03513,ENG-VIN03513,Celerio,VXI,Magma Grey,Petrol,Manual,2024
VIN03514,ENG-VIN03514,Alto,VXI,Arctic White,Petrol,Manual,2024
VIN03515,ENG-VIN03515,Alto,VXI,Midnight Black,Petrol,Manual,2024
VIN03516,ENG-VIN03516,Swift,VXI,Arctic White,Petrol,Manual,2024
VIN03517,ENG-VIN03517,Grand Vitara,VXI,Magma Grey,CNG,Manual,2024
VIN03518,ENG-VIN03518,Celerio,VXI,Magma Grey,CNG,Manual,2024
VIN03519,ENG-VIN03519,Alto,VXI,Arctic White,Petrol,Manual,2024
VIN03520,ENG-VIN03520,Alto,VXI,Arctic White,CNG,Automatic,2024
VIN03521,ENG-VIN03521,Ignis,VXI,Midnight Black,CNG,Automatic,2024
VIN03522,ENG-VIN03522,Brezza,VXI,Magma Grey,Petrol,Automatic,2024
VIN03523,ENG-VIN03523,Brezza,VXI,Magma Grey,CNG,Automatic,2024
VIN03524,ENG-VIN03524,Grand Vitara,VXI,Midnight Black,Petrol,Automatic,2024
VIN03525,ENG-VIN03525,Celerio,VXI,Magma Grey,Petrol,Manual,2024
VIN03526,ENG-VIN03526,Grand Vitara,VXI,Midnight Black,Petrol,Manual,2024
VIN03527,ENG-VIN03527,Ertiga,VXI,Midnight Black,CNG,Manual,2024
VIN03528,ENG-VIN03528,Grand Vitara,VXI,Midnight Black,Petrol,Manual,2024
VIN03529,ENG-VIN03529,Swift,VXI,Arctic White,CNG,Automatic,2024
VIN03530,ENG-VIN03530,Ignis,VXI,Magma Grey,Petrol,Automatic,2024
VIN03531,ENG-VIN03531,Ertiga,VXI,Arctic White,Petrol,Manual,2024
VIN03532,ENG-VIN03532,Ertiga,VXI,Magma Grey,CNG,Automatic,2024
VIN03533,ENG-VIN03533,Celerio,VXI,Arctic White,CNG,Manual,2024
VIN03534,ENG-VIN03534,Ertiga,VXI,Magma Grey,Petrol,Manual,2024
VIN03535,ENG-VIN03535,Alto,VXI,Magma Grey,Petrol,Manual,2024
VIN03536,ENG-VIN03536,Grand Vitara,VXI,Arctic White,Petrol,Automatic,2024
VIN03537,ENG-VIN03537,Swift,VXI,Midnight Black,Petrol,Automatic,2024
VIN03538,ENG-VIN03538,Grand Vitara,VXI,Magma Grey,Petrol,Manual,2024
VIN03539,ENG-VIN03539,Grand Vitara,VXI,Arctic White,Petrol,Manual,2024
VIN03540,ENG-VIN03540,Ignis,VXI,Magma Grey,Petrol,Automatic,2024
VIN03541,ENG-VIN03541,Ignis,VXI,Arctic White,CNG,Automatic,2024
VIN03542,ENG-VIN03542,Brezza,VXI,Arctic White,CNG,Manual,2024
VIN03543,ENG-VIN03543,Ertiga,VXI,Arctic White,CNG,Manual,2024
VIN03544,ENG-VIN03544,Grand Vitara,VXI,Midnight Black,Petrol,Manual,2024
VIN03545,ENG-VIN03545,Alto,VXI,Arctic White,Petrol,Manual,2024
VIN03546,ENG-VIN03546,Dzire,VXI,Midnight Black,CNG,Manual,2024
VIN03547,ENG-VIN03547,Grand Vitara,VXI,Arctic White,Petrol,Automatic,2024
VIN03548,ENG-VIN03548,Alto,VXI,Magma Grey,CNG,Automatic,2024
VIN03549,ENG-VIN03549,Celerio,VXI,Magma Grey,Petrol,Manual,2024
VIN03550,ENG-VIN03550,Baleno,VXI,Magma Grey,CNG,Manual,2024
VIN03551,ENG-VIN03551,Brezza,VXI,Midnight Black,CNG,Automatic,2024
VIN03552,ENG-VIN03552,Baleno,VXI,Magma Grey,Petrol,Manual,2024
VIN03553,ENG-VIN03553,Celerio,VXI,Midnight Black,Petrol,Manual,2024
VIN03554,ENG-VIN03554,Brezza,VXI,Magma Grey,CNG,Manual,2024
VIN03555,ENG-VIN03555,Ertiga,VXI,Magma Grey,CNG,Manual,2024
VIN03556,ENG-VIN03556,Baleno,VXI,Magma Grey,CNG,Automatic,2024
VIN03557,ENG-VIN03557,Celerio,VXI,Arctic White,Petrol,Automatic,2024
VIN03558,ENG-VIN03558,Swift,VXI,Midnight Black,Petrol,Manual,2024
VIN03559,ENG-VIN03559,Ignis,VXI,Magma Grey,CNG,Automatic,2024
VIN03560,ENG-VIN03560,Swift,VXI,Midnight Black,CNG,Automatic,2024
VIN03561,ENG-VIN03561,Ignis,VXI,Magma Grey,Petrol,Manual,2024
VIN03562,ENG-VIN03562,Swift,VXI,Magma Grey,Petrol,Automatic,2024
VIN03563,ENG-VIN03563,Baleno,VXI,Magma Grey,CNG,Automatic,2024
VIN03564,ENG-VIN03564,Dzire,VXI,Magma Grey,CNG,Automatic,2024
VIN03565,ENG-VIN03565,Baleno,VXI,Arctic White,CNG,Automatic,2024
VIN03566,ENG-VIN03566,Ertiga,VXI,Magma Grey,Petrol,Automatic,2024
VIN03567,ENG-VIN03567,Grand Vitara,VXI,Arctic White,Petrol,Manual,2024
VIN03568,ENG-VIN03568,Baleno,VXI,Midnight Black,Petrol,Manual,2024
VIN03569,ENG-VIN03569,Swift,VXI,Midnight Black,Petrol,Manual,2024
VIN03570,ENG-VIN03570,Dzire,VXI,Midnight Black,Petrol,Automatic,2024
VIN03571,ENG-VIN03571,Grand Vitara,VXI,Magma Grey,Petrol,Manual,2024
VIN03572,ENG-VIN03572,Alto,VXI,Arctic White,CNG,Manual,2024
VIN03573,ENG-VIN03573,Alto,VXI,Midnight Black,CNG,Automatic,2024
VIN03574,ENG-VIN03574,Celerio,VXI,Magma Grey,CNG,Automatic,2024
VIN03575,ENG-VIN03575,Swift,VXI,Arctic White,Petrol,Manual,2024
VIN03576,ENG-VIN03576,Grand Vitara,VXI,Midnight Black,Petrol,Automatic,2024
VIN03577,ENG-VIN03577,Ignis,VXI,Arctic White,Petrol,Automatic,2024
VIN03578,ENG-VIN03578,Dzire,VXI,Magma Grey,CNG,Automatic,2024
VIN03579,ENG-VIN03579,Baleno,VXI,Midnight Black,Petrol,Automatic,2024
VIN03580,ENG-VIN03580,Baleno,VXI,Midnight Black,Petrol,Automatic,2024
VIN03581,ENG-VIN03581,Baleno,VXI,Arctic White,Petrol,Automatic,2024
VIN03582,ENG-VIN03582,Celerio,VXI,Midnight Black,CNG,Automatic,2024
VIN03583,ENG-VIN03583,Celerio,VXI,Arctic White,CNG,Automatic,2024
VIN03584,ENG-VIN03584,Baleno,VXI,Arctic White,CNG,Automatic,2024
VIN03585,ENG-VIN03585,Celerio,VXI,Midnight Black,Petrol,Automatic,2024
VIN03586,ENG-VIN03586,Celerio,VXI,Midnight Black,Petrol,Automatic,2024
VIN03587,ENG-VIN03587,Ignis,VXI,Midnight Black,Petrol,Manual,2024
VIN03588,ENG-VIN03588,Ignis,VXI,Arctic White,CNG,Automatic,2024
VIN03589,ENG-VIN03589,Brezza,VXI,Arctic White,Petrol,Manual,2024
VIN03590,ENG-VIN03590,Ertiga,VXI,Arctic White,Petrol,Manual,2024
VIN03591,ENG-VIN03591,Brezza,VXI,Arctic White,Petrol,Manual,2024
VIN03592,ENG-VIN03592,Celerio,VXI,Arctic White,CNG,Automatic,2024
VIN03593,ENG-VIN03593,Alto,VXI,Midnight Black,CNG,Manual,2024
VIN03594,ENG-VIN03594,Celerio,VXI,Midnight Black,Petrol,Manual,2024
VIN03595,ENG-VIN03595,Celerio,VXI,Magma Grey,CNG,Manual,2024
VIN03596,ENG-VIN03596,Celerio,VXI,Magma Grey,CNG,Manual,2024
VIN03597,ENG-VIN03597,Alto,VXI,Midnight Black,CNG,Manual,2024
VIN03598,ENG-VIN03598,Brezza,VXI,Magma Grey,Petrol,Manual,2024
VIN03599,ENG-VIN03599,Baleno,VXI,Arctic White,CNG,Manual,2024
VIN03600,ENG-VIN03600,Celerio,VXI,Midnight Black,Petrol,Automatic,2024
VIN03601,ENG-VIN03601,Alto,VXI,Midnight Black,Petrol,Automatic,2024
VIN03602,ENG-VIN03602,Swift,VXI,Magma Grey,CNG,Automatic,2024
VIN03603,ENG-VIN03603,Ignis,VXI,Midnight Black,Petrol,Automatic,2024
VIN03604,ENG-VIN03604,Dzire,VXI,Arctic White,CNG,Automatic,2024
VIN03605,ENG-VIN03605,Brezza,VXI,Midnight Black,CNG,Automatic,2024
VIN03606,ENG-VIN03606,Grand Vitara,VXI,Arctic White,CNG,Automatic,2024
VIN03607,ENG-VIN03607,Baleno,VXI,Magma Grey,Petrol,Automatic,2024
VIN03608,ENG-VIN03608,Grand Vitara,VXI,Arctic White,CNG,Automatic,2024
VIN03609,ENG-VIN03609,Swift,VXI,Magma Grey,CNG,Automatic,2024
VIN03610,ENG-VIN03610,Brezza,VXI,Arctic White,Petrol,Manual,2024
VIN03611,ENG-VIN03611,Ignis,VXI,Arctic White,Petrol,Manual,2024
VIN03612,ENG-VIN03612,Dzire,VXI,Arctic White,CNG,Manual,2024
VIN03613,ENG-VIN03613,Brezza,VXI,Magma Grey,CNG,Automatic,2024
VIN03614,ENG-VIN03614,Ertiga,VXI,Magma Grey,Petrol,Manual,2024
VIN03615,ENG-VIN03615,Ertiga,VXI,Arctic White,CNG,Manual,2024
VIN03616,ENG-VIN03616,Alto,VXI,Magma Grey,Petrol,Manual,2024
VIN03617,ENG-VIN03617,Celerio,VXI,Magma Grey,Petrol,Automatic,2024
VIN03618,ENG-VIN03618,Grand Vitara,VXI,Magma Grey,Petrol,Automatic,2024
VIN03619,ENG-VIN03619,Swift,VXI,Magma Grey,CNG,Automatic,2024
VIN03620,ENG-VIN03620,Swift,VXI,Magma Grey,Petrol,Manual,2024
VIN03621,ENG-VIN03621,Brezza,VXI,Midnight Black,Petrol,Manual,2024
VIN03622,ENG-VIN03622,Celerio,VXI,Arctic White,Petrol,Manual,2024
VIN03623,ENG-VIN03623,Ignis,VXI,Midnight Black,Petrol,Automatic,2024
VIN03624,ENG-VIN03624,Ertiga,VXI,Midnight Black,Petrol,Automatic,2024
VIN03625,ENG-VIN03625,Grand Vitara,VXI,Magma Grey,Petrol,Automatic,2024
VIN03626,ENG-VIN03626,Grand Vitara,VXI,Magma Grey,CNG,Manual,2024
VIN03627,ENG-VIN03627,Celerio,VXI,Arctic White,CNG,Manual,2024
VIN03628,ENG-VIN03628,Ertiga,VXI,Arctic White,Petrol,Automatic,2024
VIN03629,ENG-VIN03629,Dzire,VXI,Midnight Black,CNG,Automatic,2024
VIN03630,ENG-VIN03630,Celerio,VXI,Arctic White,Petrol,Manual,2024
VIN03631,ENG-VIN03631,Grand Vitara,VXI,Magma Grey,Petrol,Automatic,2024
VIN03632,ENG-VIN03632,Celerio,VXI,Magma Grey,Petrol,Manual,2024
VIN03633,ENG-VIN03633,Celerio,VXI,Magma Grey,CNG,Automatic,2024
VIN03634,ENG-VIN03634,Ertiga,VXI,Midnight Black,CNG,Manual,2024
VIN03635,ENG-VIN03635,Brezza,VXI,Midnight Black,Petrol,Automatic,2024
VIN03636,ENG-VIN03636,Alto,VXI,Midnight Black,Petrol,Automatic,2024
VIN03637,ENG-VIN03637,Grand Vitara,VXI,Magma Grey,Petrol,Automatic,2024
VIN03638,ENG-VIN03638,Grand Vitara,VXI,Arctic White,Petrol,Automatic,2024
VIN03639,ENG-VIN03639,Celerio,VXI,Arctic White,CNG,Manual,2024
VIN03640,ENG-VIN03640,Celerio,VXI,Midnight Black,Petrol,Manual,2024
VIN03641,ENG-VIN03641,Celerio,VXI,Arctic White,Petrol,Automatic,2024
VIN03642,ENG-VIN03642,Dzire,VXI,Arctic White,CNG,Manual,2024
VIN03643,ENG-VIN03643,Dzire,VXI,Magma Grey,Petrol,Automatic,2024
VIN03644,ENG-VIN03644,Brezza,VXI,Magma Grey,Petrol,Manual,2024
VIN03645,ENG-VIN03645,Ertiga,VXI,Arctic White,Petrol,Manual,2024
VIN03646,ENG-VIN03646,Swift,VXI,Magma Grey,CNG,Automatic,2024
VIN03647,ENG-VIN03647,Celerio,VXI,Midnight Black,CNG,Automatic,2024
VIN03648,ENG-VIN03648,Alto,VXI,Midnight Black,Petrol,Automatic,2024
VIN03649,ENG-VIN03649,Brezza,VXI,Arctic White,Petrol,Automatic,2024
VIN03650,ENG-VIN03650,Alto,VXI,Arctic White,Petrol,Automatic,2024
VIN03651,ENG-VIN03651,Brezza,VXI,Arctic White,CNG,Automatic,2024
VIN03652,ENG-VIN03652,Ertiga,VXI,Magma Grey,CNG,Manual,2024
VIN03653,ENG-VIN03653,Dzire,VXI,Arctic White,Petrol,Automatic,2024
VIN03654,ENG-VIN03654,Dzire,VXI,Midnight Black,Petrol,Automatic,2024
VIN03655,ENG-VIN03655,Ignis,VXI,Midnight Black,CNG,Automatic,2024
VIN03656,ENG-VIN03656,Celerio,VXI,Arctic White,CNG,Automatic,2024
VIN03657,ENG-VIN03657,Grand Vitara,VXI,Arctic White,CNG,Manual,2024
VIN03658,ENG-VIN03658,Baleno,VXI,Arctic White,Petrol,Manual,2024
VIN03659,ENG-VIN03659,Celerio,VXI,Arctic White,Petrol,Manual,2024
VIN03660,ENG-VIN03660,Brezza,VXI,Midnight Black,CNG,Manual,2024
VIN03661,ENG-VIN03661,Celerio,VXI,Arctic White,CNG,Manual,2024
VIN03662,ENG-VIN03662,Baleno,VXI,Magma Grey,CNG,Manual,2024
VIN03663,ENG-VIN03663,Ertiga,VXI,Midnight Black,CNG,Manual,2024
VIN03664,ENG-VIN03664,Celerio,VXI,Midnight Black,CNG,Automatic,2024
VIN03665,ENG-VIN03665,Dzire,VXI,Midnight Black,Petrol,Manual,2024
VIN03666,ENG-VIN03666,Celerio,VXI,Magma Grey,Petrol,Automatic,2024
VIN03667,ENG-VIN03667,Grand Vitara,VXI,Magma Grey,Petrol,Automatic,2024
VIN03668,ENG-VIN03668,Swift,VXI,Midnight Black,CNG,Manual,2024
VIN03669,ENG-VIN03669,Alto,VXI,Midnight Black,Petrol,Manual,2024
VIN03670,ENG-VIN03670,Ertiga,VXI,Midnight Black,Petrol,Automatic,2024
VIN03671,ENG-VIN03671,Celerio,VXI,Magma Grey,Petrol,Automatic,2024
VIN03672,ENG-VIN03672,Brezza,VXI,Magma Grey,CNG,Automatic,2024
VIN03673,ENG-VIN03673,Celerio,VXI,Arctic White,Petrol,Automatic,2024
VIN03674,ENG-VIN03674,Alto,VXI,Arctic White,Petrol,Automatic,2024
VIN03675,ENG-VIN03675,Swift,VXI,Midnight Black,Petrol,Manual,2024
VIN03676,ENG-VIN03676,Dzire,VXI,Midnight Black,CNG,Automatic,2024
VIN03677,ENG-VIN03677,Ertiga,VXI,Arctic White,CNG,Automatic,2024
VIN03678,ENG-VIN03678,Dzire,VXI,Magma Grey,Petrol,Manual,2024
VIN03679,ENG-VIN03679,Ertiga,VXI,Midnight Black,CNG,Automatic,2024
VIN03680,ENG-VIN03680,Brezza,VXI,Midnight Black,CNG,Automatic,2024
VIN03681,ENG-VIN03681,Ignis,VXI,Magma Grey,CNG,Manual,2024
VIN03682,ENG-VIN03682,Ignis,VXI,Arctic White,CNG,Manual,2024
VIN03683,ENG-VIN03683,Ignis,VXI,Arctic White,Petrol,Manual,2024
VIN03684,ENG-VIN03684,Swift,VXI,Midnight Black,Petrol,Automatic,2024
VIN03685,ENG-VIN03685,Ignis,VXI,Arctic White,CNG,Manual,2024
VIN03686,ENG-VIN03686,Baleno,VXI,Magma Grey,Petrol,Automatic,2024
VIN03687,ENG-VIN03687,Celerio,VXI,Magma Grey,CNG,Automatic,2024
VIN03688,ENG-VIN03688,Baleno,VXI,Arctic White,CNG,Automatic,2024
VIN03689,ENG-VIN03689,Brezza,VXI,Midnight Black,CNG,Manual,2024
VIN03690,ENG-VIN03690,Ignis,VXI,Magma Grey,Petrol,Manual,2024
VIN03691,ENG-VIN03691,Baleno,VXI,Magma Grey,CNG,Manual,2024
VIN03692,ENG-VIN03692,Ignis,VXI,Midnight Black,Petrol,Manual,2024
VIN03693,ENG-VIN03693,Celerio,VXI,Magma Grey,Petrol,Manual,2024
VIN03694,ENG-VIN03694,Celerio,VXI,Arctic White,Petrol,Manual,2024
VIN03695,ENG-VIN03695,Baleno,VXI,Magma Grey,Petrol,Manual,2024
VIN03696,ENG-VIN03696,Swift,VXI,Magma Grey,Petrol,Automatic,2024
VIN03697,ENG-VIN03697,Baleno,VXI,Arctic White,Petrol,Automatic,2024
VIN03698,ENG-VIN03698,Grand Vitara,VXI,Arctic White,Petrol,Automatic,2024
VIN03699,ENG-VIN03699,Dzire,VXI,Midnight Black,Petrol,Manual,2024
VIN03700,ENG-VIN03700,Dzire,VXI,Arctic White,CNG,Automatic,2024
VIN03701,ENG-VIN03701,Brezza,VXI,Arctic White,Petrol,Automatic,2024
VIN03702,ENG-VIN03702,Baleno,VXI,Magma Grey,CNG,Automatic,2024
VIN03703,ENG-VIN03703,Ignis,VXI,Arctic White,Petrol,Automatic,2024
VIN03704,ENG-VIN03704,Ertiga,VXI,Arctic White,Petrol,Manual,2024
VIN03705,ENG-VIN03705,Celerio,VXI,Midnight Black,CNG,Manual,2024
VIN03706,ENG-VIN03706,Baleno,VXI,Magma Grey,CNG,Automatic,2024
VIN03707,ENG-VIN03707,Dzire,VXI,Midnight Black,CNG,Manual,2024
VIN03708,ENG-VIN03708,Ertiga,VXI,Midnight Black,CNG,Automatic,2024
VIN03709,ENG-VIN03709,Brezza,VXI,Magma Grey,Petrol,Automatic,2024
VIN03710,ENG-VIN03710,Celerio,VXI,Midnight Black,Petrol,Automatic,2024
VIN03711,ENG-VIN03711,Alto,VXI,Midnight Black,Petrol,Automatic,2024
VIN03712,ENG-VIN03712,Swift,VXI,Midnight Black,Petrol,Automatic,2024
VIN03713,ENG-VIN03713,Alto,VXI,Arctic White,CNG,Automatic,2024
VIN03714,ENG-VIN03714,Ignis,VXI,Midnight Black,CNG,Automatic,2024
VIN03715,ENG-VIN03715,Baleno,VXI,Arctic White,Petrol,Manual,2024
VIN03716,ENG-VIN03716,Swift,VXI,Midnight Black,Petrol,Manual,2024
VIN03717,ENG-VIN03717,Dzire,VXI,Midnight Black,CNG,Automatic,2024
VIN03718,ENG-VIN03718,Brezza,VXI,Arctic White,CNG,Manual,2024
VIN03719,ENG-VIN03719,Alto,VXI,Midnight Black,CNG,Manual,2024
VIN03720,ENG-VIN03720,Swift,VXI,Midnight Black,Petrol,Manual,2024
VIN03721,ENG-VIN03721,Dzire,VXI,Magma Grey,CNG,Automatic,2024
VIN03722,ENG-VIN03722,Brezza,VXI,Magma Grey,Petrol,Manual,2024
VIN03723,ENG-VIN03723,Grand Vitara,VXI,Magma Grey,CNG,Manual,2024
VIN03724,ENG-VIN03724,Ertiga,VXI,Arctic White,Petrol,Manual,2024
VIN03725,ENG-VIN03725,Alto,VXI,Midnight Black,Petrol,Manual,2024
VIN03726,ENG-VIN03726,Celerio,VXI,Magma Grey,Petrol,Manual,2024
VIN03727,ENG-VIN03727,Dzire,VXI,Midnight Black,Petrol,Automatic,2024
VIN03728,ENG-VIN03728,Grand Vitara,VXI,Midnight Black,CNG,Manual,2024
VIN03729,ENG-VIN03729,Baleno,VXI,Arctic White,Petrol,Automatic,2024
VIN03730,ENG-VIN03730,Ertiga,VXI,Midnight Black,CNG,Manual,2024
VIN03731,ENG-VIN03731,Grand Vitara,VXI,Midnight Black,CNG,Manual,2024
VIN03732,ENG-VIN03732,Ignis,VXI,Magma Grey,CNG,Automatic,2024
VIN03733,ENG-VIN03733,Dzire,VXI,Arctic White,Petrol,Manual,2024
VIN03734,ENG-VIN03734,Grand Vitara,VXI,Magma Grey,CNG,Automatic,2024
VIN03735,ENG-VIN03735,Alto,VXI,Midnight Black,Petrol,Automatic,2024
VIN03736,ENG-VIN03736,Celerio,VXI,Arctic White,CNG,Automatic,2024
VIN03737,ENG-VIN03737,Grand Vitara,VXI,Magma Grey,Petrol,Manual,2024
VIN03738,ENG-VIN03738,Swift,VXI,Arctic White,Petrol,Automatic,2024
VIN03739,ENG-VIN03739,Ertiga,VXI,Magma Grey,CNG,Manual,2024
VIN03740,ENG-VIN03740,Ertiga,VXI,Arctic White,CNG,Automatic,2024
VIN03741,ENG-VIN03741,Grand Vitara,VXI,Midnight Black,Petrol,Manual,2024
VIN03742,ENG-VIN03742,Ignis,VXI,Magma Grey,Petrol,Manual,2024
VIN03743,ENG-VIN03743,Celerio,VXI,Midnight Black,CNG,Manual,2024
VIN03744,ENG-VIN03744,Brezza,VXI,Magma Grey,Petrol,Automatic,2024
VIN03745,ENG-VIN03745,Brezza,VXI,Midnight Black,CNG,Manual,2024
VIN03746,ENG-VIN03746,Brezza,VXI,Midnight Black,Petrol,Manual,2024
VIN03747,ENG-VIN03747,Dzire,VXI,Midnight Black,Petrol,Automatic,2024
VIN03748,ENG-VIN03748,Baleno,VXI,Midnight Black,CNG,Automatic,2024
VIN03749,ENG-VIN03749,Alto,VXI,Magma Grey,CNG,Automatic,2024
VIN03750,ENG-VIN03750,Brezza,VXI,Arctic White,Petrol,Manual,2024
VIN03751,ENG-VIN03751,Celerio,VXI,Midnight Black,CNG,Manual,2024
VIN03752,ENG-VIN03752,Brezza,VXI,Magma Grey,Petrol,Automatic,2024
VIN03753,ENG-VIN03753,Ertiga,VXI,Magma Grey,Petrol,Manual,2024
VIN03754,ENG-VIN03754,Grand Vitara,VXI,Magma Grey,CNG,Automatic,2024
VIN03755,ENG-VIN03755,Ignis,VXI,Magma Grey,Petrol,Manual,2024
VIN03756,ENG-VIN03756,Dzire,VXI,Arctic White,Petrol,Automatic,2024
VIN03757,ENG-VIN03757,Grand Vitara,VXI,Midnight Black,Petrol,Manual,2024
VIN03758,ENG-VIN03758,Alto,VXI,Arctic White,CNG,Manual,2024
VIN03759,ENG-VIN03759,Dzire,VXI,Magma Grey,CNG,Automatic,2024
VIN03760,ENG-VIN03760,Celerio,VXI,Arctic White,Petrol,Automatic,2024
VIN03761,ENG-VIN03761,Celerio,VXI,Arctic White,CNG,Manual,2024
VIN03762,ENG-VIN03762,Swift,VXI,Midnight Black,CNG,Automatic,2024
VIN03763,ENG-VIN03763,Dzire,VXI,Midnight Black,Petrol,Automatic,2024
VIN03764,ENG-VIN03764,Celerio,VXI,Magma Grey,CNG,Automatic,2024
VIN03765,ENG-VIN03765,Alto,VXI,Magma Grey,CNG,Manual,2024
VIN03766,ENG-VIN03766,Swift,VXI,Magma Grey,Petrol,Manual,2024
VIN03767,ENG-VIN03767,Baleno,VXI,Magma Grey,CNG,Automatic,2024
VIN03768,ENG-VIN03768,Brezza,VXI,Magma Grey,CNG,Manual,2024
VIN03769,ENG-VIN03769,Alto,VXI,Magma Grey,CNG,Manual,2024
VIN03770,ENG-VIN03770,Ignis,VXI,Magma Grey,CNG,Manual,2024
VIN03771,ENG-VIN03771,Ignis,VXI,Arctic White,Petrol,Manual,2024
VIN03772,ENG-VIN03772,Ertiga,VXI,Arctic White,CNG,Manual,2024
VIN03773,ENG-VIN03773,Ignis,VXI,Arctic White,CNG,Manual,2024
VIN03774,ENG-VIN03774,Ignis,VXI,Midnight Black,CNG,Automatic,2024
VIN03775,ENG-VIN03775,Baleno,VXI,Magma Grey,CNG,Manual,2024
VIN03776,ENG-VIN03776,Swift,VXI,Arctic White,CNG,Automatic,2024
VIN03777,ENG-VIN03777,Grand Vitara,VXI,Magma Grey,CNG,Manual,2024
VIN03778,ENG-VIN03778,Brezza,VXI,Magma Grey,CNG,Manual,2024
VIN03779,ENG-VIN03779,Brezza,VXI,Magma Grey,Petrol,Manual,2024
VIN03780,ENG-VIN03780,Ignis,VXI,Magma Grey,Petrol,Manual,2024
VIN03781,ENG-VIN03781,Celerio,VXI,Midnight Black,CNG,Manual,2024
VIN03782,ENG-VIN03782,Alto,VXI,Magma Grey,Petrol,Automatic,2024
VIN03783,ENG-VIN03783,Dzire,VXI,Magma Grey,CNG,Manual,2024
VIN03784,ENG-VIN03784,Brezza,VXI,Arctic White,Petrol,Automatic,2024
VIN03785,ENG-VIN03785,Baleno,VXI,Magma Grey,Petrol,Automatic,2024
VIN03786,ENG-VIN03786,Brezza,VXI,Magma Grey,CNG,Manual,2024
VIN03787,ENG-VIN03787,Baleno,VXI,Midnight Black,CNG,Manual,2024
VIN03788,ENG-VIN03788,Brezza,VXI,Magma Grey,CNG,Manual,2024
VIN03789,ENG-VIN03789,Alto,VXI,Arctic White,CNG,Manual,2024
VIN03790,ENG-VIN03790,Baleno,VXI,Midnight Black,CNG,Manual,2024
VIN03791,ENG-VIN03791,Grand Vitara,VXI,Arctic White,Petrol,Automatic,2024
VIN03792,ENG-VIN03792,Alto,VXI,Magma Grey,Petrol,Manual,2024
VIN03793,ENG-VIN03793,Celerio,VXI,Midnight Black,CNG,Manual,2024
VIN03794,ENG-VIN03794,Ertiga,VXI,Midnight Black,CNG,Automatic,2024
VIN03795,ENG-VIN03795,Ertiga,VXI,Magma Grey,Petrol,Manual,2024
VIN03796,ENG-VIN03796,Celerio,VXI,Arctic White,CNG,Manual,2024
VIN03797,ENG-VIN03797,Baleno,VXI,Midnight Black,Petrol,Automatic,2024
VIN03798,ENG-VIN03798,Ertiga,VXI,Magma Grey,Petrol,Manual,2024
VIN03799,ENG-VIN03799,Ertiga,VXI,Magma Grey,CNG,Manual,2024
VIN03800,ENG-VIN03800,Alto,VXI,Midnight Black,Petrol,Manual,2024
VIN03801,ENG-VIN03801,Swift,VXI,Midnight Black,Petrol,Automatic,2024
VIN03802,ENG-VIN03802,Alto,VXI,Midnight Black,Petrol,Automatic,2024
VIN03803,ENG-VIN03803,Ignis,VXI,Arctic White,Petrol,Automatic,2024
VIN03804,ENG-VIN03804,Brezza,VXI,Magma Grey,Petrol,Automatic,2024
VIN03805,ENG-VIN03805,Dzire,VXI,Magma Grey,CNG,Automatic,2024
VIN03806,ENG-VIN03806,Celerio,VXI,Arctic White,Petrol,Automatic,2024
VIN03807,ENG-VIN03807,Swift,VXI,Midnight Black,Petrol,Automatic,2024
VIN03808,ENG-VIN03808,Brezza,VXI,Midnight Black,CNG,Automatic,2024
VIN03809,ENG-VIN03809,Baleno,VXI,Arctic White,CNG,Automatic,2024
VIN03810,ENG-VIN03810,Swift,VXI,Magma Grey,CNG,Automatic,2024
VIN03811,ENG-VIN03811,Baleno,VXI,Arctic White,CNG,Automatic,2024
VIN03812,ENG-VIN03812,Brezza,VXI,Magma Grey,Petrol,Manual,2024
VIN03813,ENG-VIN03813,Dzire,VXI,Magma Grey,CNG,Manual,2024
VIN03814,ENG-VIN03814,Celerio,VXI,Midnight Black,Petrol,Automatic,2024
VIN03815,ENG-VIN03815,Swift,VXI,Magma Grey,CNG,Manual,2024
VIN03816,ENG-VIN03816,Baleno,VXI,Magma Grey,Petrol,Automatic,2024
VIN03817,ENG-VIN03817,Swift,VXI,Magma Grey,CNG,Manual,2024
VIN03818,ENG-VIN03818,Grand Vitara,VXI,Midnight Black,CNG,Manual,2024
VIN03819,ENG-VIN03819,Swift,VXI,Magma Grey,Petrol,Automatic,2024
VIN03820,ENG-VIN03820,Dzire,VXI,Arctic White,CNG,Manual,2024
VIN03821,ENG-VIN03821,Grand Vitara,VXI,Arctic White,CNG,Manual,2024
VIN03822,ENG-VIN03822,Ertiga,VXI,Midnight Black,Petrol,Manual,2024
VIN03823,ENG-VIN03823,Grand Vitara,VXI,Midnight Black,Petrol,Manual,2024
VIN03824,ENG-VIN03824,Swift,VXI,Arctic White,CNG,Manual,2024
VIN03825,ENG-VIN03825,Celerio,VXI,Midnight Black,Petrol,Manual,2024
VIN03826,ENG-VIN03826,Celerio,VXI,Midnight Black,CNG,Automatic,2024
VIN03827,ENG-VIN03827,Brezza,VXI,Midnight Black,CNG,Manual,2024
VIN03828,ENG-VIN03828,Swift,VXI,Midnight Black,CNG,Automatic,2024
VIN03829,ENG-VIN03829,Alto,VXI,Midnight Black,CNG,Manual,2024
VIN03830,ENG-VIN03830,Brezza,VXI,Midnight Black,Petrol,Manual,2024
VIN03831,ENG-VIN03831,Ertiga,VXI,Arctic White,CNG,Automatic,2024
VIN03832,ENG-VIN03832,Grand Vitara,VXI,Magma Grey,Petrol,Automatic,2024
VIN03833,ENG-VIN03833,Alto,VXI,Magma Grey,CNG,Automatic,2024
VIN03834,ENG-VIN03834,Swift,VXI,Arctic White,CNG,Manual,2024
VIN03835,ENG-VIN03835,Grand Vitara,VXI,Magma Grey,CNG,Manual,2024
VIN03836,ENG-VIN03836,Baleno,VXI,Magma Grey,Petrol,Automatic,2024
VIN03837,ENG-VIN03837,Baleno,VXI,Arctic White,CNG,Manual,2024
VIN03838,ENG-VIN03838,Baleno,VXI,Magma Grey,Petrol,Manual,2024
VIN03839,ENG-VIN03839,Ertiga,VXI,Midnight Black,Petrol,Automatic,2024
VIN03840,ENG-VIN03840,Baleno,VXI,Arctic White,CNG,Manual,2024
VIN03841,ENG-VIN03841,Alto,VXI,Magma Grey,Petrol,Automatic,2024
VIN03842,ENG-VIN03842,Grand Vitara,VXI,Midnight Black,CNG,Automatic,2024
VIN03843,ENG-VIN03843,Swift,VXI,Arctic White,Petrol,Automatic,2024
VIN03844,ENG-VIN03844,Baleno,VXI,Magma Grey,CNG,Automatic,2024
VIN03845,ENG-VIN03845,Swift,VXI,Midnight Black,Petrol,Automatic,2024
VIN03846,ENG-VIN03846,Celerio,VXI,Arctic White,CNG,Automatic,2024
VIN03847,ENG-VIN03847,Grand Vitara,VXI,Arctic White,Petrol,Automatic,2024
VIN03848,ENG-VIN03848,Celerio,VXI,Midnight Black,Petrol,Manual,2024
VIN03849,ENG-VIN03849,Swift,VXI,Magma Grey,CNG,Manual,2024
VIN03850,ENG-VIN03850,Ertiga,VXI,Midnight Black,CNG,Automatic,2024
VIN03851,ENG-VIN03851,Alto,VXI,Arctic White,Petrol,Manual,2024
VIN03852,ENG-VIN03852,Baleno,VXI,Midnight Black,CNG,Automatic,2024
VIN03853,ENG-VIN03853,Brezza,VXI,Arctic White,CNG,Automatic,2024
VIN03854,ENG-VIN03854,Swift,VXI,Midnight Black,CNG,Automatic,2024
VIN03855,ENG-VIN03855,Grand Vitara,VXI,Midnight Black,CNG,Automatic,2024
VIN03856,ENG-VIN03856,Dzire,VXI,Midnight Black,Petrol,Automatic,2024
VIN03857,ENG-VIN03857,Baleno,VXI,Midnight Black,Petrol,Manual,2024
VIN03858,ENG-VIN03858,Alto,VXI,Midnight Black,Petrol,Manual,2024
VIN03859,ENG-VIN03859,Celerio,VXI,Magma Grey,CNG,Automatic,2024
VIN03860,ENG-VIN03860,Ignis,VXI,Midnight Black,CNG,Manual,2024
VIN03861,ENG-VIN03861,Baleno,VXI,Arctic White,Petrol,Manual,2024
VIN03862,ENG-VIN03862,Alto,VXI,Arctic White,CNG,Manual,2024
VIN03863,ENG-VIN03863,Alto,VXI,Arctic White,CNG,Automatic,2024
VIN03864,ENG-VIN03864,Dzire,VXI,Arctic White,Petrol,Automatic,2024
VIN03865,ENG-VIN03865,Dzire,VXI,Magma Grey,Petrol,Automatic,2024
VIN03866,ENG-VIN03866,Celerio,VXI,Arctic White,Petrol,Automatic,2024
VIN03867,ENG-VIN03867,Ertiga,VXI,Midnight Black,CNG,Manual,2024
VIN03868,ENG-VIN03868,Brezza,VXI,Arctic White,Petrol,Manual,2024
VIN03869,ENG-VIN03869,Brezza,VXI,Midnight Black,CNG,Manual,2024
VIN03870,ENG-VIN03870,Alto,VXI,Arctic White,Petrol,Automatic,2024
VIN03871,ENG-VIN03871,Swift,VXI,Midnight Black,CNG,Automatic,2024
VIN03872,ENG-VIN03872,Alto,VXI,Magma Grey,Petrol,Automatic,2024
VIN03873,ENG-VIN03873,Grand Vitara,VXI,Midnight Black,CNG,Manual,2024
VIN03874,ENG-VIN03874,Baleno,VXI,Magma Grey,Petrol,Manual,2024
VIN03875,ENG-VIN03875,Brezza,VXI,Magma Grey,Petrol,Manual,2024
VIN03876,ENG-VIN03876,Dzire,VXI,Midnight Black,Petrol,Automatic,2024
VIN03877,ENG-VIN03877,Baleno,VXI,Magma Grey,CNG,Manual,2024
VIN03878,ENG-VIN03878,Brezza,VXI,Midnight Black,Petrol,Automatic,2024
VIN03879,ENG-VIN03879,Baleno,VXI,Arctic White,Petrol,Automatic,2024
VIN03880,ENG-VIN03880,Brezza,VXI,Magma Grey,CNG,Automatic,2024
VIN03881,ENG-VIN03881,Ertiga,VXI,Midnight Black,Petrol,Manual,2024
VIN03882,ENG-VIN03882,Grand Vitara,VXI,Midnight Black,CNG,Manual,2024
VIN03883,ENG-VIN03883,Baleno,VXI,Arctic White,CNG,Automatic,2024
VIN03884,ENG-VIN03884,Brezza,VXI,Arctic White,CNG,Manual,2024
VIN03885,ENG-VIN03885,Dzire,VXI,Arctic White,Petrol,Manual,2024
VIN03886,ENG-VIN03886,Alto,VXI,Midnight Black,CNG,Manual,2024
VIN03887,ENG-VIN03887,Celerio,VXI,Midnight Black,CNG,Manual,2024
VIN03888,ENG-VIN03888,Brezza,VXI,Midnight Black,Petrol,Manual,2024
VIN03889,ENG-VIN03889,Swift,VXI,Arctic White,CNG,Manual,2024
VIN03890,ENG-VIN03890,Grand Vitara,VXI,Magma Grey,Petrol,Automatic,2024
VIN03891,ENG-VIN03891,Ignis,VXI,Arctic White,Petrol,Manual,2024
VIN03892,ENG-VIN03892,Baleno,VXI,Arctic White,Petrol,Manual,2024
VIN03893,ENG-VIN03893,Grand Vitara,VXI,Arctic White,Petrol,Manual,2024
VIN03894,ENG-VIN03894,Baleno,VXI,Arctic White,Petrol,Automatic,2024
VIN03895,ENG-VIN03895,Ertiga,VXI,Midnight Black,Petrol,Automatic,2024
VIN03896,ENG-VIN03896,Celerio,VXI,Magma Grey,CNG,Automatic,2024
VIN03897,ENG-VIN03897,Ertiga,VXI,Midnight Black,Petrol,Manual,2024
VIN03898,ENG-VIN03898,Swift,VXI,Midnight Black,Petrol,Manual,2024
VIN03899,ENG-VIN03899,Celerio,VXI,Arctic White,Petrol,Manual,2024
VIN03900,ENG-VIN03900,Grand Vitara,VXI,Arctic White,CNG,Automatic,2024
VIN03901,ENG-VIN03901,Swift,VXI,Midnight Black,Petrol,Automatic,2024
VIN03902,ENG-VIN03902,Ertiga,VXI,Magma Grey,Petrol,Manual,2024
VIN03903,ENG-VIN03903,Alto,VXI,Arctic White,Petrol,Automatic,2024
VIN03904,ENG-VIN03904,Grand Vitara,VXI,Arctic White,Petrol,Automatic,2024
VIN03905,ENG-VIN03905,Grand Vitara,VXI,Midnight Black,Petrol,Manual,2024
VIN03906,ENG-VIN03906,Swift,VXI,Arctic White,CNG,Manual,2024
VIN03907,ENG-VIN03907,Ignis,VXI,Arctic White,CNG,Manual,2024
VIN03908,ENG-VIN03908,Alto,VXI,Arctic White,CNG,Manual,2024
VIN03909,ENG-VIN03909,Celerio,VXI,Magma Grey,Petrol,Automatic,2024
VIN03910,ENG-VIN03910,Alto,VXI,Midnight Black,CNG,Automatic,2024
VIN03911,ENG-VIN03911,Ertiga,VXI,Arctic White,CNG,Automatic,2024
VIN03912,ENG-VIN03912,Grand Vitara,VXI,Arctic White,Petrol,Manual,2024
VIN03913,ENG-VIN03913,Brezza,VXI,Magma Grey,CNG,Manual,2024
VIN03914,ENG-VIN03914,Grand Vitara,VXI,Midnight Black,Petrol,Manual,2024
VIN03915,ENG-VIN03915,Brezza,VXI,Arctic White,CNG,Automatic,2024
VIN03916,ENG-VIN03916,Brezza,VXI,Midnight Black,CNG,Manual,2024
VIN03917,ENG-VIN03917,Ertiga,VXI,Midnight Black,CNG,Automatic,2024
VIN03918,ENG-VIN03918,Ertiga,VXI,Midnight Black,CNG,Manual,2024
VIN03919,ENG-VIN03919,Alto,VXI,Arctic White,Petrol,Automatic,2024
VIN03920,ENG-VIN03920,Dzire,VXI,Magma Grey,CNG,Manual,2024
VIN03921,ENG-VIN03921,Alto,VXI,Arctic White,Petrol,Automatic,2024
VIN03922,ENG-VIN03922,Alto,VXI,Magma Grey,Petrol,Automatic,2024
VIN03923,ENG-VIN03923,Ertiga,VXI,Midnight Black,Petrol,Manual,2024
VIN03924,ENG-VIN03924,Celerio,VXI,Arctic White,Petrol,Automatic,2024
VIN03925,ENG-VIN03925,Swift,VXI,Arctic White,Petrol,Automatic,2024
VIN03926,ENG-VIN03926,Ignis,VXI,Midnight Black,Petrol,Manual,2024
VIN03927,ENG-VIN03927,Brezza,VXI,Midnight Black,CNG,Manual,2024
VIN03928,ENG-VIN03928,Swift,VXI,Arctic White,Petrol,Manual,2024
VIN03929,ENG-VIN03929,Baleno,VXI,Midnight Black,CNG,Automatic,2024
VIN03930,ENG-VIN03930,Swift,VXI,Midnight Black,Petrol,Manual,2024
VIN03931,ENG-VIN03931,Ignis,VXI,Arctic White,CNG,Automatic,2024
VIN03932,ENG-VIN03932,Dzire,VXI,Arctic White,CNG,Manual,2024
VIN03933,ENG-VIN03933,Baleno,VXI,Midnight Black,CNG,Automatic,2024
VIN03934,ENG-VIN03934,Dzire,VXI,Magma Grey,CNG,Automatic,2024
VIN03935,ENG-VIN03935,Dzire,VXI,Midnight Black,CNG,Manual,2024
VIN03936,ENG-VIN03936,Celerio,VXI,Arctic White,CNG,Manual,2024
VIN03937,ENG-VIN03937,Ignis,VXI,Arctic White,Petrol,Automatic,2024
VIN03938,ENG-VIN03938,Celerio,VXI,Midnight Black,Petrol,Automatic,2024
VIN03939,ENG-VIN03939,Alto,VXI,Midnight Black,CNG,Automatic,2024
VIN03940,ENG-VIN03940,Brezza,VXI,Arctic White,CNG,Manual,2024
VIN03941,ENG-VIN03941,Celerio,VXI,Magma Grey,CNG,Automatic,2024
VIN03942,ENG-VIN03942,Baleno,VXI,Arctic White,Petrol,Automatic,2024
VIN03943,ENG-VIN03943,Swift,VXI,Midnight Black,Petrol,Automatic,2024
VIN03944,ENG-VIN03944,Ertiga,VXI,Arctic White,Petrol,Automatic,2024
VIN03945,ENG-VIN03945,Ignis,VXI,Magma Grey,CNG,Automatic,2024
VIN03946,ENG-VIN03946,Ertiga,VXI,Arctic White,Petrol,Manual,2024
VIN03947,ENG-VIN03947,Celerio,VXI,Arctic White,CNG,Manual,2024
VIN03948,ENG-VIN03948,Ignis,VXI,Midnight Black,Petrol,Manual,2024
VIN03949,ENG-VIN03949,Swift,VXI,Arctic White,Petrol,Manual,2024
VIN03950,ENG-VIN03950,Alto,VXI,Magma Grey,Petrol,Automatic,2024
VIN03951,ENG-VIN03951,Swift,VXI,Arctic White,CNG,Automatic,2024
VIN03952,ENG-VIN03952,Alto,VXI,Arctic White,Petrol,Manual,2024
VIN03953,ENG-VIN03953,Dzire,VXI,Midnight Black,Petrol,Manual,2024
VIN03954,ENG-VIN03954,Ertiga,VXI,Arctic White,CNG,Manual,2024
VIN03955,ENG-VIN03955,Swift,VXI,Midnight Black,CNG,Manual,2024
VIN03956,ENG-VIN03956,Brezza,VXI,Arctic White,CNG,Automatic,2024
VIN03957,ENG-VIN03957,Grand Vitara,VXI,Magma Grey,CNG,Manual,2024
VIN03958,ENG-VIN03958,Alto,VXI,Arctic White,CNG,Manual,2024
VIN03959,ENG-VIN03959,Baleno,VXI,Arctic White,Petrol,Manual,2024
VIN03960,ENG-VIN03960,Alto,VXI,Midnight Black,Petrol,Manual,2024
VIN03961,ENG-VIN03961,Alto,VXI,Arctic White,Petrol,Automatic,2024
VIN03962,ENG-VIN03962,Celerio,VXI,Midnight Black,Petrol,Manual,2024
VIN03963,ENG-VIN03963,Celerio,VXI,Arctic White,Petrol,Manual,2024
VIN03964,ENG-VIN03964,Dzire,VXI,Midnight Black,CNG,Manual,2024
VIN03965,ENG-VIN03965,Ignis,VXI,Magma Grey,Petrol,Automatic,2024
VIN03966,ENG-VIN03966,Alto,VXI,Midnight Black,CNG,Manual,2024
VIN03967,ENG-VIN03967,Baleno,VXI,Midnight Black,CNG,Automatic,2024
VIN03968,ENG-VIN03968,Ignis,VXI,Magma Grey,CNG,Automatic,2024
VIN03969,ENG-VIN03969,Dzire,VXI,Arctic White,Petrol,Automatic,2024
VIN03970,ENG-VIN03970,Baleno,VXI,Magma Grey,CNG,Automatic,2024
VIN03971,ENG-VIN03971,Baleno,VXI,Magma Grey,CNG,Manual,2024
VIN03972,ENG-VIN03972,Brezza,VXI,Midnight Black,CNG,Manual,2024
VIN03973,ENG-VIN03973,Ignis,VXI,Midnight Black,Petrol,Manual,2024
VIN03974,ENG-VIN03974,Ignis,VXI,Magma Grey,CNG,Automatic,2024
VIN03975,ENG-VIN03975,Ertiga,VXI,Midnight Black,CNG,Automatic,2024
VIN03976,ENG-VIN03976,Brezza,VXI,Midnight Black,CNG,Manual,2024
VIN03977,ENG-VIN03977,Celerio,VXI,Midnight Black,Petrol,Manual,2024
VIN03978,ENG-VIN03978,Ignis,VXI,Magma Grey,CNG,Manual,2024
VIN03979,ENG-VIN03979,Baleno,VXI,Arctic White,CNG,Manual,2024
VIN03980,ENG-VIN03980,Brezza,VXI,Magma Grey,Petrol,Automatic,2024
VIN03981,ENG-VIN03981,Swift,VXI,Magma Grey,Petrol,Automatic,2024
VIN03982,ENG-VIN03982,Grand Vitara,VXI,Midnight Black,Petrol,Automatic,2024
VIN03983,ENG-VIN03983,Brezza,VXI,Magma Grey,Petrol,Automatic,2024
VIN03984,ENG-VIN03984,Alto,VXI,Midnight Black,Petrol,Manual,2024
VIN03985,ENG-VIN03985,Baleno,VXI,Arctic White,CNG,Manual,2024
VIN03986,ENG-VIN03986,Ignis,VXI,Midnight Black,CNG,Manual,2024
VIN03987,ENG-VIN03987,Ertiga,VXI,Midnight Black,Petrol,Automatic,2024
VIN03988,ENG-VIN03988,Celerio,VXI,Midnight Black,Petrol,Automatic,2024
VIN03989,ENG-VIN03989,Grand Vitara,VXI,Magma Grey,CNG,Manual,2024
VIN03990,ENG-VIN03990,Celerio,VXI,Arctic White,CNG,Manual,2024
VIN03991,ENG-VIN03991,Swift,VXI,Midnight Black,CNG,Automatic,2024
VIN03992,ENG-VIN03992,Ertiga,VXI,Arctic White,CNG,Manual,2024
VIN03993,ENG-VIN03993,Brezza,VXI,Midnight Black,CNG,Manual,2024
VIN03994,ENG-VIN03994,Alto,VXI,Midnight Black,CNG,Automatic,2024
VIN03995,ENG-VIN03995,Ertiga,VXI,Arctic White,CNG,Manual,2024
VIN03996,ENG-VIN03996,Alto,VXI,Arctic White,Petrol,Manual,2024
VIN03997,ENG-VIN03997,Swift,VXI,Midnight Black,Petrol,Manual,2024
VIN03998,ENG-VIN03998,Dzire,VXI,Arctic White,Petrol,Automatic,2024
VIN03999,ENG-VIN03999,Grand Vitara,VXI,Midnight Black,Petrol,Automatic,2024
VIN04000,ENG-VIN04000,Swift,VXI,Midnight Black,CNG,Manual,2024
VIN04001,ENG-VIN04001,Celerio,VXI,Magma Grey,CNG,Manual,2024
VIN04002,ENG-VIN04002,Brezza,VXI,Midnight Black,Petrol,Automatic,2024
VIN04003,ENG-VIN04003,Swift,VXI,Arctic White,Petrol,Manual,2024
VIN04004,ENG-VIN04004,Brezza,VXI,Midnight Black,Petrol,Manual,2024
VIN04005,ENG-VIN04005,Celerio,VXI,Arctic White,CNG,Manual,2024
VIN04006,ENG-VIN04006,Grand Vitara,VXI,Arctic White,CNG,Manual,2024
VIN04007,ENG-VIN04007,Ertiga,VXI,Magma Grey,Petrol,Manual,2024
VIN04008,ENG-VIN04008,Swift,VXI,Arctic White,CNG,Automatic,2024
VIN04009,ENG-VIN04009,Baleno,VXI,Arctic White,CNG,Manual,2024
VIN04010,ENG-VIN04010,Celerio,VXI,Arctic White,Petrol,Manual,2024
VIN04011,ENG-VIN04011,Swift,VXI,Magma Grey,CNG,Manual,2024
VIN04012,ENG-VIN04012,Swift,VXI,Arctic White,Petrol,Automatic,2024
VIN04013,ENG-VIN04013,Celerio,VXI,Midnight Black,CNG,Automatic,2024
VIN04014,ENG-VIN04014,Baleno,VXI,Arctic White,CNG,Manual,2024
VIN04015,ENG-VIN04015,Brezza,VXI,Arctic White,CNG,Manual,2024
VIN04016,ENG-VIN04016,Baleno,VXI,Arctic White,CNG,Manual,2024
VIN04017,ENG-VIN04017,Grand Vitara,VXI,Midnight Black,Petrol,Manual,2024
VIN04018,ENG-VIN04018,Brezza,VXI,Magma Grey,CNG,Automatic,2024
VIN04019,ENG-VIN04019,Ertiga,VXI,Midnight Black,CNG,Automatic,2024
VIN04020,ENG-VIN04020,Ignis,VXI,Midnight Black,CNG,Automatic,2024
VIN04021,ENG-VIN04021,Swift,VXI,Magma Grey,CNG,Manual,2024
VIN04022,ENG-VIN04022,Ertiga,VXI,Midnight Black,CNG,Manual,2024
VIN04023,ENG-VIN04023,Ertiga,VXI,Midnight Black,CNG,Manual,2024
VIN04024,ENG-VIN04024,Ignis,VXI,Midnight Black,Petrol,Automatic,2024
VIN04025,ENG-VIN04025,Celerio,VXI,Midnight Black,CNG,Automatic,2024
VIN04026,ENG-VIN04026,Ertiga,VXI,Arctic White,Petrol,Automatic,2024
VIN04027,ENG-VIN04027,Baleno,VXI,Magma Grey,Petrol,Manual,2024
VIN04028,ENG-VIN04028,Grand Vitara,VXI,Magma Grey,CNG,Manual,2024
VIN04029,ENG-VIN04029,Alto,VXI,Arctic White,Petrol,Manual,2024
VIN04030,ENG-VIN04030,Brezza,VXI,Magma Grey,CNG,Automatic,2024
VIN04031,ENG-VIN04031,Ignis,VXI,Arctic White,CNG,Manual,2024
VIN04032,ENG-VIN04032,Baleno,VXI,Magma Grey,CNG,Automatic,2024
VIN04033,ENG-VIN04033,Baleno,VXI,Arctic White,Petrol,Manual,2024
VIN04034,ENG-VIN04034,Baleno,VXI,Magma Grey,Petrol,Automatic,2024
VIN04035,ENG-VIN04035,Dzire,VXI,Magma Grey,Petrol,Automatic,2024
VIN04036,ENG-VIN04036,Swift,VXI,Magma Grey,CNG,Automatic,2024
VIN04037,ENG-VIN04037,Brezza,VXI,Midnight Black,Petrol,Manual,2024
VIN04038,ENG-VIN04038,Alto,VXI,Midnight Black,CNG,Automatic,2024
VIN04039,ENG-VIN04039,Brezza,VXI,Arctic White,CNG,Automatic,2024
VIN04040,ENG-VIN04040,Grand Vitara,VXI,Magma Grey,CNG,Manual,2024
VIN04041,ENG-VIN04041,Ertiga,VXI,Arctic White,CNG,Automatic,2024
VIN04042,ENG-VIN04042,Ertiga,VXI,Arctic White,Petrol,Automatic,2024
VIN04043,ENG-VIN04043,Dzire,VXI,Midnight Black,Petrol,Manual,2024
VIN04044,ENG-VIN04044,Ignis,VXI,Arctic White,Petrol,Manual,2024
VIN04045,ENG-VIN04045,Grand Vitara,VXI,Midnight Black,Petrol,Automatic,2024
VIN04046,ENG-VIN04046,Alto,VXI,Magma Grey,CNG,Automatic,2024
VIN04047,ENG-VIN04047,Brezza,VXI,Magma Grey,Petrol,Manual,2024
VIN04048,ENG-VIN04048,Dzire,VXI,Magma Grey,CNG,Manual,2024
VIN04049,ENG-VIN04049,Ignis,VXI,Magma Grey,Petrol,Automatic,2024
VIN04050,ENG-VIN04050,Grand Vitara,VXI,Magma Grey,Petrol,Manual,2024
VIN04051,ENG-VIN04051,Grand Vitara,VXI,Arctic White,Petrol,Manual,2024
VIN04052,ENG-VIN04052,Grand Vitara,VXI,Midnight Black,Petrol,Automatic,2024
VIN04053,ENG-VIN04053,Ertiga,VXI,Magma Grey,Petrol,Automatic,2024
VIN04054,ENG-VIN04054,Brezza,VXI,Magma Grey,CNG,Manual,2024
VIN04055,ENG-VIN04055,Grand Vitara,VXI,Arctic White,Petrol,Automatic,2024
VIN04056,ENG-VIN04056,Celerio,VXI,Magma Grey,CNG,Automatic,2024
VIN04057,ENG-VIN04057,Dzire,VXI,Arctic White,Petrol,Automatic,2024
VIN04058,ENG-VIN04058,Baleno,VXI,Magma Grey,CNG,Automatic,2024
VIN04059,ENG-VIN04059,Ertiga,VXI,Arctic White,Petrol,Manual,2024
VIN04060,ENG-VIN04060,Ertiga,VXI,Arctic White,CNG,Manual,2024
VIN04061,ENG-VIN04061,Baleno,VXI,Magma Grey,Petrol,Automatic,2024
VIN04062,ENG-VIN04062,Baleno,VXI,Midnight Black,CNG,Automatic,2024
VIN04063,ENG-VIN04063,Swift,VXI,Arctic White,Petrol,Automatic,2024
VIN04064,ENG-VIN04064,Grand Vitara,VXI,Arctic White,Petrol,Manual,2024
VIN04065,ENG-VIN04065,Alto,VXI,Arctic White,CNG,Automatic,2024
VIN04066,ENG-VIN04066,Alto,VXI,Magma Grey,CNG,Automatic,2024
VIN04067,ENG-VIN04067,Brezza,VXI,Magma Grey,CNG,Manual,2024
VIN04068,ENG-VIN04068,Dzire,VXI,Magma Grey,CNG,Manual,2024
VIN04069,ENG-VIN04069,Baleno,VXI,Arctic White,Petrol,Automatic,2024
VIN04070,ENG-VIN04070,Baleno,VXI,Magma Grey,Petrol,Automatic,2024
VIN04071,ENG-VIN04071,Baleno,VXI,Magma Grey,CNG,Manual,2024
VIN04072,ENG-VIN04072,Grand Vitara,VXI,Magma Grey,CNG,Automatic,2024
VIN04073,ENG-VIN04073,Grand Vitara,VXI,Midnight Black,CNG,Manual,2024
VIN04074,ENG-VIN04074,Ignis,VXI,Arctic White,Petrol,Manual,2024
VIN04075,ENG-VIN04075,Ertiga,VXI,Magma Grey,Petrol,Automatic,2024
VIN04076,ENG-VIN04076,Baleno,VXI,Arctic White,CNG,Manual,2024
VIN04077,ENG-VIN04077,Ignis,VXI,Midnight Black,CNG,Automatic,2024
VIN04078,ENG-VIN04078,Dzire,VXI,Arctic White,CNG,Manual,2024
VIN04079,ENG-VIN04079,Ertiga,VXI,Arctic White,CNG,Manual,2024
VIN04080,ENG-VIN04080,Swift,VXI,Magma Grey,CNG,Manual,2024
VIN04081,ENG-VIN04081,Ertiga,VXI,Magma Grey,Petrol,Automatic,2024
VIN04082,ENG-VIN04082,Grand Vitara,VXI,Midnight Black,Petrol,Manual,2024
VIN04083,ENG-VIN04083,Dzire,VXI,Magma Grey,CNG,Automatic,2024
VIN04084,ENG-VIN04084,Swift,VXI,Magma Grey,CNG,Automatic,2024
VIN04085,ENG-VIN04085,Baleno,VXI,Magma Grey,Petrol,Automatic,2024
VIN04086,ENG-VIN04086,Ertiga,VXI,Midnight Black,CNG,Manual,2024
VIN04087,ENG-VIN04087,Swift,VXI,Arctic White,CNG,Manual,2024
VIN04088,ENG-VIN04088,Ignis,VXI,Magma Grey,Petrol,Automatic,2024
VIN04089,ENG-VIN04089,Brezza,VXI,Midnight Black,Petrol,Manual,2024
VIN04090,ENG-VIN04090,Ertiga,VXI,Midnight Black,CNG,Manual,2024
VIN04091,ENG-VIN04091,Dzire,VXI,Magma Grey,CNG,Automatic,2024
VIN04092,ENG-VIN04092,Grand Vitara,VXI,Midnight Black,Petrol,Manual,2024
VIN04093,ENG-VIN04093,Grand Vitara,VXI,Midnight Black,Petrol,Manual,2024
VIN04094,ENG-VIN04094,Brezza,VXI,Midnight Black,Petrol,Manual,2024
VIN04095,ENG-VIN04095,Alto,VXI,Midnight Black,CNG,Manual,2024
VIN04096,ENG-VIN04096,Ertiga,VXI,Midnight Black,CNG,Automatic,2024
VIN04097,ENG-VIN04097,Dzire,VXI,Arctic White,CNG,Automatic,2024
VIN04098,ENG-VIN04098,Celerio,VXI,Arctic White,Petrol,Manual,2024
VIN04099,ENG-VIN04099,Baleno,VXI,Midnight Black,Petrol,Manual,2024
VIN04100,ENG-VIN04100,Baleno,VXI,Midnight Black,Petrol,Automatic,2024
VIN04101,ENG-VIN04101,Ertiga,VXI,Arctic White,Petrol,Automatic,2024
VIN04102,ENG-VIN04102,Celerio,VXI,Arctic White,CNG,Automatic,2024
VIN04103,ENG-VIN04103,Swift,VXI,Arctic White,Petrol,Automatic,2024
VIN04104,ENG-VIN04104,Swift,VXI,Magma Grey,Petrol,Manual,2024
VIN04105,ENG-VIN04105,Celerio,VXI,Magma Grey,CNG,Automatic,2024
VIN04106,ENG-VIN04106,Celerio,VXI,Midnight Black,Petrol,Automatic,2024
VIN04107,ENG-VIN04107,Swift,VXI,Magma Grey,CNG,Automatic,2024
VIN04108,ENG-VIN04108,Grand Vitara,VXI,Magma Grey,Petrol,Automatic,2024
VIN04109,ENG-VIN04109,Baleno,VXI,Arctic White,Petrol,Automatic,2024
VIN04110,ENG-VIN04110,Dzire,VXI,Magma Grey,CNG,Automatic,2024
VIN04111,ENG-VIN04111,Brezza,VXI,Midnight Black,CNG,Automatic,2024
VIN04112,ENG-VIN04112,Brezza,VXI,Midnight Black,Petrol,Automatic,2024
VIN04113,ENG-VIN04113,Ertiga,VXI,Arctic White,CNG,Automatic,2024
VIN04114,ENG-VIN04114,Baleno,VXI,Midnight Black,Petrol,Manual,2024
VIN04115,ENG-VIN04115,Alto,VXI,Magma Grey,Petrol,Manual,2024
VIN04116,ENG-VIN04116,Dzire,VXI,Magma Grey,CNG,Manual,2024
VIN04117,ENG-VIN04117,Ertiga,VXI,Arctic White,Petrol,Manual,2024
VIN04118,ENG-VIN04118,Grand Vitara,VXI,Arctic White,CNG,Automatic,2024
VIN04119,ENG-VIN04119,Grand Vitara,VXI,Magma Grey,Petrol,Manual,2024
VIN04120,ENG-VIN04120,Grand Vitara,VXI,Magma Grey,CNG,Automatic,2024
VIN04121,ENG-VIN04121,Celerio,VXI,Midnight Black,Petrol,Manual,2024
VIN04122,ENG-VIN04122,Ertiga,VXI,Magma Grey,CNG,Automatic,2024
VIN04123,ENG-VIN04123,Swift,VXI,Magma Grey,CNG,Manual,2024
VIN04124,ENG-VIN04124,Ignis,VXI,Midnight Black,Petrol,Automatic,2024
VIN04125,ENG-VIN04125,Ignis,VXI,Magma Grey,CNG,Manual,2024
VIN04126,ENG-VIN04126,Grand Vitara,VXI,Magma Grey,CNG,Manual,2024
VIN04127,ENG-VIN04127,Alto,VXI,Arctic White,Petrol,Automatic,2024
VIN04128,ENG-VIN04128,Alto,VXI,Magma Grey,CNG,Automatic,2024
VIN04129,ENG-VIN04129,Ertiga,VXI,Arctic White,CNG,Manual,2024
VIN04130,ENG-VIN04130,Ertiga,VXI,Magma Grey,CNG,Automatic,2024
VIN04131,ENG-VIN04131,Baleno,VXI,Arctic White,CNG,Automatic,2024
VIN04132,ENG-VIN04132,Celerio,VXI,Arctic White,CNG,Automatic,2024
VIN04133,ENG-VIN04133,Swift,VXI,Arctic White,Petrol,Manual,2024
VIN04134,ENG-VIN04134,Grand Vitara,VXI,Magma Grey,Petrol,Manual,2024
VIN04135,ENG-VIN04135,Ertiga,VXI,Arctic White,CNG,Manual,2024
VIN04136,ENG-VIN04136,Grand Vitara,VXI,Magma Grey,Petrol,Automatic,2024
VIN04137,ENG-VIN04137,Dzire,VXI,Arctic White,Petrol,Automatic,2024
VIN04138,ENG-VIN04138,Ignis,VXI,Midnight Black,Petrol,Manual,2024
VIN04139,ENG-VIN04139,Ertiga,VXI,Arctic White,Petrol,Manual,2024
VIN04140,ENG-VIN04140,Celerio,VXI,Magma Grey,CNG,Automatic,2024
VIN04141,ENG-VIN04141,Alto,VXI,Arctic White,Petrol,Manual,2024
VIN04142,ENG-VIN04142,Swift,VXI,Arctic White,Petrol,Automatic,2024
VIN04143,ENG-VIN04143,Baleno,VXI,Arctic White,Petrol,Manual,2024
VIN04144,ENG-VIN04144,Ignis,VXI,Arctic White,CNG,Manual,2024
VIN04145,ENG-VIN04145,Swift,VXI,Arctic White,Petrol,Manual,2024
VIN04146,ENG-VIN04146,Alto,VXI,Midnight Black,Petrol,Automatic,2024
VIN04147,ENG-VIN04147,Brezza,VXI,Arctic White,CNG,Automatic,2024
VIN04148,ENG-VIN04148,Brezza,VXI,Magma Grey,Petrol,Automatic,2024
VIN04149,ENG-VIN04149,Baleno,VXI,Magma Grey,Petrol,Manual,2024
VIN04150,ENG-VIN04150,Ertiga,VXI,Midnight Black,CNG,Manual,2024
VIN04151,ENG-VIN04151,Dzire,VXI,Arctic White,Petrol,Automatic,2024
VIN04152,ENG-VIN04152,Grand Vitara,VXI,Magma Grey,Petrol,Manual,2024
VIN04153,ENG-VIN04153,Brezza,VXI,Arctic White,Petrol,Automatic,2024
VIN04154,ENG-VIN04154,Brezza,VXI,Magma Grey,CNG,Manual,2024
VIN04155,ENG-VIN04155,Baleno,VXI,Midnight Black,CNG,Manual,2024
VIN04156,ENG-VIN04156,Baleno,VXI,Midnight Black,Petrol,Manual,2024
VIN04157,ENG-VIN04157,Ignis,VXI,Magma Grey,CNG,Manual,2024
VIN04158,ENG-VIN04158,Alto,VXI,Magma Grey,Petrol,Manual,2024
VIN04159,ENG-VIN04159,Ignis,VXI,Arctic White,CNG,Automatic,2024
VIN04160,ENG-VIN04160,Dzire,VXI,Magma Grey,Petrol,Automatic,2024
VIN04161,ENG-VIN04161,Dzire,VXI,Arctic White,CNG,Manual,2024
VIN04162,ENG-VIN04162,Ertiga,VXI,Arctic White,Petrol,Automatic,2024
VIN04163,ENG-VIN04163,Ignis,VXI,Midnight Black,Petrol,Manual,2024
VIN04164,ENG-VIN04164,Swift,VXI,Arctic White,Petrol,Manual,2024
VIN04165,ENG-VIN04165,Swift,VXI,Midnight Black,Petrol,Automatic,2024
VIN04166,ENG-VIN04166,Ertiga,VXI,Magma Grey,CNG,Manual,2024
VIN04167,ENG-VIN04167,Ignis,VXI,Midnight Black,CNG,Automatic,2024
VIN04168,ENG-VIN04168,Baleno,VXI,Arctic White,Petrol,Manual,2024
VIN04169,ENG-VIN04169,Ignis,VXI,Arctic White,CNG,Automatic,2024
VIN04170,ENG-VIN04170,Ertiga,VXI,Midnight Black,Petrol,Automatic,2024
VIN04171,ENG-VIN04171,Ignis,VXI,Magma Grey,CNG,Manual,2024
VIN04172,ENG-VIN04172,Dzire,VXI,Magma Grey,Petrol,Manual,2024
VIN04173,ENG-VIN04173,Ignis,VXI,Arctic White,Petrol,Manual,2024
VIN04174,ENG-VIN04174,Baleno,VXI,Midnight Black,Petrol,Manual,2024
VIN04175,ENG-VIN04175,Celerio,VXI,Arctic White,CNG,Manual,2024
VIN04176,ENG-VIN04176,Ignis,VXI,Midnight Black,Petrol,Manual,2024
VIN04177,ENG-VIN04177,Ignis,VXI,Magma Grey,Petrol,Manual,2024
VIN04178,ENG-VIN04178,Alto,VXI,Arctic White,CNG,Manual,2024
VIN04179,ENG-VIN04179,Brezza,VXI,Arctic White,Petrol,Manual,2024
VIN04180,ENG-VIN04180,Swift,VXI,Magma Grey,CNG,Manual,2024
VIN04181,ENG-VIN04181,Baleno,VXI,Magma Grey,Petrol,Automatic,2024
VIN04182,ENG-VIN04182,Grand Vitara,VXI,Arctic White,Petrol,Manual,2024
VIN04183,ENG-VIN04183,Brezza,VXI,Midnight Black,Petrol,Manual,2024
VIN04184,ENG-VIN04184,Ignis,VXI,Midnight Black,Petrol,Automatic,2024
VIN04185,ENG-VIN04185,Alto,VXI,Arctic White,Petrol,Manual,2024
VIN04186,ENG-VIN04186,Ignis,VXI,Arctic White,Petrol,Automatic,2024
VIN04187,ENG-VIN04187,Celerio,VXI,Arctic White,CNG,Manual,2024
VIN04188,ENG-VIN04188,Ignis,VXI,Magma Grey,Petrol,Automatic,2024
VIN04189,ENG-VIN04189,Alto,VXI,Arctic White,CNG,Manual,2024
VIN04190,ENG-VIN04190,Ertiga,VXI,Magma Grey,CNG,Manual,2024
VIN04191,ENG-VIN04191,Swift,VXI,Midnight Black,CNG,Manual,2024
VIN04192,ENG-VIN04192,Alto,VXI,Midnight Black,CNG,Automatic,2024
VIN04193,ENG-VIN04193,Grand Vitara,VXI,Magma Grey,CNG,Manual,2024
VIN04194,ENG-VIN04194,Ertiga,VXI,Arctic White,CNG,Automatic,2024
VIN04195,ENG-VIN04195,Brezza,VXI,Magma Grey,Petrol,Automatic,2024
VIN04196,ENG-VIN04196,Ignis,VXI,Magma Grey,CNG,Manual,2024
VIN04197,ENG-VIN04197,Brezza,VXI,Arctic White,CNG,Manual,2024
VIN04198,ENG-VIN04198,Ertiga,VXI,Midnight Black,CNG,Automatic,2024
VIN04199,ENG-VIN04199,Celerio,VXI,Midnight Black,CNG,Manual,2024
VIN04200,ENG-VIN04200,Celerio,VXI,Magma Grey,CNG,Manual,2024
VIN04201,ENG-VIN04201,Swift,VXI,Magma Grey,CNG,Automatic,2024
VIN04202,ENG-VIN04202,Celerio,VXI,Arctic White,Petrol,Manual,2024
VIN04203,ENG-VIN04203,Swift,VXI,Midnight Black,CNG,Automatic,2024
VIN04204,ENG-VIN04204,Baleno,VXI,Magma Grey,Petrol,Automatic,2024
VIN04205,ENG-VIN04205,Celerio,VXI,Magma Grey,Petrol,Automatic,2024
VIN04206,ENG-VIN04206,Swift,VXI,Arctic White,Petrol,Automatic,2024
VIN04207,ENG-VIN04207,Brezza,VXI,Midnight Black,Petrol,Manual,2024
VIN04208,ENG-VIN04208,Swift,VXI,Midnight Black,CNG,Automatic,2024
VIN04209,ENG-VIN04209,Alto,VXI,Arctic White,CNG,Manual,2024
VIN04210,ENG-VIN04210,Grand Vitara,VXI,Arctic White,CNG,Automatic,2024
VIN04211,ENG-VIN04211,Brezza,VXI,Midnight Black,CNG,Manual,2024
VIN04212,ENG-VIN04212,Ignis,VXI,Arctic White,CNG,Manual,2024
VIN04213,ENG-VIN04213,Baleno,VXI,Arctic White,Petrol,Automatic,2024
VIN04214,ENG-VIN04214,Baleno,VXI,Midnight Black,CNG,Manual,2024
VIN04215,ENG-VIN04215,Baleno,VXI,Magma Grey,CNG,Manual,2024
VIN04216,ENG-VIN04216,Ertiga,VXI,Arctic White,Petrol,Automatic,2024
VIN04217,ENG-VIN04217,Dzire,VXI,Midnight Black,Petrol,Manual,2024
VIN04218,ENG-VIN04218,Ignis,VXI,Midnight Black,CNG,Manual,2024
VIN04219,ENG-VIN04219,Ertiga,VXI,Arctic White,Petrol,Automatic,2024
VIN04220,ENG-VIN04220,Ertiga,VXI,Midnight Black,CNG,Automatic,2024
VIN04221,ENG-VIN04221,Dzire,VXI,Arctic White,Petrol,Automatic,2024
VIN04222,ENG-VIN04222,Alto,VXI,Magma Grey,CNG,Automatic,2024
VIN04223,ENG-VIN04223,Baleno,VXI,Magma Grey,Petrol,Manual,2024
VIN04224,ENG-VIN04224,Swift,VXI,Magma Grey,CNG,Automatic,2024
VIN04225,ENG-VIN04225,Brezza,VXI,Midnight Black,CNG,Automatic,2024
VIN04226,ENG-VIN04226,Brezza,VXI,Magma Grey,Petrol,Manual,2024
VIN04227,ENG-VIN04227,Dzire,VXI,Magma Grey,CNG,Automatic,2024
VIN04228,ENG-VIN04228,Ertiga,VXI,Midnight Black,CNG,Automatic,2024
VIN04229,ENG-VIN04229,Swift,VXI,Midnight Black,Petrol,Automatic,2024
VIN04230,ENG-VIN04230,Grand Vitara,VXI,Midnight Black,Petrol,Automatic,2024
VIN04231,ENG-VIN04231,Grand Vitara,VXI,Arctic White,CNG,Manual,2024
VIN04232,ENG-VIN04232,Celerio,VXI,Midnight Black,Petrol,Automatic,2024
VIN04233,ENG-VIN04233,Ertiga,VXI,Magma Grey,Petrol,Manual,2024
VIN04234,ENG-VIN04234,Brezza,VXI,Arctic White,Petrol,Manual,2024
VIN04235,ENG-VIN04235,Dzire,VXI,Magma Grey,Petrol,Automatic,2024
VIN04236,ENG-VIN04236,Celerio,VXI,Magma Grey,CNG,Manual,2024
VIN04237,ENG-VIN04237,Grand Vitara,VXI,Magma Grey,CNG,Manual,2024
VIN04238,ENG-VIN04238,Ertiga,VXI,Arctic White,CNG,Automatic,2024
VIN04239,ENG-VIN04239,Ertiga,VXI,Midnight Black,CNG,Automatic,2024
VIN04240,ENG-VIN04240,Grand Vitara,VXI,Arctic White,CNG,Automatic,2024
VIN04241,ENG-VIN04241,Alto,VXI,Midnight Black,CNG,Manual,2024
VIN04242,ENG-VIN04242,Baleno,VXI,Magma Grey,CNG,Manual,2024
VIN04243,ENG-VIN04243,Baleno,VXI,Magma Grey,CNG,Manual,2024
VIN04244,ENG-VIN04244,Ertiga,VXI,Midnight Black,Petrol,Automatic,2024
VIN04245,ENG-VIN04245,Swift,VXI,Arctic White,Petrol,Automatic,2024
VIN04246,ENG-VIN04246,Ertiga,VXI,Magma Grey,Petrol,Automatic,2024
VIN04247,ENG-VIN04247,Brezza,VXI,Arctic White,CNG,Manual,2024
VIN04248,ENG-VIN04248,Alto,VXI,Magma Grey,CNG,Automatic,2024
VIN04249,ENG-VIN04249,Ignis,VXI,Midnight Black,Petrol,Automatic,2024
VIN04250,ENG-VIN04250,Brezza,VXI,Magma Grey,CNG,Manual,2024
VIN04251,ENG-VIN04251,Alto,VXI,Magma Grey,CNG,Automatic,2024
VIN04252,ENG-VIN04252,Ertiga,VXI,Magma Grey,Petrol,Automatic,2024
VIN04253,ENG-VIN04253,Baleno,VXI,Magma Grey,CNG,Automatic,2024
VIN04254,ENG-VIN04254,Grand Vitara,VXI,Magma Grey,CNG,Manual,2024
VIN04255,ENG-VIN04255,Brezza,VXI,Magma Grey,Petrol,Manual,2024
VIN04256,ENG-VIN04256,Celerio,VXI,Midnight Black,CNG,Automatic,2024
VIN04257,ENG-VIN04257,Brezza,VXI,Midnight Black,Petrol,Automatic,2024
VIN04258,ENG-VIN04258,Celerio,VXI,Midnight Black,Petrol,Automatic,2024
VIN04259,ENG-VIN04259,Swift,VXI,Arctic White,CNG,Automatic,2024
VIN04260,ENG-VIN04260,Dzire,VXI,Arctic White,CNG,Manual,2024
VIN04261,ENG-VIN04261,Dzire,VXI,Arctic White,Petrol,Manual,2024
VIN04262,ENG-VIN04262,Brezza,VXI,Arctic White,CNG,Manual,2024
VIN04263,ENG-VIN04263,Celerio,VXI,Magma Grey,CNG,Automatic,2024
VIN04264,ENG-VIN04264,Ertiga,VXI,Midnight Black,CNG,Automatic,2024
VIN04265,ENG-VIN04265,Dzire,VXI,Arctic White,Petrol,Automatic,2024
VIN04266,ENG-VIN04266,Swift,VXI,Arctic White,CNG,Automatic,2024
VIN04267,ENG-VIN04267,Celerio,VXI,Midnight Black,CNG,Manual,2024
VIN04268,ENG-VIN04268,Swift,VXI,Arctic White,Petrol,Automatic,2024
VIN04269,ENG-VIN04269,Ertiga,VXI,Magma Grey,Petrol,Manual,2024
VIN04270,ENG-VIN04270,Dzire,VXI,Arctic White,Petrol,Automatic,2024
VIN04271,ENG-VIN04271,Ertiga,VXI,Midnight Black,Petrol,Automatic,2024
VIN04272,ENG-VIN04272,Baleno,VXI,Arctic White,CNG,Automatic,2024
VIN04273,ENG-VIN04273,Alto,VXI,Midnight Black,Petrol,Manual,2024
VIN04274,ENG-VIN04274,Swift,VXI,Midnight Black,CNG,Automatic,2024
VIN04275,ENG-VIN04275,Dzire,VXI,Magma Grey,CNG,Automatic,2024
VIN04276,ENG-VIN04276,Ertiga,VXI,Magma Grey,CNG,Automatic,2024
VIN04277,ENG-VIN04277,Grand Vitara,VXI,Midnight Black,Petrol,Manual,2024
VIN04278,ENG-VIN04278,Alto,VXI,Magma Grey,CNG,Manual,2024
VIN04279,ENG-VIN04279,Alto,VXI,Midnight Black,Petrol,Manual,2024
VIN04280,ENG-VIN04280,Baleno,VXI,Magma Grey,Petrol,Manual,2024
VIN04281,ENG-VIN04281,Grand Vitara,VXI,Magma Grey,Petrol,Manual,2024
VIN04282,ENG-VIN04282,Ertiga,VXI,Arctic White,CNG,Manual,2024
VIN04283,ENG-VIN04283,Ignis,VXI,Midnight Black,CNG,Manual,2024
VIN04284,ENG-VIN04284,Grand Vitara,VXI,Midnight Black,Petrol,Manual,2024
VIN04285,ENG-VIN04285,Dzire,VXI,Midnight Black,CNG,Automatic,2024
VIN04286,ENG-VIN04286,Grand Vitara,VXI,Midnight Black,Petrol,Manual,2024
VIN04287,ENG-VIN04287,Ignis,VXI,Magma Grey,CNG,Manual,2024
VIN04288,ENG-VIN04288,Celerio,VXI,Arctic White,CNG,Manual,2024
VIN04289,ENG-VIN04289,Ertiga,VXI,Arctic White,CNG,Manual,2024
VIN04290,ENG-VIN04290,Alto,VXI,Arctic White,Petrol,Manual,2024
VIN04291,ENG-VIN04291,Ertiga,VXI,Magma Grey,CNG,Automatic,2024
VIN04292,ENG-VIN04292,Grand Vitara,VXI,Arctic White,CNG,Manual,2024
VIN04293,ENG-VIN04293,Ignis,VXI,Magma Grey,Petrol,Manual,2024
VIN04294,ENG-VIN04294,Ertiga,VXI,Magma Grey,CNG,Manual,2024
VIN04295,ENG-VIN04295,Brezza,VXI,Magma Grey,CNG,Manual,2024
VIN04296,ENG-VIN04296,Alto,VXI,Arctic White,CNG,Automatic,2024
VIN04297,ENG-VIN04297,Celerio,VXI,Midnight Black,CNG,Manual,2024
VIN04298,ENG-VIN04298,Brezza,VXI,Midnight Black,Petrol,Automatic,2024
VIN04299,ENG-VIN04299,Alto,VXI,Midnight Black,Petrol,Manual,2024
VIN04300,ENG-VIN04300,Alto,VXI,Magma Grey,CNG,Manual,2024
VIN04301,ENG-VIN04301,Alto,VXI,Arctic White,CNG,Manual,2024
VIN04302,ENG-VIN04302,Baleno,VXI,Midnight Black,Petrol,Manual,2024
VIN04303,ENG-VIN04303,Dzire,VXI,Magma Grey,CNG,Manual,2024
VIN04304,ENG-VIN04304,Ertiga,VXI,Magma Grey,Petrol,Manual,2024
VIN04305,ENG-VIN04305,Alto,VXI,Arctic White,CNG,Automatic,2024
VIN04306,ENG-VIN04306,Swift,VXI,Midnight Black,Petrol,Automatic,2024
VIN04307,ENG-VIN04307,Baleno,VXI,Midnight Black,Petrol,Automatic,2024
VIN04308,ENG-VIN04308,Baleno,VXI,Magma Grey,CNG,Manual,2024
VIN04309,ENG-VIN04309,Dzire,VXI,Midnight Black,Petrol,Manual,2024
VIN04310,ENG-VIN04310,Ertiga,VXI,Arctic White,Petrol,Automatic,2024
VIN04311,ENG-VIN04311,Dzire,VXI,Midnight Black,Petrol,Automatic,2024
VIN04312,ENG-VIN04312,Alto,VXI,Midnight Black,CNG,Automatic,2024
VIN04313,ENG-VIN04313,Celerio,VXI,Arctic White,CNG,Automatic,2024
VIN04314,ENG-VIN04314,Alto,VXI,Midnight Black,Petrol,Manual,2024
VIN04315,ENG-VIN04315,Ertiga,VXI,Magma Grey,CNG,Manual,2024
VIN04316,ENG-VIN04316,Celerio,VXI,Magma Grey,CNG,Manual,2024
VIN04317,ENG-VIN04317,Swift,VXI,Magma Grey,CNG,Automatic,2024
VIN04318,ENG-VIN04318,Ignis,VXI,Midnight Black,CNG,Manual,2024
VIN04319,ENG-VIN04319,Brezza,VXI,Midnight Black,CNG,Automatic,2024
VIN04320,ENG-VIN04320,Ignis,VXI,Magma Grey,Petrol,Manual,2024
VIN04321,ENG-VIN04321,Brezza,VXI,Magma Grey,Petrol,Manual,2024
VIN04322,ENG-VIN04322,Ignis,VXI,Midnight Black,CNG,Manual,2024
VIN04323,ENG-VIN04323,Grand Vitara,VXI,Midnight Black,Petrol,Manual,2024
VIN04324,ENG-VIN04324,Swift,VXI,Midnight Black,Petrol,Automatic,2024
VIN04325,ENG-VIN04325,Grand Vitara,VXI,Arctic White,CNG,Automatic,2024
VIN04326,ENG-VIN04326,Ignis,VXI,Midnight Black,CNG,Manual,2024
VIN04327,ENG-VIN04327,Baleno,VXI,Midnight Black,Petrol,Automatic,2024
VIN04328,ENG-VIN04328,Ertiga,VXI,Magma Grey,Petrol,Automatic,2024
VIN04329,ENG-VIN04329,Brezza,VXI,Midnight Black,CNG,Automatic,2024
VIN04330,ENG-VIN04330,Swift,VXI,Magma Grey,CNG,Manual,2024
VIN04331,ENG-VIN04331,Dzire,VXI,Arctic White,Petrol,Automatic,2024
VIN04332,ENG-VIN04332,Baleno,VXI,Arctic White,CNG,Manual,2024
VIN04333,ENG-VIN04333,Swift,VXI,Midnight Black,Petrol,Automatic,2024
VIN04334,ENG-VIN04334,Ignis,VXI,Magma Grey,Petrol,Automatic,2024
VIN04335,ENG-VIN04335,Baleno,VXI,Magma Grey,Petrol,Manual,2024
VIN04336,ENG-VIN04336,Ertiga,VXI,Magma Grey,CNG,Manual,2024
VIN04337,ENG-VIN04337,Ertiga,VXI,Midnight Black,CNG,Automatic,2024
VIN04338,ENG-VIN04338,Celerio,VXI,Arctic White,CNG,Automatic,2024
VIN04339,ENG-VIN04339,Swift,VXI,Midnight Black,Petrol,Automatic,2024
VIN04340,ENG-VIN04340,Ignis,VXI,Arctic White,Petrol,Manual,2024
VIN04341,ENG-VIN04341,Ertiga,VXI,Arctic White,Petrol,Automatic,2024
VIN04342,ENG-VIN04342,Baleno,VXI,Arctic White,CNG,Manual,2024
VIN04343,ENG-VIN04343,Alto,VXI,Arctic White,Petrol,Automatic,2024
VIN04344,ENG-VIN04344,Baleno,VXI,Magma Grey,CNG,Manual,2024
VIN04345,ENG-VIN04345,Ignis,VXI,Arctic White,CNG,Manual,2024
VIN04346,ENG-VIN04346,Ertiga,VXI,Magma Grey,CNG,Manual,2024
VIN04347,ENG-VIN04347,Baleno,VXI,Midnight Black,Petrol,Manual,2024
VIN04348,ENG-VIN04348,Swift,VXI,Magma Grey,Petrol,Manual,2024
VIN04349,ENG-VIN04349,Swift,VXI,Magma Grey,Petrol,Manual,2024
VIN04350,ENG-VIN04350,Ertiga,VXI,Magma Grey,CNG,Manual,2024
VIN04351,ENG-VIN04351,Dzire,VXI,Midnight Black,CNG,Automatic,2024
VIN04352,ENG-VIN04352,Dzire,VXI,Midnight Black,Petrol,Automatic,2024
VIN04353,ENG-VIN04353,Alto,VXI,Magma Grey,CNG,Automatic,2024
VIN04354,ENG-VIN04354,Baleno,VXI,Magma Grey,Petrol,Automatic,2024
VIN04355,ENG-VIN04355,Alto,VXI,Arctic White,Petrol,Manual,2024
VIN04356,ENG-VIN04356,Celerio,VXI,Magma Grey,CNG,Manual,2024
VIN04357,ENG-VIN04357,Celerio,VXI,Midnight Black,CNG,Automatic,2024
VIN04358,ENG-VIN04358,Swift,VXI,Magma Grey,Petrol,Manual,2024
VIN04359,ENG-VIN04359,Ertiga,VXI,Arctic White,CNG,Automatic,2024
VIN04360,ENG-VIN04360,Alto,VXI,Midnight Black,CNG,Manual,2024
VIN04361,ENG-VIN04361,Grand Vitara,VXI,Magma Grey,CNG,Manual,2024
VIN04362,ENG-VIN04362,Dzire,VXI,Arctic White,Petrol,Manual,2024
VIN04363,ENG-VIN04363,Swift,VXI,Midnight Black,CNG,Manual,2024
VIN04364,ENG-VIN04364,Brezza,VXI,Midnight Black,CNG,Automatic,2024
VIN04365,ENG-VIN04365,Dzire,VXI,Midnight Black,CNG,Automatic,2024
VIN04366,ENG-VIN04366,Celerio,VXI,Midnight Black,Petrol,Manual,2024
VIN04367,ENG-VIN04367,Swift,VXI,Magma Grey,Petrol,Manual,2024
VIN04368,ENG-VIN04368,Dzire,VXI,Midnight Black,Petrol,Automatic,2024
VIN04369,ENG-VIN04369,Brezza,VXI,Arctic White,CNG,Automatic,2024
VIN04370,ENG-VIN04370,Celerio,VXI,Magma Grey,CNG,Automatic,2024
VIN04371,ENG-VIN04371,Baleno,VXI,Magma Grey,CNG,Automatic,2024
VIN04372,ENG-VIN04372,Ertiga,VXI,Midnight Black,Petrol,Automatic,2024
VIN04373,ENG-VIN04373,Alto,VXI,Midnight Black,Petrol,Manual,2024
VIN04374,ENG-VIN04374,Ertiga,VXI,Magma Grey,Petrol,Manual,2024
VIN04375,ENG-VIN04375,Baleno,VXI,Magma Grey,CNG,Automatic,2024
VIN04376,ENG-VIN04376,Dzire,VXI,Midnight Black,CNG,Automatic,2024
VIN04377,ENG-VIN04377,Celerio,VXI,Arctic White,CNG,Automatic,2024
VIN04378,ENG-VIN04378,Grand Vitara,VXI,Magma Grey,CNG,Manual,2024
VIN04379,ENG-VIN04379,Swift,VXI,Arctic White,Petrol,Manual,2024
VIN04380,ENG-VIN04380,Baleno,VXI,Magma Grey,CNG,Automatic,2024
VIN04381,ENG-VIN04381,Celerio,VXI,Arctic White,CNG,Automatic,2024
VIN04382,ENG-VIN04382,Dzire,VXI,Midnight Black,Petrol,Automatic,2024
VIN04383,ENG-VIN04383,Swift,VXI,Midnight Black,CNG,Automatic,2024
VIN04384,ENG-VIN04384,Alto,VXI,Arctic White,CNG,Automatic,2024
VIN04385,ENG-VIN04385,Dzire,VXI,Magma Grey,CNG,Manual,2024
VIN04386,ENG-VIN04386,Grand Vitara,VXI,Arctic White,Petrol,Automatic,2024
VIN04387,ENG-VIN04387,Baleno,VXI,Magma Grey,Petrol,Manual,2024
VIN04388,ENG-VIN04388,Brezza,VXI,Magma Grey,CNG,Automatic,2024
VIN04389,ENG-VIN04389,Alto,VXI,Midnight Black,Petrol,Automatic,2024
VIN04390,ENG-VIN04390,Baleno,VXI,Midnight Black,CNG,Manual,2024
VIN04391,ENG-VIN04391,Celerio,VXI,Magma Grey,Petrol,Automatic,2024
VIN04392,ENG-VIN04392,Ignis,VXI,Magma Grey,Petrol,Automatic,2024
VIN04393,ENG-VIN04393,Brezza,VXI,Midnight Black,CNG,Manual,2024
VIN04394,ENG-VIN04394,Swift,VXI,Midnight Black,Petrol,Manual,2024
VIN04395,ENG-VIN04395,Celerio,VXI,Arctic White,Petrol,Automatic,2024
VIN04396,ENG-VIN04396,Dzire,VXI,Arctic White,Petrol,Automatic,2024
VIN04397,ENG-VIN04397,Grand Vitara,VXI,Arctic White,Petrol,Manual,2024
VIN04398,ENG-VIN04398,Ertiga,VXI,Arctic White,Petrol,Automatic,2024
VIN04399,ENG-VIN04399,Dzire,VXI,Magma Grey,Petrol,Automatic,2024
VIN04400,ENG-VIN04400,Baleno,VXI,Magma Grey,Petrol,Automatic,2024
VIN04401,ENG-VIN04401,Ertiga,VXI,Arctic White,CNG,Manual,2024
VIN04402,ENG-VIN04402,Ignis,VXI,Magma Grey,Petrol,Manual,2024
VIN04403,ENG-VIN04403,Celerio,VXI,Arctic White,Petrol,Manual,2024
VIN04404,ENG-VIN04404,Dzire,VXI,Magma Grey,Petrol,Automatic,2024
VIN04405,ENG-VIN04405,Ignis,VXI,Magma Grey,Petrol,Automatic,2024
VIN04406,ENG-VIN04406,Ertiga,VXI,Arctic White,Petrol,Automatic,2024
VIN04407,ENG-VIN04407,Baleno,VXI,Arctic White,Petrol,Manual,2024
VIN04408,ENG-VIN04408,Brezza,VXI,Magma Grey,CNG,Manual,2024
VIN04409,ENG-VIN04409,Alto,VXI,Midnight Black,Petrol,Manual,2024
VIN04410,ENG-VIN04410,Ignis,VXI,Magma Grey,Petrol,Automatic,2024
VIN04411,ENG-VIN04411,Brezza,VXI,Magma Grey,CNG,Automatic,2024
VIN04412,ENG-VIN04412,Baleno,VXI,Arctic White,CNG,Manual,2024
VIN04413,ENG-VIN04413,Grand Vitara,VXI,Arctic White,CNG,Automatic,2024
VIN04414,ENG-VIN04414,Ignis,VXI,Magma Grey,Petrol,Manual,2024
VIN04415,ENG-VIN04415,Ertiga,VXI,Magma Grey,CNG,Automatic,2024
VIN04416,ENG-VIN04416,Alto,VXI,Arctic White,CNG,Automatic,2024
VIN04417,ENG-VIN04417,Celerio,VXI,Magma Grey,CNG,Manual,2024
VIN04418,ENG-VIN04418,Swift,VXI,Magma Grey,CNG,Automatic,2024
VIN04419,ENG-VIN04419,Ertiga,VXI,Magma Grey,Petrol,Automatic,2024
VIN04420,ENG-VIN04420,Alto,VXI,Arctic White,Petrol,Automatic,2024
VIN04421,ENG-VIN04421,Ignis,VXI,Arctic White,Petrol,Automatic,2024
VIN04422,ENG-VIN04422,Ignis,VXI,Midnight Black,Petrol,Automatic,2024
VIN04423,ENG-VIN04423,Brezza,VXI,Magma Grey,Petrol,Manual,2024
VIN04424,ENG-VIN04424,Dzire,VXI,Midnight Black,CNG,Manual,2024
VIN04425,ENG-VIN04425,Grand Vitara,VXI,Midnight Black,CNG,Manual,2024
VIN04426,ENG-VIN04426,Grand Vitara,VXI,Arctic White,CNG,Manual,2024
VIN04427,ENG-VIN04427,Grand Vitara,VXI,Magma Grey,Petrol,Automatic,2024
VIN04428,ENG-VIN04428,Alto,VXI,Midnight Black,Petrol,Automatic,2024
VIN04429,ENG-VIN04429,Grand Vitara,VXI,Magma Grey,CNG,Manual,2024
VIN04430,ENG-VIN04430,Swift,VXI,Midnight Black,CNG,Automatic,2024
VIN04431,ENG-VIN04431,Alto,VXI,Midnight Black,Petrol,Automatic,2024
VIN04432,ENG-VIN04432,Celerio,VXI,Midnight Black,Petrol,Automatic,2024
VIN04433,ENG-VIN04433,Celerio,VXI,Arctic White,Petrol,Automatic,2024
VIN04434,ENG-VIN04434,Ignis,VXI,Midnight Black,Petrol,Manual,2024
VIN04435,ENG-VIN04435,Brezza,VXI,Arctic White,CNG,Manual,2024
VIN04436,ENG-VIN04436,Alto,VXI,Arctic White,Petrol,Automatic,2024
VIN04437,ENG-VIN04437,Grand Vitara,VXI,Arctic White,CNG,Manual,2024
VIN04438,ENG-VIN04438,Brezza,VXI,Magma Grey,Petrol,Automatic,2024
VIN04439,ENG-VIN04439,Celerio,VXI,Magma Grey,Petrol,Manual,2024
VIN04440,ENG-VIN04440,Dzire,VXI,Magma Grey,CNG,Automatic,2024
VIN04441,ENG-VIN04441,Ertiga,VXI,Midnight Black,Petrol,Manual,2024
VIN04442,ENG-VIN04442,Baleno,VXI,Arctic White,Petrol,Manual,2024
VIN04443,ENG-VIN04443,Brezza,VXI,Midnight Black,CNG,Automatic,2024
VIN04444,ENG-VIN04444,Swift,VXI,Midnight Black,CNG,Manual,2024
VIN04445,ENG-VIN04445,Grand Vitara,VXI,Arctic White,CNG,Automatic,2024
VIN04446,ENG-VIN04446,Brezza,VXI,Arctic White,CNG,Automatic,2024
VIN04447,ENG-VIN04447,Grand Vitara,VXI,Arctic White,Petrol,Manual,2024
VIN04448,ENG-VIN04448,Brezza,VXI,Arctic White,CNG,Automatic,2024
VIN04449,ENG-VIN04449,Grand Vitara,VXI,Magma Grey,Petrol,Manual,2024
VIN04450,ENG-VIN04450,Swift,VXI,Midnight Black,Petrol,Automatic,2024
VIN04451,ENG-VIN04451,Baleno,VXI,Arctic White,CNG,Manual,2024
VIN04452,ENG-VIN04452,Ertiga,VXI,Arctic White,Petrol,Automatic,2024
VIN04453,ENG-VIN04453,Swift,VXI,Arctic White,CNG,Manual,2024
VIN04454,ENG-VIN04454,Ertiga,VXI,Magma Grey,CNG,Manual,2024
VIN04455,ENG-VIN04455,Ertiga,VXI,Magma Grey,CNG,Manual,2024
VIN04456,ENG-VIN04456,Celerio,VXI,Magma Grey,CNG,Manual,2024
VIN04457,ENG-VIN04457,Swift,VXI,Arctic White,Petrol,Manual,2024
VIN04458,ENG-VIN04458,Brezza,VXI,Arctic White,CNG,Automatic,2024
VIN04459,ENG-VIN04459,Baleno,VXI,Arctic White,Petrol,Automatic,2024
VIN04460,ENG-VIN04460,Swift,VXI,Arctic White,CNG,Automatic,2024
VIN04461,ENG-VIN04461,Swift,VXI,Arctic White,CNG,Automatic,2024
VIN04462,ENG-VIN04462,Baleno,VXI,Midnight Black,CNG,Automatic,2024
VIN04463,ENG-VIN04463,Baleno,VXI,Midnight Black,Petrol,Automatic,2024
VIN04464,ENG-VIN04464,Ertiga,VXI,Midnight Black,CNG,Manual,2024
VIN04465,ENG-VIN04465,Ignis,VXI,Midnight Black,Petrol,Manual,2024
VIN04466,ENG-VIN04466,Celerio,VXI,Midnight Black,CNG,Manual,2024
VIN04467,ENG-VIN04467,Brezza,VXI,Arctic White,CNG,Automatic,2024
VIN04468,ENG-VIN04468,Dzire,VXI,Midnight Black,CNG,Manual,2024
VIN04469,ENG-VIN04469,Baleno,VXI,Arctic White,CNG,Manual,2024
VIN04470,ENG-VIN04470,Brezza,VXI,Midnight Black,Petrol,Automatic,2024
VIN04471,ENG-VIN04471,Ertiga,VXI,Arctic White,Petrol,Manual,2024
VIN04472,ENG-VIN04472,Ertiga,VXI,Magma Grey,CNG,Manual,2024
VIN04473,ENG-VIN04473,Dzire,VXI,Midnight Black,Petrol,Manual,2024
VIN04474,ENG-VIN04474,Swift,VXI,Midnight Black,Petrol,Manual,2024
VIN04475,ENG-VIN04475,Celerio,VXI,Magma Grey,Petrol,Automatic,2024
VIN04476,ENG-VIN04476,Ertiga,VXI,Arctic White,CNG,Automatic,2024
VIN04477,ENG-VIN04477,Baleno,VXI,Magma Grey,CNG,Automatic,2024
VIN04478,ENG-VIN04478,Brezza,VXI,Arctic White,CNG,Automatic,2024
VIN04479,ENG-VIN04479,Swift,VXI,Arctic White,Petrol,Automatic,2024
VIN04480,ENG-VIN04480,Ignis,VXI,Midnight Black,CNG,Automatic,2024
VIN04481,ENG-VIN04481,Brezza,VXI,Arctic White,CNG,Manual,2024
VIN04482,ENG-VIN04482,Swift,VXI,Magma Grey,Petrol,Automatic,2024
VIN04483,ENG-VIN04483,Baleno,VXI,Arctic White,Petrol,Automatic,2024
VIN04484,ENG-VIN04484,Dzire,VXI,Magma Grey,Petrol,Automatic,2024
VIN04485,ENG-VIN04485,Alto,VXI,Midnight Black,CNG,Manual,2024
VIN04486,ENG-VIN04486,Grand Vitara,VXI,Arctic White,CNG,Automatic,2024
VIN04487,ENG-VIN04487,Grand Vitara,VXI,Magma Grey,CNG,Automatic,2024
VIN04488,ENG-VIN04488,Baleno,VXI,Magma Grey,Petrol,Manual,2024
VIN04489,ENG-VIN04489,Ertiga,VXI,Midnight Black,CNG,Automatic,2024
VIN04490,ENG-VIN04490,Swift,VXI,Magma Grey,Petrol,Automatic,2024
VIN04491,ENG-VIN04491,Celerio,VXI,Midnight Black,CNG,Automatic,2024
VIN04492,ENG-VIN04492,Grand Vitara,VXI,Midnight Black,CNG,Manual,2024
VIN04493,ENG-VIN04493,Brezza,VXI,Magma Grey,CNG,Manual,2024
VIN04494,ENG-VIN04494,Celerio,VXI,Midnight Black,Petrol,Manual,2024
VIN04495,ENG-VIN04495,Dzire,VXI,Midnight Black,Petrol,Automatic,2024
VIN04496,ENG-VIN04496,Alto,VXI,Midnight Black,CNG,Automatic,2024
VIN04497,ENG-VIN04497,Baleno,VXI,Magma Grey,Petrol,Manual,2024
VIN04498,ENG-VIN04498,Ignis,VXI,Magma Grey,Petrol,Automatic,2024
VIN04499,ENG-VIN04499,Baleno,VXI,Arctic White,Petrol,Automatic,2024
VIN04500,ENG-VIN04500,Grand Vitara,VXI,Magma Grey,Petrol,Manual,2024
VIN04501,ENG-VIN04501,Swift,VXI,Arctic White,CNG,Automatic,2024
VIN04502,ENG-VIN04502,Dzire,VXI,Midnight Black,CNG,Automatic,2024
VIN04503,ENG-VIN04503,Ignis,VXI,Arctic White,Petrol,Manual,2024
VIN04504,ENG-VIN04504,Ignis,VXI,Magma Grey,Petrol,Manual,2024
VIN04505,ENG-VIN04505,Swift,VXI,Magma Grey,Petrol,Manual,2024
VIN04506,ENG-VIN04506,Brezza,VXI,Magma Grey,Petrol,Automatic,2024
VIN04507,ENG-VIN04507,Baleno,VXI,Arctic White,CNG,Automatic,2024
VIN04508,ENG-VIN04508,Celerio,VXI,Arctic White,Petrol,Manual,2024
VIN04509,ENG-VIN04509,Brezza,VXI,Midnight Black,CNG,Manual,2024
VIN04510,ENG-VIN04510,Celerio,VXI,Magma Grey,Petrol,Manual,2024
VIN04511,ENG-VIN04511,Grand Vitara,VXI,Midnight Black,CNG,Automatic,2024
VIN04512,ENG-VIN04512,Ignis,VXI,Midnight Black,CNG,Automatic,2024
VIN04513,ENG-VIN04513,Baleno,VXI,Magma Grey,CNG,Automatic,2024
VIN04514,ENG-VIN04514,Baleno,VXI,Arctic White,CNG,Manual,2024
VIN04515,ENG-VIN04515,Brezza,VXI,Midnight Black,Petrol,Manual,2024
VIN04516,ENG-VIN04516,Baleno,VXI,Arctic White,Petrol,Automatic,2024
VIN04517,ENG-VIN04517,Dzire,VXI,Arctic White,CNG,Automatic,2024
VIN04518,ENG-VIN04518,Dzire,VXI,Midnight Black,CNG,Manual,2024
VIN04519,ENG-VIN04519,Grand Vitara,VXI,Midnight Black,Petrol,Automatic,2024
VIN04520,ENG-VIN04520,Baleno,VXI,Midnight Black,Petrol,Manual,2024
VIN04521,ENG-VIN04521,Grand Vitara,VXI,Arctic White,CNG,Automatic,2024
VIN04522,ENG-VIN04522,Ignis,VXI,Midnight Black,CNG,Manual,2024
VIN04523,ENG-VIN04523,Grand Vitara,VXI,Midnight Black,CNG,Manual,2024
VIN04524,ENG-VIN04524,Ignis,VXI,Magma Grey,Petrol,Automatic,2024
VIN04525,ENG-VIN04525,Baleno,VXI,Magma Grey,Petrol,Automatic,2024
VIN04526,ENG-VIN04526,Alto,VXI,Arctic White,CNG,Manual,2024
VIN04527,ENG-VIN04527,Brezza,VXI,Magma Grey,Petrol,Manual,2024
VIN04528,ENG-VIN04528,Baleno,VXI,Midnight Black,Petrol,Manual,2024
VIN04529,ENG-VIN04529,Ertiga,VXI,Magma Grey,CNG,Automatic,2024
VIN04530,ENG-VIN04530,Baleno,VXI,Midnight Black,CNG,Manual,2024
VIN04531,ENG-VIN04531,Alto,VXI,Arctic White,Petrol,Automatic,2024
VIN04532,ENG-VIN04532,Celerio,VXI,Magma Grey,CNG,Manual,2024
VIN04533,ENG-VIN04533,Dzire,VXI,Midnight Black,CNG,Automatic,2024
VIN04534,ENG-VIN04534,Dzire,VXI,Arctic White,CNG,Automatic,2024
VIN04535,ENG-VIN04535,Ignis,VXI,Midnight Black,CNG,Automatic,2024
VIN04536,ENG-VIN04536,Swift,VXI,Midnight Black,CNG,Manual,2024
VIN04537,ENG-VIN04537,Dzire,VXI,Magma Grey,CNG,Manual,2024
VIN04538,ENG-VIN04538,Brezza,VXI,Midnight Black,CNG,Automatic,2024
VIN04539,ENG-VIN04539,Ertiga,VXI,Magma Grey,Petrol,Manual,2024
VIN04540,ENG-VIN04540,Alto,VXI,Magma Grey,Petrol,Automatic,2024
VIN04541,ENG-VIN04541,Celerio,VXI,Midnight Black,Petrol,Automatic,2024
VIN04542,ENG-VIN04542,Celerio,VXI,Arctic White,Petrol,Automatic,2024
VIN04543,ENG-VIN04543,Baleno,VXI,Arctic White,Petrol,Manual,2024
VIN04544,ENG-VIN04544,Alto,VXI,Midnight Black,CNG,Automatic,2024
VIN04545,ENG-VIN04545,Grand Vitara,VXI,Arctic White,CNG,Manual,2024
VIN04546,ENG-VIN04546,Ignis,VXI,Midnight Black,Petrol,Manual,2024
VIN04547,ENG-VIN04547,Brezza,VXI,Arctic White,CNG,Manual,2024
VIN04548,ENG-VIN04548,Ignis,VXI,Midnight Black,CNG,Manual,2024
VIN04549,ENG-VIN04549,Brezza,VXI,Midnight Black,CNG,Manual,2024
VIN04550,ENG-VIN04550,Brezza,VXI,Midnight Black,Petrol,Manual,2024
VIN04551,ENG-VIN04551,Ignis,VXI,Midnight Black,Petrol,Manual,2024
VIN04552,ENG-VIN04552,Dzire,VXI,Arctic White,CNG,Manual,2024
VIN04553,ENG-VIN04553,Brezza,VXI,Magma Grey,Petrol,Automatic,2024
VIN04554,ENG-VIN04554,Grand Vitara,VXI,Midnight Black,CNG,Manual,2024
VIN04555,ENG-VIN04555,Ertiga,VXI,Magma Grey,CNG,Manual,2024
VIN04556,ENG-VIN04556,Grand Vitara,VXI,Magma Grey,CNG,Manual,2024
VIN04557,ENG-VIN04557,Grand Vitara,VXI,Arctic White,CNG,Automatic,2024
VIN04558,ENG-VIN04558,Ertiga,VXI,Magma Grey,CNG,Manual,2024
VIN04559,ENG-VIN04559,Grand Vitara,VXI,Midnight Black,Petrol,Automatic,2024
VIN04560,ENG-VIN04560,Ignis,VXI,Magma Grey,CNG,Manual,2024
VIN04561,ENG-VIN04561,Brezza,VXI,Magma Grey,CNG,Automatic,2024
VIN04562,ENG-VIN04562,Celerio,VXI,Midnight Black,Petrol,Manual,2024
VIN04563,ENG-VIN04563,Brezza,VXI,Arctic White,CNG,Automatic,2024
VIN04564,ENG-VIN04564,Swift,VXI,Magma Grey,Petrol,Automatic,2024
VIN04565,ENG-VIN04565,Alto,VXI,Arctic White,CNG,Manual,2024
VIN04566,ENG-VIN04566,Brezza,VXI,Magma Grey,CNG,Manual,2024
VIN04567,ENG-VIN04567,Ignis,VXI,Magma Grey,Petrol,Automatic,2024
VIN04568,ENG-VIN04568,Alto,VXI,Arctic White,CNG,Automatic,2024
VIN04569,ENG-VIN04569,Dzire,VXI,Midnight Black,Petrol,Automatic,2024
VIN04570,ENG-VIN04570,Dzire,VXI,Midnight Black,CNG,Manual,2024
VIN04571,ENG-VIN04571,Baleno,VXI,Arctic White,CNG,Automatic,2024
VIN04572,ENG-VIN04572,Alto,VXI,Arctic White,Petrol,Automatic,2024
VIN04573,ENG-VIN04573,Brezza,VXI,Arctic White,CNG,Manual,2024
VIN04574,ENG-VIN04574,Celerio,VXI,Midnight Black,Petrol,Manual,2024
VIN04575,ENG-VIN04575,Ignis,VXI,Midnight Black,CNG,Automatic,2024
VIN04576,ENG-VIN04576,Ertiga,VXI,Arctic White,CNG,Manual,2024
VIN04577,ENG-VIN04577,Brezza,VXI,Magma Grey,CNG,Manual,2024
VIN04578,ENG-VIN04578,Dzire,VXI,Arctic White,Petrol,Manual,2024
VIN04579,ENG-VIN04579,Celerio,VXI,Magma Grey,CNG,Automatic,2024
VIN04580,ENG-VIN04580,Grand Vitara,VXI,Midnight Black,Petrol,Manual,2024
VIN04581,ENG-VIN04581,Swift,VXI,Midnight Black,CNG,Automatic,2024
VIN04582,ENG-VIN04582,Dzire,VXI,Magma Grey,Petrol,Manual,2024
VIN04583,ENG-VIN04583,Dzire,VXI,Arctic White,Petrol,Manual,2024
VIN04584,ENG-VIN04584,Swift,VXI,Midnight Black,Petrol,Automatic,2024
VIN04585,ENG-VIN04585,Swift,VXI,Midnight Black,Petrol,Automatic,2024
VIN04586,ENG-VIN04586,Alto,VXI,Arctic White,Petrol,Automatic,2024
VIN04587,ENG-VIN04587,Ignis,VXI,Midnight Black,CNG,Manual,2024
VIN04588,ENG-VIN04588,Dzire,VXI,Magma Grey,CNG,Automatic,2024
VIN04589,ENG-VIN04589,Celerio,VXI,Midnight Black,Petrol,Automatic,2024
VIN04590,ENG-VIN04590,Ignis,VXI,Midnight Black,Petrol,Automatic,2024
VIN04591,ENG-VIN04591,Celerio,VXI,Arctic White,Petrol,Automatic,2024
VIN04592,ENG-VIN04592,Ertiga,VXI,Magma Grey,CNG,Manual,2024
VIN04593,ENG-VIN04593,Dzire,VXI,Arctic White,CNG,Manual,2024
VIN04594,ENG-VIN04594,Swift,VXI,Arctic White,CNG,Automatic,2024
VIN04595,ENG-VIN04595,Grand Vitara,VXI,Midnight Black,Petrol,Automatic,2024
VIN04596,ENG-VIN04596,Ertiga,VXI,Midnight Black,CNG,Automatic,2024
VIN04597,ENG-VIN04597,Swift,VXI,Arctic White,Petrol,Manual,2024
VIN04598,ENG-VIN04598,Dzire,VXI,Arctic White,Petrol,Manual,2024
VIN04599,ENG-VIN04599,Celerio,VXI,Midnight Black,Petrol,Manual,2024
VIN04600,ENG-VIN04600,Ignis,VXI,Magma Grey,CNG,Automatic,2024
VIN04601,ENG-VIN04601,Grand Vitara,VXI,Magma Grey,Petrol,Automatic,2024
VIN04602,ENG-VIN04602,Ignis,VXI,Midnight Black,CNG,Manual,2024
VIN04603,ENG-VIN04603,Swift,VXI,Magma Grey,Petrol,Automatic,2024
VIN04604,ENG-VIN04604,Ertiga,VXI,Magma Grey,Petrol,Manual,2024
VIN04605,ENG-VIN04605,Ignis,VXI,Magma Grey,CNG,Automatic,2024
VIN04606,ENG-VIN04606,Ignis,VXI,Magma Grey,Petrol,Automatic,2024
VIN04607,ENG-VIN04607,Ignis,VXI,Arctic White,CNG,Automatic,2024
VIN04608,ENG-VIN04608,Ignis,VXI,Magma Grey,Petrol,Manual,2024
VIN04609,ENG-VIN04609,Ertiga,VXI,Arctic White,CNG,Manual,2024
VIN04610,ENG-VIN04610,Ignis,VXI,Magma Grey,CNG,Automatic,2024
VIN04611,ENG-VIN04611,Dzire,VXI,Arctic White,CNG,Manual,2024
VIN04612,ENG-VIN04612,Swift,VXI,Midnight Black,CNG,Automatic,2024
VIN04613,ENG-VIN04613,Brezza,VXI,Arctic White,Petrol,Manual,2024
VIN04614,ENG-VIN04614,Swift,VXI,Magma Grey,Petrol,Automatic,2024
VIN04615,ENG-VIN04615,Swift,VXI,Arctic White,CNG,Manual,2024
VIN04616,ENG-VIN04616,Grand Vitara,VXI,Midnight Black,CNG,Manual,2024
VIN04617,ENG-VIN04617,Alto,VXI,Arctic White,CNG,Automatic,2024
VIN04618,ENG-VIN04618,Swift,VXI,Midnight Black,Petrol,Automatic,2024
VIN04619,ENG-VIN04619,Alto,VXI,Midnight Black,CNG,Automatic,2024
VIN04620,ENG-VIN04620,Ertiga,VXI,Magma Grey,Petrol,Automatic,2024
VIN04621,ENG-VIN04621,Grand Vitara,VXI,Midnight Black,Petrol,Manual,2024
VIN04622,ENG-VIN04622,Celerio,VXI,Arctic White,CNG,Manual,2024
VIN04623,ENG-VIN04623,Celerio,VXI,Midnight Black,Petrol,Automatic,2024
VIN04624,ENG-VIN04624,Brezza,VXI,Midnight Black,Petrol,Automatic,2024
VIN04625,ENG-VIN04625,Swift,VXI,Magma Grey,Petrol,Automatic,2024
VIN04626,ENG-VIN04626,Celerio,VXI,Arctic White,Petrol,Manual,2024
VIN04627,ENG-VIN04627,Swift,VXI,Arctic White,CNG,Automatic,2024
VIN04628,ENG-VIN04628,Ertiga,VXI,Arctic White,Petrol,Automatic,2024
VIN04629,ENG-VIN04629,Swift,VXI,Arctic White,CNG,Manual,2024
VIN04630,ENG-VIN04630,Dzire,VXI,Magma Grey,Petrol,Manual,2024
VIN04631,ENG-VIN04631,Swift,VXI,Magma Grey,Petrol,Automatic,2024
VIN04632,ENG-VIN04632,Ertiga,VXI,Midnight Black,CNG,Manual,2024
VIN04633,ENG-VIN04633,Ignis,VXI,Arctic White,Petrol,Manual,2024
VIN04634,ENG-VIN04634,Dzire,VXI,Magma Grey,Petrol,Automatic,2024
VIN04635,ENG-VIN04635,Dzire,VXI,Magma Grey,CNG,Automatic,2024
VIN04636,ENG-VIN04636,Alto,VXI,Magma Grey,CNG,Manual,2024
VIN04637,ENG-VIN04637,Baleno,VXI,Magma Grey,Petrol,Manual,2024
VIN04638,ENG-VIN04638,Ertiga,VXI,Arctic White,CNG,Automatic,2024
VIN04639,ENG-VIN04639,Baleno,VXI,Midnight Black,CNG,Manual,2024
VIN04640,ENG-VIN04640,Celerio,VXI,Midnight Black,CNG,Manual,2024
VIN04641,ENG-VIN04641,Dzire,VXI,Magma Grey,Petrol,Manual,2024
VIN04642,ENG-VIN04642,Ertiga,VXI,Magma Grey,Petrol,Manual,2024
VIN04643,ENG-VIN04643,Swift,VXI,Magma Grey,CNG,Automatic,2024
VIN04644,ENG-VIN04644,Brezza,VXI,Magma Grey,Petrol,Manual,2024
VIN04645,ENG-VIN04645,Brezza,VXI,Magma Grey,CNG,Automatic,2024
VIN04646,ENG-VIN04646,Ignis,VXI,Arctic White,CNG,Automatic,2024
VIN04647,ENG-VIN04647,Brezza,VXI,Midnight Black,CNG,Automatic,2024
VIN04648,ENG-VIN04648,Brezza,VXI,Arctic White,Petrol,Manual,2024
VIN04649,ENG-VIN04649,Ignis,VXI,Arctic White,Petrol,Automatic,2024
VIN04650,ENG-VIN04650,Baleno,VXI,Magma Grey,Petrol,Manual,2024
VIN04651,ENG-VIN04651,Dzire,VXI,Arctic White,Petrol,Manual,2024
VIN04652,ENG-VIN04652,Celerio,VXI,Midnight Black,CNG,Manual,2024
VIN04653,ENG-VIN04653,Grand Vitara,VXI,Magma Grey,Petrol,Automatic,2024
VIN04654,ENG-VIN04654,Ertiga,VXI,Magma Grey,Petrol,Manual,2024
VIN04655,ENG-VIN04655,Baleno,VXI,Arctic White,Petrol,Automatic,2024
VIN04656,ENG-VIN04656,Brezza,VXI,Arctic White,CNG,Automatic,2024
VIN04657,ENG-VIN04657,Grand Vitara,VXI,Midnight Black,CNG,Automatic,2024
VIN04658,ENG-VIN04658,Ertiga,VXI,Magma Grey,Petrol,Manual,2024
VIN04659,ENG-VIN04659,Alto,VXI,Arctic White,Petrol,Automatic,2024
VIN04660,ENG-VIN04660,Baleno,VXI,Arctic White,CNG,Manual,2024
VIN04661,ENG-VIN04661,Dzire,VXI,Midnight Black,CNG,Manual,2024
VIN04662,ENG-VIN04662,Grand Vitara,VXI,Midnight Black,Petrol,Automatic,2024
VIN04663,ENG-VIN04663,Swift,VXI,Midnight Black,Petrol,Manual,2024
VIN04664,ENG-VIN04664,Alto,VXI,Arctic White,Petrol,Automatic,2024
VIN04665,ENG-VIN04665,Alto,VXI,Midnight Black,CNG,Automatic,2024
VIN04666,ENG-VIN04666,Ignis,VXI,Magma Grey,CNG,Automatic,2024
VIN04667,ENG-VIN04667,Baleno,VXI,Midnight Black,Petrol,Manual,2024
VIN04668,ENG-VIN04668,Ertiga,VXI,Arctic White,Petrol,Automatic,2024
VIN04669,ENG-VIN04669,Grand Vitara,VXI,Arctic White,CNG,Automatic,2024
VIN04670,ENG-VIN04670,Baleno,VXI,Magma Grey,CNG,Automatic,2024
VIN04671,ENG-VIN04671,Alto,VXI,Midnight Black,Petrol,Automatic,2024
VIN04672,ENG-VIN04672,Dzire,VXI,Arctic White,CNG,Manual,2024
VIN04673,ENG-VIN04673,Celerio,VXI,Magma Grey,Petrol,Manual,2024
VIN04674,ENG-VIN04674,Ignis,VXI,Arctic White,Petrol,Automatic,2024
VIN04675,ENG-VIN04675,Ignis,VXI,Arctic White,Petrol,Automatic,2024
VIN04676,ENG-VIN04676,Swift,VXI,Magma Grey,CNG,Manual,2024
VIN04677,ENG-VIN04677,Alto,VXI,Arctic White,CNG,Automatic,2024
VIN04678,ENG-VIN04678,Ignis,VXI,Midnight Black,Petrol,Automatic,2024
VIN04679,ENG-VIN04679,Celerio,VXI,Magma Grey,CNG,Automatic,2024
VIN04680,ENG-VIN04680,Celerio,VXI,Arctic White,CNG,Automatic,2024
VIN04681,ENG-VIN04681,Grand Vitara,VXI,Arctic White,Petrol,Manual,2024
VIN04682,ENG-VIN04682,Ertiga,VXI,Midnight Black,CNG,Automatic,2024
VIN04683,ENG-VIN04683,Baleno,VXI,Arctic White,Petrol,Manual,2024
VIN04684,ENG-VIN04684,Alto,VXI,Midnight Black,Petrol,Automatic,2024
VIN04685,ENG-VIN04685,Ertiga,VXI,Midnight Black,CNG,Automatic,2024
VIN04686,ENG-VIN04686,Baleno,VXI,Arctic White,Petrol,Automatic,2024
VIN04687,ENG-VIN04687,Ignis,VXI,Magma Grey,Petrol,Automatic,2024
VIN04688,ENG-VIN04688,Brezza,VXI,Arctic White,CNG,Automatic,2024
VIN04689,ENG-VIN04689,Ertiga,VXI,Arctic White,CNG,Manual,2024
VIN04690,ENG-VIN04690,Dzire,VXI,Midnight Black,Petrol,Manual,2024
VIN04691,ENG-VIN04691,Celerio,VXI,Magma Grey,Petrol,Automatic,2024
VIN04692,ENG-VIN04692,Brezza,VXI,Midnight Black,CNG,Automatic,2024
VIN04693,ENG-VIN04693,Baleno,VXI,Arctic White,Petrol,Manual,2024
VIN04694,ENG-VIN04694,Ignis,VXI,Midnight Black,CNG,Manual,2024
VIN04695,ENG-VIN04695,Baleno,VXI,Magma Grey,CNG,Automatic,2024
VIN04696,ENG-VIN04696,Swift,VXI,Midnight Black,Petrol,Manual,2024
VIN04697,ENG-VIN04697,Dzire,VXI,Arctic White,CNG,Manual,2024
VIN04698,ENG-VIN04698,Grand Vitara,VXI,Arctic White,CNG,Automatic,2024
VIN04699,ENG-VIN04699,Celerio,VXI,Magma Grey,CNG,Automatic,2024
VIN04700,ENG-VIN04700,Dzire,VXI,Midnight Black,Petrol,Automatic,2024
VIN04701,ENG-VIN04701,Dzire,VXI,Arctic White,CNG,Manual,2024
VIN04702,ENG-VIN04702,Ertiga,VXI,Arctic White,Petrol,Manual,2024
VIN04703,ENG-VIN04703,Ignis,VXI,Magma Grey,Petrol,Automatic,2024
VIN04704,ENG-VIN04704,Brezza,VXI,Arctic White,CNG,Manual,2024
VIN04705,ENG-VIN04705,Alto,VXI,Magma Grey,Petrol,Automatic,2024
VIN04706,ENG-VIN04706,Swift,VXI,Midnight Black,Petrol,Automatic,2024
VIN04707,ENG-VIN04707,Alto,VXI,Arctic White,Petrol,Automatic,2024
VIN04708,ENG-VIN04708,Brezza,VXI,Midnight Black,CNG,Manual,2024
VIN04709,ENG-VIN04709,Ignis,VXI,Arctic White,CNG,Manual,2024
VIN04710,ENG-VIN04710,Ertiga,VXI,Magma Grey,Petrol,Manual,2024
VIN04711,ENG-VIN04711,Baleno,VXI,Arctic White,Petrol,Manual,2024
VIN04712,ENG-VIN04712,Dzire,VXI,Midnight Black,Petrol,Manual,2024
VIN04713,ENG-VIN04713,Baleno,VXI,Midnight Black,Petrol,Automatic,2024
VIN04714,ENG-VIN04714,Brezza,VXI,Magma Grey,Petrol,Manual,2024
VIN04715,ENG-VIN04715,Swift,VXI,Arctic White,Petrol,Manual,2024
VIN04716,ENG-VIN04716,Ignis,VXI,Magma Grey,CNG,Automatic,2024
VIN04717,ENG-VIN04717,Ertiga,VXI,Midnight Black,Petrol,Manual,2024
VIN04718,ENG-VIN04718,Alto,VXI,Arctic White,Petrol,Manual,2024
VIN04719,ENG-VIN04719,Ignis,VXI,Arctic White,CNG,Manual,2024
VIN04720,ENG-VIN04720,Brezza,VXI,Midnight Black,CNG,Manual,2024
VIN04721,ENG-VIN04721,Ignis,VXI,Arctic White,Petrol,Manual,2024
VIN04722,ENG-VIN04722,Celerio,VXI,Midnight Black,Petrol,Automatic,2024
VIN04723,ENG-VIN04723,Celerio,VXI,Arctic White,Petrol,Automatic,2024
VIN04724,ENG-VIN04724,Swift,VXI,Arctic White,CNG,Manual,2024
VIN04725,ENG-VIN04725,Grand Vitara,VXI,Midnight Black,Petrol,Automatic,2024
VIN04726,ENG-VIN04726,Baleno,VXI,Midnight Black,Petrol,Manual,2024
VIN04727,ENG-VIN04727,Alto,VXI,Magma Grey,CNG,Manual,2024
VIN04728,ENG-VIN04728,Ertiga,VXI,Arctic White,Petrol,Automatic,2024
VIN04729,ENG-VIN04729,Grand Vitara,VXI,Arctic White,Petrol,Manual,2024
VIN04730,ENG-VIN04730,Alto,VXI,Arctic White,Petrol,Manual,2024
VIN04731,ENG-VIN04731,Swift,VXI,Magma Grey,Petrol,Automatic,2024
VIN04732,ENG-VIN04732,Grand Vitara,VXI,Magma Grey,Petrol,Manual,2024
VIN04733,ENG-VIN04733,Dzire,VXI,Midnight Black,CNG,Automatic,2024
VIN04734,ENG-VIN04734,Brezza,VXI,Midnight Black,CNG,Manual,2024
VIN04735,ENG-VIN04735,Brezza,VXI,Magma Grey,Petrol,Manual,2024
VIN04736,ENG-VIN04736,Brezza,VXI,Midnight Black,Petrol,Automatic,2024
VIN04737,ENG-VIN04737,Dzire,VXI,Midnight Black,CNG,Automatic,2024
VIN04738,ENG-VIN04738,Ignis,VXI,Magma Grey,Petrol,Automatic,2024
VIN04739,ENG-VIN04739,Ertiga,VXI,Magma Grey,CNG,Automatic,2024
VIN04740,ENG-VIN04740,Celerio,VXI,Magma Grey,Petrol,Manual,2024
VIN04741,ENG-VIN04741,Ignis,VXI,Midnight Black,Petrol,Manual,2024
VIN04742,ENG-VIN04742,Ignis,VXI,Magma Grey,CNG,Manual,2024
VIN04743,ENG-VIN04743,Ertiga,VXI,Arctic White,Petrol,Automatic,2024
VIN04744,ENG-VIN04744,Grand Vitara,VXI,Magma Grey,Petrol,Automatic,2024
VIN04745,ENG-VIN04745,Grand Vitara,VXI,Magma Grey,Petrol,Automatic,2024
VIN04746,ENG-VIN04746,Alto,VXI,Magma Grey,Petrol,Manual,2024
VIN04747,ENG-VIN04747,Alto,VXI,Arctic White,CNG,Manual,2024
VIN04748,ENG-VIN04748,Dzire,VXI,Arctic White,Petrol,Manual,2024
VIN04749,ENG-VIN04749,Ertiga,VXI,Magma Grey,Petrol,Automatic,2024
VIN04750,ENG-VIN04750,Celerio,VXI,Arctic White,CNG,Automatic,2024
VIN04751,ENG-VIN04751,Brezza,VXI,Arctic White,Petrol,Manual,2024
VIN04752,ENG-VIN04752,Celerio,VXI,Magma Grey,Petrol,Manual,2024
VIN04753,ENG-VIN04753,Ignis,VXI,Magma Grey,Petrol,Automatic,2024
VIN04754,ENG-VIN04754,Swift,VXI,Midnight Black,Petrol,Automatic,2024
VIN04755,ENG-VIN04755,Swift,VXI,Arctic White,CNG,Automatic,2024
VIN04756,ENG-VIN04756,Alto,VXI,Midnight Black,CNG,Manual,2024
VIN04757,ENG-VIN04757,Baleno,VXI,Midnight Black,Petrol,Automatic,2024
VIN04758,ENG-VIN04758,Baleno,VXI,Magma Grey,CNG,Manual,2024
VIN04759,ENG-VIN04759,Dzire,VXI,Arctic White,CNG,Automatic,2024
VIN04760,ENG-VIN04760,Ignis,VXI,Midnight Black,CNG,Manual,2024
VIN04761,ENG-VIN04761,Celerio,VXI,Arctic White,Petrol,Manual,2024
VIN04762,ENG-VIN04762,Baleno,VXI,Magma Grey,Petrol,Manual,2024
VIN04763,ENG-VIN04763,Brezza,VXI,Magma Grey,Petrol,Automatic,2024
VIN04764,ENG-VIN04764,Celerio,VXI,Midnight Black,Petrol,Manual,2024
VIN04765,ENG-VIN04765,Ignis,VXI,Arctic White,Petrol,Manual,2024
VIN04766,ENG-VIN04766,Swift,VXI,Magma Grey,Petrol,Automatic,2024
VIN04767,ENG-VIN04767,Dzire,VXI,Magma Grey,Petrol,Automatic,2024
VIN04768,ENG-VIN04768,Ignis,VXI,Midnight Black,Petrol,Manual,2024
VIN04769,ENG-VIN04769,Baleno,VXI,Magma Grey,CNG,Manual,2024
VIN04770,ENG-VIN04770,Brezza,VXI,Magma Grey,Petrol,Manual,2024
VIN04771,ENG-VIN04771,Ertiga,VXI,Midnight Black,CNG,Automatic,2024
VIN04772,ENG-VIN04772,Ertiga,VXI,Midnight Black,CNG,Manual,2024
VIN04773,ENG-VIN04773,Celerio,VXI,Midnight Black,Petrol,Manual,2024
VIN04774,ENG-VIN04774,Ignis,VXI,Arctic White,Petrol,Automatic,2024
VIN04775,ENG-VIN04775,Brezza,VXI,Magma Grey,Petrol,Automatic,2024
VIN04776,ENG-VIN04776,Baleno,VXI,Arctic White,Petrol,Automatic,2024
VIN04777,ENG-VIN04777,Dzire,VXI,Midnight Black,CNG,Automatic,2024
VIN04778,ENG-VIN04778,Ertiga,VXI,Midnight Black,CNG,Automatic,2024
VIN04779,ENG-VIN04779,Ignis,VXI,Arctic White,Petrol,Manual,2024
VIN04780,ENG-VIN04780,Grand Vitara,VXI,Arctic White,CNG,Manual,2024
VIN04781,ENG-VIN04781,Grand Vitara,VXI,Arctic White,CNG,Automatic,2024
VIN04782,ENG-VIN04782,Grand Vitara,VXI,Magma Grey,CNG,Automatic,2024
VIN04783,ENG-VIN04783,Alto,VXI,Magma Grey,CNG,Manual,2024
VIN04784,ENG-VIN04784,Brezza,VXI,Arctic White,CNG,Manual,2024
VIN04785,ENG-VIN04785,Alto,VXI,Arctic White,CNG,Manual,2024
VIN04786,ENG-VIN04786,Grand Vitara,VXI,Midnight Black,CNG,Manual,2024
VIN04787,ENG-VIN04787,Grand Vitara,VXI,Midnight Black,CNG,Automatic,2024
VIN04788,ENG-VIN04788,Baleno,VXI,Midnight Black,Petrol,Manual,2024
VIN04789,ENG-VIN04789,Swift,VXI,Midnight Black,CNG,Automatic,2024
VIN04790,ENG-VIN04790,Swift,VXI,Magma Grey,CNG,Automatic,2024
VIN04791,ENG-VIN04791,Baleno,VXI,Midnight Black,CNG,Automatic,2024
VIN04792,ENG-VIN04792,Celerio,VXI,Arctic White,CNG,Automatic,2024
VIN04793,ENG-VIN04793,Alto,VXI,Arctic White,CNG,Automatic,2024
VIN04794,ENG-VIN04794,Swift,VXI,Arctic White,CNG,Automatic,2024
VIN04795,ENG-VIN04795,Ignis,VXI,Magma Grey,CNG,Automatic,2024
VIN04796,ENG-VIN04796,Ertiga,VXI,Arctic White,CNG,Manual,2024
VIN04797,ENG-VIN04797,Grand Vitara,VXI,Arctic White,CNG,Manual,2024
VIN04798,ENG-VIN04798,Brezza,VXI,Midnight Black,Petrol,Manual,2024
VIN04799,ENG-VIN04799,Celerio,VXI,Midnight Black,Petrol,Automatic,2024
VIN04800,ENG-VIN04800,Celerio,VXI,Magma Grey,Petrol,Automatic,2024
VIN04801,ENG-VIN04801,Swift,VXI,Magma Grey,CNG,Manual,2024
VIN04802,ENG-VIN04802,Swift,VXI,Arctic White,Petrol,Automatic,2024
VIN04803,ENG-VIN04803,Ignis,VXI,Midnight Black,CNG,Manual,2024
VIN04804,ENG-VIN04804,Grand Vitara,VXI,Arctic White,CNG,Manual,2024
VIN04805,ENG-VIN04805,Ignis,VXI,Arctic White,CNG,Automatic,2024
VIN04806,ENG-VIN04806,Ignis,VXI,Midnight Black,Petrol,Manual,2024
VIN04807,ENG-VIN04807,Dzire,VXI,Magma Grey,CNG,Manual,2024
VIN04808,ENG-VIN04808,Dzire,VXI,Arctic White,Petrol,Manual,2024
VIN04809,ENG-VIN04809,Baleno,VXI,Magma Grey,Petrol,Automatic,2024
VIN04810,ENG-VIN04810,Baleno,VXI,Magma Grey,Petrol,Manual,2024
VIN04811,ENG-VIN04811,Ignis,VXI,Magma Grey,Petrol,Manual,2024
VIN04812,ENG-VIN04812,Swift,VXI,Arctic White,CNG,Manual,2024
VIN04813,ENG-VIN04813,Celerio,VXI,Arctic White,CNG,Manual,2024
VIN04814,ENG-VIN04814,Dzire,VXI,Magma Grey,CNG,Automatic,2024
VIN04815,ENG-VIN04815,Baleno,VXI,Midnight Black,Petrol,Automatic,2024
VIN04816,ENG-VIN04816,Alto,VXI,Midnight Black,CNG,Automatic,2024
VIN04817,ENG-VIN04817,Baleno,VXI,Magma Grey,Petrol,Manual,2024
VIN04818,ENG-VIN04818,Grand Vitara,VXI,Magma Grey,Petrol,Automatic,2024
VIN04819,ENG-VIN04819,Swift,VXI,Arctic White,CNG,Automatic,2024
VIN04820,ENG-VIN04820,Ertiga,VXI,Arctic White,CNG,Manual,2024
VIN04821,ENG-VIN04821,Celerio,VXI,Midnight Black,Petrol,Automatic,2024
VIN04822,ENG-VIN04822,Swift,VXI,Arctic White,Petrol,Automatic,2024
VIN04823,ENG-VIN04823,Grand Vitara,VXI,Midnight Black,CNG,Automatic,2024
VIN04824,ENG-VIN04824,Baleno,VXI,Arctic White,Petrol,Manual,2024
VIN04825,ENG-VIN04825,Ignis,VXI,Arctic White,Petrol,Manual,2024
VIN04826,ENG-VIN04826,Swift,VXI,Arctic White,Petrol,Automatic,2024
VIN04827,ENG-VIN04827,Dzire,VXI,Arctic White,CNG,Automatic,2024
VIN04828,ENG-VIN04828,Swift,VXI,Arctic White,CNG,Automatic,2024
VIN04829,ENG-VIN04829,Swift,VXI,Midnight Black,Petrol,Manual,2024
VIN04830,ENG-VIN04830,Grand Vitara,VXI,Arctic White,CNG,Manual,2024
VIN04831,ENG-VIN04831,Alto,VXI,Magma Grey,Petrol,Automatic,2024
VIN04832,ENG-VIN04832,Swift,VXI,Midnight Black,Petrol,Manual,2024
VIN04833,ENG-VIN04833,Grand Vitara,VXI,Magma Grey,Petrol,Automatic,2024
VIN04834,ENG-VIN04834,Dzire,VXI,Arctic White,Petrol,Manual,2024
VIN04835,ENG-VIN04835,Baleno,VXI,Midnight Black,CNG,Manual,2024
VIN04836,ENG-VIN04836,Ertiga,VXI,Arctic White,CNG,Automatic,2024
VIN04837,ENG-VIN04837,Baleno,VXI,Magma Grey,Petrol,Manual,2024
VIN04838,ENG-VIN04838,Dzire,VXI,Magma Grey,Petrol,Manual,2024
VIN04839,ENG-VIN04839,Dzire,VXI,Magma Grey,Petrol,Automatic,2024
VIN04840,ENG-VIN04840,Ertiga,VXI,Midnight Black,Petrol,Automatic,2024
VIN04841,ENG-VIN04841,Alto,VXI,Arctic White,Petrol,Automatic,2024
VIN04842,ENG-VIN04842,Grand Vitara,VXI,Magma Grey,Petrol,Automatic,2024
VIN04843,ENG-VIN04843,Baleno,VXI,Midnight Black,CNG,Manual,2024
VIN04844,ENG-VIN04844,Ertiga,VXI,Arctic White,CNG,Manual,2024
VIN04845,ENG-VIN04845,Ertiga,VXI,Midnight Black,Petrol,Manual,2024
VIN04846,ENG-VIN04846,Alto,VXI,Arctic White,CNG,Manual,2024
VIN04847,ENG-VIN04847,Ignis,VXI,Arctic White,CNG,Automatic,2024
VIN04848,ENG-VIN04848,Ignis,VXI,Arctic White,CNG,Automatic,2024
VIN04849,ENG-VIN04849,Brezza,VXI,Midnight Black,CNG,Manual,2024
VIN04850,ENG-VIN04850,Baleno,VXI,Magma Grey,Petrol,Manual,2024
VIN04851,ENG-VIN04851,Swift,VXI,Magma Grey,CNG,Automatic,2024
VIN04852,ENG-VIN04852,Celerio,VXI,Arctic White,CNG,Manual,2024
VIN04853,ENG-VIN04853,Ignis,VXI,Midnight Black,CNG,Automatic,2024
VIN04854,ENG-VIN04854,Ertiga,VXI,Arctic White,CNG,Automatic,2024
VIN04855,ENG-VIN04855,Ignis,VXI,Midnight Black,Petrol,Manual,2024
VIN04856,ENG-VIN04856,Baleno,VXI,Midnight Black,CNG,Automatic,2024
VIN04857,ENG-VIN04857,Ertiga,VXI,Midnight Black,Petrol,Manual,2024
VIN04858,ENG-VIN04858,Celerio,VXI,Arctic White,Petrol,Automatic,2024
VIN04859,ENG-VIN04859,Grand Vitara,VXI,Arctic White,CNG,Automatic,2024
VIN04860,ENG-VIN04860,Ertiga,VXI,Arctic White,CNG,Automatic,2024
VIN04861,ENG-VIN04861,Celerio,VXI,Magma Grey,Petrol,Automatic,2024
VIN04862,ENG-VIN04862,Ertiga,VXI,Magma Grey,CNG,Manual,2024
VIN04863,ENG-VIN04863,Dzire,VXI,Magma Grey,CNG,Manual,2024
VIN04864,ENG-VIN04864,Dzire,VXI,Arctic White,Petrol,Automatic,2024
VIN04865,ENG-VIN04865,Brezza,VXI,Magma Grey,CNG,Manual,2024
VIN04866,ENG-VIN04866,Ignis,VXI,Midnight Black,Petrol,Automatic,2024
VIN04867,ENG-VIN04867,Brezza,VXI,Magma Grey,Petrol,Manual,2024
VIN04868,ENG-VIN04868,Ertiga,VXI,Midnight Black,CNG,Automatic,2024
VIN04869,ENG-VIN04869,Baleno,VXI,Arctic White,CNG,Automatic,2024
VIN04870,ENG-VIN04870,Brezza,VXI,Magma Grey,Petrol,Automatic,2024
VIN04871,ENG-VIN04871,Ertiga,VXI,Magma Grey,Petrol,Manual,2024
VIN04872,ENG-VIN04872,Ignis,VXI,Midnight Black,Petrol,Manual,2024
VIN04873,ENG-VIN04873,Dzire,VXI,Magma Grey,CNG,Manual,2024
VIN04874,ENG-VIN04874,Grand Vitara,VXI,Midnight Black,Petrol,Manual,2024
VIN04875,ENG-VIN04875,Brezza,VXI,Magma Grey,CNG,Manual,2024
VIN04876,ENG-VIN04876,Alto,VXI,Midnight Black,CNG,Automatic,2024
VIN04877,ENG-VIN04877,Ignis,VXI,Midnight Black,Petrol,Manual,2024
VIN04878,ENG-VIN04878,Dzire,VXI,Arctic White,CNG,Automatic,2024
VIN04879,ENG-VIN04879,Swift,VXI,Midnight Black,CNG,Manual,2024
VIN04880,ENG-VIN04880,Grand Vitara,VXI,Midnight Black,CNG,Automatic,2024
VIN04881,ENG-VIN04881,Brezza,VXI,Midnight Black,CNG,Automatic,2024
VIN04882,ENG-VIN04882,Ignis,VXI,Arctic White,CNG,Manual,2024
VIN04883,ENG-VIN04883,Brezza,VXI,Arctic White,Petrol,Manual,2024
VIN04884,ENG-VIN04884,Brezza,VXI,Arctic White,CNG,Automatic,2024
VIN04885,ENG-VIN04885,Ignis,VXI,Arctic White,Petrol,Automatic,2024
VIN04886,ENG-VIN04886,Celerio,VXI,Midnight Black,Petrol,Manual,2024
VIN04887,ENG-VIN04887,Alto,VXI,Arctic White,Petrol,Manual,2024
VIN04888,ENG-VIN04888,Ignis,VXI,Midnight Black,CNG,Manual,2024
VIN04889,ENG-VIN04889,Grand Vitara,VXI,Magma Grey,Petrol,Automatic,2024
VIN04890,ENG-VIN04890,Dzire,VXI,Midnight Black,CNG,Automatic,2024
VIN04891,ENG-VIN04891,Ertiga,VXI,Midnight Black,CNG,Automatic,2024
VIN04892,ENG-VIN04892,Baleno,VXI,Magma Grey,Petrol,Manual,2024
VIN04893,ENG-VIN04893,Celerio,VXI,Magma Grey,Petrol,Manual,2024
VIN04894,ENG-VIN04894,Swift,VXI,Magma Grey,Petrol,Manual,2024
VIN04895,ENG-VIN04895,Alto,VXI,Midnight Black,CNG,Manual,2024
VIN04896,ENG-VIN04896,Swift,VXI,Midnight Black,CNG,Automatic,2024
VIN04897,ENG-VIN04897,Swift,VXI,Magma Grey,Petrol,Automatic,2024
VIN04898,ENG-VIN04898,Baleno,VXI,Midnight Black,Petrol,Manual,2024
VIN04899,ENG-VIN04899,Alto,VXI,Midnight Black,Petrol,Manual,2024
VIN04900,ENG-VIN04900,Alto,VXI,Midnight Black,Petrol,Automatic,2024
VIN04901,ENG-VIN04901,Celerio,VXI,Magma Grey,CNG,Manual,2024
VIN04902,ENG-VIN04902,Ertiga,VXI,Arctic White,Petrol,Automatic,2024
VIN04903,ENG-VIN04903,Swift,VXI,Magma Grey,CNG,Automatic,2024
VIN04904,ENG-VIN04904,Celerio,VXI,Arctic White,Petrol,Manual,2024
VIN04905,ENG-VIN04905,Dzire,VXI,Midnight Black,Petrol,Automatic,2024
VIN04906,ENG-VIN04906,Celerio,VXI,Arctic White,CNG,Manual,2024
VIN04907,ENG-VIN04907,Grand Vitara,VXI,Magma Grey,CNG,Automatic,2024
VIN04908,ENG-VIN04908,Grand Vitara,VXI,Arctic White,Petrol,Manual,2024
VIN04909,ENG-VIN04909,Celerio,VXI,Midnight Black,CNG,Manual,2024
VIN04910,ENG-VIN04910,Celerio,VXI,Midnight Black,Petrol,Automatic,2024
VIN04911,ENG-VIN04911,Celerio,VXI,Midnight Black,CNG,Automatic,2024
VIN04912,ENG-VIN04912,Brezza,VXI,Magma Grey,CNG,Automatic,2024
VIN04913,ENG-VIN04913,Dzire,VXI,Arctic White,CNG,Manual,2024
VIN04914,ENG-VIN04914,Ertiga,VXI,Midnight Black,Petrol,Manual,2024
VIN04915,ENG-VIN04915,Ertiga,VXI,Arctic White,CNG,Manual,2024
VIN04916,ENG-VIN04916,Swift,VXI,Magma Grey,Petrol,Automatic,2024
VIN04917,ENG-VIN04917,Brezza,VXI,Magma Grey,Petrol,Automatic,2024
VIN04918,ENG-VIN04918,Swift,VXI,Arctic White,CNG,Automatic,2024
VIN04919,ENG-VIN04919,Ertiga,VXI,Arctic White,Petrol,Automatic,2024
VIN04920,ENG-VIN04920,Celerio,VXI,Magma Grey,Petrol,Automatic,2024
VIN04921,ENG-VIN04921,Swift,VXI,Magma Grey,Petrol,Automatic,2024
VIN04922,ENG-VIN04922,Swift,VXI,Arctic White,CNG,Automatic,2024
VIN04923,ENG-VIN04923,Grand Vitara,VXI,Midnight Black,Petrol,Manual,2024
VIN04924,ENG-VIN04924,Brezza,VXI,Midnight Black,Petrol,Manual,2024
VIN04925,ENG-VIN04925,Celerio,VXI,Arctic White,Petrol,Automatic,2024
VIN04926,ENG-VIN04926,Celerio,VXI,Magma Grey,CNG,Automatic,2024
VIN04927,ENG-VIN04927,Alto,VXI,Magma Grey,Petrol,Manual,2024
VIN04928,ENG-VIN04928,Celerio,VXI,Midnight Black,Petrol,Automatic,2024
VIN04929,ENG-VIN04929,Alto,VXI,Magma Grey,Petrol,Manual,2024
VIN04930,ENG-VIN04930,Celerio,VXI,Arctic White,Petrol,Automatic,2024
VIN04931,ENG-VIN04931,Brezza,VXI,Magma Grey,CNG,Manual,2024
VIN04932,ENG-VIN04932,Dzire,VXI,Arctic White,CNG,Automatic,2024
VIN04933,ENG-VIN04933,Grand Vitara,VXI,Arctic White,CNG,Manual,2024
VIN04934,ENG-VIN04934,Dzire,VXI,Midnight Black,CNG,Automatic,2024
VIN04935,ENG-VIN04935,Baleno,VXI,Midnight Black,Petrol,Automatic,2024
VIN04936,ENG-VIN04936,Dzire,VXI,Midnight Black,Petrol,Automatic,2024
VIN04937,ENG-VIN04937,Dzire,VXI,Midnight Black,Petrol,Automatic,2024
VIN04938,ENG-VIN04938,Brezza,VXI,Arctic White,CNG,Automatic,2024
VIN04939,ENG-VIN04939,Dzire,VXI,Magma Grey,CNG,Automatic,2024
VIN04940,ENG-VIN04940,Grand Vitara,VXI,Arctic White,CNG,Manual,2024
VIN04941,ENG-VIN04941,Grand Vitara,VXI,Arctic White,CNG,Manual,2024
VIN04942,ENG-VIN04942,Dzire,VXI,Magma Grey,CNG,Manual,2024
VIN04943,ENG-VIN04943,Brezza,VXI,Midnight Black,CNG,Manual,2024
VIN04944,ENG-VIN04944,Dzire,VXI,Midnight Black,Petrol,Automatic,2024
VIN04945,ENG-VIN04945,Grand Vitara,VXI,Arctic White,Petrol,Automatic,2024
VIN04946,ENG-VIN04946,Dzire,VXI,Arctic White,CNG,Manual,2024
VIN04947,ENG-VIN04947,Celerio,VXI,Arctic White,CNG,Automatic,2024
VIN04948,ENG-VIN04948,Ertiga,VXI,Midnight Black,CNG,Manual,2024
VIN04949,ENG-VIN04949,Swift,VXI,Midnight Black,CNG,Automatic,2024
VIN04950,ENG-VIN04950,Grand Vitara,VXI,Magma Grey,CNG,Manual,2024
VIN04951,ENG-VIN04951,Dzire,VXI,Arctic White,CNG,Automatic,2024
VIN04952,ENG-VIN04952,Ignis,VXI,Arctic White,CNG,Automatic,2024
VIN04953,ENG-VIN04953,Baleno,VXI,Magma Grey,Petrol,Manual,2024
VIN04954,ENG-VIN04954,Brezza,VXI,Magma Grey,Petrol,Automatic,2024
VIN04955,ENG-VIN04955,Swift,VXI,Magma Grey,Petrol,Manual,2024
VIN04956,ENG-VIN04956,Dzire,VXI,Arctic White,CNG,Manual,2024
VIN04957,ENG-VIN04957,Dzire,VXI,Magma Grey,CNG,Manual,2024
VIN04958,ENG-VIN04958,Grand Vitara,VXI,Magma Grey,CNG,Manual,2024
VIN04959,ENG-VIN04959,Dzire,VXI,Arctic White,Petrol,Manual,2024
VIN04960,ENG-VIN04960,Brezza,VXI,Magma Grey,CNG,Manual,2024
VIN04961,ENG-VIN04961,Ignis,VXI,Magma Grey,CNG,Automatic,2024
VIN04962,ENG-VIN04962,Brezza,VXI,Magma Grey,CNG,Automatic,2024
VIN04963,ENG-VIN04963,Grand Vitara,VXI,Midnight Black,Petrol,Manual,2024
VIN04964,ENG-VIN04964,Brezza,VXI,Midnight Black,CNG,Automatic,2024
VIN04965,ENG-VIN04965,Ertiga,VXI,Magma Grey,Petrol,Manual,2024
VIN04966,ENG-VIN04966,Ignis,VXI,Magma Grey,CNG,Manual,2024
VIN04967,ENG-VIN04967,Brezza,VXI,Midnight Black,Petrol,Manual,2024
VIN04968,ENG-VIN04968,Baleno,VXI,Midnight Black,Petrol,Automatic,2024
VIN04969,ENG-VIN04969,Alto,VXI,Arctic White,CNG,Manual,2024
VIN04970,ENG-VIN04970,Ertiga,VXI,Magma Grey,Petrol,Automatic,2024
VIN04971,ENG-VIN04971,Celerio,VXI,Magma Grey,CNG,Automatic,2024
VIN04972,ENG-VIN04972,Swift,VXI,Arctic White,Petrol,Automatic,2024
VIN04973,ENG-VIN04973,Swift,VXI,Magma Grey,Petrol,Manual,2024
VIN04974,ENG-VIN04974,Alto,VXI,Magma Grey,CNG,Manual,2024
VIN04975,ENG-VIN04975,Baleno,VXI,Magma Grey,CNG,Automatic,2024
VIN04976,ENG-VIN04976,Celerio,VXI,Magma Grey,CNG,Manual,2024
VIN04977,ENG-VIN04977,Dzire,VXI,Arctic White,Petrol,Automatic,2024
VIN04978,ENG-VIN04978,Baleno,VXI,Magma Grey,CNG,Automatic,2024
VIN04979,ENG-VIN04979,Celerio,VXI,Magma Grey,CNG,Manual,2024
VIN04980,ENG-VIN04980,Swift,VXI,Arctic White,Petrol,Automatic,2024
VIN04981,ENG-VIN04981,Ertiga,VXI,Arctic White,CNG,Automatic,2024
VIN04982,ENG-VIN04982,Ignis,VXI,Magma Grey,CNG,Manual,2024
VIN04983,ENG-VIN04983,Dzire,VXI,Arctic White,CNG,Automatic,2024
VIN04984,ENG-VIN04984,Celerio,VXI,Arctic White,CNG,Manual,2024
VIN04985,ENG-VIN04985,Dzire,VXI,Arctic White,Petrol,Manual,2024
VIN04986,ENG-VIN04986,Baleno,VXI,Midnight Black,CNG,Manual,2024
VIN04987,ENG-VIN04987,Grand Vitara,VXI,Arctic White,CNG,Automatic,2024
VIN04988,ENG-VIN04988,Celerio,VXI,Midnight Black,CNG,Manual,2024
VIN04989,ENG-VIN04989,Swift,VXI,Arctic White,Petrol,Automatic,2024
VIN04990,ENG-VIN04990,Ertiga,VXI,Arctic White,Petrol,Manual,2024
VIN04991,ENG-VIN04991,Baleno,VXI,Arctic White,Petrol,Automatic,2024
VIN04992,ENG-VIN04992,Swift,VXI,Arctic White,Petrol,Automatic,2024
VIN04993,ENG-VIN04993,Dzire,VXI,Magma Grey,Petrol,Automatic,2024
VIN04994,ENG-VIN04994,Baleno,VXI,Magma Grey,CNG,Manual,2024
VIN04995,ENG-VIN04995,Alto,VXI,Arctic White,CNG,Manual,2024
VIN04996,ENG-VIN04996,Swift,VXI,Arctic White,Petrol,Automatic,2024
VIN04997,ENG-VIN04997,Ignis,VXI,Magma Grey,Petrol,Manual,2024
VIN04998,ENG-VIN04998,Grand Vitara,VXI,Magma Grey,Petrol,Automatic,2024
VIN04999,ENG-VIN04999,Celerio,VXI,Arctic White,Petrol,Automatic,2024
VIN05000,ENG-VIN05000,Grand Vitara,VXI,Arctic White,Petrol,Manual,2024
